timestamp,close,high,low,open,volume,log_return,rolling_volatility,target_volatility,sentiment_pos,sentiment_neg,sentiment_neu
2025-10-22 10:30:00-04:00,669.3599853515625,669.7899780273438,668.7899780273438,669.4500122070312,1524527,-0.0001045829822923,0.0007777308791103,0.0006750172282729,0.0,0.0,0.0
2025-10-22 10:35:00-04:00,669.0499877929688,669.7000122070312,668.8400268554688,669.0399780273438,991751,-0.0004632325974212,0.0006750172282729,0.0006271306968967,0.0,0.0,0.0
2025-10-22 10:40:00-04:00,668.5599975585938,669.5399780273438,668.5,669.0599975585938,895111,-0.0007326354642354,0.0006271306968967,0.0006639116703549,0.0,0.0,0.0
2025-10-22 10:45:00-04:00,668.8699951171875,668.9600219726562,668.0900268554688,668.5700073242188,1626968,0.0004635720237215,0.0006639116703549,0.000662489427138,0.0,0.0,0.0
2025-10-22 10:50:00-04:00,669.1900024414062,669.27001953125,668.780029296875,668.8699951171875,736432,0.0004783153683747,0.000662489427138,0.0008036559538544,0.0,0.0,0.0
2025-10-22 10:55:00-04:00,670.0700073242188,670.1300048828125,668.9099731445312,669.0399780273438,871817,0.0013141660365357,0.0008036559538544,0.0008111609894853,0.0,0.0,0.0
2025-10-22 11:00:00-04:00,670.2550048828125,670.4099731445312,669.7999877929688,670.0700073242188,924274,0.000276048806198,0.0008111609894853,0.0008161718475885,0.0,0.0,0.0
2025-10-22 11:05:00-04:00,669.9550170898438,670.375,669.739990234375,670.27001953125,628516,-0.0004476728170369,0.0008161718475885,0.0008074912706525,0.0,0.0,0.0
2025-10-22 11:10:00-04:00,669.5698852539062,669.9500122070312,669.2255859375,669.9500122070312,644797,-0.0005750275278582,0.0008074912706525,0.00076837837668,0.0,0.0,0.0
2025-10-22 11:15:00-04:00,669.3900146484375,669.7999877929688,669.239990234375,669.5599975585938,472952,-0.0002686721335924,0.00076837837668,0.0008295918309596,0.0,0.0,0.0
2025-10-22 11:20:00-04:00,668.3156127929688,669.510009765625,667.5999755859375,669.3699951171875,1285484,-0.001606335600977,0.0008295918309596,0.0007515566219728,0.0,0.0,0.0
2025-10-22 11:25:00-04:00,667.8499755859375,668.5399780273438,667.780029296875,668.2999877929688,705590,-0.0006969753299001,0.0007515566219728,0.0007591719413296,0.0,0.0,0.0
2025-10-22 11:30:00-04:00,667.969970703125,668.47998046875,667.3900146484375,667.8599853515625,940081,0.0001796576220374,0.0007591719413296,0.000771627882805,0.0,0.0,0.0
2025-10-22 11:35:00-04:00,668.2550048828125,668.4000244140625,667.655029296875,667.989990234375,561925,0.0004266260386065,0.000771627882805,0.0007607952457981,0.0,0.0,0.0
2025-10-22 11:40:00-04:00,668.5800170898438,668.8355712890625,668.0399780273438,668.2550048828125,527493,0.0004862413208703,0.0007607952457981,0.000808269896722,0.0,0.0,0.0
2025-10-22 11:45:00-04:00,669.27001953125,669.3082275390625,668.5499877929688,668.5900268554688,727232,0.0010315094871617,0.000808269896722,0.0008021877162903,0.0,0.0,0.0
2025-10-22 11:50:00-04:00,669.489990234375,669.7000122070312,669.1599731445312,669.2899780273438,615062,0.000328618577639,0.0008021877162903,0.0007181894680954,0.0,0.0,0.0
2025-10-22 11:55:00-04:00,669.010009765625,669.7650146484375,668.9000244140625,669.530029296875,552549,-0.0007171916164717,0.0007181894680954,0.0007378286577314,0.0,0.0,0.0
2025-10-22 12:00:00-04:00,668.405029296875,669.2000122070312,668.0999755859375,669.0,563197,-0.0009047012219004,0.0007378286577314,0.0007373366229082,0.0,0.0,0.0
2025-10-22 12:05:00-04:00,668.4099731445312,668.8599853515625,668.260009765625,668.405029296875,365409,7.396457471202831e-06,0.0007373366229082,0.0007277401327301,0.0,0.0,0.0
2025-10-22 12:10:00-04:00,668.2550048828125,668.4299926757812,667.8200073242188,668.3900146484375,386943,-0.0002318730047701,0.0007277401327301,0.0007284887071488,0.0,0.0,0.0
2025-10-22 12:15:00-04:00,668.260009765625,668.75,668.1400146484375,668.239990234375,403620,7.489452430666756e-06,0.0007284887071488,0.0006601155337099,0.0,0.0,0.0
2025-10-22 12:20:00-04:00,667.4600219726562,668.260009765625,667.1500244140625,668.1900024414062,596914,-0.0011978376749812,0.0006601155337099,0.0006390193548081,0.0,0.0,0.0
2025-10-22 12:25:00-04:00,667.6199951171875,668.030029296875,667.3800048828125,667.4550170898438,416536,0.0002396457789033,0.0006390193548081,0.0006947491835879,0.0,0.0,0.0
2025-10-22 12:30:00-04:00,666.9400024414062,666.97998046875,664.010009765625,665.25,5251764,-0.0010190515763562,0.0006947491835879,0.0006942481326291,0.0,0.0,0.0
2025-10-22 12:35:00-04:00,667.219970703125,667.5599975585938,666.4600219726562,666.9400024414062,2103040,0.0004196921980329,0.0006942481326291,0.0006678758846545,0.0,0.0,0.0
2025-10-22 12:40:00-04:00,667.1900024414062,667.8300170898438,666.72998046875,667.27001953125,1207735,-4.491612372046552e-05,0.0006678758846545,0.0005558066153635,0.0,0.0,0.0
2025-10-22 12:45:00-04:00,666.8099975585938,667.8200073242188,666.5999755859375,667.2000122070312,905274,-0.0005697224783974,0.0005558066153635,0.0007166153763658,0.0,0.0,0.0
2025-10-22 12:50:00-04:00,667.7100219726562,667.739990234375,666.4400024414062,666.8200073242188,837245,0.0013488363416747,0.0007166153763658,0.0007072183597642,0.0,0.0,0.0
2025-10-22 12:55:00-04:00,667.3499755859375,668.219970703125,667.1500244140625,667.7000122070312,879311,-0.0005393711085732,0.0007072183597642,0.0006991659956778,0.0,0.0,0.0
2025-10-22 13:00:00-04:00,666.8099975585938,667.6500244140625,666.5700073242188,667.2999877929688,628095,-0.0008094652331014,0.0006991659956778,0.0007393229102531,0.0,0.0,0.0
2025-10-22 13:05:00-04:00,667.239990234375,667.260009765625,666.3900146484375,666.7999877929688,471739,0.000644642546541,0.0007393229102531,0.000862528526117,0.0,0.0,0.0
2025-10-22 13:10:00-04:00,666.1199951171875,667.364990234375,666.0900268554688,667.219970703125,725993,-0.0016799594901632,0.000862528526117,0.0008588256722677,0.0,0.0,0.0
2025-10-22 13:15:00-04:00,665.8499755859375,666.4000244140625,665.719970703125,666.1400146484375,605989,-0.0004054438776969,0.0008588256722677,0.0008621371005293,0.0,0.0,0.0
2025-10-22 13:20:00-04:00,665.030029296875,665.9000244140625,664.9600219726562,665.8400268554688,667337,-0.0012321868084227,0.0008621371005293,0.0008874343729377,0.0,0.0,0.0
2025-10-22 13:25:00-04:00,665.4199829101562,665.5700073242188,664.72998046875,665.0900268554688,932410,0.0005861980846631,0.0008874343729377,0.0008731867562497,0.0,0.0,0.0
2025-10-22 13:30:00-04:00,665.6799926757812,665.75,664.8599853515625,665.4099731445312,571098,0.0003906690311785,0.0008731867562497,0.0010004373579045,0.0,0.0,0.0
2025-10-22 13:35:00-04:00,664.3400268554688,665.8599853515625,664.3200073242188,665.6599731445312,527292,-0.0020149565480155,0.0010004373579045,0.0010155203375804,0.0,0.0,0.0
2025-10-22 13:40:00-04:00,663.6199951171875,664.5,663.469970703125,664.3400268554688,959803,-0.0010844178995275,0.0010155203375804,0.0011732096837301,0.0,0.0,0.0
2025-10-22 13:45:00-04:00,664.6849975585938,664.77001953125,663.6099853515625,663.625,1784837,0.0016035514064749,0.0011732096837301,0.0011400132336989,0.0,0.0,0.0
2025-10-22 13:50:00-04:00,663.4299926757812,664.72998046875,663.2999877929688,664.6699829101562,731269,-0.001889904512164,0.0011400132336989,0.0013505136874857,0.0,0.0,0.0
2025-10-22 13:55:00-04:00,664.739990234375,664.75,663.4500122070312,663.4500122070312,893089,0.0019726360334119,0.0013505136874857,0.0013513990134023,0.0,0.0,0.0
2025-10-22 14:00:00-04:00,664.9199829101562,665.4400024414062,664.6599731445312,664.75,909414,0.0002707348954107,0.0013513990134023,0.0013262212517897,0.0,0.0,0.0
2025-10-22 14:05:00-04:00,664.9349975585938,665.4299926757812,664.8499755859375,665.3099975585938,609593,2.258088086098585e-05,0.0013262212517897,0.0012618516291935,0.0,0.0,0.0
2025-10-22 14:10:00-04:00,664.4600219726562,665.3599853515625,664.4500122070312,664.9500122070312,543884,-0.00071457407192,0.0012618516291935,0.0012604156920079,0.0,0.0,0.0
2025-10-22 14:15:00-04:00,664.3699951171875,664.5499877929688,663.760009765625,664.4500122070312,886365,-0.0001354979259177,0.0012604156920079,0.0014341359673098,0.0,0.0,0.0
2025-10-22 14:20:00-04:00,666.0599975585938,666.1199951171875,664.3499755859375,664.3699951171875,850988,0.0025405370589896,0.0014341359673098,0.001439877567892,0.0,0.0,0.0
2025-10-22 14:25:00-04:00,665.673095703125,666.2000122070312,665.3687133789062,666.0599975585938,569549,-0.0005810501643487,0.001439877567892,0.0014356132296915,0.0,0.0,0.0
2025-10-22 14:30:00-04:00,665.6199951171875,665.8499755859375,665.0499877929688,665.6599731445312,428732,-7.977294606543902e-05,0.0014356132296915,0.0012925970333532,0.0,0.0,0.0
2025-10-22 14:35:00-04:00,665.9609985351562,666.1096801757812,665.3400268554688,665.5999755859375,442068,0.0005121782708657,0.0012925970333532,0.0012312003030161,0.0,0.0,0.0
2025-10-22 14:40:00-04:00,665.9500122070312,666.3599853515625,665.219970703125,665.9600219726562,684422,-1.6497090326013594e-05,0.0012312003030161,0.0011602023557667,0.0,0.0,0.0
2025-10-22 14:45:00-04:00,666.1300048828125,666.3300170898438,665.8198852539062,665.9299926757812,617092,0.000270243040309,0.0011602023557667,0.000984301530301,0.0,0.0,0.0
2025-10-22 14:50:00-04:00,665.8699951171875,666.1300048828125,665.3400268554688,666.1199951171875,559115,-0.0003904050584496,0.000984301530301,0.0008623043142851,0.0,0.0,0.0
2025-10-22 14:55:00-04:00,666.489990234375,666.5599975585938,665.760009765625,665.9099731445312,568314,0.0009306721437971,0.0008623043142851,0.0008796394588811,0.0,0.0,0.0
2025-10-22 15:00:00-04:00,666.22998046875,666.6500244140625,665.5399780273438,666.4600219726562,2457366,-0.000390194151269,0.0008796394588811,0.0009528393023376,0.0,0.0,0.0
2025-10-22 15:05:00-04:00,667.2000122070312,667.4199829101562,666.0999755859375,666.2100219726562,1334745,0.0014549423887682,0.0009528393023376,0.000931542591918,0.0,0.0,0.0
2025-10-22 15:10:00-04:00,666.8900146484375,667.5700073242188,666.75,667.2000122070312,920709,-0.000464732601148,0.000931542591918,0.0009224313390623,0.0,0.0,0.0
2025-10-22 15:15:00-04:00,667.22998046875,667.3800048828125,666.77001953125,666.8800048828125,892203,0.0005096480510229,0.0009224313390623,0.0006275471773322,0.0,0.0,0.0
2025-10-22 15:20:00-04:00,667.0499877929688,667.47998046875,666.8400268554688,667.239990234375,750715,-0.0002697974655312,0.0006275471773322,0.000597234032032,0.0,0.0,0.0
2025-10-22 15:25:00-04:00,667.4299926757812,667.6400146484375,667.0,667.1300048828125,626289,0.000569517562864,0.000597234032032,0.0005904165733924,0.0,0.0,0.0
2025-10-22 15:30:00-04:00,667.6599731445312,667.9600219726562,667.3800048828125,667.5499267578125,1237360,0.0003445168144656,0.0005904165733924,0.0006105024072965,0.0,0.0,0.0
2025-10-22 15:35:00-04:00,668.219970703125,668.2999877929688,667.4299926757812,667.6599731445312,1551236,0.0008383950877846,0.0006105024072965,0.0006882159380632,0.0,0.0,0.0
2025-10-22 15:40:00-04:00,667.6599731445312,668.3599853515625,667.6099853515625,668.22998046875,921945,-0.0008383950877845,0.0006882159380632,0.0006903031275076,0.0,0.0,0.0
2025-10-22 15:45:00-04:00,667.9299926757812,668.1199951171875,667.3900146484375,667.6699829101562,1277907,0.0004043449589156,0.0006903031275076,0.0006707934421035,0.0,0.0,0.0
2025-10-22 15:50:00-04:00,667.875,668.1900024414062,667.5399780273438,667.9299926757812,1740141,-8.233638310060927e-05,0.0006707934421035,0.0006410211150564,0.0,0.0,0.0
2025-10-22 15:55:00-04:00,667.8099975585938,668.1500244140625,667.2999877929688,667.8800048828125,3830835,-9.733199306181924e-05,0.0006410211150564,0.0006474481219269,0.0,0.0,0.0
2025-10-23 09:30:00-04:00,668.4099731445312,668.6699829101562,667.7999877929688,668.1199951171875,2476414,0.0008980192474478,0.0006474481219269,0.0005655760440684,0.0,0.0,0.0
2025-10-23 09:35:00-04:00,668.97998046875,669.2000122070312,668.0999755859375,668.4099731445312,925694,0.0008524175872465,0.0005655760440684,0.0005457452127223,0.0,0.0,0.0
2025-10-23 09:40:00-04:00,669.5349731445312,669.5349731445312,668.780029296875,668.989990234375,994394,0.0008292663538617,0.0005457452127223,0.0005864182603634,0.0,0.0,0.0
2025-10-23 09:45:00-04:00,670.260009765625,670.2899780273438,669.4000244140625,669.530029296875,1361653,0.0010823099072878,0.0005864182603634,0.0005537494497703,0.0,0.0,0.0
2025-10-23 09:50:00-04:00,670.4000244140625,670.739990234375,670.0999755859375,670.27001953125,1479445,0.0002088742043126,0.0005537494497703,0.0006308819603353,0.0,0.0,0.0
2025-10-23 09:55:00-04:00,669.9600219726562,670.5,669.6900024414062,670.4000244140625,979736,-0.000656543677794,0.0006308819603353,0.0006391991873797,0.0,0.0,0.0
2025-10-23 10:00:00-04:00,669.9299926757812,670.3699951171875,669.6599731445312,670.0,800157,-4.48235251426589e-05,0.0006391991873797,0.0006840134430652,0.0,0.0,0.0
2025-10-23 10:05:00-04:00,669.3900146484375,669.9949951171875,669.3499755859375,669.9299926757812,700692,-0.000806346584309,0.0006840134430652,0.0006382958487754,0.0,0.0,0.0
2025-10-23 10:10:00-04:00,669.1099853515625,669.4744262695312,668.8699951171875,669.4099731445312,759745,-0.0004184225640053,0.0006382958487754,0.0007455660360219,0.0,0.0,0.0
2025-10-23 10:15:00-04:00,668.3099975585938,669.2899780273438,668.1199951171875,669.1099853515625,930302,-0.0011963151419913,0.0007455660360219,0.0008853628565055,0.0,0.0,0.0
2025-10-23 10:20:00-04:00,669.4600219726562,669.4799194335938,668.1599731445312,668.3099975585938,1261443,0.0017193159968697,0.0008853628565055,0.0008851322728444,0.0,0.0,0.0
2025-10-23 10:25:00-04:00,669.4000244140625,669.8400268554688,669.2899780273438,669.4500122070312,716576,-8.962483987155343e-05,0.0008851322728444,0.0008572979165574,0.0,0.0,0.0
2025-10-23 10:30:00-04:00,669.510009765625,669.52001953125,668.989990234375,669.4000244140625,619446,0.0001642908769106,0.0008572979165574,0.0008497775974741,0.0,0.0,0.0
2025-10-23 10:35:00-04:00,670.010009765625,670.139892578125,669.4400024414062,669.5,606832,0.0007465360964094,0.0008497775974741,0.0008271961536516,0.0,0.0,0.0
2025-10-23 10:40:00-04:00,669.8112182617188,670.1701049804688,669.6099853515625,670.010009765625,506224,-0.0002967433284479,0.0008271961536516,0.0007985508842981,0.0,0.0,0.0
2025-10-23 10:45:00-04:00,670.3499755859375,670.3900146484375,669.3300170898438,669.9400024414062,847189,0.0008040187340375,0.0007985508842981,0.0008425775138299,0.0,0.0,0.0
2025-10-23 10:50:00-04:00,669.7050170898438,670.3599853515625,669.6699829101562,670.3400268554688,517035,-0.0009625851915313,0.0008425775138299,0.0008535361740268,0.0,0.0,0.0
2025-10-23 10:55:00-04:00,670.2050170898438,670.22998046875,669.4000244140625,669.7000122070312,457492,0.0007463187982081,0.0008535361740268,0.0008589417076612,0.0,0.0,0.0
2025-10-23 11:00:00-04:00,670.0,670.3098754882812,669.7100219726562,670.2100219726562,575159,-0.0003059488493605,0.0008589417076612,0.0008201796508863,0.0,0.0,0.0
2025-10-23 11:05:00-04:00,669.989990234375,670.1900024414062,669.780029296875,669.97998046875,405758,-1.4940060296204393e-05,0.0008201796508863,0.0008227010137209,0.0,0.0,0.0
2025-10-23 11:10:00-04:00,669.6799926757812,670.0900268554688,669.4600219726562,669.969970703125,328076,-0.000462796909808,0.0008227010137209,0.0007359395622765,0.0,0.0,0.0
2025-10-23 11:15:00-04:00,669.4450073242188,669.780029296875,669.2150268554688,669.6900024414062,438140,-0.0003509535763642,0.0007359395622765,0.0005539873307621,0.0,0.0,0.0
2025-10-23 11:20:00-04:00,669.7000122070312,669.77001953125,669.09130859375,669.4550170898438,516214,0.0003808473050722,0.0005539873307621,0.0005688961076481,0.0,0.0,0.0
2025-10-23 11:25:00-04:00,670.0399780273438,670.219970703125,669.5399780273438,669.6900024414062,359413,0.0005075101588181,0.0005688961076481,0.0005682937459581,0.0,0.0,0.0
2025-10-23 11:30:00-04:00,670.0999755859375,670.530029296875,670.030029296875,670.2899780273438,562407,8.953924322904935e-05,0.0005682937459581,0.0005525256110648,0.0,0.0,0.0
2025-10-23 11:35:00-04:00,669.7249755859375,670.1799926757812,669.3800048828125,670.1099853515625,392514,-0.0005597746324459,0.0005525256110648,0.00064324764097,0.0,0.0,0.0
2025-10-23 11:40:00-04:00,668.9299926757812,669.8800048828125,668.72998046875,669.719970703125,402296,-0.0011877339904041,0.00064324764097,0.0006937753175901,0.0,0.0,0.0
2025-10-23 11:45:00-04:00,669.7000122070312,669.72998046875,668.7949829101562,668.9149780273438,362578,0.0011504592208027,0.0006937753175901,0.0006880564394839,0.0,0.0,0.0
2025-10-23 11:50:00-04:00,670.3101196289062,670.3599853515625,669.5377197265625,669.7100219726562,357089,0.0009106012701518,0.0006880564394839,0.0006554863618088,0.0,0.0,0.0
2025-10-23 11:55:00-04:00,670.25,670.719970703125,670.1199951171875,670.3099975585938,866304,-8.969329769890422e-05,0.0006554863618088,0.0006554495425568,0.0,0.0,0.0
2025-10-23 12:00:00-04:00,670.5,670.5,670.1400146484375,670.260009765625,337161,0.0003729256056644,0.0006554495425568,0.0006602798913132,0.0,0.0,0.0
2025-10-23 12:05:00-04:00,670.739990234375,670.9525146484375,670.4299926757812,670.510009765625,457748,0.0003578632290769,0.0006602798913132,0.000641788236486,0.0,0.0,0.0
2025-10-23 12:10:00-04:00,671.0250244140625,671.0499877929688,670.5999755859375,670.7249755859375,355477,0.0004248645341967,0.000641788236486,0.0006356647558512,0.0,0.0,0.0
2025-10-23 12:15:00-04:00,670.85009765625,671.0800170898438,670.760009765625,671.02001953125,580652,-0.0002607198776195,0.0006356647558512,0.0006553284712393,0.0,0.0,0.0
2025-10-23 12:20:00-04:00,670.5549926757812,670.875,670.510009765625,670.8499755859375,462440,-0.0004399938353545,0.0006553284712393,0.0006435853840195,0.0,0.0,0.0
2025-10-23 12:25:00-04:00,670.5399780273438,670.6749877929688,670.1699829101562,670.6599731445312,349324,-2.239162589690498e-05,0.0006435853840195,0.0006463421349688,0.0,0.0,0.0
2025-10-23 12:30:00-04:00,670.719970703125,670.9650268554688,670.5023193359375,670.7100219726562,341632,0.0002683934266913,0.0006463421349688,0.0006182598244906,0.0,0.0,0.0
2025-10-23 12:35:00-04:00,670.969970703125,671.0399780273438,670.6199951171875,670.75,331906,0.0003726643469224,0.0006182598244906,0.0004525663554269,0.0,0.0,0.0
2025-10-23 12:40:00-04:00,671.239990234375,671.2899780273438,670.9099731445312,670.9650268554688,409248,0.0004023506645771,0.0004525663554269,0.0003787379497481,0.0,0.0,0.0
2025-10-23 12:45:00-04:00,671.1199951171875,671.2949829101562,670.989990234375,671.25,564466,-0.0001787823219054,0.0003787379497481,0.0003128463424231,0.0,0.0,0.0
2025-10-23 12:50:00-04:00,671.4000244140625,671.4500122070312,671.094970703125,671.1199951171875,670638,0.0004171696464294,0.0003128463424231,0.0003061792913314,0.0,0.0,0.0
2025-10-23 12:55:00-04:00,671.4349975585938,671.530029296875,671.2849731445312,671.4000854492188,407850,5.208852013367447e-05,0.0003061792913314,0.0002980915168754,0.0,0.0,0.0
2025-10-23 13:00:00-04:00,671.4901123046875,671.6500244140625,671.385009765625,671.4299926757812,381391,8.208163764290686e-05,0.0002980915168754,0.0004420984774851,0.0,0.0,0.0
2025-10-23 13:05:00-04:00,670.780029296875,671.52001953125,670.4000244140625,671.489990234375,1459174,-0.0010580330323167,0.0004420984774851,0.0005188595732902,0.0,0.0,0.0
2025-10-23 13:10:00-04:00,671.4600219726562,671.64501953125,670.75,670.75,510351,0.0010132207473802,0.0005188595732902,0.0005317545028366,0.0,0.0,0.0
2025-10-23 13:15:00-04:00,671.1599731445312,671.5899047851562,671.0706176757812,671.4600830078125,417629,-0.0004469601737072,0.0005317545028366,0.0005107238915769,0.0,0.0,0.0
2025-10-23 13:20:00-04:00,671.1500244140625,671.3200073242188,671.010009765625,671.14990234375,254959,-1.482329787758385e-05,0.0005107238915769,0.0005167116171802,0.0,0.0,0.0
2025-10-23 13:25:00-04:00,671.010009765625,671.1749877929688,670.760009765625,671.1500244140625,427411,-0.0002086407661974,0.0005167116171802,0.0005370591767928,0.0,0.0,0.0
2025-10-23 13:30:00-04:00,671.4099731445312,671.6900024414062,670.9902954101562,671.0150146484375,473446,0.0005958841433126,0.0005370591767928,0.0006153531340234,0.0,0.0,0.0
2025-10-23 13:35:00-04:00,672.1799926757812,672.3300170898438,671.3499755859375,671.510009765625,1252940,0.0011462122152488,0.0006153531340234,0.0006113101779681,0.0,0.0,0.0
2025-10-23 13:40:00-04:00,672.1799926757812,672.280029296875,671.9199829101562,672.1699829101562,943407,0.0,0.0006113101779681,0.0006089246365371,0.0,0.0,0.0
2025-10-23 13:45:00-04:00,672.0999755859375,672.3599853515625,672.0599975585938,672.1900024414062,443953,-0.0001190482515955,0.0006089246365371,0.0006065161373573,0.0,0.0,0.0
2025-10-23 13:50:00-04:00,672.3400268554688,672.3599853515625,672.0650024414062,672.1099853515625,289123,0.0003571022457623,0.0006065161373573,0.0006068658055404,0.0,0.0,0.0
2025-10-23 13:55:00-04:00,672.35498046875,672.4600830078125,672.2000122070312,672.3400268554688,328121,2.224089953535808e-05,0.0006068658055404,0.0006118845177911,0.0,0.0,0.0
2025-10-23 14:00:00-04:00,672.25,672.4600219726562,672.0349731445312,672.3699951171875,571691,-0.0001561506471985,0.0006118845177911,0.000496008549429,0.0,0.0,0.0
2025-10-23 14:05:00-04:00,672.25,672.5499877929688,672.0800170898438,672.260009765625,457512,0.0,0.000496008549429,0.0004246288322014,0.0,0.0,0.0
2025-10-23 14:10:00-04:00,672.2000122070312,672.280029296875,672.0999755859375,672.2449951171875,214488,-7.436169814857625e-05,0.0004246288322014,0.0003902505784353,0.0,0.0,0.0
2025-10-23 14:15:00-04:00,672.22998046875,672.2899780273438,671.719970703125,672.2000122070312,544746,4.4581364425143456e-05,0.0003902505784353,0.000389059123935,0.0,0.0,0.0
2025-10-23 14:20:00-04:00,672.4099731445312,672.47998046875,672.219970703125,672.22998046875,794614,0.0002677187694337,0.000389059123935,0.000372254198271,0.0,0.0,0.0
2025-10-23 14:25:00-04:00,672.489990234375,672.530029296875,672.2999877929688,672.4099731445312,365653,0.0001189933706848,0.000372254198271,0.0003509285150338,0.0,0.0,0.0
2025-10-23 14:30:00-04:00,672.5,672.6300048828125,672.4099731445312,672.4849853515625,302547,1.4884520625286977e-05,0.0003509285150338,0.0001576304963646,0.0,0.0,0.0
2025-10-23 14:35:00-04:00,672.4000244140625,672.52001953125,672.2899780273438,672.5001220703125,331306,-0.0001486736326965,0.0001576304963646,0.0001591538842978,0.0,0.0,0.0
2025-10-23 14:40:00-04:00,672.4749755859375,672.52001953125,672.3099975585938,672.4558715820312,361690,0.000111461915721,0.0001591538842978,0.0001519358471179,0.0,0.0,0.0
2025-10-23 14:45:00-04:00,672.47998046875,672.52001953125,672.3350219726562,672.469970703125,298644,7.442454172994363e-06,0.0001519358471179,0.000129531310697,0.0,0.0,0.0
2025-10-23 14:50:00-04:00,672.625,672.7100830078125,672.4600219726562,672.4749755859375,493165,0.0002156255963923,0.000129531310697,0.0001377251360792,0.0,0.0,0.0
2025-10-23 14:55:00-04:00,672.5401000976562,672.6849975585938,672.489990234375,672.625,282879,-0.0001262297132899,0.0001377251360792,0.0001260556105816,0.0,0.0,0.0
2025-10-23 15:00:00-04:00,672.590087890625,672.7000732421875,672.4400024414062,672.5499877929688,547208,7.432409656416614e-05,0.0001260556105816,0.0001474809179127,0.0,0.0,0.0
2025-10-23 15:05:00-04:00,672.4400024414062,672.5900268554688,672.344970703125,672.5800170898438,857322,-0.0002231703973322,0.0001474809179127,0.0001594025976463,0.0,0.0,0.0
2025-10-23 15:10:00-04:00,672.6199951171875,672.6900024414062,672.4199829101562,672.4400024414062,496010,0.0002676351645016,0.0001594025976463,0.0001675647178144,0.0,0.0,0.0
2025-10-23 15:15:00-04:00,672.5349731445312,672.6500244140625,672.3944091796875,672.5850219726562,1363077,-0.0001264121603465,0.0001675647178144,0.0001511215787369,0.0,0.0,0.0
2025-10-23 15:20:00-04:00,672.5499267578125,672.7000122070312,672.47998046875,672.5349731445312,1464337,2.2234452684672924e-05,0.0001511215787369,0.0001543398948046,0.0,0.0,0.0
2025-10-23 15:25:00-04:00,672.4509887695312,672.5499877929688,672.27001953125,672.5499877929688,760504,-0.0001471195852991,0.0001543398948046,0.0001811950855551,0.0,0.0,0.0
2025-10-23 15:30:00-04:00,672.2249755859375,672.4500122070312,672.2000122070312,672.4500122070312,861675,-0.0003361600738218,0.0001811950855551,0.0001847787534072,0.0,0.0,0.0
2025-10-23 15:35:00-04:00,672.0900268554688,672.2899780273438,671.989990234375,672.219970703125,1237864,-0.0002007695081538,0.0001847787534072,0.0001802056847348,0.0,0.0,0.0
2025-10-23 15:40:00-04:00,672.0,672.2100219726562,671.9500122070312,672.0800170898438,608228,-0.0001339595619409,0.0001802056847348,0.0001800982885921,0.0,0.0,0.0
2025-10-23 15:45:00-04:00,671.9099731445312,672.2799072265625,671.8599853515625,671.989990234375,1798080,-0.0001339775095094,0.0001800982885921,0.0001583871872401,0.0,0.0,0.0
2025-10-23 15:50:00-04:00,671.780029296875,671.9099731445312,671.2999877929688,671.9099731445312,2656060,-0.0001934134328978,0.0001583871872401,0.000164087476356,0.0,0.0,0.0
2025-10-23 15:55:00-04:00,671.6099853515625,671.85498046875,671.489990234375,671.7899780273438,4802709,-0.0002531564837708,0.000164087476356,0.0022744557332521,0.0,0.0,0.0
2025-10-24 09:30:00-04:00,676.8206787109375,676.8300170898438,675.6500244140625,676.4600219726562,4231339,0.0077285683792012,0.0022744557332521,0.0022625280260041,0.0,0.0,0.0
2025-10-24 09:35:00-04:00,677.14501953125,677.75,676.7899780273438,676.8200073242188,1972206,0.0004790975531176,0.0022625280260041,0.0022622798693465,0.0,0.0,0.0
2025-10-24 09:40:00-04:00,677.3400268554688,677.4099731445312,676.8612060546875,677.1011962890625,1104582,0.0002879431206514,0.0022622798693465,0.0022780957401628,0.0,0.0,0.0
2025-10-24 09:45:00-04:00,676.9600219726562,677.7899780273438,676.8300170898438,677.25,1073450,-0.0005611827203493,0.0022780957401628,0.0022788952022211,0.0,0.0,0.0
2025-10-24 09:50:00-04:00,676.9500122070312,677.25,676.4948120117188,676.9600219726562,1349668,-1.478645607532652e-05,0.0022788952022211,0.0022686947622729,0.0,0.0,0.0
2025-10-24 09:55:00-04:00,677.2899780273438,677.4199829101562,676.8499755859375,676.9600219726562,722508,0.0005020761901961,0.0022686947622729,0.0022542832657108,0.0,0.0,0.0
2025-10-24 10:00:00-04:00,677.4099731445312,677.6300048828125,677.0399780273438,677.3599853515625,959704,0.0001771537932035,0.0022542832657108,0.0022390397495346,0.0,0.0,0.0
2025-10-24 10:05:00-04:00,677.7999877929688,677.9400024414062,677.3300170898438,677.4000244140625,971237,0.0005755782062508,0.0022390397495346,0.0022356804575063,0.0,0.0,0.0
2025-10-24 10:10:00-04:00,677.780029296875,677.8699951171875,677.530029296875,677.8099975585938,699339,-2.94464300795138e-05,0.0022356804575063,0.0022467326321236,0.0,0.0,0.0
2025-10-24 10:15:00-04:00,677.5,677.7999877929688,677.3049926757812,677.7899780273438,548866,-0.0004132419792318,0.0022467326321236,0.0022517432126751,0.0,0.0,0.0
2025-10-24 10:20:00-04:00,677.280029296875,677.4901123046875,676.9199829101562,677.47998046875,773944,-0.0003247327245769,0.0022517432126751,0.0022742653620604,0.0,0.0,0.0
2025-10-24 10:25:00-04:00,676.780029296875,677.280029296875,676.7406005859375,677.27001953125,681506,-0.0007385197126998,0.0022742653620604,0.0004334620984443,0.0,0.0,0.0
2025-10-24 10:30:00-04:00,676.8099975585938,676.8499755859375,676.1400146484375,676.760009765625,1062601,4.4279672765048986e-05,0.0004334620984443,0.0004234433284549,0.0,0.0,0.0
2025-10-24 10:35:00-04:00,677.0599975585938,677.1400146484375,676.3099975585938,676.7999877929688,611429,0.0003693116824262,0.0004234433284549,0.0004682322895544,0.0,0.0,0.0
2025-10-24 10:40:00-04:00,677.5526733398438,677.6500244140625,677.02001953125,677.0399780273438,468948,0.0007274046870487,0.0004682322895544,0.0004399367189756,0.0,0.0,0.0
2025-10-24 10:45:00-04:00,677.3900146484375,677.6300048828125,677.219970703125,677.5499877929688,442932,-0.000240096785834,0.0004399367189756,0.0005485363435955,0.0,0.0,0.0
2025-10-24 10:50:00-04:00,676.6599731445312,677.4400024414062,676.47998046875,677.2949829101562,617256,-0.0010783081588207,0.0005485363435955,0.0005230639115985,0.0,0.0,0.0
2025-10-24 10:55:00-04:00,676.6900024414062,676.75,675.9099731445312,676.6500244140625,833703,4.437772552794447e-05,0.0005230639115985,0.0005198170659136,0.0,0.0,0.0
2025-10-24 11:00:00-04:00,676.75,676.9550170898438,676.4749755859375,676.6799926757812,459205,8.865935471798748e-05,0.0005198170659136,0.0005242098248819,0.0,0.0,0.0
2025-10-24 11:05:00-04:00,677.1649780273438,677.219970703125,676.5499877929688,676.780029296875,762852,0.0006130045786822,0.0005242098248819,0.0005426366669398,0.0,0.0,0.0
2025-10-24 11:10:00-04:00,677.4400024414062,677.4500122070312,676.8300170898438,677.1599731445312,771963,0.0004060584772783,0.0005426366669398,0.0005418159298011,0.0,0.0,0.0
2025-10-24 11:15:00-04:00,677.7000122070312,677.9099731445312,677.4299926757812,677.4500122070312,714405,0.0003837386041368,0.0005418159298011,0.0005785160564588,0.0,0.0,0.0
2025-10-24 11:20:00-04:00,678.280029296875,678.3800048828125,677.6799926757812,677.7100219726562,1789227,0.00085549507731,0.0005785160564588,0.0005234011187604,0.0,0.0,0.0
2025-10-24 11:25:00-04:00,678.1500244140625,678.3300170898438,678.0399780273438,678.2949829101562,588520,-0.0001916868221179,0.0005234011187604,0.0005270466275553,0.0,0.0,0.0
2025-10-24 11:30:00-04:00,678.0999755859375,678.4199829101562,678.0999145507812,678.1900024414062,517889,-7.38047235357563e-05,0.0005270466275553,0.0005234707329476,0.0,0.0,0.0
2025-10-24 11:35:00-04:00,678.135009765625,678.219970703125,677.719970703125,678.0999755859375,544953,5.166387841887448e-05,0.0005234707329476,0.0005176214568248,0.0,0.0,0.0
2025-10-24 11:40:00-04:00,677.7877197265625,678.1500244140625,677.739990234375,678.1400146484375,517976,-0.0005122563979539,0.0005176214568248,0.0005134592755311,0.0,0.0,0.0
2025-10-24 11:45:00-04:00,677.9500122070312,678.0900268554688,677.469970703125,677.7899780273438,795281,0.0002394157474874,0.0005134592755311,0.0003663527561606,0.0,0.0,0.0
2025-10-24 11:50:00-04:00,677.989990234375,678.239990234375,677.9000244140625,677.9500122070312,409961,5.896725118132925e-05,0.0003663527561606,0.0003709946003477,0.0,0.0,0.0
2025-10-24 11:55:00-04:00,677.9450073242188,678.02001953125,677.6300048828125,678.0,399061,-6.634965577809482e-05,0.0003709946003477,0.0003737066588844,0.0,0.0,0.0
2025-10-24 12:00:00-04:00,678.1699829101562,678.2899780273438,677.905029296875,677.9199829101562,401562,0.0003317942646773,0.0003737066588844,0.0003592912812176,0.0,0.0,0.0
2025-10-24 12:05:00-04:00,678.0449829101562,678.1799926757812,677.8599853515625,678.1699829101562,596258,-0.0001843365594751,0.0003592912812176,0.0003534565961416,0.0,0.0,0.0
2025-10-24 12:10:00-04:00,678.260009765625,678.2949829101562,678.0,678.0499877929688,328131,0.0003170774397079,0.0003534565961416,0.0003465449482756,0.0,0.0,0.0
2025-10-24 12:15:00-04:00,678.1801147460938,678.2750244140625,678.0399780273438,678.260009765625,917754,-0.000117801026643,0.0003465449482756,0.0002403355928675,0.0,0.0,0.0
2025-10-24 12:20:00-04:00,678.1143798828125,678.4600219726562,678.0195922851562,678.1900024414062,505095,-9.693302390156371e-05,0.0002403355928675,0.0002532191132855,0.0,0.0,0.0
2025-10-24 12:25:00-04:00,677.885009765625,678.1300048828125,677.8300170898438,678.1199951171875,382572,-0.0003383041631524,0.0002532191132855,0.0002614089963869,0.0,0.0,0.0
2025-10-24 12:30:00-04:00,677.7100219726562,678.0,677.6699829101562,677.9450073242188,346303,-0.0002581711939683,0.0002614089963869,0.0002621162290607,0.0,0.0,0.0
2025-10-24 12:35:00-04:00,677.5850219726562,677.7449951171875,677.4650268554688,677.7000122070312,460646,-0.0001844616800051,0.0002621162290607,0.000241699598468,0.0,0.0,0.0
2025-10-24 12:40:00-04:00,677.3400268554688,677.6599731445312,677.219970703125,677.5809936523438,600865,-0.000361636416818,0.000241699598468,0.0003544851229027,0.0,0.0,0.0
2025-10-24 12:45:00-04:00,677.9310302734375,677.9500122070312,677.2100219726562,677.3300170898438,507434,0.0008721553556721,0.0003544851229027,0.0003572895821022,0.0,0.0,0.0
2025-10-24 12:50:00-04:00,678.0399780273438,678.2451782226562,677.9210815429688,677.9398803710938,416537,0.0001606933385357,0.0003572895821022,0.0003590193883735,0.0,0.0,0.0
2025-10-24 12:55:00-04:00,677.9500732421875,678.125,677.780029296875,678.0399780273438,281819,-0.0001326039010445,0.0003590193883735,0.0003467094889125,0.0,0.0,0.0
2025-10-24 13:00:00-04:00,678.0399780273438,678.1300048828125,677.8800048828125,677.9400024414062,252203,0.0001326039010446,0.0003467094889125,0.0003484953400189,0.0,0.0,0.0
2025-10-24 13:05:00-04:00,677.8900146484375,678.0499877929688,677.8386840820312,678.030029296875,212810,-0.0002211963454274,0.0003484953400189,0.0003340619583516,0.0,0.0,0.0
2025-10-24 13:10:00-04:00,677.77001953125,678.0999755859375,677.7000122070312,677.9199829101562,541560,-0.000177028332289,0.0003340619583516,0.000348532013273,0.0,0.0,0.0
2025-10-24 13:15:00-04:00,677.969970703125,678.0499877929688,677.6300048828125,677.75,283926,0.0002949697947468,0.000348532013273,0.0003551560670857,0.0,0.0,0.0
2025-10-24 13:20:00-04:00,678.1256103515625,678.1256103515625,677.7550048828125,677.97998046875,533499,0.0002295408248433,0.0003551560670857,0.0003407049448614,0.0,0.0,0.0
2025-10-24 13:25:00-04:00,678.0599975585938,678.22998046875,677.969970703125,678.1199951171875,181063,-9.676078648415076e-05,0.0003407049448614,0.0003303998831612,0.0,0.0,0.0
2025-10-24 13:30:00-04:00,678.1599731445312,678.1749877929688,677.9500122070312,678.052001953125,337256,0.0001474327001197,0.0003303998831612,0.0003227632253061,0.0,0.0,0.0
2025-10-24 13:35:00-04:00,678.2750244140625,678.3300170898438,678.0700073242188,678.1649780273438,455424,0.0001696377194841,0.0003227632253061,0.0003027587646053,0.0,0.0,0.0
2025-10-24 13:40:00-04:00,678.1599731445312,678.2899780273438,678.0700073242188,678.2750244140625,313831,-0.0001696377194841,0.0003027587646053,0.0001888983718301,0.0,0.0,0.0
2025-10-24 13:45:00-04:00,678.3099975585938,678.4299926757812,678.1099853515625,678.1649780273438,317085,0.0002211982836545,0.0001888983718301,0.0001982344823648,0.0,0.0,0.0
2025-10-24 13:50:00-04:00,678.1699829101562,678.3400268554688,678.1199951171875,678.3099975585938,214498,-0.0002064382091158,0.0001982344823648,0.00019927483309,0.0,0.0,0.0
2025-10-24 13:55:00-04:00,678.0701293945312,678.1699829101562,678.0599975585938,678.1649780273438,426933,-0.000147250497754,0.00019927483309,0.000197609143486,0.0,0.0,0.0
2025-10-24 14:00:00-04:00,678.010009765625,678.1099853515625,677.8699951171875,678.0700073242188,444571,-8.866677891602266e-05,0.000197609143486,0.0002020835070384,0.0,0.0,0.0
2025-10-24 14:05:00-04:00,678.2100219726562,678.260009765625,678.0,678.0,280655,0.0002949553963229,0.0002020835070384,0.0001919418652714,0.0,0.0,0.0
2025-10-24 14:10:00-04:00,678.1903076171875,678.3400268554688,678.1799926757812,678.219970703125,254802,-2.906863857239692e-05,0.0001919418652714,0.0001778082699005,0.0,0.0,0.0
2025-10-24 14:15:00-04:00,678.27001953125,678.2949829101562,678.0650024414062,678.1849975585938,233184,0.0001175292967421,0.0001778082699005,0.0001686607303356,0.0,0.0,0.0
2025-10-24 14:20:00-04:00,678.22998046875,678.3200073242188,678.1500244140625,678.2899780273438,209827,-5.903289717898172e-05,0.0001686607303356,0.0001681871059243,0.0,0.0,0.0
2025-10-24 14:25:00-04:00,678.1699829101562,678.280029296875,678.0999755859375,678.25,361028,-8.846588064395996e-05,0.0001681871059243,0.000164148566378,0.0,0.0,0.0
2025-10-24 14:30:00-04:00,678.219970703125,678.280029296875,678.0700073242188,678.1599731445312,298727,7.370711182025698e-05,0.000164148566378,0.0001562231588941,0.0,0.0,0.0
2025-10-24 14:35:00-04:00,678.1950073242188,678.3300170898438,678.1400146484375,678.2199096679688,264464,-3.680787858202932e-05,0.0001562231588941,0.000156216650917,0.0,0.0,0.0
2025-10-24 14:40:00-04:00,678.0800170898438,678.1900024414062,678.010009765625,678.1900024414062,408960,-0.0001695677242161,0.000156216650917,0.0001422873444343,0.0,0.0,0.0
2025-10-24 14:45:00-04:00,677.97998046875,678.094970703125,677.75,678.0900268554688,441659,-0.000147540110991,0.0001422873444343,0.0001363781118307,0.0,0.0,0.0
2025-10-24 14:50:00-04:00,678.0399780273438,678.0900268554688,677.8441772460938,677.989990234375,328199,8.849067192106295e-05,0.0001363781118307,0.0001442706960459,0.0,0.0,0.0
2025-10-24 14:55:00-04:00,678.1843872070312,678.2296752929688,678.0,678.030029296875,379751,0.0002129576549942,0.0001442706960459,0.0001571119877635,0.0,0.0,0.0
2025-10-24 15:00:00-04:00,678.364990234375,678.3900146484375,678.1799926757812,678.1900024414062,513688,0.0002662682706787,0.0001571119877635,0.0001363531706899,0.0,0.0,0.0
2025-10-24 15:05:00-04:00,678.4099731445312,678.4500122070312,678.25,678.364990234375,482107,6.63085793693718e-05,0.0001363531706899,0.0001478438013596,0.0,0.0,0.0
2025-10-24 15:10:00-04:00,678.2899169921875,678.4655151367188,678.2750244140625,678.4099731445312,577008,-0.0001769826230988,0.0001478438013596,0.0001546063204182,0.0,0.0,0.0
2025-10-24 15:15:00-04:00,678.1599731445312,678.2999877929688,678.0800170898438,678.2899780273438,434725,-0.0001915940264341,0.0001546063204182,0.0001722195205013,0.0,0.0,0.0
2025-10-24 15:20:00-04:00,678.3350219726562,678.4000244140625,678.0499877929688,678.1599731445312,543162,0.0002580899004077,0.0001722195205013,0.000175368181904,0.0,0.0,0.0
2025-10-24 15:25:00-04:00,678.2420043945312,678.469970703125,678.22998046875,678.3400268554688,469079,-0.000137135712109,0.000175368181904,0.0001813916023432,0.0,0.0,0.0
2025-10-24 15:30:00-04:00,678.125,678.27001953125,678.0900268554688,678.239990234375,687993,-0.000172526159133,0.0001813916023432,0.0001851032709062,0.0,0.0,0.0
2025-10-24 15:35:00-04:00,678.030029296875,678.1900024414062,677.9400024414062,678.1199951171875,3129793,-0.0001400587709054,0.0001851032709062,0.0002188349980855,0.0,0.0,0.0
2025-10-24 15:40:00-04:00,677.72998046875,678.0999755859375,677.72998046875,678.0399780273438,957019,-0.0004426282393086,0.0002188349980855,0.000216413618226,0.0,0.0,0.0
2025-10-24 15:45:00-04:00,677.719970703125,678.010009765625,677.6300048828125,677.72998046875,1985129,-1.4769657288403723e-05,0.000216413618226,0.0002132490982276,0.0,0.0,0.0
2025-10-24 15:50:00-04:00,677.6699829101562,677.8900146484375,677.4500122070312,677.7100219726562,2128694,-7.376149256258351e-05,0.0002132490982276,0.0002944414808402,0.0,0.0,0.0
2025-10-24 15:55:00-04:00,677.1099853515625,677.6699829101562,676.7650146484375,677.6699829101562,6090953,-0.000826698952754,0.0002944414808402,0.0024282213192874,0.0,0.0,0.0
2025-10-27 09:30:00-04:00,682.6799926757812,683.1900024414062,682.5599975585938,682.72998046875,3903187,0.0081924982059244,0.0024282213192874,0.0024258825912757,0.0,0.0,0.0
2025-10-27 09:35:00-04:00,682.8350219726562,682.8900146484375,682.114990234375,682.6900024414062,1500731,0.0002270634828296,0.0024258825912757,0.0024245163814116,0.0,0.0,0.0
2025-10-27 09:40:00-04:00,682.75,682.864990234375,682.280029296875,682.8099975585938,1105791,-0.0001245209509449,0.0024245163814116,0.0024253090242102,0.0,0.0,0.0
2025-10-27 09:45:00-04:00,682.5999755859375,682.9000244140625,682.47998046875,682.760009765625,805238,-0.0002197596474879,0.0024253090242102,0.0024236819145823,0.0,0.0,0.0
2025-10-27 09:50:00-04:00,682.9550170898438,683.0,682.3300170898438,682.6099853515625,819868,0.0005199959193305,0.0024236819145823,0.0024169955625814,0.0,0.0,0.0
2025-10-27 09:55:00-04:00,683.0800170898438,683.22998046875,682.748779296875,682.9749755859375,801753,0.0001830114121837,0.0024169955625814,0.0024060016374123,0.0,0.0,0.0
2025-10-27 10:00:00-04:00,683.364990234375,683.6099853515625,682.9199829101562,682.9299926757812,1200524,0.0004171015256892,0.0024060016374123,0.0024011496971719,0.0,0.0,0.0
2025-10-27 10:05:00-04:00,683.39501953125,683.5999755859375,683.35498046875,683.3599853515625,844579,4.394231125479355e-05,0.0024011496971719,0.0023934684476231,0.0,0.0,0.0
2025-10-27 10:10:00-04:00,683.22998046875,683.4099731445312,683.02001953125,683.4000244140625,661405,-0.0002415279440992,0.0023934684476231,0.0024346439765284,0.0,0.0,0.0
2025-10-27 10:15:00-04:00,682.5598754882812,683.27001953125,682.530029296875,683.239990234375,842888,-0.0009812710664322,0.0024346439765284,0.0024289107907454,0.0,0.0,0.0
2025-10-27 10:20:00-04:00,682.7050170898438,682.7999877929688,682.4000244140625,682.5349731445312,797906,0.0002126204268465,0.0024289107907454,0.0023872814314041,0.0,0.0,0.0
2025-10-27 10:25:00-04:00,683.030029296875,683.0607299804688,682.572998046875,682.7000122070312,1105053,0.0004759520728804,0.0023872814314041,0.0004116746909296,0.0,0.0,0.0
2025-10-27 10:30:00-04:00,683.0599975585938,683.1300048828125,682.760009765625,683.030029296875,645176,4.387450480494776e-05,0.0004116746909296,0.0004077231669447,0.0,0.0,0.0
2025-10-27 10:35:00-04:00,683.0800170898438,683.3300170898438,683.0399780273438,683.0599975585938,602299,2.9308169055526307e-05,0.0004077231669447,0.0004144213942591,0.0,0.0,0.0
2025-10-27 10:40:00-04:00,683.3200073242188,683.3350219726562,683.0150146484375,683.0800170898438,592366,0.0003512737595942,0.0004144213942591,0.000421898055463,0.0,0.0,0.0
2025-10-27 10:45:00-04:00,683.0999755859375,683.3599853515625,682.97998046875,683.3200073242188,466112,-0.0003220557997321,0.000421898055463,0.0004235429463972,0.0,0.0,0.0
2025-10-27 10:50:00-04:00,682.760009765625,683.1099853515625,682.5700073242188,683.094970703125,521647,-0.0004978047984114,0.0004235429463972,0.0004188632066104,0.0,0.0,0.0
2025-10-27 10:55:00-04:00,682.6900024414062,682.97998046875,682.594970703125,682.739990234375,498084,-0.0001025410284583,0.0004188632066104,0.0003976513631891,0.0,0.0,0.0
2025-10-27 11:00:00-04:00,682.780029296875,682.9199829101562,682.610107421875,682.6900024414062,601282,0.0001318620746067,0.0003976513631891,0.0003984316414739,0.0,0.0,0.0
2025-10-27 11:05:00-04:00,682.6199951171875,682.8499755859375,682.5499877929688,682.780029296875,318252,-0.0002344136188059,0.0003984316414739,0.0004438513794893,0.0,0.0,0.0
2025-10-27 11:10:00-04:00,683.0399780273438,683.0499877929688,682.6199951171875,682.6199951171875,517868,0.0006150622141018,0.0004438513794893,0.0003279252393289,0.0,0.0,0.0
2025-10-27 11:15:00-04:00,682.989990234375,683.0999755859375,682.864990234375,683.0399780273438,510905,-7.318696390633587e-05,0.0003279252393289,0.0003282426798948,0.0,0.0,0.0
2025-10-27 11:20:00-04:00,683.1400146484375,683.1400146484375,682.875,682.9959106445312,469647,0.0002196341697047,0.0003282426798948,0.0003128561246757,0.0,0.0,0.0
2025-10-27 11:25:00-04:00,683.3599853515625,683.3699951171875,683.130126953125,683.130126953125,562057,0.0003219476107208,0.0003128561246757,0.0003136461624786,0.0,0.0,0.0
2025-10-27 11:30:00-04:00,683.4400024414062,683.530029296875,683.3300170898438,683.3599853515625,656294,0.0001170867583403,0.0003136461624786,0.0003139049148561,0.0,0.0,0.0
2025-10-27 11:35:00-04:00,683.4400024414062,683.47998046875,683.260009765625,683.4013061523438,429076,0.0,0.0003139049148561,0.0003021414267518,0.0,0.0,0.0
2025-10-27 11:40:00-04:00,683.5599975585938,683.5999755859375,683.4299926757812,683.4349975585938,382435,0.000175559791508,0.0003021414267518,0.0002950464155438,0.0,0.0,0.0
2025-10-27 11:45:00-04:00,683.3900146484375,683.5750122070312,683.3049926757812,683.5700073242188,389895,-0.0002487039167701,0.0002950464155438,0.0002565292709018,0.0,0.0,0.0
2025-10-27 11:50:00-04:00,683.25,683.3599853515625,683.2150268554688,683.2550048828125,403381,-0.0002049034821556,0.0002565292709018,0.0002563656305161,0.0,0.0,0.0
2025-10-27 11:55:00-04:00,683.4199829101562,683.4650268554688,683.2000122070312,683.2449951171875,384849,0.0002487548759515,0.0002563656305161,0.0002733437515395,0.0,0.0,0.0
2025-10-27 12:00:00-04:00,683.7050170898438,683.7100219726562,683.3900146484375,683.4124145507812,496560,0.000416983353852,0.0002733437515395,0.0002558979206119,0.0,0.0,0.0
2025-10-27 12:05:00-04:00,683.6801147460938,683.780029296875,683.5499877929688,683.7086791992188,533956,-3.642330631354054e-05,0.0002558979206119,0.0002111418363766,0.0,0.0,0.0
2025-10-27 12:10:00-04:00,683.6199951171875,683.6900024414062,683.5399780273438,683.6900024414062,394160,-8.793918542289321e-05,0.0002111418363766,0.0002257120643747,0.0,0.0,0.0
2025-10-27 12:15:00-04:00,683.4600219726562,683.6300048828125,683.4600219726562,683.6199951171875,336524,-0.0002340362572221,0.0002257120643747,0.0002261837105498,0.0,0.0,0.0
2025-10-27 12:20:00-04:00,683.614990234375,683.625,683.375,683.469970703125,358767,0.0002267150829306,0.0002261837105498,0.0002182904182509,0.0,0.0,0.0
2025-10-27 12:25:00-04:00,683.5,683.6199951171875,683.4500122070312,683.5700073242188,356338,-0.000168223207949,0.0002182904182509,0.000230360545154,0.0,0.0,0.0
2025-10-27 12:30:00-04:00,683.6950073242188,683.760009765625,683.5057983398438,683.510009765625,459888,0.0002852662926598,0.000230360545154,0.0002385069377798,0.0,0.0,0.0
2025-10-27 12:35:00-04:00,683.5700073242188,683.77001953125,683.551025390625,683.6900024414062,290765,-0.0001828467766074,0.0002385069377798,0.0002355246158236,0.0,0.0,0.0
2025-10-27 12:40:00-04:00,683.6500244140625,683.719970703125,683.52001953125,683.5599975585938,302702,0.0001170507863806,0.0002355246158236,0.0002208771252188,0.0,0.0,0.0
2025-10-27 12:45:00-04:00,683.6699829101562,683.6950073242188,683.5399780273438,683.655029296875,207885,2.9193599140194763e-05,0.0002208771252188,0.0002139300939683,0.0,0.0,0.0
2025-10-27 12:50:00-04:00,683.8300170898438,683.8756103515625,683.6699829101562,683.75,345996,0.0002340536459497,0.0002139300939683,0.0002133334235902,0.0,0.0,0.0
2025-10-27 12:55:00-04:00,683.739990234375,683.8800048828125,683.6900024414062,683.8300170898438,374757,-0.0001316595934637,0.0002133334235902,0.0001774018664036,0.0,0.0,0.0
2025-10-27 13:00:00-04:00,683.77001953125,683.7899780273438,683.6699829101562,683.75,427356,4.3918211443339375e-05,0.0001774018664036,0.000199351284144,0.0,0.0,0.0
2025-10-27 13:05:00-04:00,683.560302734375,683.7899780273438,683.560302734375,683.7750244140625,351737,-0.0003067536718881,0.000199351284144,0.0002002111420417,0.0,0.0,0.0
2025-10-27 13:10:00-04:00,683.625,683.64501953125,683.4550170898438,683.489990234375,424317,9.464300931826676e-05,0.0002002111420417,0.0002079860555429,0.0,0.0,0.0
2025-10-27 13:15:00-04:00,683.4199829101562,683.6699829101562,683.4099731445312,683.6199951171875,336177,-0.0002999419828078,0.0002079860555429,0.0002094500697934,0.0,0.0,0.0
2025-10-27 13:20:00-04:00,683.219970703125,683.4299926757812,683.2100219726562,683.4199829101562,616640,-0.0002927065141487,0.0002094500697934,0.0002306174067527,0.0,0.0,0.0
2025-10-27 13:25:00-04:00,683.4398803710938,683.4450073242188,683.1699829101562,683.2100830078125,410644,0.0003218206339987,0.0002306174067527,0.0002237088694571,0.0,0.0,0.0
2025-10-27 13:30:00-04:00,683.5899047851562,683.6099853515625,683.3150024414062,683.4400024414062,320537,0.0002194896062892,0.0002237088694571,0.0002313021871422,0.0,0.0,0.0
2025-10-27 13:35:00-04:00,683.780029296875,683.7849731445312,683.510986328125,683.5850219726562,279176,0.000278087894439,0.0002313021871422,0.0002367948351272,0.0,0.0,0.0
2025-10-27 13:40:00-04:00,683.9299926757812,683.969970703125,683.739990234375,683.77001953125,932923,0.0002192911905273,0.0002367948351272,0.0002378660441487,0.0,0.0,0.0
2025-10-27 13:45:00-04:00,683.9000854492188,683.989990234375,683.8499755859375,683.9400024414062,674664,-4.372944716683816e-05,0.0002378660441487,0.0002317308412674,0.0,0.0,0.0
2025-10-27 13:50:00-04:00,683.8201293945312,683.9099731445312,683.780029296875,683.9099731445312,329191,-0.0001169187292997,0.0002317308412674,0.0002329591587613,0.0,0.0,0.0
2025-10-27 13:55:00-04:00,683.9400024414062,683.9500122070312,683.8099975585938,683.8200073242188,464294,0.0001752837275949,0.0002329591587613,0.0002345103304314,0.0,0.0,0.0
2025-10-27 14:00:00-04:00,683.8900146484375,683.9600219726562,683.760009765625,683.9299926757812,398996,-7.309065068965638e-05,0.0002345103304314,0.0002117149668246,0.0,0.0,0.0
2025-10-27 14:05:00-04:00,683.9000244140625,683.9400024414062,683.8099975585938,683.8900146484375,219465,1.4636406669584113e-05,0.0002117149668246,0.0002123248404061,0.0,0.0,0.0
2025-10-27 14:10:00-04:00,683.8699951171875,683.9298706054688,683.8300170898438,683.9099731445312,299560,-4.3909862697694405e-05,0.0002123248404061,0.0001858083009683,0.0,0.0,0.0
2025-10-27 14:15:00-04:00,683.875,683.9299926757812,683.8200073242188,683.864990234375,332921,7.318444345016109e-06,0.0001858083009683,0.0001528575189005,0.0,0.0,0.0
2025-10-27 14:20:00-04:00,683.864990234375,683.9650268554688,683.8599853515625,683.8701171875,273042,-1.4636942250215717e-05,0.0001528575189005,0.0001342154465199,0.0,0.0,0.0
2025-10-27 14:25:00-04:00,683.8499755859375,683.9197998046875,683.7999877929688,683.9099731445312,527398,-2.1955815083297893e-05,0.0001342154465199,0.0001342003409684,0.0,0.0,0.0
2025-10-27 14:30:00-04:00,684.0,684.030029296875,683.85498046875,683.85498046875,410834,0.0002193579958938,0.0001342003409684,0.0001136686708029,0.0,0.0,0.0
2025-10-27 14:35:00-04:00,684.0,684.0599975585938,683.8900146484375,683.9949951171875,609136,0.0,0.0001136686708029,9.983694204810344e-05,0.0,0.0,0.0
2025-10-27 14:40:00-04:00,684.0700073242188,684.1199951171875,683.9650268554688,684.010009765625,475983,0.0001023446518162,9.983694204810344e-05,9.820111260305929e-05,0.0,0.0,0.0
2025-10-27 14:45:00-04:00,684.0700073242188,684.1599731445312,684.010009765625,684.125,441668,0.0,9.820111260305929e-05,8.817315876772854e-05,0.0,0.0,0.0
2025-10-27 14:50:00-04:00,684.0999755859375,684.1300048828125,683.97998046875,684.0650024414062,405349,4.3807804728763805e-05,8.817315876772854e-05,7.722183971297275e-05,0.0,0.0,0.0
2025-10-27 14:55:00-04:00,684.14501953125,684.25,684.0800170898438,684.0900268554688,610544,6.584192960977916e-05,7.722183971297275e-05,8.659080120109896e-05,0.0,0.0,0.0
2025-10-27 15:00:00-04:00,684.0499877929688,684.1599731445312,684.02001953125,684.1500244140625,404572,-0.0001389154878147,8.659080120109896e-05,0.0001063563005166,0.0,0.0,0.0
2025-10-27 15:05:00-04:00,684.2100219726562,684.22998046875,684.0399780273438,684.0499877929688,448022,0.0002339236391841,0.0001063563005166,0.0001068851354926,0.0,0.0,0.0
2025-10-27 15:10:00-04:00,684.1749877929688,684.2999877929688,684.1199951171875,684.2000122070312,571681,-5.120514978625984e-05,0.0001068851354926,0.0001338571952022,0.0,0.0,0.0
2025-10-27 15:15:00-04:00,684.010009765625,684.1699829101562,684.0,684.1699829101562,645812,-0.0002411633345457,0.0001338571952022,0.0001423097745984,0.0,0.0,0.0
2025-10-27 15:20:00-04:00,684.1400146484375,684.14501953125,684.0,684.010009765625,613543,0.0001900447770841,0.0001423097745984,0.0001437598562596,0.0,0.0,0.0
2025-10-27 15:25:00-04:00,684.22998046875,684.239990234375,684.1199951171875,684.1400146484375,494828,0.000131493412985,0.0001437598562596,0.0001388224190048,0.0,0.0,0.0
2025-10-27 15:30:00-04:00,684.344970703125,684.3800048828125,684.1849975585938,684.22998046875,792390,0.0001680437517099,0.0001388224190048,0.0001912934509464,0.0,0.0,0.0
2025-10-27 15:35:00-04:00,684.6900024414062,684.760009765625,684.3200073242188,684.3499755859375,1559000,0.0005040510320839,0.0001912934509464,0.0001954755630196,0.0,0.0,0.0
2025-10-27 15:40:00-04:00,684.6500244140625,684.7100219726562,684.510009765625,684.6950073242188,1017374,-5.839021217676568e-05,0.0001954755630196,0.000240659883906,0.0,0.0,0.0
2025-10-27 15:45:00-04:00,685.0399780273438,685.1500244140625,684.6099853515625,684.64501953125,2269264,0.0005694042055094,0.000240659883906,0.0002845062114276,0.0,0.0,0.0
2025-10-27 15:50:00-04:00,685.489990234375,685.530029296875,684.989990234375,685.0499877929688,3012391,0.0006566981147801,0.0002845062114276,0.0003362322741656,0.0,0.0,0.0
2025-10-27 15:55:00-04:00,685.1799926757812,685.5399780273438,685.1699829101562,685.39501953125,4649261,-0.0004523299813148,0.0003362322741656,0.0007166951495761,0.0,0.0,0.0
2025-10-28 09:30:00-04:00,686.7999877929688,687.2225952148438,686.6599731445312,687.0499877929688,2838626,0.0023615444731373,0.0007166951495761,0.0008022934298261,0.0,0.0,0.0
2025-10-28 09:35:00-04:00,686.1749877929688,686.8300170898438,686.1199951171875,686.7999877929688,1413674,-0.000910431805801,0.0008022934298261,0.0008127083566403,0.0,0.0,0.0
2025-10-28 09:40:00-04:00,685.97998046875,686.2899780273438,685.8599853515625,686.1799926757812,942425,-0.0002842351338473,0.0008127083566403,0.0008262770615378,0.0,0.0,0.0
2025-10-28 09:45:00-04:00,685.6649780273438,686.0335083007812,685.1799926757812,685.97998046875,1079237,-0.0004593060981165,0.0008262770615378,0.0008500100684092,0.0,0.0,0.0
2025-10-28 09:50:00-04:00,685.3300170898438,685.6900024414062,685.1199951171875,685.6649780273438,1057594,-0.000488639193225,0.0008500100684092,0.0008537573230226,0.0,0.0,0.0
2025-10-28 09:55:00-04:00,685.6201171875,686.3800048828125,685.2899780273438,685.3400268554688,1267691,0.0004232102900505,0.0008537573230226,0.0008572562754005,0.0,0.0,0.0
2025-10-28 10:00:00-04:00,685.9199829101562,685.9301147460938,685.52099609375,685.5499877929688,525196,0.0004372686258504,0.0008572562754005,0.0008571648764096,0.0,0.0,0.0
2025-10-28 10:05:00-04:00,685.7999877929688,685.9600219726562,685.5,685.9199829101562,548645,-0.0001749557053282,0.0008571648764096,0.0008560266640673,0.0,0.0,0.0
2025-10-28 10:10:00-04:00,685.8049926757812,685.9400024414062,685.6599731445312,685.8099975585938,563368,7.297848701129365e-06,0.0008560266640673,0.0008465585614643,0.0,0.0,0.0
2025-10-28 10:15:00-04:00,685.7650146484375,685.9400024414062,685.6799926757812,685.7999877929688,517262,-5.82952778809005e-05,0.0008465585614643,0.0008287024897296,0.0,0.0,0.0
2025-10-28 10:20:00-04:00,685.9000244140625,686.1099853515625,685.6799926757812,685.77001953125,481538,0.0001968552995317,0.0008287024897296,0.0008164128176289,0.0,0.0,0.0
2025-10-28 10:25:00-04:00,686.1300048828125,686.158203125,685.7100219726562,685.9000244140625,516485,0.0003352411623552,0.0008164128176289,0.0004081119725752,0.0,0.0,0.0
2025-10-28 10:30:00-04:00,686.0250244140625,686.2000122070312,685.7999877929688,686.1199951171875,658275,-0.0001530154635787,0.0004081119725752,0.0003176965043049,0.0,0.0,0.0
2025-10-28 10:35:00-04:00,685.9600219726562,686.3699951171875,685.9299926757812,686.030029296875,692032,-9.475677832792892e-05,0.0003176965043049,0.000308459033098,0.0,0.0,0.0
2025-10-28 10:40:00-04:00,685.8900146484375,686.02001953125,685.7150268554688,685.969970703125,474026,-0.0001020626488474,0.000308459033098,0.0002861959773365,0.0,0.0,0.0
2025-10-28 10:45:00-04:00,686.10498046875,686.2000122070312,685.5900268554688,685.6300048828125,563989,0.0003133623997705,0.0002861959773365,0.0002356936973917,0.0,0.0,0.0
2025-10-28 10:50:00-04:00,686.0499877929688,686.2100219726562,685.8809814453125,686.0999755859375,407212,-8.015519687311526e-05,0.0002356936973917,0.0002334507783073,0.0,0.0,0.0
2025-10-28 10:55:00-04:00,685.8499755859375,686.114990234375,685.6849975585938,686.0449829101562,627660,-0.0002915842463553,0.0002334507783073,0.0001946670873698,0.0,0.0,0.0
2025-10-28 11:00:00-04:00,685.8350219726562,686.0999755859375,685.7899780273438,685.8599853515625,413793,-2.180327598316074e-05,0.0001946670873698,0.0002230985376636,0.0,0.0,0.0
2025-10-28 11:05:00-04:00,686.125,686.2100219726562,685.780029296875,685.8300170898438,402558,0.000422720818417,0.0002230985376636,0.0002635074820052,0.0,0.0,0.0
2025-10-28 11:10:00-04:00,685.8200073242188,686.1199951171875,685.6651000976562,686.10498046875,293620,-0.000444613565671,0.0002635074820052,0.0002632384820948,0.0,0.0,0.0
2025-10-28 11:15:00-04:00,685.8599853515625,685.9869995117188,685.760009765625,685.8300170898438,1312467,5.829060359338856e-05,0.0002632384820948,0.0002784540183647,0.0,0.0,0.0
2025-10-28 11:20:00-04:00,685.5999755859375,685.8800048828125,685.510009765625,685.8699951171875,331896,-0.0003791722341823,0.0002784540183647,0.0002528212882483,0.0,0.0,0.0
2025-10-28 11:25:00-04:00,685.530029296875,685.6900024414062,685.3699951171875,685.5900268554688,374800,-0.0001020272167833,0.0002528212882483,0.0002844197634059,0.0,0.0,0.0
2025-10-28 11:30:00-04:00,685.1699829101562,685.530029296875,685.1599731445312,685.52001953125,405807,-0.0005253467451565,0.0002844197634059,0.0003246713515655,0.0,0.0,0.0
2025-10-28 11:35:00-04:00,685.469970703125,685.4949951171875,684.8300170898438,685.1799926757812,734090,0.0004377339168729,0.0003246713515655,0.000349977989296,0.0,0.0,0.0
2025-10-28 11:40:00-04:00,685.1199951171875,685.494384765625,685.030029296875,685.47998046875,430860,-0.0005106933543532,0.000349977989296,0.0003391238475595,0.0,0.0,0.0
2025-10-28 11:45:00-04:00,685.2550048828125,685.3499755859375,685.0,685.125,440703,0.0001970406145204,0.0003391238475595,0.0003528723617483,0.0,0.0,0.0
2025-10-28 11:50:00-04:00,685.4149780273438,685.4600219726562,685.25,685.25,389811,0.0002334232853308,0.0003528723617483,0.0003569054213938,0.0,0.0,0.0
2025-10-28 11:55:00-04:00,685.5800170898438,685.6099853515625,685.3200073242188,685.4199829101562,306266,0.0002407580828302,0.0003569054213938,0.0003619437443911,0.0,0.0,0.0
2025-10-28 12:00:00-04:00,685.7000122070312,685.89501953125,685.5800170898438,685.5800170898438,465808,0.0001750118355553,0.0003619437443911,0.0003619529230965,0.0,0.0,0.0
2025-10-28 12:05:00-04:00,685.989990234375,686.02197265625,685.6649780273438,685.7050170898438,395326,0.0004228040317382,0.0003619529230965,0.0003473768377996,0.0,0.0,0.0
2025-10-28 12:10:00-04:00,685.7949829101562,686.0,685.7449951171875,685.989990234375,316746,-0.0002843117971839,0.0003473768377996,0.0003472686589977,0.0,0.0,0.0
2025-10-28 12:15:00-04:00,685.830078125,685.9500122070312,685.7000122070312,685.7899780273438,315921,5.117318988749497e-05,0.0003472686589977,0.0003292668057844,0.0,0.0,0.0
2025-10-28 12:20:00-04:00,685.75,685.8300170898438,685.5999755859375,685.8099975585938,270866,-0.0001167676993391,0.0003292668057844,0.0003701940616878,0.0,0.0,0.0
2025-10-28 12:25:00-04:00,686.1820068359375,686.2244873046875,685.7449951171875,685.760009765625,323504,0.000629778805456,0.0003701940616878,0.0003458019966564,0.0,0.0,0.0
2025-10-28 12:30:00-04:00,686.5999755859375,687.1500244140625,686.0599975585938,687.1099853515625,2232333,0.00060893684251,0.0003458019966564,0.0003798314155473,0.0,0.0,0.0
2025-10-28 12:35:00-04:00,686.280029296875,686.6400146484375,686.1599731445312,686.5850219726562,475273,-0.000466095061064,0.0003798314155473,0.0003583930852825,0.0,0.0,0.0
2025-10-28 12:40:00-04:00,686.72998046875,686.72998046875,686.2000122070312,686.280029296875,429687,0.0006554230264633,0.0003583930852825,0.000358393018241,0.0,0.0,0.0
2025-10-28 12:45:00-04:00,686.8651733398438,687.114990234375,686.6749877929688,686.7249755859375,599189,0.0001968452948534,0.000358393018241,0.0003582675825137,0.0,0.0,0.0
2025-10-28 12:50:00-04:00,686.97998046875,687.1599731445312,686.7849731445312,686.8300170898438,526829,0.0001671325605439,0.0003582675825137,0.0003683655147033,0.0,0.0,0.0
2025-10-28 12:55:00-04:00,686.9000244140625,687.0341796875,686.8499755859375,686.97998046875,382412,-0.0001163945242577,0.0003683655147033,0.000378733206747,0.0,0.0,0.0
2025-10-28 13:00:00-04:00,687.218994140625,687.3699951171875,686.8599853515625,686.8800048828125,349683,0.0004642534278099,0.000378733206747,0.000389435649063,0.0,0.0,0.0
2025-10-28 13:05:00-04:00,687.0505981445312,687.2949829101562,686.989990234375,687.219970703125,303595,-0.0002450698143681,0.000389435649063,0.0003670691821099,0.0,0.0,0.0
2025-10-28 13:10:00-04:00,687.1649780273438,687.3200073242188,686.8699951171875,687.0599975585938,527508,0.0001664657060506,0.0003670691821099,0.0003764217967501,0.0,0.0,0.0
2025-10-28 13:15:00-04:00,687.0700073242188,687.3198852539062,686.9000244140625,687.1699829101562,454924,-0.0001382161046524,0.0003764217967501,0.0003682353559292,0.0,0.0,0.0
2025-10-28 13:20:00-04:00,687.2650146484375,687.2999877929688,687.0499877929688,687.0599975585938,276360,0.000283784262803,0.0003682353559292,0.0003714010183406,0.0,0.0,0.0
2025-10-28 13:25:00-04:00,687.010009765625,687.27001953125,686.969970703125,687.27001953125,391222,-0.0003711118680161,0.0003714010183406,0.0003353159146429,0.0,0.0,0.0
2025-10-28 13:30:00-04:00,687.0750122070312,687.1400146484375,686.875,687.02001953125,363248,9.46119642019994e-05,0.0003353159146429,0.0002920993918512,0.0,0.0,0.0
2025-10-28 13:35:00-04:00,687.125,687.280029296875,687.0599975585938,687.0599975585938,321793,7.275184477768316e-05,0.0002920993918512,0.0002417002925573,0.0,0.0,0.0
2025-10-28 13:40:00-04:00,687.2999877929688,687.3255004882812,687.114990234375,687.1300048828125,411221,0.0002546341858862,0.0002417002925573,0.0002420372158367,0.0,0.0,0.0
2025-10-28 13:45:00-04:00,687.4400024414062,687.52001953125,687.1201171875,687.2999877929688,422504,0.0002036961897031,0.0002420372158367,0.0002474948921146,0.0,0.0,0.0
2025-10-28 13:50:00-04:00,687.625,687.7100219726562,687.4099731445312,687.4400024414062,552936,0.0002690746392083,0.0002474948921146,0.0002426977085811,0.0,0.0,0.0
2025-10-28 13:55:00-04:00,687.6016845703125,687.6799926757812,687.3699951171875,687.6199951171875,491838,-3.3907762191211423e-05,0.0002426977085811,0.0002129670593202,0.0,0.0,0.0
2025-10-28 14:00:00-04:00,687.7000122070312,687.7080078125,687.5399780273438,687.6099853515625,358397,0.0001429906428773,0.0002129670593202,0.0002017126208247,0.0,0.0,0.0
2025-10-28 14:05:00-04:00,687.5999755859375,687.75,687.55517578125,687.7100219726562,370893,-0.0001454760738138,0.0002017126208247,0.0002139166599773,0.0,0.0,0.0
2025-10-28 14:10:00-04:00,687.8250122070312,687.8599853515625,687.5850219726562,687.5999755859375,429246,0.0003272248579151,0.0002139166599773,0.0002702306418587,0.0,0.0,0.0
2025-10-28 14:15:00-04:00,688.3200073242188,688.3300170898438,687.7839965820312,687.8200073242188,653032,0.0007193938596731,0.0002702306418587,0.0002759253419993,0.0,0.0,0.0
2025-10-28 14:20:00-04:00,688.25,688.4000244140625,688.1799926757812,688.3200073242188,593482,-0.0001017126973661,0.0002759253419993,0.0002634108065964,0.0,0.0,0.0
2025-10-28 14:25:00-04:00,688.051025390625,688.2999877929688,687.97998046875,688.25,543249,-0.0002891440274918,0.0002634108065964,0.0002696805908908,0.0,0.0,0.0
2025-10-28 14:30:00-04:00,688.0,688.1900024414062,687.9500122070312,688.0549926757812,417076,-7.41620618812751e-05,0.0002696805908908,0.0002913789189857,0.0,0.0,0.0
2025-10-28 14:35:00-04:00,687.8150024414062,688.02001953125,687.7999877929688,688.010009765625,300750,-0.0002689279581636,0.0002913789189857,0.0002906194439738,0.0,0.0,0.0
2025-10-28 14:40:00-04:00,687.97998046875,688.0349731445312,687.780029296875,687.8150024414062,453307,0.0002398293789173,0.0002906194439738,0.0002920503012748,0.0,0.0,0.0
2025-10-28 14:45:00-04:00,687.9149780273438,687.969970703125,687.8200073242188,687.969970703125,513234,-9.44875058277604e-05,0.0002920503012748,0.0002895084006056,0.0,0.0,0.0
2025-10-28 14:50:00-04:00,688.0709838867188,688.1199951171875,687.9000244140625,687.9199829101562,419821,0.0002267550169283,0.0002895084006056,0.0002887028060891,0.0,0.0,0.0
2025-10-28 14:55:00-04:00,688.155029296875,688.1699829101562,687.8699951171875,688.0650024414062,308797,0.0001221389647567,0.0002887028060891,0.0003010423280348,0.0,0.0,0.0
2025-10-28 15:00:00-04:00,687.9852294921875,688.1480102539062,687.8200073242188,688.1480102539062,1466605,-0.0002467768884236,0.0003010423280348,0.0003084677661085,0.0,0.0,0.0
2025-10-28 15:05:00-04:00,688.22998046875,688.2352294921875,687.97998046875,687.989990234375,740284,0.0003556870718639,0.0003084677661085,0.0002991258606437,0.0,0.0,0.0
2025-10-28 15:10:00-04:00,688.2100219726562,688.260009765625,688.0941772460938,688.219970703125,623818,-2.90001686375744e-05,0.0002991258606437,0.0002113295743683,0.0,0.0,0.0
2025-10-28 15:15:00-04:00,688.1799926757812,688.2100219726562,687.97998046875,688.2100219726562,676711,-4.363486593215599e-05,0.0002113295743683,0.0002202954614579,0.0,0.0,0.0
2025-10-28 15:20:00-04:00,688.3350219726562,688.3400268554688,688.135009765625,688.1849975585938,539018,0.0002252489742293,0.0002202954614579,0.0002422458269663,0.0,0.0,0.0
2025-10-28 15:25:00-04:00,688.6900024414062,688.905029296875,688.219970703125,688.3300170898438,987306,0.0005155759268273,0.0002422458269663,0.0002583834572751,0.0,0.0,0.0
2025-10-28 15:30:00-04:00,688.510009765625,688.7100219726562,688.4299926757812,688.7000122070312,1024104,-0.0002613893046917,0.0002583834572751,0.0003463172100739,0.0,0.0,0.0
2025-10-28 15:35:00-04:00,687.969970703125,688.5599975585938,687.9500122070312,688.510009765625,1384383,-0.000784666828245,0.0003463172100739,0.0003860673342544,0.0,0.0,0.0
2025-10-28 15:40:00-04:00,687.530029296875,687.969970703125,687.4299926757812,687.969970703125,1584866,-0.0006396821828452,0.0003860673342544,0.000388374559757,0.0,0.0,0.0
2025-10-28 15:45:00-04:00,687.3900146484375,687.77001953125,687.3200073242188,687.5399780273438,1379234,-0.0002036695145119,0.000388374559757,0.0003785389717615,0.0,0.0,0.0
2025-10-28 15:50:00-04:00,687.260009765625,687.47998046875,686.905029296875,687.3800048828125,2021350,-0.0001891461548629,0.0003785389717615,0.0003813720238171,0.0,0.0,0.0
2025-10-28 15:55:00-04:00,686.97998046875,687.4600219726562,686.9199829101562,687.27001953125,4044314,-0.00040754060825,0.0003813720238171,0.0008989716235669,0.0,0.0,0.0
2025-10-29 09:30:00-04:00,688.8300170898438,688.9400024414062,688.1500244140625,688.719970703125,2940995,0.0026893796955241,0.0008989716235669,0.000895442975059,0.0,0.0,0.0
2025-10-29 09:35:00-04:00,688.8699951171875,689.0800170898438,688.6599731445312,688.8400268554688,1336726,5.80358960596681e-05,0.000895442975059,0.0009035953875953,0.0,0.0,0.0
2025-10-29 09:40:00-04:00,689.22998046875,689.260009765625,688.6599731445312,688.8800048828125,1082394,0.0005224372195454,0.0009035953875953,0.0009179097150136,0.0,0.0,0.0
2025-10-29 09:45:00-04:00,688.9201049804688,689.3599853515625,688.719970703125,689.22998046875,1403231,-0.0004496977459495,0.0009179097150136,0.0009264599510902,0.0,0.0,0.0
2025-10-29 09:50:00-04:00,689.2899780273438,689.4000244140625,688.7100219726562,688.9199829101562,1120784,0.0005367440861375,0.0009264599510902,0.0009226961127003,0.0,0.0,0.0
2025-10-29 09:55:00-04:00,689.5700073242188,689.6900024414062,689.2222900390625,689.2899780273438,1015872,0.000406175106537,0.0009226961127003,0.0009373213383546,0.0,0.0,0.0
2025-10-29 10:00:00-04:00,689.1851196289062,689.7000122070312,689.0900268554688,689.5900268554688,818305,-0.0005583119116458,0.0009373213383546,0.0009159716137513,0.0,0.0,0.0
2025-10-29 10:05:00-04:00,688.8499755859375,689.1900024414062,688.6799926757812,689.1799926757812,943233,-0.0004864085838455,0.0009159716137513,0.0008885260206617,0.0,0.0,0.0
2025-10-29 10:10:00-04:00,688.7899780273438,689.0549926757812,688.4500122070312,688.8400268554688,1041169,-8.710194339866116e-05,0.0008885260206617,0.0008856889587481,0.0,0.0,0.0
2025-10-29 10:15:00-04:00,688.7100219726562,688.89599609375,688.530029296875,688.7899780273438,660118,-0.0001160886457746,0.0008856889587481,0.0008789208551579,0.0,0.0,0.0
2025-10-29 10:20:00-04:00,688.8699951171875,689.0499877929688,688.5750122070312,688.719970703125,710823,0.0002322524183941,0.0008789208551579,0.0008585886104274,0.0,0.0,0.0
2025-10-29 10:25:00-04:00,688.97998046875,689.010009765625,688.6400146484375,688.8499755859375,780955,0.0001596477900278,0.0008585886104274,0.0003826447668446,0.0,0.0,0.0
2025-10-29 10:30:00-04:00,688.8599853515625,689.110107421875,688.739990234375,688.969970703125,777938,-0.0001741785990645,0.0003826447668446,0.0003845089501573,0.0,0.0,0.0
2025-10-29 10:35:00-04:00,688.760009765625,688.9749755859375,688.6599731445312,688.8800048828125,755684,-0.0001451424724776,0.0003845089501573,0.0003911468774769,0.0,0.0,0.0
2025-10-29 10:40:00-04:00,688.280029296875,688.8099975585938,688.1900024414062,688.760009765625,998693,-0.000697119146245,0.0003911468774769,0.000379088636182,0.0,0.0,0.0
2025-10-29 10:45:00-04:00,688.1199951171875,688.5399780273438,688.0900268554688,688.2899780273438,884433,-0.000232540217335,0.000379088636182,0.0003738025645867,0.0,0.0,0.0
2025-10-29 10:50:00-04:00,688.4650268554688,688.5999755859375,687.8099975585938,688.1199951171875,1139978,0.0005012865024668,0.0003738025645867,0.0003381972451525,0.0,0.0,0.0
2025-10-29 10:55:00-04:00,688.3499755859375,688.489990234375,688.2849731445312,688.469970703125,851189,-0.000167126693993,0.0003381972451525,0.0003254618306622,0.0,0.0,0.0
2025-10-29 11:00:00-04:00,688.0571899414062,688.489990234375,688.0499877929688,688.3599853515625,898823,-0.0004254346479445,0.0003254618306622,0.0003461817080597,0.0,0.0,0.0
2025-10-29 11:05:00-04:00,688.3699951171875,688.5399780273438,688.0499877929688,688.0499877929688,1607652,0.0004545175866356,0.0003461817080597,0.0003464310632271,0.0,0.0,0.0
2025-10-29 11:10:00-04:00,688.3699951171875,688.4400024414062,688.0800170898438,688.3900146484375,783417,0.0,0.0003464310632271,0.0003569485688327,0.0,0.0,0.0
2025-10-29 11:15:00-04:00,688.5499877929688,688.5700073242188,688.1099853515625,688.3599853515625,788152,0.0002614424643995,0.0003569485688327,0.0003564976498854,0.0,0.0,0.0
2025-10-29 11:20:00-04:00,688.7050170898438,688.77001953125,688.4299926757812,688.469970703125,758432,0.0002251279494068,0.0003564976498854,0.0003846582231888,0.0,0.0,0.0
2025-10-29 11:25:00-04:00,688.3099975585938,688.819580078125,688.3099975585938,688.7050170898438,921463,-0.0005737330935154,0.0003846582231888,0.0003893705110593,0.0,0.0,0.0
2025-10-29 11:30:00-04:00,688.0999755859375,688.3699951171875,688.0700073242188,688.3200073242188,641745,-0.0003051735723861,0.0003893705110593,0.0003970902396929,0.0,0.0,0.0
2025-10-29 11:35:00-04:00,688.22998046875,688.2999877929688,687.8900146484375,688.0900268554688,755956,0.0001889152853605,0.0003970902396929,0.0003434420160895,0.0,0.0,0.0
2025-10-29 11:40:00-04:00,688.219970703125,688.3800048828125,688.1099853515625,688.2849731445312,621651,-1.4544321959097097e-05,0.0003434420160895,0.0003375412014391,0.0,0.0,0.0
2025-10-29 11:45:00-04:00,688.3049926757812,688.3300170898438,687.8400268554688,688.2199096679688,1974507,0.0001235313198471,0.0003375412014391,0.0003022319406875,0.0,0.0,0.0
2025-10-29 11:50:00-04:00,688.3200073242188,688.3599853515625,688.030029296875,688.3099975585938,433394,2.1813708799619136e-05,0.0003022319406875,0.0003188998746234,0.0,0.0,0.0
2025-10-29 11:55:00-04:00,688.0499877929688,688.3300170898438,687.9000244140625,688.3300170898438,428065,-0.0003923647502808,0.0003188998746234,0.0003451799050505,0.0,0.0,0.0
2025-10-29 12:00:00-04:00,687.6199951171875,688.0599975585938,687.5900268554688,688.0399780273438,505344,-0.0006251393068489,0.0003451799050505,0.0003418187380767,0.0,0.0,0.0
2025-10-29 12:05:00-04:00,687.9149780273438,688.1500244140625,687.5900268554688,687.625,618993,0.0004288991853167,0.0003418187380767,0.0003476291601643,0.0,0.0,0.0
2025-10-29 12:10:00-04:00,688.030029296875,688.10498046875,687.6699829101562,687.9400024414062,270624,0.0001672323663909,0.0003476291601643,0.0003465114848846,0.0,0.0,0.0
2025-10-29 12:15:00-04:00,688.2000122070312,688.2050170898438,687.97998046875,688.02001953125,348919,0.0002470268863408,0.0003465114848846,0.0003612771961692,0.0,0.0,0.0
2025-10-29 12:20:00-04:00,688.469970703125,688.510009765625,688.1849975585938,688.2100219726562,369513,0.0003921905800305,0.0003612771961692,0.0003179155249934,0.0,0.0,0.0
2025-10-29 12:25:00-04:00,688.469970703125,688.530029296875,688.3400268554688,688.4600219726562,231129,0.0,0.0003179155249934,0.0003013698309549,0.0,0.0,0.0
2025-10-29 12:30:00-04:00,688.469970703125,688.6400146484375,688.4000244140625,688.469970703125,326790,0.0,0.0003013698309549,0.0003004073866058,0.0,0.0,0.0
2025-10-29 12:35:00-04:00,688.4000244140625,688.5650024414062,688.3051147460938,688.47998046875,258721,-0.0001016018787114,0.0003004073866058,0.0003024940523427,0.0,0.0,0.0
2025-10-29 12:40:00-04:00,688.5050048828125,688.5750122070312,688.364990234375,688.3900146484375,310570,0.00015248759605,0.0003024940523427,0.000303205021637,0.0,0.0,0.0
2025-10-29 12:45:00-04:00,688.4400024414062,688.780029296875,688.4149780273438,688.5050048828125,366057,-9.441545030311802e-05,0.000303205021637,0.0003186869538515,0.0,0.0,0.0
2025-10-29 12:50:00-04:00,688.6849975585938,688.7249755859375,688.3200073242188,688.4400024414062,238792,0.0003558066548383,0.0003186869538515,0.0002986497762879,0.0,0.0,0.0
2025-10-29 12:55:00-04:00,688.5499877929688,688.760009765625,688.5,688.6900024414062,272454,-0.0001960591583767,0.0002986497762879,0.0002065712030833,0.0,0.0,0.0
2025-10-29 13:00:00-04:00,688.6099853515625,688.6400146484375,688.4000244140625,688.5499877929688,454542,8.713230096968166e-05,0.0002065712030833,0.000210885301407,0.0,0.0,0.0
2025-10-29 13:05:00-04:00,688.4199829101562,688.614990234375,688.39501953125,688.6099853515625,216888,-0.0002759597786414,0.000210885301407,0.0002207096480936,0.0,0.0,0.0
2025-10-29 13:10:00-04:00,688.6300048828125,688.64501953125,688.280029296875,688.4199829101562,200113,0.00030503173617,0.0002207096480936,0.0002244638691158,0.0,0.0,0.0
2025-10-29 13:15:00-04:00,688.5057983398438,688.8099975585938,688.47998046875,688.6300048828125,242830,-0.0001803838706609,0.0002244638691158,0.0002292830634392,0.0,0.0,0.0
2025-10-29 13:20:00-04:00,688.219970703125,688.5059204101562,688.1849975585938,688.5001220703125,251720,-0.0004152281409305,0.0002292830634392,0.0002550532480063,0.0,0.0,0.0
2025-10-29 13:25:00-04:00,687.9299926757812,688.2100219726562,687.739990234375,688.2100219726562,487092,-0.0004214337671797,0.0002550532480063,0.0002551168679372,0.0,0.0,0.0
2025-10-29 13:30:00-04:00,687.8300170898438,687.9199829101562,687.6199951171875,687.739990234375,401448,-0.000145338700651,0.0002551168679372,0.0002649994358977,0.0,0.0,0.0
2025-10-29 13:35:00-04:00,687.9500122070312,688.030029296875,687.8300170898438,687.8300170898438,397884,0.0001744393942876,0.0002649994358977,0.0002744506505519,0.0,0.0,0.0
2025-10-29 13:40:00-04:00,688.1300048828125,688.1599731445312,687.8499755859375,687.9500122070312,287359,0.0002616020501314,0.0002744506505519,0.00028295285145,0.0,0.0,0.0
2025-10-29 13:45:00-04:00,688.27001953125,688.3200073242188,687.8900146484375,688.1099853515625,341799,0.0002034505179264,0.00028295285145,0.0002571922266216,0.0,0.0,0.0
2025-10-29 13:50:00-04:00,688.260009765625,688.5399780273438,688.1699829101562,688.2750244140625,444134,-1.454347585903618e-05,0.0002571922266216,0.0002545355647865,0.0,0.0,0.0
2025-10-29 13:55:00-04:00,688.169921875,688.2999877929688,687.8743896484375,688.260009765625,402619,-0.0001309008016794,0.0002545355647865,0.0002552578994313,0.0,0.0,0.0
2025-10-29 14:00:00-04:00,688.02001953125,688.9400024414062,687.510009765625,688.1099853515625,1382755,-0.000217851242525,0.0002552578994313,0.0002693893115318,0.0,0.0,0.0
2025-10-29 14:05:00-04:00,688.239990234375,688.52001953125,687.3300170898438,688.02001953125,797706,0.0003196644579327,0.0002693893115318,0.0003524615451818,0.0,0.0,0.0
2025-10-29 14:10:00-04:00,687.6099853515625,688.3599853515625,687.5449829101562,688.260009765625,619116,-0.0009158046851382,0.0003524615451818,0.000414482619945,0.0,0.0,0.0
2025-10-29 14:15:00-04:00,688.0499877929688,688.2249755859375,687.3499755859375,687.6199951171875,697476,0.0006396965311202,0.000414482619945,0.0004121337466077,0.0,0.0,0.0
2025-10-29 14:20:00-04:00,687.7855834960938,688.0599975585938,687.3900146484375,688.0599975585938,555472,-0.0003843545052149,0.0004121337466077,0.0004078012985216,0.0,0.0,0.0
2025-10-29 14:25:00-04:00,688.010009765625,688.06982421875,687.4949951171875,687.7999877929688,440774,0.0003262494408631,0.0004078012985216,0.0004473430597818,0.0,0.0,0.0
2025-10-29 14:30:00-04:00,688.47998046875,688.719970703125,687.8200073242188,688.0,928050,0.0006828538161861,0.0004473430597818,0.0021417800977511,0.0,0.0,0.0
2025-10-29 14:35:00-04:00,683.5499877929688,685.7100219726562,683.489990234375,685.5999755859375,5519658,-0.0071864522019211,0.0021417800977511,0.0021280546996774,0.0,0.0,0.0
2025-10-29 14:40:00-04:00,683.2899780273438,685.0700073242188,682.8699951171875,683.5499877929688,3538334,-0.0003804538574568,0.0021280546996774,0.0022606435449785,0.0,0.0,0.0
2025-10-29 14:45:00-04:00,684.739990234375,685.02001953125,683.1400146484375,683.2999877929688,2101920,0.0021198552424657,0.0022606435449785,0.0023613907629497,0.0,0.0,0.0
2025-10-29 14:50:00-04:00,686.0700073242188,686.5499877929688,684.6500244140625,684.7000122070312,2119951,0.0019404841072919,0.0023613907629497,0.0023619764180025,0.0,0.0,0.0
2025-10-29 14:55:00-04:00,686.0399780273438,686.9199829101562,685.530029296875,686.0499877929688,1727878,-4.377097638000976e-05,0.0023619764180025,0.0024094523357929,0.0,0.0,0.0
2025-10-29 15:00:00-04:00,684.72998046875,686.75,684.469970703125,686.47998046875,1525501,-0.0019113315830712,0.0024094523357929,0.002514276986378,0.0,0.0,0.0
2025-10-29 15:05:00-04:00,686.2000122070312,686.8300170898438,684.6799926757812,684.739990234375,1215160,0.002144576761104,0.002514276986378,0.0025055898515806,0.0,0.0,0.0
2025-10-29 15:10:00-04:00,686.0089721679688,686.719970703125,685.8099975585938,686.1900024414062,1163633,-0.000278441611259,0.0025055898515806,0.0024919949136432,0.0,0.0,0.0
2025-10-29 15:15:00-04:00,685.9000244140625,686.3200073242188,684.97998046875,686.0700073242188,1291901,-0.0001588265029338,0.0024919949136432,0.0024918144480822,0.0,0.0,0.0
2025-10-29 15:20:00-04:00,685.6699829101562,686.510009765625,685.3300170898438,685.8099975585938,1356407,-0.0003354426020325,0.0024918144480822,0.0024850693865481,0.0,0.0,0.0
2025-10-29 15:25:00-04:00,685.4299926757812,686.6799926757812,685.280029296875,685.6900024414062,966483,-0.0003500696391206,0.0024850693865481,0.0024662805612701,0.0,0.0,0.0
2025-10-29 15:30:00-04:00,684.97998046875,685.75,684.6199951171875,685.3900146484375,863299,-0.0006567556162392,0.0024662805612701,0.0012502545520276,0.0,0.0,0.0
2025-10-29 15:35:00-04:00,685.4000244140625,685.5,684.0499877929688,684.9600219726562,1570877,0.0006130328185912,0.0012502545520276,0.0012363973416901,0.0,0.0,0.0
2025-10-29 15:40:00-04:00,685.4879760742188,685.6199951171875,684.6400756835938,685.4099731445312,1252232,0.000128313414729,0.0012363973416901,0.0011194022232301,0.0,0.0,0.0
2025-10-29 15:45:00-04:00,686.1599731445312,686.6199951171875,685.4199829101562,685.4849853515625,2037878,0.0009798390679762,0.0011194022232301,0.0009799577931494,0.0,0.0,0.0
2025-10-29 15:50:00-04:00,686.47998046875,687.280029296875,686.1699829101562,686.1799926757812,2046726,0.0004662655041826,0.0009799577931494,0.0010342493758236,0.0,0.0,0.0
2025-10-29 15:55:00-04:00,687.3099975585938,687.3599853515625,686.239990234375,686.469970703125,3714395,0.0012083611092146,0.0010342493758236,0.0019989645410513,0.0,0.0,0.0
2025-10-30 09:30:00-04:00,683.2000122070312,683.9099731445312,683.0599975585938,683.9000244140625,3972456,-0.005997763814983,0.0019989645410513,0.0019124049927206,0.0,0.0,0.0
2025-10-30 09:35:00-04:00,681.8699951171875,683.2199096679688,681.3900146484375,683.1900024414062,2242538,-0.001948643664531,0.0019124049927206,0.0019513576034532,0.0,0.0,0.0
2025-10-30 09:40:00-04:00,682.4299926757812,682.77001953125,681.4600219726562,681.8699951171875,1872775,0.0008209302866731,0.0019513576034532,0.0021010760831688,0.0,0.0,0.0
2025-10-30 09:45:00-04:00,683.969970703125,684.3599853515625,682.219970703125,682.4199829101562,1602898,0.0022540672140603,0.0021010760831688,0.0021969805683169,0.0,0.0,0.0
2025-10-30 09:50:00-04:00,685.3400268554688,685.6400146484375,683.9299926757812,683.969970703125,1644592,0.0020010904937084,0.0021969805683169,0.002199126754991,0.0,0.0,0.0
2025-10-30 09:55:00-04:00,685.0050048828125,685.4600219726562,684.6699829101562,685.3499755859375,1180158,-0.0004889600379053,0.002199126754991,0.0022052815028682,0.0,0.0,0.0
2025-10-30 10:00:00-04:00,684.4099731445312,685.9400024414062,684.239990234375,685.0050048828125,1664048,-0.0008690306229693,0.0022052815028682,0.0021967450000737,0.0,0.0,0.0
2025-10-30 10:05:00-04:00,684.5399780273438,685.5599975585938,684.3499755859375,684.4000244140625,971134,0.0001899337270759,0.0021967450000737,0.0022007940810361,0.0,0.0,0.0
2025-10-30 10:10:00-04:00,684.8150024414062,684.9600219726562,683.8300170898438,684.5499877929688,1035715,0.0004016846203989,0.0022007940810361,0.0022041216478519,0.0,0.0,0.0
2025-10-30 10:15:00-04:00,683.8499755859375,684.8800048828125,683.6900024414062,684.8400268554688,945104,-0.0014101727316492,0.0022041216478519,0.0021916620355685,0.0,0.0,0.0
2025-10-30 10:20:00-04:00,683.6699829101562,684.6699829101562,683.25,683.8499145507812,1050361,-0.0002632395610789,0.0021916620355685,0.0021373061315484,0.0,0.0,0.0
2025-10-30 10:25:00-04:00,683.469970703125,684.0800170898438,683.2899780273438,683.6500244140625,655518,-0.0002925994634705,0.0021373061315484,0.0013000749440436,0.0,0.0,0.0
2025-10-30 10:30:00-04:00,684.4299926757812,684.56982421875,683.4099731445312,683.4600219726562,765158,0.00140364376925,0.0013000749440436,0.0011246566188698,0.0,0.0,0.0
2025-10-30 10:35:00-04:00,684.4099731445312,684.8099975585938,683.9299926757812,684.4099731445312,611255,-2.925036052618649e-05,0.0011246566188698,0.0011462843032417,0.0,0.0,0.0
2025-10-30 10:40:00-04:00,685.2401123046875,685.719970703125,684.4500122070312,684.4500122070312,719373,0.0012121917424408,0.0011462843032417,0.0010127492993163,0.0,0.0,0.0
2025-10-30 10:45:00-04:00,684.709716796875,685.4400024414062,684.4400024414062,685.239990234375,694152,-0.0007743284068464,0.0010127492993163,0.0008558138580488,0.0,0.0,0.0
2025-10-30 10:50:00-04:00,684.030029296875,684.8699951171875,683.6400146484375,684.719970703125,599423,-0.0009931582067489,0.0008558138580488,0.0008721958724857,0.0,0.0,0.0
2025-10-30 10:55:00-04:00,684.4099731445312,684.6199951171875,683.6900024414062,684.0,718209,0.0005552948711547,0.0008721958724857,0.0008636338871255,0.0,0.0,0.0
2025-10-30 11:00:00-04:00,684.9299926757812,685.0599975585938,684.4000244140625,684.4099731445312,473943,0.0007595185552581,0.0008636338871255,0.0008630189139869,0.0,0.0,0.0
2025-10-30 11:05:00-04:00,685.02001953125,685.1300048828125,684.469970703125,684.9199829101562,654522,0.0001314308621426,0.0008630189139869,0.0008627442358682,0.0,0.0,0.0
2025-10-30 11:10:00-04:00,685.2899780273438,685.3400268554688,684.8900146484375,685.02001953125,390787,0.0003940108443596,0.0008627442358682,0.0007324180119655,0.0,0.0,0.0
2025-10-30 11:15:00-04:00,685.239990234375,685.3300170898438,684.8099975585938,685.2899780273438,426885,-7.294666172721869e-05,0.0007324180119655,0.0007242179745583,0.0,0.0,0.0
2025-10-30 11:20:00-04:00,685.1900024414062,685.530029296875,685.030029296875,685.25,410639,-7.295198333088017e-05,0.0007242179745583,0.0007449243544322,0.0,0.0,0.0
2025-10-30 11:25:00-04:00,684.7999877929688,685.22998046875,684.6799926757812,685.2100219726562,348841,-0.000569368625689,0.0007449243544322,0.000661668346541,0.0,0.0,0.0
2025-10-30 11:30:00-04:00,684.385009765625,684.9099731445312,684.2150268554688,684.7999877929688,519938,-0.0006061679623868,0.000661668346541,0.0007174957639552,0.0,0.0,0.0
2025-10-30 11:35:00-04:00,683.7249755859375,684.4500122070312,683.5800170898438,684.3800048828125,526185,-0.00096488475044,0.0007174957639552,0.0005902995522106,0.0,0.0,0.0
2025-10-30 11:40:00-04:00,683.5599975585938,683.7249755859375,683.1500244140625,683.7100219726562,826706,-0.0002413220819139,0.0005902995522106,0.0005644837802622,0.0,0.0,0.0
2025-10-30 11:45:00-04:00,683.3400268554688,683.77001953125,683.010009765625,683.5499877929688,845582,-0.0003218533924867,0.0005644837802622,0.0005113113963853,0.0,0.0,0.0
2025-10-30 11:50:00-04:00,683.52001953125,683.5800170898438,683.234619140625,683.3400268554688,396340,0.0002633666516149,0.0005113113963853,0.000473555141161,0.0,0.0,0.0
2025-10-30 11:55:00-04:00,683.3800048828125,684.030029296875,683.3049926757812,683.52001953125,604151,-0.0002048645057083,0.000473555141161,0.0005322594318052,0.0,0.0,0.0
2025-10-30 12:00:00-04:00,684.114990234375,684.1849975585938,683.219970703125,683.4000244140625,524173,0.00107493691013,0.0005322594318052,0.0006121462276082,0.0,0.0,0.0
2025-10-30 12:05:00-04:00,684.77001953125,684.8001098632812,683.97998046875,684.1300048828125,513037,0.0009570261083978,0.0006121462276082,0.0006140530232821,0.0,0.0,0.0
2025-10-30 12:10:00-04:00,685.0599975585938,685.1400146484375,684.5850219726562,684.77001953125,473505,0.0004233781243768,0.0006140530232821,0.000616813246461,0.0,0.0,0.0
2025-10-30 12:15:00-04:00,684.9013061523438,685.0999755859375,684.7899780273438,685.0800170898438,351598,-0.0002316728312397,0.000616813246461,0.0006199619707144,0.0,0.0,0.0
2025-10-30 12:20:00-04:00,685.0250244140625,685.0399780273438,684.5250244140625,684.9000244140625,374616,0.0001806203140921,0.0006199619707144,0.0005973257150931,0.0,0.0,0.0
2025-10-30 12:25:00-04:00,684.9299926757812,685.1500244140625,684.739990234375,685.0399780273438,305842,-0.0001387370201914,0.0005973257150931,0.0006993542262068,0.0,0.0,0.0
2025-10-30 12:30:00-04:00,684.0,684.9500122070312,683.97998046875,684.9500122070312,466884,-0.0013587149435385,0.0006993542262068,0.0006370895589502,0.0,0.0,0.0
2025-10-30 12:35:00-04:00,683.97998046875,684.0985107421875,683.5800170898438,684.0,524754,-2.9268748866605095e-05,0.0006370895589502,0.0006408840395697,0.0,0.0,0.0
2025-10-30 12:40:00-04:00,684.280029296875,684.3499145507812,683.7000122070312,684.0,490968,0.0004385845245686,0.0006408840395697,0.0006278620518057,0.0,0.0,0.0
2025-10-30 12:45:00-04:00,684.3400268554688,684.5098876953125,684.1199951171875,684.280029296875,377007,8.767598920164313e-05,0.0006278620518057,0.0006278316379482,0.0,0.0,0.0
2025-10-30 12:50:00-04:00,684.3099975585938,684.510009765625,683.989990234375,684.3599853515625,349338,-4.388162984570524e-05,0.0006278316379482,0.0006209240966463,0.0,0.0,0.0
2025-10-30 12:55:00-04:00,684.4400024414062,684.6400146484375,684.280029296875,684.3200073242188,309455,0.0001899614731738,0.0006209240966463,0.0005998073147591,0.0,0.0,0.0
2025-10-30 13:00:00-04:00,683.875,684.4199829101562,683.7449951171875,684.4199829101562,358924,-0.0008258368467924,0.0005998073147591,0.0005259797739831,0.0,0.0,0.0
2025-10-30 13:05:00-04:00,683.52001953125,683.8499755859375,683.0999755859375,683.8499755859375,506866,-0.0005192069177584,0.0005259797739831,0.0004937726312098,0.0,0.0,0.0
2025-10-30 13:10:00-04:00,683.3699951171875,683.5999755859375,683.0700073242188,683.510009765625,440205,-0.0002195120500657,0.0004937726312098,0.000524478111322,0.0,0.0,0.0
2025-10-30 13:15:00-04:00,683.6500244140625,683.77001953125,683.2899780273438,683.3699951171875,334176,0.0004096930502713,0.000524478111322,0.0005647543343587,0.0,0.0,0.0
2025-10-30 13:20:00-04:00,684.0800170898438,684.1300048828125,683.2799072265625,683.6300048828125,443001,0.0006287683634921,0.0005647543343587,0.0005890501190686,0.0,0.0,0.0
2025-10-30 13:25:00-04:00,684.4000244140625,684.6099853515625,684.0800170898438,684.0850219726562,433877,0.0004676828603213,0.0005890501190686,0.0004510786269108,0.0,0.0,0.0
2025-10-30 13:30:00-04:00,684.0800170898438,684.4099731445312,683.9199829101562,684.4000244140625,440935,-0.0004676828603213,0.0004510786269108,0.0004537059105999,0.0,0.0,0.0
2025-10-30 13:35:00-04:00,683.969970703125,684.0800170898438,683.5999755859375,684.0599975585938,408382,-0.0001608806519323,0.0004537059105999,0.0004323493457702,0.0,0.0,0.0
2025-10-30 13:40:00-04:00,683.97998046875,684.0100708007812,683.6300048828125,683.969970703125,417775,1.4634695686845568e-05,0.0004323493457702,0.0004979222992804,0.0,0.0,0.0
2025-10-30 13:45:00-04:00,684.5399780273438,684.5449829101562,683.97998046875,684.0,342138,0.000818398864223,0.0004979222992804,0.0004986273171136,0.0,0.0,0.0
2025-10-30 13:50:00-04:00,684.47998046875,684.6400146484375,684.1099853515625,684.5399780273438,391810,-8.76503783014151e-05,0.0004986273171136,0.0004970717373801,0.0,0.0,0.0
2025-10-30 13:55:00-04:00,684.3983764648438,684.52001953125,684.1400146484375,684.469970703125,260236,-0.0001192275465377,0.0004970717373801,0.0004871334104296,0.0,0.0,0.0
2025-10-30 14:00:00-04:00,683.8800048828125,684.39501953125,683.8200073242188,684.39501953125,512534,-0.0007576990382918,0.0004871334104296,0.0004893004405362,0.0,0.0,0.0
2025-10-30 14:05:00-04:00,683.510009765625,683.9299926757812,683.1400146484375,683.8900146484375,1012213,-0.000541169852425,0.0004893004405362,0.0005412219671137,0.0,0.0,0.0
2025-10-30 14:10:00-04:00,682.9515991210938,683.619873046875,682.8699951171875,683.510009765625,562141,-0.0008173089854617,0.0005412219671137,0.0005228541514592,0.0,0.0,0.0
2025-10-30 14:15:00-04:00,682.97998046875,683.1099853515625,682.5399780273438,682.9400024414062,631115,4.155603118697137e-05,0.0005228541514592,0.0004740943725959,0.0,0.0,0.0
2025-10-30 14:20:00-04:00,682.7899780273438,683.260009765625,682.5800170898438,682.97998046875,850530,-0.0002782349127684,0.0004740943725959,0.000449122434792,0.0,0.0,0.0
2025-10-30 14:25:00-04:00,682.9400024414062,683.0800170898438,682.625,682.780029296875,323873,0.0002196985008918,0.000449122434792,0.0004419304065025,0.0,0.0,0.0
2025-10-30 14:30:00-04:00,682.9400024414062,683.489990234375,682.8900146484375,682.9299926757812,611833,0.0,0.0004419304065025,0.000481351850585,0.0,0.0,0.0
2025-10-30 14:35:00-04:00,682.39501953125,682.989990234375,682.280029296875,682.9500122070312,687967,-0.0007983138648449,0.000481351850585,0.0004858324130567,0.0,0.0,0.0
2025-10-30 14:40:00-04:00,682.469970703125,682.5999755859375,682.1649780273438,682.4199829101562,658361,0.0001098294299972,0.0004858324130567,0.0004293311012816,0.0,0.0,0.0
2025-10-30 14:45:00-04:00,682.7999877929688,683.114990234375,682.4099731445312,682.47998046875,541577,0.0004834459210322,0.0004293311012816,0.0004438977799645,0.0,0.0,0.0
2025-10-30 14:50:00-04:00,682.9298706054688,682.9600219726562,682.469970703125,682.77001953125,446604,0.0001902027873124,0.0004438977799645,0.0004786467640101,0.0,0.0,0.0
2025-10-30 14:55:00-04:00,682.3699951171875,683.010009765625,682.2100219726562,682.9199829101562,918593,-0.000820150259618,0.0004786467640101,0.0004615037992833,0.0,0.0,0.0
2025-10-30 15:00:00-04:00,682.0,682.4299926757812,681.8699951171875,682.3599853515625,927387,-0.000542367726616,0.0004615037992833,0.0004571273268391,0.0,0.0,0.0
2025-10-30 15:05:00-04:00,682.0399780273438,682.1599731445312,681.6199951171875,682.0,873332,5.861709040673872e-05,0.0004571273268391,0.0004258969516817,0.0,0.0,0.0
2025-10-30 15:10:00-04:00,681.690185546875,682.02001953125,681.6599731445312,682.02001953125,730526,-0.000512993695502,0.0004258969516817,0.0004248344287528,0.0,0.0,0.0
2025-10-30 15:15:00-04:00,681.7000122070312,681.8150024414062,681.1649780273438,681.7000122070312,1116951,1.4415037122372393e-05,0.0004248344287528,0.0004938214811553,0.0,0.0,0.0
2025-10-30 15:20:00-04:00,681.0,681.6699829101562,680.3400268554688,681.6699829101562,1252764,-0.0010273901259767,0.0004938214811553,0.0005120280772665,0.0,0.0,0.0
2025-10-30 15:25:00-04:00,681.280029296875,681.4550170898438,680.9500122070312,681.02001953125,770542,0.0004111185582949,0.0005120280772665,0.0005217624250346,0.0,0.0,0.0
2025-10-30 15:30:00-04:00,681.4099731445312,681.9849853515625,681.260009765625,681.2899780273438,1251749,0.0001907166674993,0.0005217624250346,0.0005268869454166,0.0,0.0,0.0
2025-10-30 15:35:00-04:00,680.8344116210938,681.4400024414062,680.760009765625,681.4400024414062,1348900,-0.0008450195341201,0.0005268869454166,0.0005184283377114,0.0,0.0,0.0
2025-10-30 15:40:00-04:00,680.6599731445312,681.0999755859375,680.5599975585938,680.8399047851562,1144322,-0.0002562456069872,0.0005184283377114,0.0004730660393812,0.0,0.0,0.0
2025-10-30 15:45:00-04:00,680.6199951171875,680.8300170898438,680.1599731445312,680.6599731445312,1631893,-5.873593718759621e-05,0.0004730660393812,0.0004506927159605,0.0,0.0,0.0
2025-10-30 15:50:00-04:00,680.4199829101562,681.1749877929688,680.3499755859375,680.6300048828125,2767814,-0.0002939108500852,0.0004506927159605,0.0004363721157318,0.0,0.0,0.0
2025-10-30 15:55:00-04:00,679.969970703125,680.4500122070312,679.8599853515625,680.4199829101562,5345694,-0.0006615929825861,0.0004363721157318,0.0019007132663341,0.0,0.0,0.0
2025-10-31 09:30:00-04:00,684.1599731445312,685.0800170898438,683.989990234375,685.0399780273438,3808095,0.0061431326790857,0.0019007132663341,0.0019002161462086,0.0,0.0,0.0
2025-10-31 09:35:00-04:00,684.239990234375,684.6300048828125,684.0499877929688,684.1599731445312,1315819,0.0001169498568786,0.0019002161462086,0.0019486472063356,0.0,0.0,0.0
2025-10-31 09:40:00-04:00,683.2949829101562,684.260009765625,683.0,684.2440185546875,1373272,-0.0013820596813936,0.0019486472063356,0.0019478131850177,0.0,0.0,0.0
2025-10-31 09:45:00-04:00,683.4299926757812,683.6599731445312,682.864990234375,683.27001953125,1043170,0.0001975668382094,0.0019478131850177,0.0019084040276353,0.0,0.0,0.0
2025-10-31 09:50:00-04:00,683.6199951171875,684.2100219726562,683.2799072265625,683.4199829101562,1113256,0.0002779743891244,0.0019084040276353,0.0019143394851066,0.0,0.0,0.0
2025-10-31 09:55:00-04:00,683.469970703125,683.6900024414062,683.0,683.6112060546875,777383,-0.0002194799441377,0.0019143394851066,0.0019628167136176,0.0,0.0,0.0
2025-10-31 10:00:00-04:00,682.6300048828125,683.6400146484375,682.6099853515625,683.4600219726562,945944,-0.0012297283378606,0.0019628167136176,0.0019402689074534,0.0,0.0,0.0
2025-10-31 10:05:00-04:00,683.030029296875,683.489990234375,682.5700073242188,682.6199951171875,796816,0.0005858330997341,0.0019402689074534,0.0019441011368258,0.0,0.0,0.0
2025-10-31 10:10:00-04:00,682.760009765625,683.4199829101562,682.6699829101562,683.0250244140625,760216,-0.0003954041646889,0.0019441011368258,0.0019483703345726,0.0,0.0,0.0
2025-10-31 10:15:00-04:00,683.3400268554688,683.47998046875,682.6900024414062,682.760009765625,739399,0.0008491576153253,0.0019483703345726,0.0019501186624757,0.0,0.0,0.0
2025-10-31 10:20:00-04:00,683.0999755859375,683.3900146484375,682.2100219726562,683.3300170898438,1062985,-0.0003513528169137,0.0019501186624757,0.0019259253716037,0.0,0.0,0.0
2025-10-31 10:25:00-04:00,683.25,683.4199829101562,683.02001953125,683.0900268554688,613855,0.0002195988104746,0.0019259253716037,0.0006831993040386,0.0,0.0,0.0
2025-10-31 10:30:00-04:00,683.5599975585938,683.7750244140625,683.0900268554688,683.239990234375,779739,0.0004536073989257,0.0006831993040386,0.0007019136871958,0.0,0.0,0.0
2025-10-31 10:35:00-04:00,683.905029296875,684.010009765625,683.530029296875,683.580078125,541655,0.0005046297182408,0.0007019136871958,0.0005853914500195,0.0,0.0,0.0
2025-10-31 10:40:00-04:00,684.3599853515625,684.489990234375,683.72998046875,683.9149780273438,773138,0.0006650116265248,0.0005853914500195,0.000586089622743,0.0,0.0,0.0
2025-10-31 10:45:00-04:00,684.3599853515625,684.75,684.3300170898438,684.3599853515625,575534,0.0,0.000586089622743,0.0005837921835733,0.0,0.0,0.0
2025-10-31 10:50:00-04:00,684.4249877929688,684.5800170898438,684.2100219726562,684.364990234375,517183,9.49783095670796e-05,0.0005837921835733,0.0005754347012167,0.0,0.0,0.0
2025-10-31 10:55:00-04:00,684.469970703125,684.52001953125,684.1599731445312,684.4199829101562,437645,6.572149293605164e-05,0.0005754347012167,0.0004186981065856,0.0,0.0,0.0
2025-10-31 11:00:00-04:00,684.260009765625,684.6699829101562,684.1599731445312,684.4500122070312,449884,-0.0003067967271016,0.0004186981065856,0.0004099653267192,0.0,0.0,0.0
2025-10-31 11:05:00-04:00,684.1649780273438,684.3756103515625,683.9400024414062,684.2849731445312,521868,-0.0001388921413768,0.0004099653267192,0.0003750159951843,0.0,0.0,0.0
2025-10-31 11:10:00-04:00,684.2249755859375,684.3900146484375,683.9600219726562,684.155029296875,517351,8.769073241691073e-05,0.0003750159951843,0.0003527550919183,0.0,0.0,0.0
2025-10-31 11:15:00-04:00,684.7050170898438,684.7449951171875,684.2150268554688,684.239990234375,477331,0.0007013383097038,0.0003527550919183,0.0003897085789997,0.0,0.0,0.0
2025-10-31 11:20:00-04:00,684.2999877929688,684.7100219726562,684.2150268554688,684.7098999023438,542711,-0.0005917134082753,0.0003897085789997,0.0004773521506901,0.0,0.0,0.0
2025-10-31 11:25:00-04:00,683.739990234375,684.2899780273438,683.6099853515625,684.2899780273438,614985,-0.0008186860016755,0.0004773521506901,0.0004643962339752,0.0,0.0,0.0
2025-10-31 11:30:00-04:00,683.8900146484375,684.1799926757812,683.5999755859375,683.75,684206,0.0002193932776097,0.0004643962339752,0.0005694601221311,0.0,0.0,0.0
2025-10-31 11:35:00-04:00,683.0349731445312,683.8900146484375,682.9099731445312,683.885009765625,666446,-0.0012510439461734,0.0005694601221311,0.0005559909191363,0.0,0.0,0.0
2025-10-31 11:40:00-04:00,683.4099731445312,683.4400024414062,682.3699951171875,683.0250244140625,1083301,0.000548869547116,0.0005559909191363,0.0006527586299581,0.0,0.0,0.0
2025-10-31 11:45:00-04:00,682.510009765625,684.1400146484375,682.3400268554688,683.4099731445312,1456272,-0.00131773972179,0.0006527586299581,0.0006610971870528,0.0,0.0,0.0
2025-10-31 11:50:00-04:00,682.6799926757812,683.0399780273438,682.2100219726562,682.52001953125,809718,0.0002490245471043,0.0006610971870528,0.0006697431531143,0.0,0.0,0.0
2025-10-31 11:55:00-04:00,682.1900024414062,682.6599731445312,682.0999755859375,682.6500244140625,555115,-0.0007180028239732,0.0006697431531143,0.0006699191134977,0.0,0.0,0.0
2025-10-31 12:00:00-04:00,681.9600219726562,682.2100219726562,681.5399780273438,682.1900024414062,1003699,-0.0003371776810657,0.0006699191134977,0.0006811963855135,0.0,0.0,0.0
2025-10-31 12:05:00-04:00,681.4500122070312,682.3699951171875,681.3900146484375,681.9299926757812,712848,-0.0007481385300497,0.0006811963855135,0.0006842421172605,0.0,0.0,0.0
2025-10-31 12:10:00-04:00,681.5449829101562,681.719970703125,681.0900268554688,681.4299926757812,1381424,0.000139355909037,0.0006842421172605,0.0006598596926627,0.0,0.0,0.0
2025-10-31 12:15:00-04:00,680.625,681.5549926757812,680.625,681.530029296875,1269317,-0.0013507610086529,0.0006598596926627,0.0008046113661403,0.0,0.0,0.0
2025-10-31 12:20:00-04:00,681.3800048828125,681.4099731445312,680.510009765625,680.6099853515625,1016303,0.0011086669394603,0.0008046113661403,0.0008316840287449,0.0,0.0,0.0
2025-10-31 12:25:00-04:00,681.77001953125,682.0598754882812,681.3699951171875,681.4000244140625,768876,0.0005722255835301,0.0008316840287449,0.0008425099196298,0.0,0.0,0.0
2025-10-31 12:30:00-04:00,682.0446166992188,682.4500122070312,681.7003173828125,681.760009765625,555694,0.0004026898735131,0.0008425099196298,0.0007781342279551,0.0,0.0,0.0
2025-10-31 12:35:00-04:00,681.969970703125,682.2999877929688,681.8200073242188,682.0499877929688,400962,-0.0001094504367587,0.0007781342279551,0.000801600788576,0.0,0.0,0.0
2025-10-31 12:40:00-04:00,681.1599731445312,681.969970703125,680.969970703125,681.9500122070312,817443,-0.0011884379146467,0.000801600788576,0.0007499152961825,0.0,0.0,0.0
2025-10-31 12:45:00-04:00,681.4299926757812,681.5700073242188,680.8599853515625,681.1400146484375,392284,0.0003963327803047,0.0007499152961825,0.0007836203002522,0.0,0.0,0.0
2025-10-31 12:50:00-04:00,680.7100219726562,681.4199829101562,680.6199951171875,681.4199829101562,463440,-0.0010571171280918,0.0007836203002522,0.0007735412768301,0.0,0.0,0.0
2025-10-31 12:55:00-04:00,680.3800048828125,680.9949951171875,680.1300048828125,680.7050170898438,679840,-0.0004849305920981,0.0007735412768301,0.0007757171610044,0.0,0.0,0.0
2025-10-31 13:00:00-04:00,680.0750122070312,680.7999877929688,679.989990234375,680.3699951171875,1148125,-0.0004483686370507,0.0007757171610044,0.0007894509406671,0.0,0.0,0.0
2025-10-31 13:05:00-04:00,680.4666748046875,680.52001953125,679.760009765625,680.030029296875,762836,0.0005757451053713,0.0007894509406671,0.000808985594963,0.0,0.0,0.0
2025-10-31 13:10:00-04:00,679.9099731445312,680.5999755859375,679.7100219726562,680.4099731445312,696801,-0.0008184522897709,0.000808985594963,0.0007330104804393,0.0,0.0,0.0
2025-10-31 13:15:00-04:00,679.5650024414062,680.0599975585938,679.4349975585938,679.9000244140625,741979,-0.0005075057896973,0.0007330104804393,0.0006423225481645,0.0,0.0,0.0
2025-10-31 13:20:00-04:00,679.7899780273438,679.8300170898438,679.239990234375,679.5499877929688,737878,0.000331003440932,0.0006423225481645,0.0006000621172458,0.0,0.0,0.0
2025-10-31 13:25:00-04:00,679.7899780273438,680.0999755859375,679.5999755859375,679.780029296875,543441,0.0,0.0006000621172458,0.0005953648926154,0.0,0.0,0.0
2025-10-31 13:30:00-04:00,680.030029296875,680.739990234375,679.75,679.7999877929688,742589,0.0003530633035723,0.0005953648926154,0.000595838140736,0.0,0.0,0.0
2025-10-31 13:35:00-04:00,679.969970703125,680.3400268554688,679.4299926757812,680.010009765625,510315,-8.832146145451899e-05,0.000595838140736,0.0006199172373445,0.0,0.0,0.0
2025-10-31 13:40:00-04:00,680.6699829101562,680.77001953125,679.7750244140625,679.97998046875,600678,0.0010289456324322,0.0006199172373445,0.000643402451946,0.0,0.0,0.0
2025-10-31 13:45:00-04:00,681.1300048828125,681.1599731445312,680.6699829101562,680.6699829101562,554047,0.0006756087447169,0.000643402451946,0.0005578371853076,0.0,0.0,0.0
2025-10-31 13:50:00-04:00,681.219970703125,681.489990234375,680.989990234375,681.1300048828125,459592,0.0001320744625912,0.0005578371853076,0.0005604757908083,0.0,0.0,0.0
2025-10-31 13:55:00-04:00,680.8699951171875,681.22998046875,680.6900024414062,681.2100219726562,457434,-0.0005138802904671,0.0005604757908083,0.0006346055781895,0.0,0.0,0.0
2025-10-31 14:00:00-04:00,681.739990234375,681.7501220703125,680.8099975585938,680.8599853515625,919795,0.0012769541464672,0.0006346055781895,0.0006237003710866,0.0,0.0,0.0
2025-10-31 14:05:00-04:00,681.85498046875,682.0399780273438,681.4400024414062,681.7349853515625,729362,0.0001686574637163,0.0006237003710866,0.0005407896140359,0.0,0.0,0.0
2025-10-31 14:10:00-04:00,681.989990234375,682.1799926757812,681.739990234375,681.8599853515625,483634,0.0001979840362594,0.0005407896140359,0.000520074698873,0.0,0.0,0.0
2025-10-31 14:15:00-04:00,681.7650146484375,682.0850219726562,681.5599975585938,681.97998046875,542079,-0.0003299354901324,0.000520074698873,0.0005459563772645,0.0,0.0,0.0
2025-10-31 14:20:00-04:00,682.3400268554688,682.3900146484375,681.6699829101562,681.719970703125,628168,0.0008430615291252,0.0005459563772645,0.0005483853549215,0.0,0.0,0.0
2025-10-31 14:25:00-04:00,682.3099975585938,682.4400024414062,682.031982421875,682.360107421875,617440,-4.401025368062544e-05,0.0005483853549215,0.0005597750228337,0.0,0.0,0.0
2025-10-31 14:30:00-04:00,682.25,682.47998046875,682.1400146484375,682.3200073242188,593168,-8.793685692058357e-05,0.0005597750228337,0.0005482608554153,0.0,0.0,0.0
2025-10-31 14:35:00-04:00,682.47998046875,682.47998046875,681.9901733398438,682.25,521664,0.0003370343939362,0.0005482608554153,0.0005113187764509,0.0,0.0,0.0
2025-10-31 14:40:00-04:00,682.3800048828125,682.5900268554688,682.2000122070312,682.489990234375,425769,-0.0001464994024139,0.0005113187764509,0.0005133685347783,0.0,0.0,0.0
2025-10-31 14:45:00-04:00,682.1300048828125,682.4099731445312,682.0499877929688,682.3900146484375,729239,-0.0003664319074365,0.0005133685347783,0.0005436611878083,0.0,0.0,0.0
2025-10-31 14:50:00-04:00,681.7899780273438,682.1599731445312,681.72998046875,682.1300048828125,505113,-0.0004986023619766,0.0005436611878083,0.0006001509416936,0.0,0.0,0.0
2025-10-31 14:55:00-04:00,682.614990234375,682.75,681.739990234375,681.7999877929688,793715,0.0012093364166364,0.0006001509416936,0.0005054378547308,0.0,0.0,0.0
2025-10-31 15:00:00-04:00,682.489990234375,682.9099731445312,682.2899780273438,682.6199951171875,699206,-0.0001831360988902,0.0005054378547308,0.0005107030765725,0.0,0.0,0.0
2025-10-31 15:05:00-04:00,682.72998046875,682.8699951171875,682.469970703125,682.489990234375,494567,0.0003515773897204,0.0005107030765725,0.0005109535728851,0.0,0.0,0.0
2025-10-31 15:10:00-04:00,682.875,683.010009765625,682.6900024414062,682.72998046875,534314,0.0002123886978579,0.0005109535728851,0.0005002265051493,0.0,0.0,0.0
2025-10-31 15:15:00-04:00,683.1900024414062,683.2100219726562,682.7600708007812,682.8699951171875,727402,0.0004611822225536,0.0005002265051493,0.000504533944544,0.0,0.0,0.0
2025-10-31 15:20:00-04:00,683.7899780273438,683.7999877929688,683.1649780273438,683.2000122070312,1034363,0.000877811867088,0.000504533944544,0.0005057972538638,0.0,0.0,0.0
2025-10-31 15:25:00-04:00,684.1099853515625,684.280029296875,683.6799926757812,683.7899780273438,1171058,0.0004678811881332,0.0005057972538638,0.0005346530641754,0.0,0.0,0.0
2025-10-31 15:30:00-04:00,684.75,684.77001953125,683.9100952148438,684.0900268554688,1417941,0.0009351061495308,0.0005346530641754,0.0006475697507962,0.0,0.0,0.0
2025-10-31 15:35:00-04:00,684.0900268554688,684.7999877929688,684.0650024414062,684.739990234375,1333449,-0.000964280971804,0.0006475697507962,0.0006432202225731,0.0,0.0,0.0
2025-10-31 15:40:00-04:00,684.4299926757812,684.489990234375,684.0549926757812,684.094970703125,1856809,0.0004968371999735,0.0006432202225731,0.0007515029141367,0.0,0.0,0.0
2025-10-31 15:45:00-04:00,683.6099853515625,684.489990234375,683.5050048828125,684.4249877929688,2263307,-0.0011988062272951,0.0007515029141367,0.0007812765724584,0.0,0.0,0.0
2025-10-31 15:50:00-04:00,683.0599975585938,684.3599853515625,683.010009765625,683.6099853515625,3022391,-0.0008048582752767,0.0007812765724584,0.0008525035282474,0.0,0.0,0.0
2025-10-31 15:55:00-04:00,681.9749755859375,683.0999755859375,681.9299926757812,683.030029296875,9781550,-0.0015897353877574,0.0008525035282474,0.0014480721225321,0.0,0.0,0.0
2025-11-03 09:30:00-05:00,684.7000122070312,685.7999877929688,684.5800170898438,685.6699829101562,3639633,0.0039878394742808,0.0014480721225321,0.0015323202826035,0.0,0.0,0.0
2025-11-03 09:35:00-05:00,683.6900024414062,684.7000122070312,683.6699829101562,684.6900024414062,1443907,-0.0014762018696839,0.0015323202826035,0.0015524441679008,0.0,0.0,0.0
2025-11-03 09:40:00-05:00,683.1699829101562,683.7000122070312,683.0,683.7000122070312,1389067,-0.0007608965979139,0.0015524441679008,0.0015467045394757,0.0,0.0,0.0
2025-11-03 09:45:00-05:00,683.1400146484375,683.544677734375,682.9500122070312,683.1599731445312,1271703,-4.386744117679324e-05,0.0015467045394757,0.0015408132785323,0.0,0.0,0.0
2025-11-03 09:50:00-05:00,682.5050048828125,683.2052001953125,682.364990234375,683.1500244140625,904044,-0.0009299778526766,0.0015408132785323,0.0015299112733177,0.0,0.0,0.0
2025-11-03 09:55:00-05:00,682.530029296875,682.7000122070312,682.1749877929688,682.4949951171875,912515,3.6664867111382425e-05,0.0015299112733177,0.0014909876160359,0.0,0.0,0.0
2025-11-03 10:00:00-05:00,682.1099853515625,682.7000122070312,681.8800048828125,682.5499877929688,817038,-0.0006156113759954,0.0014909876160359,0.0015002936668125,0.0,0.0,0.0
2025-11-03 10:05:00-05:00,682.5499877929688,682.6500244140625,681.6400146484375,682.10498046875,967776,0.0006448528795634,0.0015002936668125,0.0014849322536148,0.0,0.0,0.0
2025-11-03 10:10:00-05:00,682.3200073242188,683.010009765625,682.2999877929688,682.5599975585938,889694,-0.0003369998193956,0.0014849322536148,0.0014565669330518,0.0,0.0,0.0
2025-11-03 10:15:00-05:00,682.0447998046875,682.3599853515625,681.4000244140625,682.3250122070312,954263,-0.0004034221959197,0.0014565669330518,0.0014527423246605,0.0,0.0,0.0
2025-11-03 10:20:00-05:00,681.5700073242188,682.1300048828125,681.4600219726562,682.0499877929688,766660,-0.0006963733411716,0.0014527423246605,0.0014563223439277,0.0,0.0,0.0
2025-11-03 10:25:00-05:00,680.4600219726562,681.5599975585938,680.239990234375,681.5599975585938,1077147,-0.0016298988618702,0.0014563223439277,0.0006389647238556,0.0,0.0,0.0
2025-11-03 10:30:00-05:00,680.3599853515625,680.469970703125,679.9400024414062,680.4500122070312,1091658,-0.0001470240307102,0.0006389647238556,0.0008311021311057,0.0,0.0,0.0
2025-11-03 10:35:00-05:00,681.4949951171875,681.5050048828125,680.1400146484375,680.3604736328125,908849,0.0016668588721961,0.0008311021311057,0.0008547357433377,0.0,0.0,0.0
2025-11-03 10:40:00-05:00,681.9400024414062,682.25,681.4400024414062,681.489990234375,806294,0.0006527738261341,0.0008547357433377,0.000862926507367,0.0,0.0,0.0
2025-11-03 10:45:00-05:00,681.5399780273438,682.1799926757812,681.4099731445312,681.9299926757812,553656,-0.0005867697821309,0.000862926507367,0.0008503943130353,0.0,0.0,0.0
2025-11-03 10:50:00-05:00,681.875,682.3699951171875,681.5399780273438,681.5399780273438,470310,0.0004914453556668,0.0008503943130353,0.0008820222865342,0.0,0.0,0.0
2025-11-03 10:55:00-05:00,682.375,682.7999877929688,681.8800048828125,681.8800048828125,543045,0.0007330035145863,0.0008820222865342,0.0008627936046517,0.0,0.0,0.0
2025-11-03 11:00:00-05:00,682.2999877929688,682.5599975585938,682.02001953125,682.3699951171875,532230,-0.0001099341715467,0.0008627936046517,0.0008440364714801,0.0,0.0,0.0
2025-11-03 11:05:00-05:00,682.4650268554688,682.6400146484375,682.22998046875,682.3200073242188,309160,0.0002418571131777,0.0008440364714801,0.0008378630777052,0.0,0.0,0.0
2025-11-03 11:10:00-05:00,682.4450073242188,682.5850219726562,681.9417724609375,682.469970703125,362330,-2.9334579935786728e-05,0.0008378630777052,0.0008335518678129,0.0,0.0,0.0
2025-11-03 11:15:00-05:00,682.719970703125,682.7698974609375,682.0499877929688,682.4450073242188,411091,0.0004028280640802,0.0008335518678129,0.0008050700462526,0.0,0.0,0.0
2025-11-03 11:20:00-05:00,682.5499877929688,682.9000244140625,682.3200073242188,682.718017578125,338971,-0.0002490099631604,0.0008050700462526,0.0006555877231924,0.0,0.0,0.0
2025-11-03 11:25:00-05:00,682.0501098632812,682.6300048828125,681.8250122070312,682.5449829101562,406656,-0.0007326365473744,0.0006555877231924,0.0006948753653903,0.0,0.0,0.0
2025-11-03 11:30:00-05:00,682.8049926757812,683.02001953125,681.9500122070312,682.0599975585938,495081,0.001106172938167,0.0006948753653903,0.000545234476009,0.0,0.0,0.0
2025-11-03 11:35:00-05:00,682.9199829101562,683.0599975585938,682.3599853515625,682.7999877929688,477190,0.0001683944230388,0.000545234476009,0.0005313856715809,0.0,0.0,0.0
2025-11-03 11:40:00-05:00,682.7999877929688,683.2150268554688,682.7100219726562,682.9299926757812,268439,-0.0001757243359845,0.0005313856715809,0.0005168669915905,0.0,0.0,0.0
2025-11-03 11:45:00-05:00,682.489990234375,683.030029296875,682.4481811523438,682.8200073242188,397512,-0.0004541124140805,0.0005168669915905,0.0005261862558174,0.0,0.0,0.0
2025-11-03 11:50:00-05:00,682.9099731445312,683.0,682.22998046875,682.489990234375,417205,0.0006151793388977,0.0005261862558174,0.0005260699568356,0.0,0.0,0.0
2025-11-03 11:55:00-05:00,683.4099731445312,683.6099853515625,682.8400268554688,682.9000244140625,508355,0.0007318930294145,0.0005260699568356,0.0005812513529659,0.0,0.0,0.0
2025-11-03 12:00:00-05:00,682.9000244140625,683.4400024414062,682.7100219726562,683.4099731445312,418886,-0.0007464612790051,0.0005812513529659,0.0006191859573857,0.0,0.0,0.0
2025-11-03 12:05:00-05:00,683.4600219726562,683.5501098632812,682.8599853515625,682.89501953125,214667,0.0008196925714121,0.0006191859573857,0.0006179296209948,0.0,0.0,0.0
2025-11-03 12:10:00-05:00,683.614990234375,683.614990234375,683.3499755859375,683.4500122070312,368151,0.0002267150829306,0.0006179296209948,0.0006127905285311,0.0,0.0,0.0
2025-11-03 12:15:00-05:00,683.6500244140625,683.864990234375,683.385009765625,683.6099853515625,438336,5.1247094483926094e-05,0.0006127905285311,0.0006242022599772,0.0,0.0,0.0
2025-11-03 12:20:00-05:00,683.3599853515625,683.9000244140625,683.3200073242188,683.6599731445312,381312,-0.0004243408091823,0.0006242022599772,0.0006454027992271,0.0,0.0,0.0
2025-11-03 12:25:00-05:00,682.7479858398438,683.3599853515625,682.4298706054688,683.3579711914062,577680,-0.0008959753775923,0.0006454027992271,0.0006228858072159,0.0,0.0,0.0
2025-11-03 12:30:00-05:00,683.3900146484375,683.530029296875,682.72998046875,682.75,364614,0.0009399180106706,0.0006228858072159,0.0006234908710366,0.0,0.0,0.0
2025-11-03 12:35:00-05:00,683.530029296875,683.7747802734375,683.3198852539062,683.3817749023438,361339,0.0002048615053197,0.0006234908710366,0.000619336266885,0.0,0.0,0.0
2025-11-03 12:40:00-05:00,683.52001953125,683.760009765625,683.3800048828125,683.5250244140625,329355,-1.4644329421218111e-05,0.000619336266885,0.0005981306145623,0.0,0.0,0.0
2025-11-03 12:45:00-05:00,683.75,683.8099975585938,683.47998046875,683.5499877929688,233555,0.0003364082699592,0.0005981306145623,0.0005816340819676,0.0,0.0,0.0
2025-11-03 12:50:00-05:00,683.72998046875,683.8900146484375,683.5800170898438,683.739990234375,238528,-2.9279450576763195e-05,0.0005816340819676,0.0005473541140899,0.0,0.0,0.0
2025-11-03 12:55:00-05:00,683.8300170898438,683.9749755859375,683.6900024414062,683.739990234375,276122,0.0001462994259128,0.0005473541140899,0.0004865275104439,0.0,0.0,0.0
2025-11-03 13:00:00-05:00,683.8800048828125,683.9149780273438,683.6199951171875,683.8499755859375,363790,7.309706324867882e-05,0.0004865275104439,0.0004387109582265,0.0,0.0,0.0
2025-11-03 13:05:00-05:00,684.0750122070312,684.1300048828125,683.8300170898438,683.8900146484375,306946,0.0002851078041361,0.0004387109582265,0.0004363767387209,0.0,0.0,0.0
2025-11-03 13:10:00-05:00,684.0800170898438,684.2100219726562,683.9749755859375,684.0800170898438,246823,7.316251017336647e-06,0.0004363767387209,0.0004370860321475,0.0,0.0,0.0
2025-11-03 13:15:00-05:00,684.0599975585938,684.1400146484375,683.8499755859375,684.0850219726562,194472,-2.926532524027791e-05,0.0004370860321475,0.0004315795876795,0.0,0.0,0.0
2025-11-03 13:20:00-05:00,683.8099975585938,684.0900268554688,683.6300048828125,684.0599975585938,316169,-0.0003655318176084,0.0004315795876795,0.000332021238747,0.0,0.0,0.0
2025-11-03 13:25:00-05:00,683.6300048828125,683.9099731445312,683.530517578125,683.8200073242188,224388,-0.00026325495305,0.000332021238747,0.0002537635572216,0.0,0.0,0.0
2025-11-03 13:30:00-05:00,684.010009765625,684.1699829101562,683.635009765625,683.6400146484375,255254,0.0005557089417121,0.0002537635572216,0.000250476364229,0.0,0.0,0.0
2025-11-03 13:35:00-05:00,684.0549926757812,684.17578125,683.8800048828125,684.0050048828125,167301,6.576136381263395e-05,0.000250476364229,0.0002510608282576,0.0,0.0,0.0
2025-11-03 13:40:00-05:00,684.1749877929688,684.22998046875,683.905029296875,684.0499877929688,266695,0.0001754019707331,0.0002510608282576,0.0002999849171334,0.0,0.0,0.0
2025-11-03 13:45:00-05:00,683.780029296875,684.2100219726562,683.780029296875,684.1799926757812,248521,-0.0005774437055811,0.0002999849171334,0.0003033432663283,0.0,0.0,0.0
2025-11-03 13:50:00-05:00,683.6751708984375,683.9193115234375,683.4000244140625,683.77001953125,381593,-0.0001533628284539,0.0003033432663283,0.0003009930423235,0.0,0.0,0.0
2025-11-03 13:55:00-05:00,683.5900268554688,683.9099731445312,683.5599975585938,683.6699829101562,201876,-0.0001245464935679,0.0003009930423235,0.0003465428158214,0.0,0.0,0.0
2025-11-03 14:00:00-05:00,683.1500244140625,683.8800048828125,683.0800170898438,683.5900268554688,775178,-0.0006438714607046,0.0003465428158214,0.0003718871244844,0.0,0.0,0.0
2025-11-03 14:05:00-05:00,683.489990234375,683.6400146484375,683.135009765625,683.1599731445312,573832,0.0004975206692049,0.0003718871244844,0.0003716960000528,0.0,0.0,0.0
2025-11-03 14:10:00-05:00,683.385009765625,683.6749877929688,683.27001953125,683.47998046875,246049,-0.0001536065389394,0.0003716960000528,0.0003736202501937,0.0,0.0,0.0
2025-11-03 14:15:00-05:00,683.2249755859375,683.614990234375,683.1500244140625,683.3800048828125,321229,-0.0002342060750827,0.0003736202501937,0.0003659877723501,0.0,0.0,0.0
2025-11-03 14:20:00-05:00,683.255615234375,683.4354858398438,683.1099853515625,683.239990234375,317313,4.484461564753619e-05,0.0003659877723501,0.0003611282738795,0.0,0.0,0.0
2025-11-03 14:25:00-05:00,683.260009765625,683.4500122070312,683.0800170898438,683.2449951171875,316836,6.431732165567165e-06,0.0003611282738795,0.0003356714823417,0.0,0.0,0.0
2025-11-03 14:30:00-05:00,683.510009765625,683.5499877929688,683.22998046875,683.25,372301,0.0003658259973742,0.0003356714823417,0.0003392999714315,0.0,0.0,0.0
2025-11-03 14:35:00-05:00,683.3099975585938,683.594970703125,683.2899780273438,683.510009765625,316309,-0.0002926679553813,0.0003392999714315,0.0003327598876625,0.0,0.0,0.0
2025-11-03 14:40:00-05:00,683.1099853515625,683.3300170898438,682.5800170898438,683.2999877929688,738098,-0.0002927536349896,0.0003327598876625,0.000311492714769,0.0,0.0,0.0
2025-11-03 14:45:00-05:00,683.2349853515625,683.35498046875,683.0800170898438,683.1099853515625,457180,0.0001829698985672,0.000311492714769,0.0003393109886587,0.0,0.0,0.0
2025-11-03 14:50:00-05:00,683.52001953125,683.5496215820312,683.1500244140625,683.22998046875,378006,0.0004170962356844,0.0003393109886587,0.0003410701616667,0.0,0.0,0.0
2025-11-03 14:55:00-05:00,683.4000244140625,683.6400146484375,683.3300170898438,683.510009765625,385965,-0.0001755700606297,0.0003410701616667,0.0002834891048894,0.0,0.0,0.0
2025-11-03 15:00:00-05:00,683.5349731445312,683.5900268554688,683.3499755859375,683.4000244140625,766851,0.0001974471809533,0.0002834891048894,0.0002687080029631,0.0,0.0,0.0
2025-11-03 15:05:00-05:00,683.280029296875,683.655029296875,683.22998046875,683.5349731445312,544257,-0.0003730480718421,0.0002687080029631,0.0002657376576157,0.0,0.0,0.0
2025-11-03 15:10:00-05:00,683.2849731445312,683.389892578125,683.030029296875,683.27001953125,782292,7.2354372421258195e-06,0.0002657376576157,0.0002613022876695,0.0,0.0,0.0
2025-11-03 15:15:00-05:00,683.4099731445312,683.4799194335938,683.1500244140625,683.2849731445312,480964,0.0001829230446603,0.0002613022876695,0.0002920184173046,0.0,0.0,0.0
2025-11-03 15:20:00-05:00,683.114990234375,683.5,683.0999755859375,683.3900146484375,361526,-0.0004317270780164,0.0002920184173046,0.0002921670262696,0.0,0.0,0.0
2025-11-03 15:25:00-05:00,683.1300048828125,683.2999877929688,683.030029296875,683.114990234375,838511,2.197943779008842e-05,0.0002921670262696,0.0003311085042663,0.0,0.0,0.0
2025-11-03 15:30:00-05:00,682.6300048828125,683.1599731445312,682.5800170898438,683.1400146484375,982581,-0.0007321930921429,0.0003311085042663,0.000379931041207,0.0,0.0,0.0
2025-11-03 15:35:00-05:00,683.030029296875,683.0394287109375,682.47998046875,682.6300048828125,1013919,0.0005858330997341,0.000379931041207,0.0003756030995302,0.0,0.0,0.0
2025-11-03 15:40:00-05:00,683.1599731445312,683.2000122070312,682.885009765625,683.030029296875,678114,0.0001902280763524,0.0003756030995302,0.0004238987684029,0.0,0.0,0.0
2025-11-03 15:45:00-05:00,682.6699829101562,683.2100219726562,682.5100708007812,683.1599731445312,846184,-0.0007174981822936,0.0004238987684029,0.0004154457050538,0.0,0.0,0.0
2025-11-03 15:50:00-05:00,682.89501953125,682.9949951171875,682.4500122070312,682.6799926757812,1710684,0.0003295875666533,0.0004154457050538,0.0004691121576111,0.0,0.0,0.0
2025-11-03 15:55:00-05:00,683.3699951171875,683.3800048828125,682.731201171875,682.8900146484375,4556832,0.0006952905914736,0.0004691121576111,0.0035984677166495,0.0,0.0,0.0
2025-11-04 09:30:00-05:00,674.9600219726562,676.4600219726562,674.8300170898438,676.1099853515625,5715260,-0.0123829710047826,0.0035984677166495,0.0036200951482054,0.0,0.0,0.0
2025-11-04 09:35:00-05:00,675.2587890625,675.8099975585938,674.6699829101562,674.9600219726562,1792955,0.0004425461892221,0.0036200951482054,0.0037561323328578,0.0,0.0,0.0
2025-11-04 09:40:00-05:00,676.989990234375,677.1699829101562,674.9600219726562,675.239990234375,1637622,0.0025604787287667,0.0037561323328578,0.0037566900007388,0.0,0.0,0.0
2025-11-04 09:45:00-05:00,677.1300048828125,677.3599853515625,676.4899291992188,676.989990234375,1429720,0.0002067979934441,0.0037566900007388,0.0038221412489299,0.0,0.0,0.0
2025-11-04 09:50:00-05:00,678.260009765625,678.3499755859375,676.989990234375,677.1300048828125,1253820,0.0016674243316137,0.0038221412489299,0.0038355817868916,0.0,0.0,0.0
2025-11-04 09:55:00-05:00,678.7000122070312,678.8150024414062,678.10498046875,678.3099975585938,1130210,0.0006485120411838,0.0038355817868916,0.0038449499298583,0.0,0.0,0.0
2025-11-04 10:00:00-05:00,678.989990234375,679.0800170898438,678.52001953125,678.6817016601562,794345,0.0004271638315545,0.0038449499298583,0.0038315820004777,0.0,0.0,0.0
2025-11-04 10:05:00-05:00,678.75,679.2000122070312,678.3099975585938,679.0,1031287,-0.0003535142790232,0.0038315820004777,0.0038322441036248,0.0,0.0,0.0
2025-11-04 10:10:00-05:00,678.905029296875,679.219970703125,678.3499755859375,678.7550048828125,845124,0.0002283780403761,0.0038322441036248,0.0038452092097201,0.0,0.0,0.0
2025-11-04 10:15:00-05:00,679.3200073242188,679.4400024414062,678.8900146484375,678.9099731445312,778083,0.000611059329739,0.0038452092097201,0.0038389474916023,0.0,0.0,0.0
2025-11-04 10:20:00-05:00,679.1799926757812,679.4500122070312,678.989990234375,679.3300170898438,578498,-0.0002061312461291,0.0038389474916023,0.0038282098007769,0.0,0.0,0.0
2025-11-04 10:25:00-05:00,679.3200073242188,679.64501953125,679.1300048828125,679.1900024414062,687702,0.0002061312461293,0.0038282098007769,0.0008092215744456,0.0,0.0,0.0
2025-11-04 10:30:00-05:00,679.4349975585938,679.4517822265625,678.9299926757812,679.3200073242188,462906,0.0001692582315962,0.0008092215744456,0.0008093282964824,0.0,0.0,0.0
2025-11-04 10:35:00-05:00,679.72998046875,679.7999877929688,679.1900024414062,679.4299926757812,463441,0.0004340649142033,0.0008093282964824,0.0005537689711814,0.0,0.0,0.0
2025-11-04 10:40:00-05:00,679.4400024414062,679.9600219726562,679.3200073242188,679.72998046875,656180,-0.0004266986990436,0.0005537689711814,0.0006773609253522,0.0,0.0,0.0
2025-11-04 10:45:00-05:00,678.72998046875,679.4498901367188,678.7100219726562,679.4400024414062,674138,-0.0010455569571892,0.0006773609253522,0.0005190686847309,0.0,0.0,0.0
2025-11-04 10:50:00-05:00,678.4000244140625,678.9199829101562,678.375,678.739990234375,619481,-0.0004862556424243,0.0005190686847309,0.0004864536452997,0.0,0.0,0.0
2025-11-04 10:55:00-05:00,678.1799926757812,678.4099731445312,677.6300048828125,678.3900146484375,853775,-0.0003243918345233,0.0004864536452997,0.0004825794996111,0.0,0.0,0.0
2025-11-04 11:00:00-05:00,678.4400024414062,678.8200073242188,678.1199951171875,678.1799926757812,690771,0.0003833199713176,0.0004825794996111,0.0004998215799522,0.0,0.0,0.0
2025-11-04 11:05:00-05:00,678.0399780273438,678.4500122070312,677.9400024414062,678.4299926757812,541901,-0.0005897977580478,0.0004998215799522,0.000493381344607,0.0,0.0,0.0
2025-11-04 11:10:00-05:00,678.0999755859375,678.1900024414062,677.6699829101562,678.030029296875,511013,8.848284201510057e-05,0.000493381344607,0.0004479243487716,0.0,0.0,0.0
2025-11-04 11:15:00-05:00,677.7899780273438,678.4000244140625,677.7100219726562,678.0900268554688,735744,-0.0004572606547736,0.0004479243487716,0.0004528053620858,0.0,0.0,0.0
2025-11-04 11:20:00-05:00,677.8200073242188,678.02001953125,677.5800170898438,677.780029296875,483312,4.4303741053065225e-05,0.0004528053620858,0.0004894251984011,0.0,0.0,0.0
2025-11-04 11:25:00-05:00,678.2000122070312,678.3300170898438,677.5599975585938,677.8200073242188,448288,0.0005604709182558,0.0004894251984011,0.0004798887419842,0.0,0.0,0.0
2025-11-04 11:30:00-05:00,678.1099853515625,678.4849853515625,677.8800048828125,678.2100219726562,634206,-0.0001327526240506,0.0004798887419842,0.0005073590645764,0.0,0.0,0.0
2025-11-04 11:35:00-05:00,678.5499877929688,678.6300048828125,677.9400024414062,678.1099853515625,528997,0.0006486554708534,0.0005073590645764,0.0005115572461109,0.0,0.0,0.0
2025-11-04 11:40:00-05:00,678.2100219726562,678.60498046875,677.9099731445312,678.5401000976562,521729,-0.0005011436436518,0.0005115572461109,0.0004835526088162,0.0,0.0,0.0
2025-11-04 11:45:00-05:00,677.6298828125,678.3900146484375,677.5700073242188,678.2100219726562,449082,-0.000855763565467,0.0004835526088162,0.0005664901046062,0.0,0.0,0.0
2025-11-04 11:50:00-05:00,678.2999877929688,678.3699951171875,677.4400024414062,677.6300048828125,515286,0.0009884066271426,0.0005664901046062,0.0005602663260251,0.0,0.0,0.0
2025-11-04 11:55:00-05:00,678.1900024414062,678.3200073242188,677.52001953125,678.3099975585938,421571,-0.0001621616858145,0.0005602663260251,0.000593098296908,0.0,0.0,0.0
2025-11-04 12:00:00-05:00,677.6300048828125,678.2050170898438,677.540771484375,678.1900024414062,548620,-0.0008260647982962,0.000593098296908,0.0005870056839291,0.0,0.0,0.0
2025-11-04 12:05:00-05:00,677.2899780273438,677.6649780273438,677.1300048828125,677.6099853515625,541732,-0.000501914307702,0.0005870056839291,0.0005936114119381,0.0,0.0,0.0
2025-11-04 12:10:00-05:00,676.969970703125,677.2899780273438,676.9400024414062,677.2899780273438,529065,-0.0004725936560033,0.0005936114119381,0.000698829740404,0.0,0.0,0.0
2025-11-04 12:15:00-05:00,676.0,677.1699829101562,675.989990234375,676.97998046875,715635,-0.0014338394647455,0.000698829740404,0.0008438235397866,0.0,0.0,0.0
2025-11-04 12:20:00-05:00,676.9600219726562,677.0,675.6799926757812,676.0,1198324,0.001419143386628,0.0008438235397866,0.0008180796262856,0.0,0.0,0.0
2025-11-04 12:25:00-05:00,676.9299926757812,677.530029296875,676.7999877929688,676.9600219726562,757433,-4.436002415999431e-05,0.0008180796262856,0.0008190042819071,0.0,0.0,0.0
2025-11-04 12:30:00-05:00,676.72998046875,677.1099853515625,676.5700073242188,676.9299926757812,389017,-0.0002955132196488,0.0008190042819071,0.0007838219552008,0.0,0.0,0.0
2025-11-04 12:35:00-05:00,676.3300170898438,676.8499755859375,676.27001953125,676.7249755859375,441996,-0.0005911983079499,0.0007838219552008,0.0007805348221412,0.0,0.0,0.0
2025-11-04 12:40:00-05:00,676.1500244140625,676.385009765625,675.79638671875,676.3300170898438,758951,-0.0002661668510002,0.0007805348221412,0.0008100019123286,0.0,0.0,0.0
2025-11-04 12:45:00-05:00,676.6900024414062,676.8900146484375,676.1400146484375,676.1599731445312,532418,0.0007982881128592,0.0008100019123286,0.0007422613234828,0.0,0.0,0.0
2025-11-04 12:50:00-05:00,676.2498779296875,677.25,676.2000122070312,676.6749877929688,570351,-0.0006506194896459,0.0007422613234828,0.0007422185972725,0.0,0.0,0.0
2025-11-04 12:55:00-05:00,676.010009765625,676.260009765625,675.7249755859375,676.2349853515625,465045,-0.0003547663711109,0.0007422185972725,0.0007228922848529,0.0,0.0,0.0
2025-11-04 13:00:00-05:00,675.7449951171875,676.1256103515625,675.6300048828125,675.97998046875,399562,-0.0003921045616633,0.0007228922848529,0.0007180399124566,0.0,0.0,0.0
2025-11-04 13:05:00-05:00,675.639892578125,675.9400024414062,675.530029296875,675.72998046875,332592,-0.0001555478979103,0.0007180399124566,0.0007285483102429,0.0,0.0,0.0
2025-11-04 13:10:00-05:00,675.869384765625,675.9299926757812,675.530029296875,675.6199951171875,408566,0.000339608752308,0.0007285483102429,0.0006726720712173,0.0,0.0,0.0
2025-11-04 13:15:00-05:00,675.1599731445312,676.0599975585938,675.1400146484375,675.8599853515625,595274,-0.0010501795273946,0.0006726720712173,0.0005356148995901,0.0,0.0,0.0
2025-11-04 13:20:00-05:00,675.5900268554688,676.0549926757812,675.0399780273438,675.1500244140625,554136,0.000636762873172,0.0005356148995901,0.0005422706019075,0.0,0.0,0.0
2025-11-04 13:25:00-05:00,675.25,675.6500244140625,674.97998046875,675.5900268554688,570849,-0.0005034302447221,0.0005422706019075,0.0005415581167185,0.0,0.0,0.0
2025-11-04 13:30:00-05:00,675.1199951171875,675.6699829101562,674.989990234375,675.25,682493,-0.0001925470555243,0.0005415581167185,0.0005328448426666,0.0,0.0,0.0
2025-11-04 13:35:00-05:00,674.8300170898438,675.2999877929688,674.7899780273438,675.114990234375,635548,-0.0004296129918613,0.0005328448426666,0.0007158656862571,0.0,0.0,0.0
2025-11-04 13:40:00-05:00,675.8300170898438,675.8499755859375,674.7100219726562,674.8300170898438,949784,0.0014807577886578,0.0007158656862571,0.0006755452117382,0.0,0.0,0.0
2025-11-04 13:45:00-05:00,675.47998046875,676.02001953125,675.3800048828125,675.8250122070312,610715,-0.0005180700646856,0.0006755452117382,0.0007599627988991,0.0,0.0,0.0
2025-11-04 13:50:00-05:00,676.3049926757812,676.4199829101562,675.469970703125,675.47998046875,666869,0.0012206265432085,0.0007599627988991,0.0007553816127097,0.0,0.0,0.0
2025-11-04 13:55:00-05:00,676.1500244140625,676.3400268554688,675.7999877929688,676.3200073242188,504357,-0.0002291658656868,0.0007553816127097,0.0007658933197804,0.0,0.0,0.0
2025-11-04 14:00:00-05:00,676.6099853515625,676.6799926757812,676.02001953125,676.1099853515625,873727,0.0006800333420637,0.0007658933197804,0.0008563983619218,0.0,0.0,0.0
2025-11-04 14:05:00-05:00,675.780029296875,676.614990234375,675.7000122070312,676.6099853515625,810927,-0.0012273917285563,0.0008563983619218,0.0008592167600334,0.0,0.0,0.0
2025-11-04 14:10:00-05:00,676.0599975585938,676.3599853515625,675.6599731445312,675.760009765625,728466,0.0004142032491414,0.0008592167600334,0.0007953019010584,0.0,0.0,0.0
2025-11-04 14:15:00-05:00,675.9249877929688,676.3400268554688,675.9080200195312,676.0499877929688,478386,-0.0001997208068677,0.0007953019010584,0.0007985984833562,0.0,0.0,0.0
2025-11-04 14:20:00-05:00,676.3900756835938,676.5,675.8400268554688,675.9400024414062,634614,0.0006878395745534,0.0007985984833562,0.0007803926991763,0.0,0.0,0.0
2025-11-04 14:25:00-05:00,676.2949829101562,676.5900268554688,676.135009765625,676.4000244140625,551136,-0.0001405985421218,0.0007803926991763,0.00079748766514,0.0,0.0,0.0
2025-11-04 14:30:00-05:00,675.9500122070312,676.375,675.4600219726562,676.2899780273438,656075,-0.0005102192455573,0.00079748766514,0.0008844076550693,0.0,0.0,0.0
2025-11-04 14:35:00-05:00,675.0750122070312,675.97998046875,674.8800048828125,675.9500122070312,813018,-0.0012953129757484,0.0008844076550693,0.0007583188030973,0.0,0.0,0.0
2025-11-04 14:40:00-05:00,674.9149780273438,675.4199829101562,674.5800170898438,675.0700073242188,646850,-0.0002370894326548,0.0007583188030973,0.0007475089852909,0.0,0.0,0.0
2025-11-04 14:45:00-05:00,674.8599853515625,675.2000122070312,674.739990234375,674.8900146484375,549865,-8.148421374477474e-05,0.0007475089852909,0.0006302913900948,0.0,0.0,0.0
2025-11-04 14:50:00-05:00,674.9000244140625,675.2249755859375,674.7100219726562,674.8499755859375,608283,5.93276763602238e-05,0.0006302913900948,0.0006510422532454,0.0,0.0,0.0
2025-11-04 14:55:00-05:00,675.1699829101562,675.4000244140625,674.8699951171875,674.9099731445312,630695,0.0003999177794146,0.0006510422532454,0.0006032112547418,0.0,0.0,0.0
2025-11-04 15:00:00-05:00,675.1799926757812,675.4500122070312,675.02001953125,675.1900024414062,668741,1.4825439043357794e-05,0.0006032112547418,0.0005197602318107,0.0,0.0,0.0
2025-11-04 15:05:00-05:00,675.4199829101562,675.6400146484375,675.1300048828125,675.1799926757812,561726,0.0003553831500651,0.0005197602318107,0.0005570585467437,0.0,0.0,0.0
2025-11-04 15:10:00-05:00,675.9400024414062,676.0598754882812,675.239990234375,675.4099731445312,747632,0.0007696240269878,0.0005570585467437,0.0005546255120116,0.0,0.0,0.0
2025-11-04 15:15:00-05:00,675.8800048828125,676.22998046875,675.72998046875,675.9400024414062,929614,-8.876560238507401e-05,0.0005546255120116,0.0005620450446106,0.0,0.0,0.0
2025-11-04 15:20:00-05:00,675.280029296875,675.9000244140625,675.0700073242188,675.8800048828125,911455,-0.0008880896565821,0.0005620450446106,0.0006517402339514,0.0,0.0,0.0
2025-11-04 15:25:00-05:00,675.9600219726562,675.97998046875,675.260009765625,675.280029296875,1541414,0.0010064721402303,0.0006517402339514,0.0006597690646614,0.0,0.0,0.0
2025-11-04 15:30:00-05:00,675.5399780273438,676.0599975585938,675.3200073242188,675.969970703125,1052248,-0.000621596683444,0.0006597690646614,0.0005380625863274,0.0,0.0,0.0
2025-11-04 15:35:00-05:00,675.7899780273438,676.2000122070312,675.5050048828125,675.5549926757812,1041602,0.0003700058623462,0.0005380625863274,0.0005552046939738,0.0,0.0,0.0
2025-11-04 15:40:00-05:00,676.27001953125,676.4099731445312,675.719970703125,675.7899780273438,1012447,0.0007100890862002,0.0005552046939738,0.0006982772021979,0.0,0.0,0.0
2025-11-04 15:45:00-05:00,675.3900146484375,676.5349731445312,675.3499755859375,676.27001953125,1537087,-0.001302109975728,0.0006982772021979,0.0007204157237654,0.0,0.0,0.0
2025-11-04 15:50:00-05:00,675.02001953125,675.5499877929688,674.739990234375,675.3900146484375,3481223,-0.0005479744923113,0.0007204157237654,0.0007243202923627,0.0,0.0,0.0
2025-11-04 15:55:00-05:00,675.3400268554688,675.3599853515625,674.614990234375,675.02001953125,5917014,0.0004739585284168,0.0007243202923627,0.0008122850087883,0.0,0.0,0.0
2025-11-05 09:30:00-05:00,674.4949951171875,675.3394165039062,674.4600219726562,674.97998046875,3405300,-0.0012520520432756,0.0008122850087883,0.0008341448383122,0.0,0.0,0.0
2025-11-05 09:35:00-05:00,674.9600219726562,675.3200073242188,674.1699829101562,674.489990234375,1407954,0.000689206928704,0.0008341448383122,0.0008117836699928,0.0,0.0,0.0
2025-11-05 09:40:00-05:00,674.4600219726562,675.0700073242188,674.2100219726562,674.9400024414062,867256,-0.0007410591314771,0.0008117836699928,0.0011032795971315,0.0,0.0,0.0
2025-11-05 09:45:00-05:00,676.0800170898438,676.27001953125,674.4099731445312,674.469970703125,1185065,0.0023990342341629,0.0011032795971315,0.0011569931096842,0.0,0.0,0.0
2025-11-05 09:50:00-05:00,677.2116088867188,677.2899780273438,675.97998046875,676.0700073242188,1132268,0.0016723550768919,0.0011569931096842,0.0011315679475731,0.0,0.0,0.0
2025-11-05 09:55:00-05:00,677.280029296875,677.5999755859375,676.8699951171875,677.2100219726562,905955,0.0001010274383181,0.0011315679475731,0.0011186111209036,0.0,0.0,0.0
2025-11-05 10:00:00-05:00,677.0198974609375,677.4600219726562,676.47998046875,677.0999755859375,1380385,-0.0003841569123604,0.0011186111209036,0.0011378500099579,0.0,0.0,0.0
2025-11-05 10:05:00-05:00,677.6400146484375,678.0900268554688,676.8099975585938,677.010009765625,1232416,0.0009155319726698,0.0011378500099579,0.0011924639809768,0.0,0.0,0.0
2025-11-05 10:10:00-05:00,676.85498046875,677.6599731445312,676.8300170898438,677.6500244140625,912193,-0.0011591541798494,0.0011924639809768,0.0011113611765052,0.0,0.0,0.0
2025-11-05 10:15:00-05:00,676.9400024414062,677.3900146484375,676.655029296875,676.8599853515625,1528253,0.00012560538906,0.0011113611765052,0.0010984224681816,0.0,0.0,0.0
2025-11-05 10:20:00-05:00,677.489990234375,677.530029296875,675.4000244140625,676.9400024414062,1671458,0.0008121317841039,0.0010984224681816,0.0011021091411088,0.0,0.0,0.0
2025-11-05 10:25:00-05:00,677.4400024414062,678.0399780273438,677.0,677.47998046875,900636,-7.378653253183452e-05,0.0011021091411088,0.0009942604740656,0.0,0.0,0.0
2025-11-05 10:30:00-05:00,677.6699829101562,677.969970703125,677.2213134765625,677.4349975585938,533627,0.0003394270183883,0.0009942604740656,0.0009923740798342,0.0,0.0,0.0
2025-11-05 10:35:00-05:00,677.75,677.9299926757812,677.47998046875,677.6300048828125,517942,0.0001180698100154,0.0009923740798342,0.0009387768537076,0.0,0.0,0.0
2025-11-05 10:40:00-05:00,677.780029296875,678.2781982421875,677.6799926757812,677.739990234375,652503,4.430635431302009e-05,0.0009387768537076,0.0007073935746893,0.0,0.0,0.0
2025-11-05 10:45:00-05:00,677.6799926757812,678.2349853515625,677.5700073242188,677.7899780273438,668610,-0.0001476054175759,0.0007073935746893,0.0005359658760516,0.0,0.0,0.0
2025-11-05 10:50:00-05:00,677.5999755859375,677.7100219726562,677.1900024414062,677.6699829101562,661810,-0.0001180820078664,0.0005359658760516,0.0005462615596461,0.0,0.0,0.0
2025-11-05 10:55:00-05:00,677.8800048828125,677.9099731445312,676.9500122070312,677.5900268554688,1219094,0.0004131810205887,0.0005462615596461,0.0005451127570861,0.0,0.0,0.0
2025-11-05 11:00:00-05:00,677.6300048828125,678.0,677.1199951171875,677.8699951171875,718997,-0.0003688648568191,0.0005451127570861,0.0004766122487096,0.0,0.0,0.0
2025-11-05 11:05:00-05:00,677.6099853515625,678.1099853515625,677.260009765625,677.5900268554688,532174,-2.954389096497954e-05,0.0004766122487096,0.0004194786234385,0.0,0.0,0.0
2025-11-05 11:10:00-05:00,677.010009765625,677.6699829101562,676.8200073242188,677.6199951171875,520461,-0.0008858213038823,0.0004194786234385,0.0004181439870981,0.0,0.0,0.0
2025-11-05 11:15:00-05:00,677.010009765625,677.3499755859375,676.780029296875,677.02001953125,520463,0.0,0.0004181439870981,0.00050900586301,0.0,0.0,0.0
2025-11-05 11:20:00-05:00,677.8699951171875,677.8800048828125,676.760009765625,676.9942016601562,428816,0.0012694636631359,0.00050900586301,0.0005328578879235,0.0,0.0,0.0
2025-11-05 11:25:00-05:00,678.2899780273438,678.3984985351562,677.7849731445312,677.8699951171875,779728,0.0006193707702619,0.0005328578879235,0.0005328444565832,0.0,0.0,0.0
2025-11-05 11:30:00-05:00,678.52001953125,678.5800170898438,678.0850219726562,678.27001953125,582703,0.0003390917026324,0.0005328444565832,0.0005328610957491,0.0,0.0,0.0
2025-11-05 11:35:00-05:00,678.6041870117188,678.6599731445312,678.1400146484375,678.530029296875,421598,0.0001240379917635,0.0005328610957491,0.0005553751548109,0.0,0.0,0.0
2025-11-05 11:40:00-05:00,679.0499877929688,679.1099853515625,678.5999755859375,678.6199951171875,679546,0.0006567221690846,0.0005553751548109,0.0005617699434529,0.0,0.0,0.0
2025-11-05 11:45:00-05:00,679.4749755859375,679.625,678.9099731445312,679.0399780273438,778334,0.0006256606514984,0.0005617699434529,0.0005519617741898,0.0,0.0,0.0
2025-11-05 11:50:00-05:00,679.6951293945312,679.75,679.3800048828125,679.47998046875,667802,0.0003239532854827,0.0005519617741898,0.0005864173195263,0.0,0.0,0.0
2025-11-05 11:55:00-05:00,679.3800048828125,679.7249755859375,679.3099975585938,679.6900024414062,719497,-0.0004637337692644,0.0005864173195263,0.0005732912653479,0.0,0.0,0.0
2025-11-05 12:00:00-05:00,679.25,679.7000122070312,679.2050170898438,679.3699951171875,556025,-0.0001913764347056,0.0005732912653479,0.0005770438370588,0.0,0.0,0.0
2025-11-05 12:05:00-05:00,679.1699829101562,679.530029296875,679.0700073242188,679.25,335049,-0.0001178090589698,0.0005770438370588,0.0004677812896136,0.0,0.0,0.0
2025-11-05 12:10:00-05:00,679.4400024414062,679.5800170898438,679.030029296875,679.1599731445312,414095,0.0003974938175291,0.0004677812896136,0.0004600576453388,0.0,0.0,0.0
2025-11-05 12:15:00-05:00,679.5650024414062,679.5900268554688,679.260009765625,679.4299926757812,285539,0.0001839581162739,0.0004600576453388,0.000348144331253,0.0,0.0,0.0
2025-11-05 12:20:00-05:00,679.6950073242188,679.7886962890625,679.5,679.5499877929688,441000,0.0001912877334357,0.000348144331253,0.0003386316033242,0.0,0.0,0.0
2025-11-05 12:25:00-05:00,680.0458984375,680.0999755859375,679.6699829101562,679.6900024414062,593957,0.000516114679765,0.0003386316033242,0.0003419848771379,0.0,0.0,0.0
2025-11-05 12:30:00-05:00,680.3300170898438,680.4000244140625,679.9400024414062,680.0499877929688,948330,0.0004177060961339,0.0003419848771379,0.0003534681682139,0.0,0.0,0.0
2025-11-05 12:35:00-05:00,680.7100219726562,680.8599243164062,680.25,680.3400268554688,673053,0.0005584036939112,0.0003534681682139,0.0003392476535905,0.0,0.0,0.0
2025-11-05 12:40:00-05:00,680.6799926757812,680.7349853515625,680.4299926757812,680.7050170898438,470971,-4.41156414498892e-05,0.0003392476535905,0.0003721523608617,0.0,0.0,0.0
2025-11-05 12:45:00-05:00,680.3099975585938,680.7100219726562,680.260009765625,680.6749877929688,532141,-0.0005437146914486,0.0003721523608617,0.00036606911464,0.0,0.0,0.0
2025-11-05 12:50:00-05:00,680.3200073242188,680.4500122070312,680.1900024414062,680.3099975585938,443500,1.4713427734586446e-05,0.00036606911464,0.0003335471104346,0.0,0.0,0.0
2025-11-05 12:55:00-05:00,680.219970703125,680.3200073242188,680.0050048828125,680.3200073242188,453950,-0.000147054291516,0.0003335471104346,0.000321160290392,0.0,0.0,0.0
2025-11-05 13:00:00-05:00,680.3599853515625,680.4550170898438,680.0599975585938,680.2100219726562,599574,0.0002058161276134,0.000321160290392,0.0003327061224796,0.0,0.0,0.0
2025-11-05 13:05:00-05:00,680.1900024414062,680.4000854492188,680.1400146484375,680.35498046875,490365,-0.000249873819508,0.0003327061224796,0.0003252506635823,0.0,0.0,0.0
2025-11-05 13:10:00-05:00,680.375,680.4099731445312,680.0198974609375,680.1950073242188,305260,0.0002719422584027,0.0003252506635823,0.0003266911029863,0.0,0.0,0.0
2025-11-05 13:15:00-05:00,680.3599853515625,680.70849609375,680.3400268554688,680.3599853515625,492771,-2.2068438894731247e-05,0.0003266911029863,0.0003347354517631,0.0,0.0,0.0
2025-11-05 13:20:00-05:00,680.2349853515625,680.4099731445312,680.1500244140625,680.364990234375,336254,-0.0001837431462606,0.0003347354517631,0.0003105700256728,0.0,0.0,0.0
2025-11-05 13:25:00-05:00,680.4099731445312,680.469970703125,680.0700073242188,680.22998046875,333774,0.0002572130118747,0.0003105700256728,0.0002875778731436,0.0,0.0,0.0
2025-11-05 13:30:00-05:00,680.4343872070312,680.489990234375,680.22998046875,680.4000244140625,194233,3.588075640973711e-05,0.0002875778731436,0.0002968236509329,0.0,0.0,0.0
2025-11-05 13:35:00-05:00,680.8499755859375,680.8599853515625,680.4000244140625,680.4299926757812,468928,0.0006105827748801,0.0002968236509329,0.0003168664253245,0.0,0.0,0.0
2025-11-05 13:40:00-05:00,680.5999755859375,680.85498046875,680.5599975585938,680.85498046875,345051,-0.0003672555169504,0.0003168664253245,0.000274733079289,0.0,0.0,0.0
2025-11-05 13:45:00-05:00,680.489990234375,680.6699829101562,680.4520263671875,680.6099853515625,264715,-0.0001616136398971,0.000274733079289,0.0002814847809968,0.0,0.0,0.0
2025-11-05 13:50:00-05:00,680.6500244140625,680.719970703125,680.47998046875,680.489990234375,297198,0.0002351472717025,0.0002814847809968,0.0002755401824129,0.0,0.0,0.0
2025-11-05 13:55:00-05:00,680.6580200195312,680.7199096679688,680.52001953125,680.6500244140625,264375,1.1746945155556212e-05,0.0002755401824129,0.0003355103128666,0.0,0.0,0.0
2025-11-05 14:00:00-05:00,680.219970703125,680.6400146484375,680.1099853515625,680.6400146484375,639432,-0.0006437745845277,0.0003355103128666,0.0003636334731996,0.0,0.0,0.0
2025-11-05 14:05:00-05:00,679.8499755859375,680.3099975585938,679.739990234375,680.219970703125,543690,-0.0005440824971162,0.0003636334731996,0.0004066165598055,0.0,0.0,0.0
2025-11-05 14:10:00-05:00,680.2899780273438,680.2999877929688,679.8499755859375,679.8599853515625,697128,0.0006469958559576,0.0004066165598055,0.000410119633221,0.0,0.0,0.0
2025-11-05 14:15:00-05:00,680.4099731445312,680.5286865234375,680.239990234375,680.2899780273438,507266,0.000176372634386,0.000410119633221,0.0004057957776858,0.0,0.0,0.0
2025-11-05 14:20:00-05:00,680.4420776367188,680.4500122070312,680.2000122070312,680.4099731445312,410629,4.718292804124223e-05,0.0004057957776858,0.0004114367496264,0.0,0.0,0.0
2025-11-05 14:25:00-05:00,680.2100219726562,680.47998046875,680.1500854492188,680.4498901367188,337309,-0.000341094782978,0.0004114367496264,0.0004205822637568,0.0,0.0,0.0
2025-11-05 14:30:00-05:00,680.4000244140625,680.510009765625,680.1400146484375,680.2100219726562,344481,0.0002792900774853,0.0004205822637568,0.0003745781413661,0.0,0.0,0.0
2025-11-05 14:35:00-05:00,680.4299926757812,680.52001953125,680.3400268554688,680.3900146484375,702015,4.404409271867776e-05,0.0003745781413661,0.0003670359877653,0.0,0.0,0.0
2025-11-05 14:40:00-05:00,680.260009765625,680.4299926757812,680.25,680.4299926757812,237411,-0.0002498481075564,0.0003670359877653,0.0003691760614597,0.0,0.0,0.0
2025-11-05 14:45:00-05:00,680.1099853515625,680.3699951171875,680.1099853515625,680.27001953125,484252,-0.0002205641335948,0.0003691760614597,0.000380172294736,0.0,0.0,0.0
2025-11-05 14:50:00-05:00,680.3599853515625,680.4000244140625,680.0999755859375,680.1099853515625,621906,0.0003675200602697,0.000380172294736,0.0003823829527102,0.0,0.0,0.0
2025-11-05 14:55:00-05:00,680.22998046875,680.4400024414062,680.219970703125,680.364990234375,403808,-0.0001911007525765,0.0003823829527102,0.0003380955176971,0.0,0.0,0.0
2025-11-05 15:00:00-05:00,680.35498046875,680.52001953125,680.2100219726562,680.22998046875,460969,0.0001837444980511,0.0003380955176971,0.0002917089865767,0.0,0.0,0.0
2025-11-05 15:05:00-05:00,680.2966918945312,680.4099731445312,680.1199951171875,680.3599853515625,437409,-8.56774374196243e-05,0.0002917089865767,0.0002277162723132,0.0,0.0,0.0
2025-11-05 15:10:00-05:00,680.3900146484375,680.4199829101562,680.25,680.2999877929688,782474,0.0001371700827292,0.0002277162723132,0.0002299475771886,0.0,0.0,0.0
2025-11-05 15:15:00-05:00,680.2449951171875,680.47998046875,680.1799926757812,680.4000244140625,394049,-0.0002131644868142,0.0002299475771886,0.0002396967655347,0.0,0.0,0.0
2025-11-05 15:20:00-05:00,680.0599975585938,680.35498046875,680.0399780273438,680.239990234375,433610,-0.0002719942376604,0.0002396967655347,0.0002522838583992,0.0,0.0,0.0
2025-11-05 15:25:00-05:00,679.760009765625,680.0899047851562,679.6699829101562,680.0499877929688,843390,-0.0004412169202093,0.0002522838583992,0.0002399569364686,0.0,0.0,0.0
2025-11-05 15:30:00-05:00,679.5349731445312,679.8200073242188,679.4600219726562,679.760009765625,949792,-0.000331107855144,0.0002399569364686,0.0002387899311551,0.0,0.0,0.0
2025-11-05 15:35:00-05:00,679.5499877929688,679.77001953125,679.4550170898438,679.5349731445312,914557,2.209523152661078e-05,0.0002387899311551,0.0002388074425044,0.0,0.0,0.0
2025-11-05 15:40:00-05:00,679.3800048828125,679.864990234375,679.1799926757812,679.5399780273438,1204842,-0.0002501716967893,0.0002388074425044,0.0002799425824263,0.0,0.0,0.0
2025-11-05 15:45:00-05:00,678.9600219726562,679.47998046875,678.9099731445312,679.3800048828125,1987728,-0.0006183767175168,0.0002799425824263,0.0002386394515833,0.0,0.0,0.0
2025-11-05 15:50:00-05:00,678.6799926757812,679.139892578125,678.6599731445312,678.9500122070312,1952585,-0.0004125236407659,0.0002386394515833,0.0005027058829238,0.0,0.0,0.0
2025-11-05 15:55:00-05:00,677.5,678.7000122070312,677.4000244140625,678.6849975585938,6984808,-0.0017401716290239,0.0005027058829238,0.0004824956664589,0.0,0.0,0.0
2025-11-06 09:30:00-05:00,677.0477905273438,677.3800048828125,676.3300170898438,676.469970703125,3012347,-0.0006676907121604,0.0004824956664589,0.0004736300551489,0.0,0.0,0.0
2025-11-06 09:35:00-05:00,676.8499755859375,677.3400268554688,676.5800170898438,677.0305786132812,1084076,-0.0002922154800236,0.0004736300551489,0.0004981101748766,0.0,0.0,0.0
2025-11-06 09:40:00-05:00,675.97998046875,676.8599853515625,675.6950073242188,676.8499755859375,856136,-0.0012861856484297,0.0004981101748766,0.0005421086298081,0.0,0.0,0.0
2025-11-06 09:45:00-05:00,676.1500244140625,677.010009765625,675.9400024414062,675.97998046875,890458,0.0002515201135909,0.0005421086298081,0.0006596627384602,0.0,0.0,0.0
2025-11-06 09:50:00-05:00,674.9000244140625,676.530029296875,674.8599853515625,676.1500244140625,1257065,-0.0018504131031324,0.0006596627384602,0.0006709377881639,0.0,0.0,0.0
2025-11-06 09:55:00-05:00,674.140380859375,675.1900024414062,674.0900268554688,674.9099731445312,1071545,-0.0011261984919168,0.0006709377881639,0.0008005278786718,0.0,0.0,0.0
2025-11-06 10:00:00-05:00,672.5999755859375,674.14501953125,672.52001953125,674.1300048828125,2063078,-0.0022876064236564,0.0008005278786718,0.0009536358104118,0.0,0.0,0.0
2025-11-06 10:05:00-05:00,673.3400268554688,673.6400146484375,672.5250244140625,672.5999755859375,1531942,0.0010996795440618,0.0009536358104118,0.0009501236483028,0.0,0.0,0.0
2025-11-06 10:10:00-05:00,673.1199951171875,674.260009765625,673.030029296875,673.3300170898438,1449729,-0.0003268299639784,0.0009501236483028,0.0012038788327711,0.0,0.0,0.0
2025-11-06 10:15:00-05:00,674.3200073242188,674.6400146484375,672.780029296875,673.1400146484375,1258058,0.0017811739626525,0.0012038788327711,0.0013078794948186,0.0,0.0,0.0
2025-11-06 10:20:00-05:00,675.125,675.3699951171875,674.3244018554688,674.3244018554688,1023362,0.001193072362192,0.0013078794948186,0.0012519183116485,0.0,0.0,0.0
2025-11-06 10:25:00-05:00,674.5399169921875,675.2249755859375,674.4500122070312,675.0604248046875,931148,-0.0008670048944693,0.0012519183116485,0.001290837259495,0.0,0.0,0.0
2025-11-06 10:30:00-05:00,673.5449829101562,674.6699829101562,673.3800048828125,674.5399780273438,770233,-0.0014760706284134,0.001290837259495,0.0014099290940091,0.0,0.0,0.0
2025-11-06 10:35:00-05:00,671.9199829101562,673.5698852539062,671.72998046875,673.5599975585938,1666611,-0.0024155230071439,0.0014099290940091,0.0014050458727554,0.0,0.0,0.0
2025-11-06 10:40:00-05:00,671.1380004882812,672.0800170898438,670.9000244140625,671.9199829101562,1831568,-0.001164480640309,0.0014050458727554,0.001413233373546,0.0,0.0,0.0
2025-11-06 10:45:00-05:00,671.4000244140625,671.8400268554688,670.9000244140625,671.1199951171875,1451544,0.0003903411661315,0.001413233373546,0.0013835153270056,0.0,0.0,0.0
2025-11-06 10:50:00-05:00,671.719970703125,671.9000244140625,671.0599975585938,671.3900146484375,1320877,0.0004764225032422,0.0013835153270056,0.0013845247468661,0.0,0.0,0.0
2025-11-06 10:55:00-05:00,670.9500122070312,671.9000244140625,670.760009765625,671.7100219726562,1146111,-0.0011469066714739,0.0013845247468661,0.0012906522057318,0.0,0.0,0.0
2025-11-06 11:00:00-05:00,671.5499877929688,671.5700073242188,670.859619140625,670.9500122070312,965744,0.0008938184370673,0.0012906522057318,0.0012318099977577,0.0,0.0,0.0
2025-11-06 11:05:00-05:00,671.47998046875,672.02001953125,671.0449829101562,671.5499877929688,845039,-0.0001042528103416,0.0012318099977577,0.0012316972036999,0.0,0.0,0.0
2025-11-06 11:10:00-05:00,671.3900146484375,671.6199951171875,670.9299926757812,671.4600219726562,567811,-0.0001339903650751,0.0012316972036999,0.0010604406112986,0.0,0.0,0.0
2025-11-06 11:15:00-05:00,671.010009765625,671.8201904296875,670.5399780273438,671.3900146484375,796210,-0.0005661574583608,0.0010604406112986,0.0009329120126593,0.0,0.0,0.0
2025-11-06 11:20:00-05:00,670.5770263671875,671.5399780273438,670.4000244140625,671.02001953125,743366,-0.0006454794237114,0.0009329120126593,0.0010603430436867,0.0,0.0,0.0
2025-11-06 11:25:00-05:00,671.4099731445312,671.5222778320312,670.219970703125,670.5399780273438,913477,0.0012413635670239,0.0010603430436867,0.0010131713140567,0.0,0.0,0.0
2025-11-06 11:30:00-05:00,670.8900146484375,671.4099731445312,670.6699829101562,671.4099731445312,476974,-0.0007747277461506,0.0010131713140567,0.000833887345983,0.0,0.0,0.0
2025-11-06 11:35:00-05:00,670.0599975585938,670.9000244140625,669.7728881835938,670.8800048828125,965841,-0.0012379539703792,0.000833887345983,0.0007803527987189,0.0,0.0,0.0
2025-11-06 11:40:00-05:00,669.9600219726562,670.2899780273438,669.3599853515625,670.0399780273438,804336,-0.0001492150634554,0.0007803527987189,0.0007666529627474,0.0,0.0,0.0
2025-11-06 11:45:00-05:00,669.6300048828125,669.97998046875,669.375,669.9699096679688,559908,-0.0004927135763989,0.0007666529627474,0.0008306472838254,0.0,0.0,0.0
2025-11-06 11:50:00-05:00,670.3400268554688,670.47998046875,669.4500122070312,669.6300048828125,852070,0.0010597580875545,0.0008306472838254,0.0008934818801538,0.0,0.0,0.0
2025-11-06 11:55:00-05:00,669.239990234375,670.3200073242188,669.010009765625,670.3200073242188,866441,-0.0016423608210411,0.0008934818801538,0.000956058938016,0.0,0.0,0.0
2025-11-06 12:00:00-05:00,670.1599731445312,670.219970703125,669.22998046875,669.239990234375,751431,0.0013737241749832,0.000956058938016,0.0009727766686911,0.0,0.0,0.0
2025-11-06 12:05:00-05:00,670.4600219726562,670.5,669.5,670.1400146484375,636339,0.000447626969951,0.0009727766686911,0.0009815015026418,0.0,0.0,0.0
2025-11-06 12:10:00-05:00,670.0723266601562,671.1300048828125,670.0499877929688,670.4600219726562,838231,-0.0005784199444417,0.0009815015026418,0.0009733547647285,0.0,0.0,0.0
2025-11-06 12:15:00-05:00,669.9600219726562,670.2849731445312,669.5399780273438,670.0800170898438,621818,-0.0001676148906069,0.0009733547647285,0.0010065948828633,0.0,0.0,0.0
2025-11-06 12:20:00-05:00,669.2000122070312,669.9500122070312,668.97998046875,669.9500122070312,784791,-0.0011350545533372,0.0010065948828633,0.0009376067460325,0.0,0.0,0.0
2025-11-06 12:25:00-05:00,669.5850219726562,669.6300048828125,668.719970703125,669.2000122070312,715410,0.0005751629520938,0.0009376067460325,0.0009308349502458,0.0,0.0,0.0
2025-11-06 12:30:00-05:00,669.77001953125,670.4000244140625,669.280029296875,669.5800170898438,590678,0.0002762487227622,0.0009308349502458,0.0008644779966418,0.0,0.0,0.0
2025-11-06 12:35:00-05:00,669.7999877929688,670.4299926757812,669.7899780273438,669.7899780273438,770325,4.474310645943088e-05,0.0008644779966418,0.0009390221419583,0.0,0.0,0.0
2025-11-06 12:40:00-05:00,670.6409912109375,670.6649780273438,669.739990234375,669.780029296875,474688,0.0012548162007772,0.0009390221419583,0.0009361790703371,0.0,0.0,0.0
2025-11-06 12:45:00-05:00,671.1199951171875,671.3599853515625,670.5599975585938,670.6099853515625,695842,0.0007139929264301,0.0009361790703371,0.0008984382732237,0.0,0.0,0.0
2025-11-06 12:50:00-05:00,671.3800048828125,671.5599975585938,671.0499877929688,671.1400146484375,677737,0.0003873516109884,0.0008984382732237,0.0007297548067295,0.0,0.0,0.0
2025-11-06 12:55:00-05:00,671.1300048828125,671.5800170898438,670.89501953125,671.3800048828125,506644,-0.0003724367059779,0.0007297548067295,0.000736611137041,0.0,0.0,0.0
2025-11-06 13:00:00-05:00,670.35302734375,671.4400024414062,670.260009765625,671.0999755859375,928694,-0.0011583860656898,0.000736611137041,0.000848106472191,0.0,0.0,0.0
2025-11-06 13:05:00-05:00,669.3200073242188,670.4199829101562,669.260009765625,670.3699951171875,812769,-0.0015421975325934,0.000848106472191,0.0008510325198606,0.0,0.0,0.0
2025-11-06 13:10:00-05:00,669.6099853515625,669.780029296875,669.1300048828125,669.3200073242188,776679,0.0004331489076556,0.0008510325198606,0.0008510568885684,0.0,0.0,0.0
2025-11-06 13:15:00-05:00,669.6599731445312,669.9299926757812,669.3400268554688,669.5900268554688,434644,7.464931573342023e-05,0.0008510568885684,0.0008667111557336,0.0,0.0,0.0
2025-11-06 13:20:00-05:00,670.5900268554688,670.6199951171875,669.532470703125,669.6500244140625,383812,0.0013878811568405,0.0008667111557336,0.000865742884358,0.0,0.0,0.0
2025-11-06 13:25:00-05:00,670.9600219726562,671.3099975585938,670.530029296875,670.5900268554688,587225,0.000551593474864,0.000865742884358,0.0008767912617157,0.0,0.0,0.0
2025-11-06 13:30:00-05:00,671.4000244140625,671.489990234375,670.9099731445312,670.9400024414062,411721,0.0006555654846088,0.0008767912617157,0.0008826682560271,0.0,0.0,0.0
2025-11-06 13:35:00-05:00,671.8090209960938,672.010009765625,671.239990234375,671.3900146484375,687125,0.0006089842769729,0.0008826682560271,0.0008240817677339,0.0,0.0,0.0
2025-11-06 13:40:00-05:00,671.9500122070312,672.2100219726562,671.6900024414062,671.7999877929688,579655,0.0002098459738259,0.0008240817677339,0.0008099396732981,0.0,0.0,0.0
2025-11-06 13:45:00-05:00,671.8300170898438,672.010009765625,671.3300170898438,671.969970703125,648258,-0.0001785933931005,0.0008099396732981,0.0008055633151557,0.0,0.0,0.0
2025-11-06 13:50:00-05:00,671.969970703125,672.0800170898438,671.5700073242188,671.8300170898438,383880,0.0002082953044479,0.0008055633151557,0.000827263590628,0.0,0.0,0.0
2025-11-06 13:55:00-05:00,671.5,672.0098876953125,671.0599975585938,671.9600219726562,566876,-0.0006996371077049,0.000827263590628,0.0007873169299202,0.0,0.0,0.0
2025-11-06 14:00:00-05:00,672.260009765625,672.3099975585938,671.280029296875,671.510009765625,941036,0.0011311690199745,0.0007873169299202,0.0005650278958797,0.0,0.0,0.0
2025-11-06 14:05:00-05:00,672.260009765625,673.010009765625,672.1300048828125,672.22998046875,774006,0.0,0.0005650278958797,0.0005799432113755,0.0,0.0,0.0
2025-11-06 14:10:00-05:00,672.8099975585938,672.9149780273438,672.27001953125,672.27001953125,401717,0.0008177831943692,0.0005799432113755,0.0006240693109239,0.0,0.0,0.0
2025-11-06 14:15:00-05:00,672.510009765625,672.9400024414062,672.1849975585938,672.8099975585938,486872,-0.0004459724025624,0.0006240693109239,0.0005323914318447,0.0,0.0,0.0
2025-11-06 14:20:00-05:00,672.6799926757812,672.760009765625,672.3701171875,672.489990234375,348793,0.0002527269913581,0.0005323914318447,0.0005773734213977,0.0,0.0,0.0
2025-11-06 14:25:00-05:00,673.4000244140625,673.5250244140625,672.6950073242188,672.7000122070312,690188,0.0010698202154606,0.0005773734213977,0.0005738170973447,0.0,0.0,0.0
2025-11-06 14:30:00-05:00,673.3699951171875,673.5698852539062,672.9000244140625,673.3900146484375,569298,-4.459454315809514e-05,0.0005738170973447,0.0005750579286018,0.0,0.0,0.0
2025-11-06 14:35:00-05:00,673.22998046875,673.7000122070312,673.2050170898438,673.3800048828125,686998,-0.0002079528463991,0.0005750579286018,0.0006177045563116,0.0,0.0,0.0
2025-11-06 14:40:00-05:00,672.8200073242188,673.22998046875,672.1900024414062,673.219970703125,906520,-0.0006091499735171,0.0006177045563116,0.0006408783013262,0.0,0.0,0.0
2025-11-06 14:45:00-05:00,672.4600219726562,672.9600219726562,672.1500244140625,672.8400268554688,537526,-0.0005351827906684,0.0006408783013262,0.0006400076420236,0.0,0.0,0.0
2025-11-06 14:50:00-05:00,672.5599975585938,672.7000122070312,672.030029296875,672.4500122070312,820553,0.0001486603688716,0.0006400076420236,0.0006089868355598,0.0,0.0,0.0
2025-11-06 14:55:00-05:00,672.989990234375,673.4180297851562,672.4600219726562,672.5449829101562,637969,0.0006391329854997,0.0006089868355598,0.0005450853816233,0.0,0.0,0.0
2025-11-06 15:00:00-05:00,672.77001953125,673.14501953125,672.489990234375,672.97998046875,468974,-0.0003269092609198,0.0005450853816233,0.0005477294580027,0.0,0.0,0.0
2025-11-06 15:05:00-05:00,672.9500122070312,673.1599731445312,672.7000122070312,672.7899780273438,416595,0.0002675038977046,0.0005477294580027,0.0004969525648105,0.0,0.0,0.0
2025-11-06 15:10:00-05:00,672.989990234375,673.3099975585938,672.7050170898438,672.9318237304688,574976,5.940536321534823e-05,0.0004969525648105,0.0004746775559019,0.0,0.0,0.0
2025-11-06 15:15:00-05:00,673.010009765625,673.1199951171875,672.4000244140625,672.989990234375,686962,2.974670319674426e-05,0.0004746775559019,0.0004752326182385,0.0,0.0,0.0
2025-11-06 15:20:00-05:00,673.1900024414062,673.280029296875,672.7999877929688,673.02001953125,629402,0.0002674085206085,0.0004752326182385,0.0005085880602399,0.0,0.0,0.0
2025-11-06 15:25:00-05:00,672.3200073242188,673.3499755859375,672.239990234375,673.1801147460938,728049,-0.0012931828557436,0.0005085880602399,0.0005234086481639,0.0,0.0,0.0
2025-11-06 15:30:00-05:00,672.52001953125,672.6900024414062,671.6599731445312,672.3099975585938,1144718,0.0002974513020311,0.0005234086481639,0.0005707932033714,0.0,0.0,0.0
2025-11-06 15:35:00-05:00,671.9199829101562,672.719970703125,671.8800048828125,672.52001953125,922590,-0.0008926194695859,0.0005707932033714,0.0005857622320958,0.0,0.0,0.0
2025-11-06 15:40:00-05:00,671.3900146484375,672.2000122070312,671.3400268554688,671.9099731445312,1131570,-0.0007890483807585,0.0005857622320958,0.0007011127635645,0.0,0.0,0.0
2025-11-06 15:45:00-05:00,670.3599853515625,671.5599975585938,670.3400268554688,671.3900146484375,1816466,-0.0015353523371958,0.0007011127635645,0.0007068292718951,0.0,0.0,0.0
2025-11-06 15:50:00-05:00,670.5250244140625,671.0599975585938,670.3300170898438,670.375,2664544,0.0002461643796917,0.0007068292718951,0.0006491983269997,0.0,0.0,0.0
2025-11-06 15:55:00-05:00,670.239990234375,670.6099853515625,669.530029296875,670.5250244140625,6961658,-0.0004251814163815,0.0006491983269997,0.0017335833138759,0.0,0.0,0.0
2025-11-07 09:30:00-05:00,666.2899780273438,667.97998046875,666.1900024414062,667.9099731445312,5164547,-0.0059108644046749,0.0017335833138759,0.0017767092902004,0.0,0.0,0.0
2025-11-07 09:35:00-05:00,664.5,666.4000244140625,664.385009765625,666.280029296875,2547323,-0.0026901000704091,0.0017767092902004,0.0018913461233878,0.0,0.0,0.0
2025-11-07 09:40:00-05:00,665.4302978515625,665.7899780273438,664.3499755859375,664.5,2206168,0.0013990176850633,0.0018913461233878,0.0018673038873763,0.0,0.0,0.0
2025-11-07 09:45:00-05:00,664.875,666.0800170898438,664.864990234375,665.4500122070312,1658926,-0.0008348427758817,0.0018673038873763,0.0020138957744816,0.0,0.0,0.0
2025-11-07 09:50:00-05:00,666.094970703125,666.4199829101562,664.780029296875,664.8900146484375,1795507,0.0018332059650267,0.0020138957744816,0.0020337139312744,0.0,0.0,0.0
2025-11-07 09:55:00-05:00,666.25,666.8350219726562,665.7100219726562,666.0750122070312,1166830,0.0002327164525458,0.0020337139312744,0.0020282428286912,0.0,0.0,0.0
2025-11-07 10:00:00-05:00,665.0,666.4600219726562,664.8599853515625,666.1599731445312,1295642,-0.0018779348242002,0.0020282428286912,0.0021167194035734,0.0,0.0,0.0
2025-11-07 10:05:00-05:00,665.77001953125,665.8455810546875,663.969970703125,665.02001953125,1696591,0.0011572542300852,0.0021167194035734,0.0021869822743032,0.0,0.0,0.0
2025-11-07 10:10:00-05:00,666.530029296875,666.6400146484375,665.6400146484375,665.77001953125,1015312,0.0011408989269833,0.0021869822743032,0.0021701456129879,0.0,0.0,0.0
2025-11-07 10:15:00-05:00,666.4400024414062,667.219970703125,665.97998046875,666.5399780273438,1359030,-0.0001350770886997,0.0021701456129879,0.0021695113990823,0.0,0.0,0.0
2025-11-07 10:20:00-05:00,665.5499877929688,667.0399780273438,665.4500122070312,666.4400024414062,1061093,-0.0013363685724634,0.0021695113990823,0.0021965504303858,0.0,0.0,0.0
2025-11-07 10:25:00-05:00,665.9299926757812,666.8499755859375,665.52001953125,665.5700073242188,1015662,0.0005708007611144,0.0021965504303858,0.0014267160160039,0.0,0.0,0.0
2025-11-07 10:30:00-05:00,665.27001953125,666.3099975585938,665.22998046875,665.9149780273438,1061196,-0.0009915462628472,0.0014267160160039,0.0012069755268597,0.0,0.0,0.0
2025-11-07 10:35:00-05:00,664.719970703125,666.0499877929688,664.6300048828125,665.2550048828125,1171239,-0.0008271473673103,0.0012069755268597,0.0011414194001952,0.0,0.0,0.0
2025-11-07 10:40:00-05:00,664.239990234375,665.1599731445312,664.1500244140625,664.7000122070312,1204287,-0.0007223400308938,0.0011414194001952,0.0011253495905189,0.0,0.0,0.0
2025-11-07 10:45:00-05:00,663.9500122070312,664.4000244140625,663.5599975585938,664.239990234375,1612467,-0.0004366514300184,0.0011253495905189,0.0009486909490844,0.0,0.0,0.0
2025-11-07 10:50:00-05:00,663.989990234375,664.739990234375,663.75,663.9600219726562,1135530,6.021059277126554e-05,0.0009486909490844,0.0009564168012187,0.0,0.0,0.0
2025-11-07 10:55:00-05:00,663.3300170898438,663.97998046875,663.2899780273438,663.969970703125,1086352,-0.0009944447386882,0.0009564168012187,0.0008623008333771,0.0,0.0,0.0
2025-11-07 11:00:00-05:00,663.719970703125,664.030029296875,663.219970703125,663.3200073242188,1334184,0.0005876999782858,0.0008623008333771,0.0007666163606046,0.0,0.0,0.0
2025-11-07 11:05:00-05:00,663.2399291992188,664.0,663.1199951171875,663.7100219726562,1155190,-0.0007235207708728,0.0007666163606046,0.0006189369559958,0.0,0.0,0.0
2025-11-07 11:10:00-05:00,662.760009765625,663.5,662.6300048828125,663.239990234375,1338706,-0.0007238604474203,0.0006189369559958,0.0007030216202939,0.0,0.0,0.0
2025-11-07 11:15:00-05:00,663.22998046875,663.2899780273438,662.25,662.739990234375,1551148,0.0007088601366006,0.0007030216202939,0.0006398845994963,0.0,0.0,0.0
2025-11-07 11:20:00-05:00,663.114990234375,663.8300170898438,663.0800170898438,663.22998046875,1161574,-0.0001733941579348,0.0006398845994963,0.0005775241346323,0.0,0.0,0.0
2025-11-07 11:25:00-05:00,662.8250122070312,663.1900024414062,662.6799926757812,663.1199951171875,736974,-0.0004373923879404,0.0005775241346323,0.0006190064499333,0.0,0.0,0.0
2025-11-07 11:30:00-05:00,663.2750244140625,663.3400268554688,662.6599731445312,662.8200073242188,1031119,0.0006787002667644,0.0006190064499333,0.000644923615394,0.0,0.0,0.0
2025-11-07 11:35:00-05:00,662.5549926757812,663.3699951171875,662.3800048828125,663.280029296875,722667,-0.0010861600654501,0.000644923615394,0.0007208623934422,0.0,0.0,0.0
2025-11-07 11:40:00-05:00,663.2100219726562,663.2949829101562,662.1900024414062,662.5499877929688,1028862,0.0009881530179747,0.0007208623934422,0.0007580860518442,0.0,0.0,0.0
2025-11-07 11:45:00-05:00,662.5599975585938,663.3499755859375,662.3099975585938,663.2000122070312,776813,-0.0009805991334448,0.0007580860518442,0.0007545818324311,0.0,0.0,0.0
2025-11-07 11:50:00-05:00,662.4600219726562,663.3300170898438,662.4199829101562,662.5599975585938,753092,-0.000150904265073,0.0007545818324311,0.0007327354431404,0.0,0.0,0.0
2025-11-07 11:55:00-05:00,661.9749755859375,662.6099853515625,661.3300170898438,662.4600219726562,1185079,-0.0007324578545541,0.0007327354431404,0.0006975153083149,0.0,0.0,0.0
2025-11-07 12:00:00-05:00,661.6300048828125,662.1900024414062,661.5700073242188,661.969970703125,877633,-0.000521259312297,0.0006975153083149,0.0006960635413818,0.0,0.0,0.0
2025-11-07 12:05:00-05:00,661.7999877929688,662.030029296875,661.2050170898438,661.6599731445312,1055457,0.0002568823617898,0.0006960635413818,0.0007692344847109,0.0,0.0,0.0
2025-11-07 12:10:00-05:00,662.5599975585938,662.6898803710938,661.4299926757812,661.7899780273438,1048298,0.0011477390701345,0.0007692344847109,0.0007606538292255,0.0,0.0,0.0
2025-11-07 12:15:00-05:00,662.9600219726562,663.125,662.4849853515625,662.5700073242188,631606,0.000603573571598,0.0007606538292255,0.0008532499696048,0.0,0.0,0.0
2025-11-07 12:20:00-05:00,663.8400268554688,664.169921875,662.7100219726562,662.97998046875,748118,0.0013265073552408,0.0008532499696048,0.0008511732389988,0.0,0.0,0.0
2025-11-07 12:25:00-05:00,663.5750122070312,664.2750244140625,663.3900146484375,663.8300170898438,834527,-0.0003992943339646,0.0008511732389988,0.0008331903800457,0.0,0.0,0.0
2025-11-07 12:30:00-05:00,663.739990234375,664.0499877929688,663.4199829101562,663.52001953125,569052,0.0002485891109342,0.0008331903800457,0.0007978334053942,0.0,0.0,0.0
2025-11-07 12:35:00-05:00,663.22998046875,663.9249877929688,662.9199829101562,663.7449951171875,626942,-0.0007686832437773,0.0007978334053942,0.0007469845248101,0.0,0.0,0.0
2025-11-07 12:40:00-05:00,663.1199951171875,663.4199829101562,662.7000122070312,663.2000122070312,782855,-0.0001658466526015,0.0007469845248101,0.0007698523329497,0.0,0.0,0.0
2025-11-07 12:45:00-05:00,662.3499755859375,663.47998046875,662.2899780273438,663.1099853515625,617798,-0.0011618816493695,0.0007698523329497,0.0008040453903643,0.0,0.0,0.0
2025-11-07 12:50:00-05:00,662.8800048828125,662.9400024414062,662.010009765625,662.3656005859375,828246,0.0007999054246403,0.0008040453903643,0.0008753806035664,0.0,0.0,0.0
2025-11-07 12:55:00-05:00,663.9400024414062,664.010009765625,662.8300170898438,662.8699951171875,668100,0.0015978019298086,0.0008753806035664,0.0008421998509646,0.0,0.0,0.0
2025-11-07 13:00:00-05:00,664.0599975585938,664.3400268554688,663.8300170898438,663.9400024414062,530290,0.0001807155384248,0.0008421998509646,0.0008420644734303,0.0,0.0,0.0
2025-11-07 13:05:00-05:00,664.260009765625,664.530029296875,663.5800170898438,664.0399780273438,583176,0.0003011506375572,0.0008420644734303,0.0008006554566514,0.0,0.0,0.0
2025-11-07 13:10:00-05:00,664.510009765625,664.6749877929688,664.0499877929688,664.260009765625,604481,0.0003762878440589,0.0008006554566514,0.000793249102771,0.0,0.0,0.0
2025-11-07 13:15:00-05:00,664.5800170898438,664.6799926757812,664.0,664.510009765625,507278,0.0001053462487399,0.000793249102771,0.0007428187874139,0.0,0.0,0.0
2025-11-07 13:20:00-05:00,665.1500244140625,665.1599731445312,664.4400024414062,664.5900268554688,703057,0.0008573279407714,0.0007428187874139,0.0007213404214936,0.0,0.0,0.0
2025-11-07 13:25:00-05:00,665.3099975585938,665.5750122070312,665.0598754882812,665.1599731445312,696641,0.0002404779439595,0.0007213404214936,0.000725625957251,0.0,0.0,0.0
2025-11-07 13:30:00-05:00,665.27001953125,665.6599731445312,665.22998046875,665.2999877929688,704093,-6.009112844374523e-05,0.000725625957251,0.0006969320930654,0.0,0.0,0.0
2025-11-07 13:35:00-05:00,665.9749755859375,666.0,664.9600219726562,665.2899780273438,611464,0.0010590929891457,0.0006969320930654,0.0007126422738662,0.0,0.0,0.0
2025-11-07 13:40:00-05:00,665.72998046875,666.0900268554688,665.6099853515625,665.97998046875,495499,-0.0003679420412721,0.0007126422738662,0.0007466719272115,0.0,0.0,0.0
2025-11-07 13:45:00-05:00,664.8411865234375,665.9299926757812,664.6900024414062,665.72998046875,930390,-0.0013359587214171,0.0007466719272115,0.0007340801827684,0.0,0.0,0.0
2025-11-07 13:50:00-05:00,664.8588256835938,664.864990234375,664.219970703125,664.864990234375,615983,2.6531037069124728e-05,0.0007340801827684,0.0006659273345301,0.0,0.0,0.0
2025-11-07 13:55:00-05:00,665.614990234375,666.02001953125,664.8200073242188,664.8499755859375,592065,0.0011366847256238,0.0006659273345301,0.0006687635060658,0.0,0.0,0.0
2025-11-07 14:00:00-05:00,665.9000244140625,666.25,665.2000122070312,665.6099853515625,510705,0.0004281351406564,0.0006687635060658,0.0006685148207691,0.0,0.0,0.0
2025-11-07 14:05:00-05:00,666.02001953125,666.3200073242188,665.7100219726562,665.9000244140625,524633,0.0001801836650144,0.0006685148207691,0.0006688242159183,0.0,0.0,0.0
2025-11-07 14:10:00-05:00,666.280029296875,666.3385009765625,665.780029296875,666.030029296875,846213,0.0003903171348747,0.0006688242159183,0.0006969088682313,0.0,0.0,0.0
2025-11-07 14:15:00-05:00,665.9749755859375,666.5499877929688,665.9099731445312,666.2899780273438,586002,-0.0004579509405493,0.0006969088682313,0.0007029982285206,0.0,0.0,0.0
2025-11-07 14:20:00-05:00,666.5900268554688,666.6799926757812,665.9749755859375,665.97998046875,1095529,0.0009231089096286,0.0007029982285206,0.000711467472733,0.0,0.0,0.0
2025-11-07 14:25:00-05:00,666.4500122070312,666.5900268554688,666.1099853515625,666.5900268554688,1171319,-0.0002100681822743,0.000711467472733,0.0008331519121095,0.0,0.0,0.0
2025-11-07 14:30:00-05:00,667.5700073242188,667.6599731445312,666.47998046875,666.47998046875,1003378,0.0016791282948371,0.0008331519121095,0.0008471369950388,0.0,0.0,0.0
2025-11-07 14:35:00-05:00,668.3800048828125,668.52001953125,667.3699951171875,667.5700073242188,1359354,0.0012126167153665,0.0008471369950388,0.0008818589475503,0.0,0.0,0.0
2025-11-07 14:40:00-05:00,669.3699951171875,669.5800170898438,668.3800048828125,668.3800048828125,1920704,0.0014800828482175,0.0008818589475503,0.0007445668922986,0.0,0.0,0.0
2025-11-07 14:45:00-05:00,669.0700073242188,669.3900146484375,667.6699829101562,669.3699951171875,2363293,-0.000448264841823,0.0007445668922986,0.0007346712080371,0.0,0.0,0.0
2025-11-07 14:50:00-05:00,669.6900024414062,669.7100219726562,668.8300170898438,669.0900268554688,1456074,0.0009262230078414,0.0007346712080371,0.000719029936163,0.0,0.0,0.0
2025-11-07 14:55:00-05:00,669.8900146484375,669.97998046875,669.0499877929688,669.6900024414062,985958,0.000298619277633,0.000719029936163,0.0007747660511886,0.0,0.0,0.0
2025-11-07 15:00:00-05:00,669.5798950195312,670.030029296875,669.3699951171875,669.9000244140625,1206410,-0.0004630483032266,0.0007747660511886,0.0007823653115262,0.0,0.0,0.0
2025-11-07 15:05:00-05:00,669.5800170898438,669.6599731445312,668.6500244140625,669.5800170898438,1918302,1.8230879143167597e-07,0.0007823653115262,0.0008001190096351,0.0,0.0,0.0
2025-11-07 15:10:00-05:00,669.489990234375,669.9199829101562,669.3099975585938,669.5800170898438,848330,-0.0001344617609415,0.0008001190096351,0.0008302137376458,0.0,0.0,0.0
2025-11-07 15:15:00-05:00,669.0,669.655029296875,668.5800170898438,669.47998046875,1209879,-0.0007321537849938,0.0008302137376458,0.0008938709509262,0.0,0.0,0.0
2025-11-07 15:20:00-05:00,668.35498046875,669.0941772460938,668.2249755859375,668.97998046875,970345,-0.0009646198514015,0.0008938709509262,0.0008854987532002,0.0,0.0,0.0
2025-11-07 15:25:00-05:00,668.6649780273438,669.1400146484375,667.9199829101562,668.3599853515625,1108902,0.0004637141909196,0.0008854987532002,0.0007741564168132,0.0,0.0,0.0
2025-11-07 15:30:00-05:00,669.0,669.4299926757812,668.6599731445312,668.6599731445312,884495,0.0005009056604818,0.0007741564168132,0.0007314078254339,0.0,0.0,0.0
2025-11-07 15:35:00-05:00,669.530029296875,669.5800170898438,668.969970703125,669.0,767320,0.0007919573158266,0.0007314078254339,0.0006322300528087,0.0,0.0,0.0
2025-11-07 15:40:00-05:00,670.02001953125,670.10498046875,669.0499877929688,669.5399780273438,1049301,0.0007315743919493,0.0006322300528087,0.0008510481546181,0.0,0.0,0.0
2025-11-07 15:45:00-05:00,668.72998046875,670.0399780273438,668.6849975585938,670.010009765625,1776633,-0.0019272298215352,0.0008510481546181,0.0009406085527164,0.0,0.0,0.0
2025-11-07 15:50:00-05:00,669.8099975585938,670.0900268554688,668.719970703125,668.72998046875,2299005,0.0016137244190624,0.0009406085527164,0.0010527300521563,0.0,0.0,0.0
2025-11-07 15:55:00-05:00,670.9199829101562,671.0800170898438,669.6500244140625,669.77001953125,4637080,0.0016557929207694,0.0010527300521563,0.0030727176981239,0.0,0.0,0.0
2025-11-10 09:30:00-05:00,677.8001098632812,678.1300048828125,677.030029296875,677.2349853515625,5054319,0.010202541906688,0.0030727176981239,0.0030578070831916,0.0,0.0,0.0
2025-11-10 09:35:00-05:00,678.7999877929688,678.853515625,677.8200073242188,677.8200073242188,1971441,0.0014740941158302,0.0030578070831916,0.0030544954467898,0.0,0.0,0.0
2025-11-10 09:40:00-05:00,678.77001953125,679.0900268554688,678.489990234375,678.7999877929688,1593748,-4.414985829372774e-05,0.0030544954467898,0.0030319085364021,0.0,0.0,0.0
2025-11-10 09:45:00-05:00,678.5800170898438,679.2000122070312,678.5050048828125,678.780029296875,1498821,-0.0002799608612679,0.0030319085364021,0.0029913144204372,0.0,0.0,0.0
2025-11-10 09:50:00-05:00,678.4299926757812,678.6295166015625,678.0399780273438,678.5800170898438,1521280,-0.0002211102550373,0.0029913144204372,0.0029995116877956,0.0,0.0,0.0
2025-11-10 09:55:00-05:00,678.5449829101562,679.0399780273438,678.219970703125,678.4450073242188,875416,0.0001694802582495,0.0029995116877956,0.0030048097435853,0.0,0.0,0.0
2025-11-10 10:00:00-05:00,678.739990234375,678.8400268554688,678.3099975585938,678.5399780273438,925353,0.0002873491262616,0.0030048097435853,0.0030248725646354,0.0,0.0,0.0
2025-11-10 10:05:00-05:00,678.7100219726562,678.9650268554688,678.510009765625,678.7349853515625,760024,-4.415376102853212e-05,0.0030248725646354,0.0030477128118253,0.0,0.0,0.0
2025-11-10 10:10:00-05:00,678.5800170898438,679.1799926757812,678.47998046875,678.7100219726562,908642,-0.0001915653684452,0.0030477128118253,0.0029402408984652,0.0,0.0,0.0
2025-11-10 10:15:00-05:00,678.3300170898438,678.9600219726562,678.1599731445312,678.5900268554688,703575,-0.0003684842716634,0.0029402408984652,0.0029373302452466,0.0,0.0,0.0
2025-11-10 10:20:00-05:00,679.0399780273438,679.0499877929688,678.239990234375,678.3300170898438,670665,0.0010460832415565,0.0029373302452466,0.0029589568503089,0.0,0.0,0.0
2025-11-10 10:25:00-05:00,678.8599853515625,679.219970703125,678.77001953125,679.0399780273438,725588,-0.0002651044726262,0.0029589568503089,0.0005761385461868,0.0,0.0,0.0
2025-11-10 10:30:00-05:00,678.7100219726562,678.989990234375,678.530029296875,678.8699951171875,745409,-0.0002209291288215,0.0005761385461868,0.0004550723702476,0.0,0.0,0.0
2025-11-10 10:35:00-05:00,678.1300048828125,678.9699096679688,678.0499877929688,678.7100219726562,744104,-0.0008549528517639,0.0004550723702476,0.0004745004454892,0.0,0.0,0.0
2025-11-10 10:40:00-05:00,677.7550048828125,678.1799926757812,677.739990234375,678.1199951171875,774537,-0.0005531442664542,0.0004745004454892,0.0004719938553746,0.0,0.0,0.0
2025-11-10 10:45:00-05:00,677.6900024414062,678.1099853515625,677.530029296875,677.760009765625,769136,-9.591306339222356e-05,0.0004719938553746,0.0005625322061039,0.0,0.0,0.0
2025-11-10 10:50:00-05:00,676.9000244140625,677.7000122070312,676.385009765625,677.7000122070312,1343585,-0.001166372262073,0.0005625322061039,0.0005926626825163,0.0,0.0,0.0
2025-11-10 10:55:00-05:00,676.239990234375,676.9000244140625,676.1500244140625,676.9000244140625,800430,-0.0009755594024112,0.0005926626825163,0.0005730826816498,0.0,0.0,0.0
2025-11-10 11:00:00-05:00,675.7849731445312,676.280029296875,675.6099853515625,676.25,879276,-0.0006730898013678,0.0005730826816498,0.0006162343986808,0.0,0.0,0.0
2025-11-10 11:05:00-05:00,676.0999755859375,676.3300170898438,675.239990234375,675.780029296875,1149578,0.0004660196082558,0.0006162343986808,0.0006574386910835,0.0,0.0,0.0
2025-11-10 11:10:00-05:00,676.4199829101562,676.8200073242188,676.0999755859375,676.0999755859375,1061977,0.0004732016384378,0.0006574386910835,0.0006584220152835,0.0,0.0,0.0
2025-11-10 11:15:00-05:00,676.3599853515625,676.6799926757812,675.9600219726562,676.4299926757812,896124,-8.870261245833277e-05,0.0006584220152835,0.0005348411575584,0.0,0.0,0.0
2025-11-10 11:20:00-05:00,675.8099975585938,676.4949951171875,675.5349731445312,676.3499755859375,658696,-0.0008134891770267,0.0005348411575584,0.0005332973621042,0.0,0.0,0.0
2025-11-10 11:25:00-05:00,675.5549926757812,676.0244140625,675.52001953125,675.8049926757812,576336,-0.0003774034219948,0.0005332973621042,0.0005881011598659,0.0,0.0,0.0
2025-11-10 11:30:00-05:00,675.864990234375,676.2899780273438,675.5499877929688,675.5499877929688,565129,0.0004587730948944,0.0005881011598659,0.00056676900204,0.0,0.0,0.0
2025-11-10 11:35:00-05:00,675.5999755859375,675.9400024414062,675.489990234375,675.8800048828125,564820,-0.0003921887115638,0.00056676900204,0.0005853022272024,0.0,0.0,0.0
2025-11-10 11:40:00-05:00,675.7899780273438,675.8200073242188,675.030029296875,675.6300048828125,596763,0.0002811955825928,0.0005853022272024,0.0005873152509573,0.0,0.0,0.0
2025-11-10 11:45:00-05:00,675.7741088867188,675.8599853515625,675.3699951171875,675.780029296875,449502,-2.348263138889517e-05,0.0005873152509573,0.000510348615736,0.0,0.0,0.0
2025-11-10 11:50:00-05:00,675.5850830078125,676.0700073242188,675.4600219726562,675.760009765625,578010,-0.000279756679457,0.000510348615736,0.0006459129152052,0.0,0.0,0.0
2025-11-10 11:55:00-05:00,676.6300048828125,676.6699829101562,675.52001953125,675.5800170898438,496746,0.0015454968552646,0.0006459129152052,0.0006907246825255,0.0,0.0,0.0
2025-11-10 12:00:00-05:00,677.489990234375,677.5599975585938,676.4500122070312,676.6199951171875,699350,0.0012701761591066,0.0006907246825255,0.0006999701340881,0.0,0.0,0.0
2025-11-10 12:05:00-05:00,677.2899780273438,677.8499755859375,677.1900024414062,677.4849853515625,771733,-0.0002952689191899,0.0006999701340881,0.0007425162545668,0.0,0.0,0.0
2025-11-10 12:10:00-05:00,676.739990234375,677.3599853515625,676.6599731445312,677.2849731445312,486822,-0.0008123717142269,0.0007425162545668,0.0007520495449247,0.0,0.0,0.0
2025-11-10 12:15:00-05:00,677.0700073242188,677.219970703125,676.560302734375,676.77001953125,403516,0.0004875382763841,0.0007520495449247,0.0006965991322821,0.0,0.0,0.0
2025-11-10 12:20:00-05:00,677.2150268554688,677.52001953125,676.989990234375,677.0599975585938,393852,0.0002141639730842,0.0006965991322821,0.0006759986063409,0.0,0.0,0.0
2025-11-10 12:25:00-05:00,677.4650268554688,677.7999877929688,677.1900024414062,677.2000122070312,580891,0.0003690908449612,0.0006759986063409,0.0006895200382551,0.0,0.0,0.0
2025-11-10 12:30:00-05:00,677.969970703125,678.0449829101562,677.4650268554688,677.4650268554688,484468,0.0007450654172638,0.0006895200382551,0.0006587086689886,0.0,0.0,0.0
2025-11-10 12:35:00-05:00,678.239990234375,678.2899780273438,677.89501953125,677.97998046875,269975,0.0003981972446674,0.0006587086689886,0.0006585655340608,0.0,0.0,0.0
2025-11-10 12:40:00-05:00,678.4600219726562,678.8400268554688,678.2000122070312,678.260009765625,715709,0.0003243631432603,0.0006585655340608,0.0006534304448799,0.0,0.0,0.0
2025-11-10 12:45:00-05:00,678.8800048828125,678.9949951171875,678.4600219726562,678.4600219726562,324062,0.0006188322973603,0.0006534304448799,0.0006305948102265,0.0,0.0,0.0
2025-11-10 12:50:00-05:00,679.4600219726562,679.47998046875,678.8900146484375,678.8900146484375,1003989,0.0008540087365879,0.0006305948102265,0.0005480468361684,0.0,0.0,0.0
2025-11-10 12:55:00-05:00,679.4199829101562,679.75,679.3599853515625,679.469970703125,769655,-5.89295042501593e-05,0.0005480468361684,0.0004648834866027,0.0,0.0,0.0
2025-11-10 13:00:00-05:00,679.52001953125,679.77001953125,679.3400268554688,679.4199829101562,413239,0.0001472274288705,0.0004648834866027,0.0004323949849436,0.0,0.0,0.0
2025-11-10 13:05:00-05:00,679.6849975585938,679.7999877929688,679.4500122070312,679.52001953125,848900,0.0002427566497762,0.0004323949849436,0.0002760658625106,0.0,0.0,0.0
2025-11-10 13:10:00-05:00,679.7100219726562,679.8250122070312,679.5999755859375,679.6900024414062,378566,3.681698653552413e-05,0.0002760658625106,0.0002744412688409,0.0,0.0,0.0
2025-11-10 13:15:00-05:00,679.8930053710938,680.0499877929688,679.719970703125,679.719970703125,661303,0.0002691718036254,0.0002744412688409,0.0002892987071043,0.0,0.0,0.0
2025-11-10 13:20:00-05:00,679.9000244140625,679.9166870117188,679.6400146484375,679.9000244140625,510328,1.032369311358162e-05,0.0002892987071043,0.0003987359218995,0.0,0.0,0.0
2025-11-10 13:25:00-05:00,679.4749755859375,679.9650268554688,679.39501953125,679.8900146484375,431622,-0.0006253592157824,0.0003987359218995,0.0003984962679192,0.0,0.0,0.0
2025-11-10 13:30:00-05:00,679.97998046875,680.1400146484375,679.4949951171875,679.5,384069,0.0007429520246958,0.0003984962679192,0.0003975352266689,0.0,0.0,0.0
2025-11-10 13:35:00-05:00,680.22998046875,680.2999877929688,679.9749755859375,679.97998046875,388908,0.0003675903132523,0.0003975352266689,0.0004041151369372,0.0,0.0,0.0
2025-11-10 13:40:00-05:00,680.2098999023438,680.3900146484375,680.0900268554688,680.239990234375,361089,-2.952069650032928e-05,0.0004041151369372,0.0003890762084606,0.0,0.0,0.0
2025-11-10 13:45:00-05:00,680.4849853515625,680.489990234375,680.114990234375,680.2100219726562,444771,0.0004043308399959,0.0003890762084606,0.0003521684797974,0.0,0.0,0.0
2025-11-10 13:50:00-05:00,680.2849731445312,680.5399780273438,680.2100219726562,680.489990234375,419247,-0.0002939691712369,0.0003521684797974,0.0004055885825523,0.0,0.0,0.0
2025-11-10 13:55:00-05:00,679.875,680.2849731445312,679.8350219726562,680.2849731445312,608741,-0.0006028307920265,0.0004055885825523,0.0004299256102328,0.0,0.0,0.0
2025-11-10 14:00:00-05:00,680.25,680.260009765625,679.8400268554688,679.8800048828125,381664,0.0005514199202308,0.0004299256102328,0.0004272801232488,0.0,0.0,0.0
2025-11-10 14:05:00-05:00,680.3200073242188,680.469970703125,680.1799926757812,680.239990234375,517687,0.0001029088160163,0.0004272801232488,0.0004386190953017,0.0,0.0,0.0
2025-11-10 14:10:00-05:00,680.1400146484375,680.3900146484375,679.9400024414062,680.3200073242188,704177,-0.0002646056097561,0.0004386190953017,0.0004405438155291,0.0,0.0,0.0
2025-11-10 14:15:00-05:00,680.35009765625,680.4099731445312,680.0250244140625,680.135009765625,310756,0.0003088343054935,0.0004405438155291,0.0004403090662886,0.0,0.0,0.0
2025-11-10 14:20:00-05:00,680.3900146484375,680.4398803710938,680.2651977539062,680.3499755859375,235742,5.8669531144198045e-05,0.0004403090662886,0.0004054311576586,0.0,0.0,0.0
2025-11-10 14:25:00-05:00,680.781494140625,680.9555053710938,680.3800048828125,680.3800048828125,572536,0.0005752096638133,0.0004054311576586,0.0003772572499455,0.0,0.0,0.0
2025-11-10 14:30:00-05:00,680.5999755859375,680.8800048828125,680.5599975585938,680.780029296875,580946,-0.0002666681746441,0.0003772572499455,0.0003718661626607,0.0,0.0,0.0
2025-11-10 14:35:00-05:00,680.7899780273438,680.7999877929688,680.5399780273438,680.5999755859375,505075,0.0002791300789838,0.0003718661626607,0.0003736256192027,0.0,0.0,0.0
2025-11-10 14:40:00-05:00,680.9550170898438,681.0449829101562,680.7550048828125,680.780029296875,646593,0.0002423934934952,0.0003736256192027,0.0003605041450705,0.0,0.0,0.0
2025-11-10 14:45:00-05:00,681.02001953125,681.0994873046875,680.885009765625,680.9500122070312,478816,9.545320539340794e-05,0.0003605041450705,0.0003903898100844,0.0,0.0,0.0
2025-11-10 14:50:00-05:00,681.530029296875,681.6300048828125,680.9500122070312,681.02001953125,849185,0.0007486107242547,0.0003903898100844,0.0003490657983303,0.0,0.0,0.0
2025-11-10 14:55:00-05:00,681.2999877929688,681.6699829101562,681.1799926757812,681.5390014648438,685682,-0.0003375938351905,0.0003490657983303,0.000348274013687,0.0,0.0,0.0
2025-11-10 15:00:00-05:00,681.6702270507812,681.7000122070312,681.2550048828125,681.2899780273438,557994,0.0005432829901737,0.000348274013687,0.0003497860228373,0.0,0.0,0.0
2025-11-10 15:05:00-05:00,681.7000122070312,681.8101196289062,681.530029296875,681.6749877929688,466771,4.369342295598469e-05,0.0003497860228373,0.0003289208320404,0.0,0.0,0.0
2025-11-10 15:10:00-05:00,682.0,682.0800170898438,681.6849975585938,681.7100219726562,1028378,0.000439961567973,0.0003289208320404,0.0004135601437384,0.0,0.0,0.0
2025-11-10 15:15:00-05:00,681.5549926757812,682.0,681.4199829101562,682.0,1147160,-0.0006527163809428,0.0004135601437384,0.0004282814521171,0.0,0.0,0.0
2025-11-10 15:20:00-05:00,681.3900146484375,681.614990234375,681.1500244140625,681.5599975585938,906456,-0.0002420905132091,0.0004282814521171,0.0004078954379085,0.0,0.0,0.0
2025-11-10 15:25:00-05:00,681.3099975585938,681.6699829101562,681.3099975585938,681.3900146484375,730769,-0.0001174390389945,0.0004078954379085,0.0003997325406655,0.0,0.0,0.0
2025-11-10 15:30:00-05:00,681.2199096679688,681.3864135742188,681.030029296875,681.2999877929688,1148450,-0.0001322362030785,0.0003997325406655,0.0004616958311331,0.0,0.0,0.0
2025-11-10 15:35:00-05:00,681.8250122070312,681.97998046875,681.1649780273438,681.2100219726562,861308,0.0008878688722611,0.0004616958311331,0.0004661240424478,0.0,0.0,0.0
2025-11-10 15:40:00-05:00,681.72998046875,681.8300170898438,681.5499877929688,681.8200073242188,1029174,-0.0001393882006161,0.0004661240424478,0.0004794341553073,0.0,0.0,0.0
2025-11-10 15:45:00-05:00,682.0595703125,682.114990234375,681.5800170898438,681.7349853515625,1446498,0.0004833441493634,0.0004794341553073,0.0004409913733372,0.0,0.0,0.0
2025-11-10 15:50:00-05:00,681.97998046875,682.1799926757812,681.47998046875,682.0499877929688,2225670,-0.0001166972670179,0.0004409913733372,0.0005221350327418,0.0,0.0,0.0
2025-11-10 15:55:00-05:00,681.3200073242188,682.0,681.1300048828125,681.97998046875,4638251,-0.000968199518809,0.0005221350327418,0.0007160428520639,0.0,0.0,0.0
2025-11-11 09:30:00-05:00,680.0650024414062,680.52001953125,679.9000244140625,679.9500122070312,2168047,-0.0018437183152761,0.0007160428520639,0.0007318459592872,0.0,0.0,0.0
2025-11-11 09:35:00-05:00,680.3150024414062,680.5,679.969970703125,680.0700073242188,807210,0.0003675443654228,0.0007318459592872,0.0007079230314565,0.0,0.0,0.0
2025-11-11 09:40:00-05:00,680.0468139648438,680.3400268554688,679.739990234375,680.3150024414062,769590,-0.0003942899261102,0.0007079230314565,0.0006971218665616,0.0,0.0,0.0
2025-11-11 09:45:00-05:00,679.8099975585938,680.4400024414062,679.7750244140625,680.0449829101562,659427,-0.0003482960950553,0.0006971218665616,0.0007053237316105,0.0,0.0,0.0
2025-11-11 09:50:00-05:00,679.9199829101562,680.0,679.4199829101562,679.8099975585938,813680,0.0001617752838904,0.0007053237316105,0.0008031186029369,0.0,0.0,0.0
2025-11-11 09:55:00-05:00,680.7000122070312,680.844970703125,679.6799926757812,679.9299926757812,910238,0.0011465793316714,0.0008031186029369,0.0008329852941256,0.0,0.0,0.0
2025-11-11 10:00:00-05:00,680.1300048828125,680.6900024414062,680.0700073242188,680.6799926757812,605799,-0.0008377348388795,0.0008329852941256,0.0007699987516564,0.0,0.0,0.0
2025-11-11 10:05:00-05:00,679.85888671875,680.2550048828125,679.1300048828125,680.1300048828125,933786,-0.0003987064443368,0.0007699987516564,0.0007744466489007,0.0,0.0,0.0
2025-11-11 10:10:00-05:00,679.47998046875,680.0349731445312,679.2899780273438,679.8599853515625,570752,-0.0005574860970426,0.0007744466489007,0.0007503731169624,0.0,0.0,0.0
2025-11-11 10:15:00-05:00,678.9099731445312,679.4849853515625,678.85498046875,679.4600219726562,619978,-0.0008392396545017,0.0007503731169624,0.0008236678004297,0.0,0.0,0.0
2025-11-11 10:20:00-05:00,679.4550170898438,679.5599975585938,678.8200073242188,678.9099731445312,563619,0.0008025000327333,0.0008236678004297,0.0008003260589605,0.0,0.0,0.0
2025-11-11 10:25:00-05:00,679.4550170898438,679.8900146484375,679.22900390625,679.4500122070312,527788,0.0,0.0008003260589605,0.0006366213941298,0.0,0.0,0.0
2025-11-11 10:30:00-05:00,679.0386962890625,679.6300048828125,678.7999877929688,679.4500122070312,531668,-0.0006129153336732,0.0006366213941298,0.0006378498220236,0.0,0.0,0.0
2025-11-11 10:35:00-05:00,679.2999877929688,679.3400268554688,678.7899780273438,679.030029296875,548357,0.0003847221759801,0.0006378498220236,0.0006371827154793,0.0,0.0,0.0
2025-11-11 10:40:00-05:00,679.4199829101562,679.6898803710938,679.0651245117188,679.2949829101562,492761,0.0001766296515643,0.0006371827154793,0.0006344032062711,0.0,0.0,0.0
2025-11-11 10:45:00-05:00,679.239990234375,679.6099853515625,678.8800048828125,679.4099731445312,442397,-0.000264956177987,0.0006344032062711,0.0006321938949748,0.0,0.0,0.0
2025-11-11 10:50:00-05:00,679.0599975585938,679.239990234375,678.7899780273438,679.239990234375,405563,-0.0002650263983691,0.0006321938949748,0.0005036595030977,0.0,0.0,0.0
2025-11-11 10:55:00-05:00,679.1400146484375,679.260009765625,678.72998046875,679.0499877929688,437208,0.0001178281390328,0.0005036595030977,0.0004803168065677,0.0,0.0,0.0
2025-11-11 11:00:00-05:00,679.3699951171875,679.6500244140625,679.0499877929688,679.1400146484375,500043,0.0003385775140319,0.0004803168065677,0.0004709785528219,0.0,0.0,0.0
2025-11-11 11:05:00-05:00,679.280029296875,679.7000122070312,679.25,679.3900146484375,376017,-0.0001324341351007,0.0004709785528219,0.0004581691198339,0.0,0.0,0.0
2025-11-11 11:10:00-05:00,679.5150146484375,679.9199829101562,679.280029296875,679.2899780273438,406206,0.0003458731395174,0.0004581691198339,0.0004732090704855,0.0,0.0,0.0
2025-11-11 11:15:00-05:00,680.2550048828125,680.2899780273438,679.4500122070312,679.5150146484375,498873,0.0010884050932099,0.0004732090704855,0.0004396811431505,0.0,0.0,0.0
2025-11-11 11:20:00-05:00,680.5599975585938,680.739990234375,680.030029296875,680.260009765625,594639,0.0004482500271395,0.0004396811431505,0.0007178920576003,0.0,0.0,0.0
2025-11-11 11:25:00-05:00,679.3200073242188,680.6099853515625,679.280029296875,680.5599975585938,675836,-0.0018236764620194,0.0007178920576003,0.0007052525733237,0.0,0.0,0.0
2025-11-11 11:30:00-05:00,679.655029296875,679.719970703125,678.760009765625,679.3599853515625,816893,0.0004930509691719,0.0007052525733237,0.0006987906285779,0.0,0.0,0.0
2025-11-11 11:35:00-05:00,679.6400146484375,680.010009765625,679.4600219726562,679.6500244140625,345925,-2.2091816644169533e-05,0.0006987906285779,0.0006987890780151,0.0,0.0,0.0
2025-11-11 11:40:00-05:00,679.760009765625,679.9899291992188,679.2799072265625,679.6599731445312,353287,0.0001765412907814,0.0006987890780151,0.000701702178081,0.0,0.0,0.0
2025-11-11 11:45:00-05:00,680.0800170898438,680.1696166992188,679.635009765625,679.760009765625,322432,0.0004706543767004,0.000701702178081,0.0006927552262541,0.0,0.0,0.0
2025-11-11 11:50:00-05:00,680.0999755859375,680.219970703125,679.7100219726562,680.0850219726562,257702,2.9346845568531097e-05,0.0006927552262541,0.0007161066524669,0.0,0.0,0.0
2025-11-11 11:55:00-05:00,679.760009765625,680.260009765625,679.6400146484375,680.0999755859375,274941,-0.0005000012222688,0.0007161066524669,0.0007317554539499,0.0,0.0,0.0
2025-11-11 12:00:00-05:00,680.2000122070312,680.27001953125,679.6900024414062,679.739990234375,341186,0.0006470814577636,0.0007317554539499,0.0007427046509617,0.0,0.0,0.0
2025-11-11 12:05:00-05:00,680.6300048828125,680.8300170898438,680.2100219726562,680.2100219726562,517879,0.0006319565040331,0.0007427046509617,0.0007406270395413,0.0,0.0,0.0
2025-11-11 12:10:00-05:00,680.760009765625,680.8099975585938,680.3099975585938,680.6500244140625,327397,0.00019098844829,0.0007406270395413,0.0007002043022321,0.0,0.0,0.0
2025-11-11 12:15:00-05:00,681.2050170898438,681.22998046875,680.75,680.75,700655,0.0006534783658613,0.0007002043022321,0.0006923914308435,0.0,0.0,0.0
2025-11-11 12:20:00-05:00,681.280029296875,681.3900146484375,681.010009765625,681.2000122070312,406651,0.0001101108702893,0.0006923914308435,0.0003870524630886,0.0,0.0,0.0
2025-11-11 12:25:00-05:00,681.0305786132812,681.3099975585938,680.75,681.2899780273438,478193,-0.0003662170505511,0.0003870524630886,0.0003767566372749,0.0,0.0,0.0
2025-11-11 12:30:00-05:00,681.1799926757812,681.27001953125,681.010009765625,681.0499877929688,307159,0.0002193699949894,0.0003767566372749,0.0003825256496954,0.0,0.0,0.0
2025-11-11 12:35:00-05:00,681.0999755859375,681.2899780273438,680.9500122070312,681.1799926757812,392647,-0.000117475250022,0.0003825256496954,0.0003911729776539,0.0,0.0,0.0
2025-11-11 12:40:00-05:00,681.4149780273438,681.4199829101562,680.9600219726562,681.0999755859375,381446,0.0004623838383323,0.0003911729776539,0.0003825119628459,0.0,0.0,0.0
2025-11-11 12:45:00-05:00,681.5850219726562,681.7249755859375,681.22998046875,681.4099731445312,321418,0.0002495142277251,0.0003825119628459,0.0003861440379435,0.0,0.0,0.0
2025-11-11 12:50:00-05:00,681.8900146484375,682.0999755859375,681.4500122070312,681.5800170898438,523227,0.0004473755260293,0.0003861440379435,0.0003127805214688,0.0,0.0,0.0
2025-11-11 12:55:00-05:00,682.0850219726562,682.25,681.885009765625,681.8900146484375,388152,0.0002859397280913,0.0003127805214688,0.0002954291601854,0.0,0.0,0.0
2025-11-11 13:00:00-05:00,682.3743896484375,682.5900268554688,682.030029296875,682.0700073242188,775797,0.0004241499272971,0.0002954291601854,0.0002939188265745,0.0,0.0,0.0
2025-11-11 13:05:00-05:00,682.27001953125,682.5800170898438,682.239990234375,682.3699951171875,437598,-0.0001529630967435,0.0002939188265745,0.0002947661539195,0.0,0.0,0.0
2025-11-11 13:10:00-05:00,682.3541870117188,682.5499877929688,682.1900024414062,682.260009765625,357993,0.0001233562766538,0.0002947661539195,0.00033310390403,0.0,0.0,0.0
2025-11-11 13:15:00-05:00,682.9600219726562,682.989990234375,682.260009765625,682.3599853515625,491096,0.0008874660451252,0.00033310390403,0.0003617893279534,0.0,0.0,0.0
2025-11-11 13:20:00-05:00,682.77001953125,683.239990234375,682.6199951171875,682.969970703125,726240,-0.0002782430449034,0.0003617893279534,0.0003180255170361,0.0,0.0,0.0
2025-11-11 13:25:00-05:00,682.9099731445312,683.0305786132812,682.47998046875,682.77001953125,448113,0.00020495813737,0.0003180255170361,0.0003539176629449,0.0,0.0,0.0
2025-11-11 13:30:00-05:00,682.7000122070312,683.0999755859375,682.5999755859375,682.9099731445312,397237,-0.0003074976624462,0.0003539176629449,0.0003568960797643,0.0,0.0,0.0
2025-11-11 13:35:00-05:00,682.594970703125,682.7000122070312,682.1599731445312,682.6900024414062,620826,-0.0001538737129021,0.0003568960797643,0.0003578884746945,0.0,0.0,0.0
2025-11-11 13:40:00-05:00,682.9199829101562,682.97998046875,682.5899047851562,682.5999755859375,701214,0.0004760287865155,0.0003578884746945,0.0003573763454666,0.0,0.0,0.0
2025-11-11 13:45:00-05:00,683.0599975585938,683.1400146484375,682.8300170898438,682.9199829101562,374416,0.0002050024904168,0.0003573763454666,0.0003552425386126,0.0,0.0,0.0
2025-11-11 13:50:00-05:00,682.989990234375,683.2899780273438,682.8399047851562,683.0700073242188,557733,-0.0001024959919558,0.0003552425386126,0.0003564571415026,0.0,0.0,0.0
2025-11-11 13:55:00-05:00,683.2050170898438,683.3099975585938,682.9500122070312,683.0,464108,0.0003147820861465,0.0003564571415026,0.000368913085799,0.0,0.0,0.0
2025-11-11 14:00:00-05:00,682.969970703125,683.2100219726562,682.6099853515625,683.2000122070312,490681,-0.0003440941184519,0.000368913085799,0.0004038882620893,0.0,0.0,0.0
2025-11-11 14:05:00-05:00,682.6099853515625,683.0549926757812,682.4500122070312,682.97998046875,530919,-0.0005272270705279,0.0004038882620893,0.0004247321302079,0.0,0.0,0.0
2025-11-11 14:10:00-05:00,682.9500122070312,683.0797729492188,682.5499877929688,682.5900268554688,550850,0.0004980035488796,0.0004247321302079,0.000338499560186,0.0,0.0,0.0
2025-11-11 14:15:00-05:00,682.9400024414062,683.3200073242188,682.8900146484375,682.969970703125,666907,-1.465676667646749e-05,0.000338499560186,0.0003295975451008,0.0,0.0,0.0
2025-11-11 14:20:00-05:00,683.0499877929688,683.0999755859375,682.7999877929688,682.9500122070312,313948,0.0001610339059384,0.0003295975451008,0.0003264201958049,0.0,0.0,0.0
2025-11-11 14:25:00-05:00,683.1300048828125,683.3099975585938,682.9600219726562,683.0599975585938,346514,0.0001171398942515,0.0003264201958049,0.0003089774158167,0.0,0.0,0.0
2025-11-11 14:30:00-05:00,683.1649780273438,683.3400268554688,683.0643920898438,683.1400146484375,554996,5.11941344677709e-05,0.0003089774158167,0.0003064941554515,0.0,0.0,0.0
2025-11-11 14:35:00-05:00,683.0900268554688,683.239990234375,682.9000244140625,683.1599731445312,288677,-0.0001097176905955,0.0003064941554515,0.0002880193303249,0.0,0.0,0.0
2025-11-11 14:40:00-05:00,682.9199829101562,683.2100219726562,682.8900146484375,683.0800170898438,332183,-0.0002489644218931,0.0002880193303249,0.0003102361419434,0.0,0.0,0.0
2025-11-11 14:45:00-05:00,683.2199096679688,683.3699951171875,682.7100219726562,682.9299926757812,1167306,0.0004390864570469,0.0003102361419434,0.0003085477665334,0.0,0.0,0.0
2025-11-11 14:50:00-05:00,683.2899780273438,683.3200073242188,683.0900268554688,683.219970703125,357872,0.0001025508268433,0.0003085477665334,0.0003032588447097,0.0,0.0,0.0
2025-11-11 14:55:00-05:00,683.1400146484375,683.4199829101562,682.9600219726562,683.2949829101562,576014,-0.0002194966157244,0.0003032588447097,0.0002925474334295,0.0,0.0,0.0
2025-11-11 15:00:00-05:00,683.3198852539062,683.3599853515625,683.0800170898438,683.1500244140625,1443985,0.0002632651079194,0.0002925474334295,0.0002412499833148,0.0,0.0,0.0
2025-11-11 15:05:00-05:00,683.219970703125,683.4600219726562,683.2000122070312,683.3200073242188,728812,-0.0001462299844731,0.0002412499833148,0.0002068534967564,0.0,0.0,0.0
2025-11-11 15:10:00-05:00,683.3599853515625,683.5499877929688,683.1799926757812,683.219970703125,920357,0.0002049124872747,0.0002068534967564,0.0002238497851867,0.0,0.0,0.0
2025-11-11 15:15:00-05:00,683.1900024414062,683.4149780273438,683.1300048828125,683.3699951171875,458620,-0.0002487767188194,0.0002238497851867,0.0002287282076701,0.0,0.0,0.0
2025-11-11 15:20:00-05:00,683.0549926757812,683.280029296875,682.8049926757812,683.2000122070312,735572,-0.00019763624613,0.0002287282076701,0.0002342883398584,0.0,0.0,0.0
2025-11-11 15:25:00-05:00,682.9000244140625,683.2000122070312,682.780029296875,683.0499877929688,733666,-0.000226900974695,0.0002342883398584,0.0002335946765329,0.0,0.0,0.0
2025-11-11 15:30:00-05:00,682.8350830078125,683.0499877929688,682.4970092773438,682.9000244140625,991827,-9.510102793146676e-05,0.0002335946765329,0.0002326226679097,0.0,0.0,0.0
2025-11-11 15:35:00-05:00,682.7999877929688,682.9000244140625,682.655029296875,682.8300170898438,717701,-5.139764729523013e-05,0.0002326226679097,0.0002585710742082,0.0,0.0,0.0
2025-11-11 15:40:00-05:00,683.0999755859375,683.1099853515625,682.6400146484375,682.7999877929688,1702921,0.000439252955319,0.0002585710742082,0.0002344537400038,0.0,0.0,0.0
2025-11-11 15:45:00-05:00,682.915771484375,683.1500244140625,682.8200073242188,683.0900268554688,1092440,-0.0002696954307797,0.0002344537400038,0.0002815449940478,0.0,0.0,0.0
2025-11-11 15:50:00-05:00,683.2650146484375,683.5700073242188,682.8800048828125,682.9099731445312,1635461,0.0005112693359692,0.0002815449940478,0.0003226713760349,0.0,0.0,0.0
2025-11-11 15:55:00-05:00,682.8699951171875,683.260009765625,682.2949829101562,683.260009765625,4252355,-0.0005783023485017,0.0003226713760349,0.0006674136926086,0.0,0.0,0.0
2025-11-12 09:30:00-05:00,684.22998046875,684.8699951171875,683.9349975585938,684.7899780273438,2304835,0.0019895923114213,0.0006674136926086,0.000693100461215,0.0,0.0,0.0
2025-11-12 09:35:00-05:00,684.8049926757812,684.9600219726562,684.1900024414062,684.22998046875,1161035,0.0008400256415995,0.000693100461215,0.000766556300252,0.0,0.0,0.0
2025-11-12 09:40:00-05:00,684.1599731445312,684.9149780273438,684.0800170898438,684.8150024414062,981297,-0.0009423463639857,0.000766556300252,0.0008539768082439,0.0,0.0,0.0
2025-11-12 09:45:00-05:00,683.3200073242188,684.52001953125,683.1799926757812,684.1599731445312,1436062,-0.0012284873459909,0.0008539768082439,0.0008551349402828,0.0,0.0,0.0
2025-11-12 09:50:00-05:00,683.5349731445312,683.9400024414062,683.1599731445312,683.2999877929688,1229560,0.0003145407891202,0.0008551349402828,0.0008525162031534,0.0,0.0,0.0
2025-11-12 09:55:00-05:00,683.7349853515625,683.7999877929688,683.1199951171875,683.5399780273438,754490,0.0002925716420741,0.0008525162031534,0.0008519766331276,0.0,0.0,0.0
2025-11-12 10:00:00-05:00,683.9450073242188,684.27001953125,683.5599975585938,683.72998046875,932543,0.0003071215129735,0.0008519766331276,0.0008499463904344,0.0,0.0,0.0
2025-11-12 10:05:00-05:00,684.0449829101562,684.1400146484375,683.489990234375,683.9400024414062,676985,0.000146164207091,0.0008499463904344,0.000943030743381,0.0,0.0,0.0
2025-11-12 10:10:00-05:00,683.1400146484375,684.1500244140625,683.0499877929688,684.0399780273438,727927,-0.0013238419021597,0.000943030743381,0.000939672208844,0.0,0.0,0.0
2025-11-12 10:15:00-05:00,683.0800170898438,683.4000244140625,682.9299926757812,683.1400146484375,752728,-8.783000869336351e-05,0.000939672208844,0.0009276007017126,0.0,0.0,0.0
2025-11-12 10:20:00-05:00,682.9749755859375,683.3900146484375,682.9400024414062,683.0800170898438,434926,-0.0001537881046904,0.0009276007017126,0.000916036517146,0.0,0.0,0.0
2025-11-12 10:25:00-05:00,683.1950073242188,683.47998046875,682.8099975585938,683.010009765625,715970,0.0003221147337976,0.000916036517146,0.0007192316730338,0.0,0.0,0.0
2025-11-12 10:30:00-05:00,682.5449829101562,683.2598876953125,682.52001953125,683.2000122070312,754692,-0.0009519007538675,0.0007192316730338,0.0006588356909245,0.0,0.0,0.0
2025-11-12 10:35:00-05:00,682.7150268554688,682.7650146484375,681.7954711914062,682.5499877929688,967996,0.000249101189481,0.0006588356909245,0.0006315914350591,0.0,0.0,0.0
2025-11-12 10:40:00-05:00,682.8400268554688,683.0900268554688,682.5999755859375,682.7150268554688,592312,0.0001830757390695,0.0006315914350591,0.0005410922447983,0.0,0.0,0.0
2025-11-12 10:45:00-05:00,682.5999755859375,683.1300048828125,682.4650268554688,682.8499755859375,489714,-0.0003516101353045,0.0005410922447983,0.000549450886728,0.0,0.0,0.0
2025-11-12 10:50:00-05:00,682.1400146484375,682.739990234375,682.080322265625,682.5999755859375,414743,-0.0006740638630172,0.000549450886728,0.0005506293708774,0.0,0.0,0.0
2025-11-12 10:55:00-05:00,682.3499755859375,682.6400146484375,681.9199829101562,682.1599731445312,564014,0.0003077500614293,0.0005506293708774,0.0005349824376877,0.0,0.0,0.0
2025-11-12 11:00:00-05:00,682.030029296875,682.489990234375,682.0009765625,682.3300170898438,517945,-0.0004689988035328,0.0005349824376877,0.0005214405263089,0.0,0.0,0.0
2025-11-12 11:05:00-05:00,681.844970703125,682.3200073242188,681.8200073242188,682.02001953125,487060,-0.000271371782437,0.0005214405263089,0.0004168686361492,0.0,0.0,0.0
2025-11-12 11:10:00-05:00,681.4650268554688,681.8900146484375,681.1400146484375,681.8599853515625,819905,-0.0005573843926521,0.0004168686361492,0.0005057142299682,0.0,0.0,0.0
2025-11-12 11:15:00-05:00,682.0,682.0900268554688,681.4605102539062,681.4605102539062,578808,0.0007847259173457,0.0005057142299682,0.0005121236540268,0.0,0.0,0.0
2025-11-12 11:20:00-05:00,681.719970703125,682.2098999023438,681.6599731445312,682.02001953125,397833,-0.0004106844613655,0.0005121236540268,0.0006012393603144,0.0,0.0,0.0
2025-11-12 11:25:00-05:00,682.4099731445312,682.52001953125,681.7000122070312,681.72998046875,546665,0.0010116374959212,0.0006012393603144,0.0005375797410556,0.0,0.0,0.0
2025-11-12 11:30:00-05:00,682.4299926757812,682.9400024414062,682.0900268554688,682.4000244140625,683392,2.933608591887647e-05,0.0005375797410556,0.000534727419044,0.0,0.0,0.0
2025-11-12 11:35:00-05:00,682.5499877929688,683.010009765625,682.3800048828125,682.4400024414062,500705,0.0001758196006002,0.000534727419044,0.0005576729595751,0.0,0.0,0.0
2025-11-12 11:40:00-05:00,682.1199951171875,682.7113037109375,682.0800170898438,682.5700073242188,381219,-0.0006301782781128,0.0005576729595751,0.0006398653416562,0.0,0.0,0.0
2025-11-12 11:45:00-05:00,681.3099975585938,682.510009765625,680.9450073242188,682.1199951171875,659963,-0.0011881763761083,0.0006398653416562,0.0006305560443479,0.0,0.0,0.0
2025-11-12 11:50:00-05:00,681.52001953125,682.029296875,681.2999877929688,681.2999877929688,587846,0.0003082144826357,0.0006305560443479,0.0006331316790726,0.0,0.0,0.0
2025-11-12 11:55:00-05:00,681.760009765625,682.25,681.489990234375,681.52001953125,447662,0.0003520776827896,0.0006331316790726,0.0006266820530347,0.0,0.0,0.0
2025-11-12 12:00:00-05:00,681.9400024414062,681.969970703125,681.5399780273438,681.760009765625,442245,0.0002639769380586,0.0006266820530347,0.0006277000957322,0.0,0.0,0.0
2025-11-12 12:05:00-05:00,682.1599731445312,682.5,681.9400024414062,681.9600219726562,462022,0.0003225140517096,0.0006277000957322,0.0006041815376763,0.0,0.0,0.0
2025-11-12 12:10:00-05:00,682.409912109375,682.4500732421875,681.760009765625,682.1500244140625,441642,0.0003663263719061,0.0006041815376763,0.0005990538356823,0.0,0.0,0.0
2025-11-12 12:15:00-05:00,681.9849853515625,682.7999877929688,681.7899780273438,682.4000244140625,645852,-0.0006228794498452,0.0005990538356823,0.0006140823971863,0.0,0.0,0.0
2025-11-12 12:20:00-05:00,682.4500122070312,682.760009765625,681.9500122070312,681.989990234375,1100904,0.0006816402017047,0.0006140823971863,0.000541070760385,0.0,0.0,0.0
2025-11-12 12:25:00-05:00,682.469970703125,682.6900024414062,682.22998046875,682.469970703125,240835,2.9244932076741564e-05,0.000541070760385,0.000549433979195,0.0,0.0,0.0
2025-11-12 12:30:00-05:00,682.7000122070312,682.75,682.3800048828125,682.469970703125,388159,0.0003370151834033,0.000549433979195,0.000638347745963,0.0,0.0,0.0
2025-11-12 12:35:00-05:00,683.489990234375,683.6400146484375,682.6544189453125,682.6950073242188,577705,0.0011564688864308,0.000638347745963,0.0006033530362071,0.0,0.0,0.0
2025-11-12 12:40:00-05:00,683.3599853515625,683.8499755859375,683.3200073242188,683.4849853515625,595796,-0.0001902255339306,0.0006033530362071,0.0004834495884753,0.0,0.0,0.0
2025-11-12 12:45:00-05:00,683.030029296875,683.6900024414062,682.9400024414062,683.3800048828125,561985,-0.0004829602932745,0.0004834495884753,0.0004848048366196,0.0,0.0,0.0
2025-11-12 12:50:00-05:00,683.0548095703125,683.155029296875,682.5900268554688,683.02001953125,407309,3.62792598748613e-05,0.0004848048366196,0.0005192999384902,0.0,0.0,0.0
2025-11-12 12:55:00-05:00,683.6300048828125,683.77001953125,682.9400024414062,683.0650024414062,347202,0.0008417381101754,0.0005192999384902,0.000519990568142,0.0,0.0,0.0
2025-11-12 13:00:00-05:00,683.7150268554688,683.8099975585938,683.52001953125,683.6400146484375,438594,0.000124360670924,0.000519990568142,0.0006028645476582,0.0,0.0,0.0
2025-11-12 13:05:00-05:00,683.1300048828125,683.72998046875,683.1099853515625,683.7003173828125,368371,-0.0008560180485654,0.0006028645476582,0.0006304890663981,0.0,0.0,0.0
2025-11-12 13:10:00-05:00,683.6699829101562,683.7249755859375,683.0499877929688,683.1400146484375,276995,0.0007901347091882,0.0006304890663981,0.0005812053280391,0.0,0.0,0.0
2025-11-12 13:15:00-05:00,683.7999877929688,683.9299926757812,683.5800170898438,683.6699829101562,560044,0.0001901392878664,0.0005812053280391,0.000586776467702,0.0,0.0,0.0
2025-11-12 13:20:00-05:00,683.530029296875,683.7999877929688,683.3699951171875,683.7999877929688,333356,-0.0003948695577911,0.000586776467702,0.000588512831911,0.0,0.0,0.0
2025-11-12 13:25:00-05:00,683.4949951171875,683.760009765625,683.1300048828125,683.5399780273438,458699,-5.125609124853616e-05,0.000588512831911,0.0005863207025759,0.0,0.0,0.0
2025-11-12 13:30:00-05:00,683.6699829101562,683.8200073242188,683.4000244140625,683.5,463618,0.0002559863611732,0.0005863207025759,0.0004992174792164,0.0,0.0,0.0
2025-11-12 13:35:00-05:00,683.9494018554688,683.9600219726562,683.5499877929688,683.6799926757812,538302,0.0004086209252558,0.0004992174792164,0.0005189895447617,0.0,0.0,0.0
2025-11-12 13:40:00-05:00,683.6199951171875,684.14990234375,683.5800170898438,683.9400024414062,454693,-0.0004817404445887,0.0005189895447617,0.0005099755728625,0.0,0.0,0.0
2025-11-12 13:45:00-05:00,683.364990234375,683.6900024414062,683.260009765625,683.6199951171875,311840,-0.0003730909827147,0.0005099755728625,0.0005173975073526,0.0,0.0,0.0
2025-11-12 13:50:00-05:00,683.5999755859375,683.760009765625,683.3200073242188,683.3699951171875,248400,0.0003438059639461,0.0005173975073526,0.0004563840481314,0.0,0.0,0.0
2025-11-12 13:55:00-05:00,683.6300048828125,683.8049926757812,683.530029296875,683.6099853515625,250849,4.392720655458086e-05,0.0004563840481314,0.000455050636216,0.0,0.0,0.0
2025-11-12 14:00:00-05:00,683.5800170898438,683.7999877929688,683.4149780273438,683.6400146484375,563228,-7.312379544867582e-05,0.000455050636216,0.000370985158905,0.0,0.0,0.0
2025-11-12 14:05:00-05:00,683.5700073242188,683.5999755859375,683.125,683.5800170898438,370509,-1.46432585252629e-05,0.000370985158905,0.0003768564422888,0.0,0.0,0.0
2025-11-12 14:10:00-05:00,682.989990234375,683.5599975585938,682.9500122070312,683.5499877929688,476770,-0.0008488718032274,0.0003768564422888,0.0003673770293875,0.0,0.0,0.0
2025-11-12 14:15:00-05:00,682.9600219726562,683.0499877929688,682.739990234375,682.97998046875,680067,-4.387900209484765e-05,0.0003673770293875,0.0003568130389776,0.0,0.0,0.0
2025-11-12 14:20:00-05:00,682.8400268554688,683.219970703125,682.719970703125,682.9600219726562,447183,-0.0001757140331035,0.0003568130389776,0.0003573019366248,0.0,0.0,0.0
2025-11-12 14:25:00-05:00,682.72998046875,683.22998046875,682.47998046875,682.8499755859375,421896,-0.0001611728236073,0.0003573019366248,0.0003399543783148,0.0,0.0,0.0
2025-11-12 14:30:00-05:00,682.6500244140625,682.8099975585938,682.239990234375,682.739990234375,834771,-0.0001171191236035,0.0003399543783148,0.0003580956344752,0.0,0.0,0.0
2025-11-12 14:35:00-05:00,683.010009765625,683.1199951171875,682.5499877929688,682.6500244140625,477149,0.0005271961555445,0.0003580956344752,0.0003396937482447,0.0,0.0,0.0
2025-11-12 14:40:00-05:00,682.9000244140625,683.2000122070312,682.7501220703125,683.0,413689,-0.0001610433323542,0.0003396937482447,0.0003279870286611,0.0,0.0,0.0
2025-11-12 14:45:00-05:00,682.8200073242188,683.2000122070312,682.780029296875,682.8900146484375,426629,-0.0001171793458041,0.0003279870286611,0.0003359656362411,0.0,0.0,0.0
2025-11-12 14:50:00-05:00,683.0999755859375,683.1199951171875,682.5900268554688,682.8200073242188,569769,0.0004099336258963,0.0003359656362411,0.0003496132812754,0.0,0.0,0.0
2025-11-12 14:55:00-05:00,682.8099975585938,683.2550048828125,682.510009765625,683.0999755859375,651687,-0.0004245931831548,0.0003496132812754,0.0003525940783804,0.0,0.0,0.0
2025-11-12 15:00:00-05:00,682.6300048828125,682.8900146484375,682.3400268554688,682.7999877929688,522926,-0.0002636405503016,0.0003525940783804,0.00035120355831,0.0,0.0,0.0
2025-11-12 15:05:00-05:00,682.530029296875,682.6599731445312,682.0919799804688,682.6300048828125,1180651,-0.0001464672032775,0.00035120355831,0.0002752603673874,0.0,0.0,0.0
2025-11-12 15:10:00-05:00,682.6400146484375,682.7050170898438,682.4199829101562,682.5399780273438,524930,0.0001611306258706,0.0002752603673874,0.0003228541618535,0.0,0.0,0.0
2025-11-12 15:15:00-05:00,683.010009765625,683.02001953125,682.4199829101562,682.6300048828125,530555,0.0005418593631252,0.0003228541618535,0.0003191286843752,0.0,0.0,0.0
2025-11-12 15:20:00-05:00,682.9550170898438,683.0800170898438,682.77001953125,683.010009765625,746672,-8.051842430772554e-05,0.0003191286843752,0.0003500402922117,0.0,0.0,0.0
2025-11-12 15:25:00-05:00,683.3400268554688,683.409912109375,682.8599853515625,682.9450073242188,557144,0.0005635821889597,0.0003500402922117,0.0003881736894071,0.0,0.0,0.0
2025-11-12 15:30:00-05:00,683.8250122070312,683.9600219726562,683.1300048828125,683.3400268554688,1040910,0.0007094759711503,0.0003881736894071,0.0004318156661669,0.0,0.0,0.0
2025-11-12 15:35:00-05:00,683.3674926757812,683.875,683.0999755859375,683.8049926757812,1001399,-0.0006692832892141,0.0004318156661669,0.0004441972177538,0.0,0.0,0.0
2025-11-12 15:40:00-05:00,683.7000122070312,683.760009765625,683.3699951171875,683.3699951171875,785325,0.0004864712775631,0.0004441972177538,0.0004715531417194,0.0,0.0,0.0
2025-11-12 15:45:00-05:00,683.3724975585938,683.7249755859375,683.219970703125,683.7000122070312,1229206,-0.0004791474517465,0.0004715531417194,0.0004607167717421,0.0,0.0,0.0
2025-11-12 15:50:00-05:00,683.489990234375,684.0700073242188,683.3800048828125,683.3800048828125,1915775,0.0001719158688162,0.0004607167717421,0.0004503972608362,0.0,0.0,0.0
2025-11-12 15:55:00-05:00,683.2849731445312,683.5900268554688,682.66162109375,683.5,4903450,-0.0003000012392303,0.0004503972608362,0.0014584795709757,0.0,0.0,0.0
2025-11-13 09:30:00-05:00,680.0599975585938,680.7100219726562,679.780029296875,680.5,3099060,-0.0047309839701762,0.0014584795709757,0.0015159510060756,0.0,0.0,0.0
2025-11-13 09:35:00-05:00,678.85498046875,680.2100219726562,678.760009765625,680.0700073242188,1724491,-0.0017734993361218,0.0015159510060756,0.0015364962533971,0.0,0.0,0.0
2025-11-13 09:40:00-05:00,677.77001953125,678.97998046875,677.6900024414062,678.8446044921875,1545798,-0.0015995004792243,0.0015364962533971,0.0015408303955823,0.0,0.0,0.0
2025-11-13 09:45:00-05:00,678.1799926757812,678.655029296875,677.530029296875,677.780029296875,1380838,0.0006047024644465,0.0015408303955823,0.0015672915735382,0.0,0.0,0.0
2025-11-13 09:50:00-05:00,678.52001953125,679.2000122070312,678.1300048828125,678.1799926757812,1091987,0.0005012557817187,0.0015672915735382,0.001558176977316,0.0,0.0,0.0
2025-11-13 09:55:00-05:00,678.7999877929688,679.3900146484375,678.4199829101562,678.5399780273438,690104,0.0004125309642213,0.001558176977316,0.0015082337502015,0.0,0.0,0.0
2025-11-13 10:00:00-05:00,678.1699829101562,679.4500122070312,677.969970703125,678.780029296875,1022388,-0.000928546602622,0.0015082337502015,0.0017862533645088,0.0,0.0,0.0
2025-11-13 10:05:00-05:00,679.9500122070312,680.0101928710938,678.1400146484375,678.1699829101562,1053442,0.002621315233607,0.0017862533645088,0.0017974262462919,0.0,0.0,0.0
2025-11-13 10:10:00-05:00,680.4299926757812,680.5999755859375,679.6199951171875,679.969970703125,1077204,0.0007056564885463,0.0017974262462919,0.0017978927434699,0.0,0.0,0.0
2025-11-13 10:15:00-05:00,680.0499877929688,680.8599853515625,680.001708984375,680.4400024414062,986323,-0.0005586335677853,0.0017978927434699,0.0017886620976007,0.0,0.0,0.0
2025-11-13 10:20:00-05:00,679.7244873046875,680.3499755859375,679.2899780273438,680.0499877929688,795660,-0.0004787565886249,0.0017886620976007,0.0017986874100457,0.0,0.0,0.0
2025-11-13 10:25:00-05:00,678.9400024414062,679.72998046875,678.760009765625,679.7100219726562,730479,-0.0011547883327783,0.0017986874100457,0.0012982315690512,0.0,0.0,0.0
2025-11-13 10:30:00-05:00,677.7899780273438,679.030029296875,677.72998046875,678.9500122070312,1042092,-0.0016952889757716,0.0012982315690512,0.0012100517440307,0.0,0.0,0.0
2025-11-13 10:35:00-05:00,677.7423095703125,678.1900024414062,677.2050170898438,677.7899780273438,1295034,-7.03317176389005e-05,0.0012100517440307,0.0011382305167323,0.0,0.0,0.0
2025-11-13 10:40:00-05:00,677.25,678.010009765625,677.1300048828125,677.719970703125,1078168,-0.0007266603485471,0.0011382305167323,0.0011905364473193,0.0,0.0,0.0
2025-11-13 10:45:00-05:00,676.2100219726562,677.3099975585938,675.9749755859375,677.260009765625,1474425,-0.0015367697828281,0.0011905364473193,0.0011803642450303,0.0,0.0,0.0
2025-11-13 10:50:00-05:00,675.5900268554688,676.3900146484375,675.47998046875,676.2100219726562,1112261,-0.0009172882649292,0.0011803642450303,0.0012603220505967,0.0,0.0,0.0
2025-11-13 10:55:00-05:00,676.47998046875,676.5394897460938,675.3400268554688,675.5999755859375,1660729,0.0013164314524896,0.0012603220505967,0.0012618745048755,0.0,0.0,0.0
2025-11-13 11:00:00-05:00,675.8300170898438,676.8099975585938,675.7899780273438,676.47998046875,1035721,-0.0009612639559396,0.0012618745048755,0.0008993128356844,0.0,0.0,0.0
2025-11-13 11:05:00-05:00,676.010009765625,676.0599975585938,675.25,675.8300170898438,1010408,0.0002662928649383,0.0008993128356844,0.0008256391726347,0.0,0.0,0.0
2025-11-13 11:10:00-05:00,675.8800048828125,676.010009765625,675.4099731445312,676.010009765625,815597,-0.0001923305621086,0.0008256391726347,0.0008266959545096,0.0,0.0,0.0
2025-11-13 11:15:00-05:00,675.5999755859375,676.2899780273438,675.0900268554688,675.8900146484375,769255,-0.0004144039200422,0.0008266959545096,0.0008264780728518,0.0,0.0,0.0
2025-11-13 11:20:00-05:00,675.25,676.2100219726562,675.2100219726562,675.6099853515625,857666,-0.0005181561240595,0.0008264780728518,0.0008763788801681,0.0,0.0,0.0
2025-11-13 11:25:00-05:00,675.72998046875,675.969970703125,674.9600219726562,675.25,918603,0.0007105663975551,0.0008763788801681,0.0008515127882459,0.0,0.0,0.0
2025-11-13 11:30:00-05:00,676.3699951171875,676.510009765625,675.4500122070312,675.719970703125,804458,0.0009466972972328,0.0008515127882459,0.001046421895205,0.0,0.0,0.0
2025-11-13 11:35:00-05:00,674.8200073242188,676.6199951171875,674.77001953125,676.375,1151383,-0.0022942568699388,0.001046421895205,0.0010407403847535,0.0,0.0,0.0
2025-11-13 11:40:00-05:00,674.510009765625,674.989990234375,674.219970703125,674.8200073242188,820757,-0.0004594836846753,0.0010407403847535,0.0010079671924652,0.0,0.0,0.0
2025-11-13 11:45:00-05:00,674.9974975585938,675.0900268554688,674.3099975585938,674.510009765625,695112,0.0007224677321571,0.0010079671924652,0.0009807475083221,0.0,0.0,0.0
2025-11-13 11:50:00-05:00,674.7899780273438,675.4000244140625,674.469970703125,674.989990234375,667148,-0.000307484750953,0.0009807475083221,0.0009051445559151,0.0,0.0,0.0
2025-11-13 11:55:00-05:00,675.1900024414062,675.4000244140625,674.3900146484375,674.7899780273438,651454,0.0005926375673092,0.0009051445559151,0.0008891244382162,0.0,0.0,0.0
2025-11-13 12:00:00-05:00,675.5700073242188,675.60498046875,674.6400146484375,675.1950073242188,635928,0.0005626534544853,0.0008891244382162,0.0009495707336126,0.0,0.0,0.0
2025-11-13 12:05:00-05:00,674.719970703125,676.0,674.6500244140625,675.5700073242188,845970,-0.0012590432384378,0.0009495707336126,0.0009496287336398,0.0,0.0,0.0
2025-11-13 12:10:00-05:00,674.5800170898438,675.0599975585938,674.3300170898438,674.72998046875,617684,-0.000207446253686,0.0009496287336398,0.0009841948906949,0.0,0.0,0.0
2025-11-13 12:15:00-05:00,675.1199951171875,675.5900268554688,674.5499877929688,674.5499877929688,1988728,0.0008001452934272,0.0009841948906949,0.0010091481444604,0.0,0.0,0.0
2025-11-13 12:20:00-05:00,675.72998046875,675.9400024414062,675.0499877929688,675.1300048828125,716116,0.0009031134530794,0.0010091481444604,0.0009914087477739,0.0,0.0,0.0
2025-11-13 12:25:00-05:00,675.9199829101562,676.1699829101562,675.280029296875,675.75,815180,0.0002811414904829,0.0009914087477739,0.0009548850282032,0.0,0.0,0.0
2025-11-13 12:30:00-05:00,676.1506958007812,676.5,675.8699951171875,675.9000244140625,752198,0.0003412734208305,0.0009548850282032,0.0006367330438996,0.0,0.0,0.0
2025-11-13 12:35:00-05:00,676.135009765625,676.219970703125,675.3699951171875,676.1699829101562,598753,-2.319929152901631e-05,0.0006367330438996,0.0007835422535687,0.0,0.0,0.0
2025-11-13 12:40:00-05:00,675.1199951171875,676.1699829101562,675.0900268554688,676.1400146484375,491538,-0.0015023290728639,0.0007835422535687,0.0007664094017524,0.0,0.0,0.0
2025-11-13 12:45:00-05:00,674.844970703125,675.1799926757812,674.3099975585938,675.1300048828125,858758,-0.0004074541559681,0.0007664094017524,0.000761191575578,0.0,0.0,0.0
2025-11-13 12:50:00-05:00,674.8099975585938,675.0900268554688,674.4600219726562,674.8543701171875,666891,-5.182531144845327e-05,0.000761191575578,0.0007851942641569,0.0,0.0,0.0
2025-11-13 12:55:00-05:00,674.1500244140625,674.8400268554688,673.969970703125,674.8300170898438,663965,-0.000978491855116,0.0007851942641569,0.0007574909878345,0.0,0.0,0.0
2025-11-13 13:00:00-05:00,674.1799926757812,674.530029296875,674.0800170898438,674.1599731445312,671714,4.445241349486818e-05,0.0007574909878345,0.0006756775045998,0.0,0.0,0.0
2025-11-13 13:05:00-05:00,674.1400146484375,674.760009765625,673.969970703125,674.2000122070312,693852,-5.930050305310616e-05,0.0006756775045998,0.000693664964436,0.0,0.0,0.0
2025-11-13 13:10:00-05:00,674.47998046875,674.659912109375,673.77001953125,674.0999755859375,525955,0.0005041684518167,0.000693664964436,0.0007265092154771,0.0,0.0,0.0
2025-11-13 13:15:00-05:00,673.6400146484375,674.6099853515625,673.5900268554688,674.489990234375,871467,-0.0012461293238718,0.0007265092154771,0.0006416726944788,0.0,0.0,0.0
2025-11-13 13:20:00-05:00,673.52001953125,674.030029296875,673.3400268554688,673.6500244140625,679250,-0.0001781453048789,0.0006416726944788,0.0006498585730572,0.0,0.0,0.0
2025-11-13 13:25:00-05:00,672.8300170898438,673.5399780273438,672.594970703125,673.510009765625,1701482,-0.0010249971895105,0.0006498585730572,0.0006093731270308,0.0,0.0,0.0
2025-11-13 13:30:00-05:00,672.4600219726562,672.8900146484375,672.4199829101562,672.8200073242188,937745,-0.0005500600105154,0.0006093731270308,0.0006098168510592,0.0,0.0,0.0
2025-11-13 13:35:00-05:00,671.8049926757812,672.6199951171875,671.6400146484375,672.4600219726562,1163785,-0.0009745538886756,0.0006098168510592,0.0006948380197514,0.0,0.0,0.0
2025-11-13 13:40:00-05:00,672.5549926757812,672.5599975585938,671.52001953125,671.7899780273438,1534988,0.0011157726888354,0.0006948380197514,0.0006969577945106,0.0,0.0,0.0
2025-11-13 13:45:00-05:00,672.489990234375,672.89501953125,672.1300048828125,672.5399780273438,800167,-9.66546729407088e-05,0.0006969577945106,0.0006930836711985,0.0,0.0,0.0
2025-11-13 13:50:00-05:00,672.3200073242188,672.875,672.239990234375,672.5,1246672,-0.0002527984047859,0.0006930836711985,0.0006991144902362,0.0,0.0,0.0
2025-11-13 13:55:00-05:00,672.6900024414062,672.8098754882812,672.1500244140625,672.3300170898438,750757,0.0005501745322845,0.0006991144902362,0.0007212465405516,0.0,0.0,0.0
2025-11-13 14:00:00-05:00,672.1099853515625,672.8699951171875,671.8099975585938,672.6799926757812,884987,-0.0008626072740543,0.0007212465405516,0.0007250041249435,0.0,0.0,0.0
2025-11-13 14:05:00-05:00,672.1500244140625,672.4600219726562,671.6859130859375,672.0800170898438,801830,5.957041379034348e-05,0.0007250041249435,0.0006918047468854,0.0,0.0,0.0
2025-11-13 14:10:00-05:00,671.719970703125,672.3499755859375,671.5900268554688,672.1500244140625,662557,-0.0006400228105103,0.0006918047468854,0.0006528284157798,0.0,0.0,0.0
2025-11-13 14:15:00-05:00,671.9400024414062,672.4299926757812,671.5800170898438,671.739990234375,516761,0.0003275110439334,0.0006528284157798,0.0007528366409942,0.0,0.0,0.0
2025-11-13 14:20:00-05:00,672.6699829101562,672.8699951171875,671.8499755859375,671.9500122070312,866836,0.0010857877725425,0.0007528366409942,0.0007916941095534,0.0,0.0,0.0
2025-11-13 14:25:00-05:00,673.5399780273438,673.5499877929688,672.6500244140625,672.6699829101562,1863442,0.0012925104754064,0.0007916941095534,0.0007793844943498,0.0,0.0,0.0
2025-11-13 14:30:00-05:00,673.2999877929688,673.6300048828125,672.8800048828125,673.510009765625,1206206,-0.0003563752828923,0.0007793844943498,0.0007590351709593,0.0,0.0,0.0
2025-11-13 14:35:00-05:00,672.760009765625,673.5,672.3300170898438,673.2899780273438,1247599,-0.0008023090460877,0.0007590351709593,0.0007098490060215,0.0,0.0,0.0
2025-11-13 14:40:00-05:00,672.4000244140625,672.760009765625,671.8599853515625,672.760009765625,700163,-0.0005352305316977,0.0007098490060215,0.0007466292778577,0.0,0.0,0.0
2025-11-13 14:45:00-05:00,671.8499755859375,672.6599731445312,671.6400146484375,672.4099731445312,741868,-0.0008183728604409,0.0007466292778577,0.000766941368343,0.0,0.0,0.0
2025-11-13 14:50:00-05:00,671.3800048828125,672.47998046875,671.3699951171875,671.8699951171875,975377,-0.0006997621094466,0.000766941368343,0.0007603404512446,0.0,0.0,0.0
2025-11-13 14:55:00-05:00,671.6900024414062,671.9500122070312,670.52001953125,671.3900146484375,1283917,0.0004616253246788,0.0007603404512446,0.0007422639894616,0.0,0.0,0.0
2025-11-13 15:00:00-05:00,671.27001953125,671.9600219726562,671.2249755859375,671.6799926757812,1120119,-0.0006254585646275,0.0007422639894616,0.0007960678071941,0.0,0.0,0.0
2025-11-13 15:05:00-05:00,671.8699951171875,671.9600219726562,670.969970703125,671.280029296875,774276,0.0008933925269145,0.0007960678071941,0.0007821023806839,0.0,0.0,0.0
2025-11-13 15:10:00-05:00,671.6054077148438,672.030029296875,671.2449951171875,671.8800048828125,879165,-0.0003938850018493,0.0007821023806839,0.000792605127937,0.0,0.0,0.0
2025-11-13 15:15:00-05:00,671.1849975585938,672.0599975585938,671.1300048828125,671.6199951171875,1426879,-0.0006261739260805,0.000792605127937,0.0007044420659752,0.0,0.0,0.0
2025-11-13 15:20:00-05:00,671.22998046875,671.2899780273438,670.530029296875,671.1699829101562,1448371,6.701789075571631e-05,0.0007044420659752,0.0005918914888169,0.0,0.0,0.0
2025-11-13 15:25:00-05:00,671.6300048828125,671.6699829101562,670.77001953125,671.239990234375,1085599,0.000595779798726,0.0005918914888169,0.0006364821164381,0.0,0.0,0.0
2025-11-13 15:30:00-05:00,672.030029296875,672.0855712890625,671.4000244140625,671.6199951171875,1091802,0.0005954250564952,0.0006364821164381,0.0006685356638822,0.0,0.0,0.0
2025-11-13 15:35:00-05:00,672.635009765625,672.780029296875,671.9600219726562,672.0,1315108,0.0008998233641769,0.0006685356638822,0.0006622613017753,0.0,0.0,0.0
2025-11-13 15:40:00-05:00,672.3400268554688,673.02001953125,672.030029296875,672.6599731445312,2007851,-0.0004386444459624,0.0006622613017753,0.0007095585564308,0.0,0.0,0.0
2025-11-13 15:45:00-05:00,671.5449829101562,672.6199951171875,671.5449829101562,672.3350219726562,1974524,-0.0011832024798076,0.0007095585564308,0.0007492064210007,0.0,0.0,0.0
2025-11-13 15:50:00-05:00,670.8200073242188,672.4099731445312,670.760009765625,671.5499877929688,2728166,-0.001080146847837,0.0007492064210007,0.0009220116466311,0.0,0.0,0.0
2025-11-13 15:55:00-05:00,672.0499877929688,672.0800170898438,670.8099975585938,670.8150024414062,6169634,0.0018318687842911,0.0009220116466311,0.0037866920095607,0.0,0.0,0.0
2025-11-14 09:30:00-05:00,663.6099853515625,665.8800048828125,663.2650146484375,665.3800048828125,7262559,-0.0126381189055335,0.0037866920095607,0.00397899038324,0.0,0.0,0.0
2025-11-14 09:35:00-05:00,665.97998046875,666.469970703125,663.5449829101562,663.60498046875,2822026,0.0035650052846163,0.00397899038324,0.0040142164286239,0.0,0.0,0.0
2025-11-14 09:40:00-05:00,666.719970703125,666.8599853515625,665.4550170898438,665.969970703125,1940179,0.0011105129999787,0.0040142164286239,0.0040687617602051,0.0,0.0,0.0
2025-11-14 09:45:00-05:00,667.8499755859375,668.3699951171875,666.4500122070312,666.7000122070312,2257917,0.001693437134562,0.0040687617602051,0.0040720523674216,0.0,0.0,0.0
2025-11-14 09:50:00-05:00,668.0599975585938,668.47998046875,667.1799926757812,667.8499755859375,1850945,0.0003144253409413,0.0040720523674216,0.0040809406612624,0.0,0.0,0.0
2025-11-14 09:55:00-05:00,668.6900024414062,668.844970703125,667.9000244140625,668.0499877929688,1669483,0.0009425920021815,0.0040809406612624,0.0040849974418985,0.0,0.0,0.0
2025-11-14 10:00:00-05:00,667.5700073242188,668.75,667.4099731445312,668.6799926757812,1527760,-0.0016763135486663,0.0040849974418985,0.0040961066331664,0.0,0.0,0.0
2025-11-14 10:05:00-05:00,668.3800048828125,668.9199829101562,667.3099975585938,667.5900268554688,1222459,0.0012126167153665,0.0040961066331664,0.004101069302438,0.0,0.0,0.0
2025-11-14 10:10:00-05:00,667.5499877929688,668.780029296875,666.9199829101562,668.3599853515625,1576370,-0.0012426058269439,0.004101069302438,0.004129716344855,0.0,0.0,0.0
2025-11-14 10:15:00-05:00,668.3900146484375,669.1699829101562,667.4299926757812,667.52001953125,1317106,0.0012575818744,0.004129716344855,0.0041240705824787,0.0,0.0,0.0
2025-11-14 10:20:00-05:00,668.2100219726562,669.1699829101562,667.9412231445312,668.4000244140625,1101448,-0.0002693291514853,0.0041240705824787,0.0041519996347583,0.0,0.0,0.0
2025-11-14 10:25:00-05:00,669.7899780273438,669.9600219726562,667.5399780273438,668.2100219726562,1395197,0.0023616693408602,0.0041519996347583,0.0014690766437503,0.0,0.0,0.0
2025-11-14 10:30:00-05:00,669.77001953125,670.1099853515625,669.1599731445312,669.780029296875,1657069,-2.979858480634449e-05,0.0014690766437503,0.0012261099250587,0.0,0.0,0.0
2025-11-14 10:35:00-05:00,670.9199829101562,671.0,669.5,669.7550048828125,1447691,0.0017154803255463,0.0012261099250587,0.0012202994447539,0.0,0.0,0.0
2025-11-14 10:40:00-05:00,671.0700073242188,671.2288818359375,670.5499877929688,670.9099731445312,1248441,0.0002235849980688,0.0012202994447539,0.0012299301047424,0.0,0.0,0.0
2025-11-14 10:45:00-05:00,672.280029296875,672.8200073242188,670.8699951171875,671.0399780273438,1816854,0.0018014996343772,0.0012299301047424,0.0012370937813809,0.0,0.0,0.0
2025-11-14 10:50:00-05:00,672.3099975585938,672.780029296875,672.0319213867188,672.27001953125,947001,4.4576058315436974e-05,0.0012370937813809,0.0012421310542314,0.0,0.0,0.0
2025-11-14 10:55:00-05:00,672.239990234375,672.3499755859375,671.47998046875,672.3099975585938,3277134,-0.0001041349520918,0.0012421310542314,0.0011927641807823,0.0,0.0,0.0
2025-11-14 11:00:00-05:00,671.340087890625,672.5700073242188,671.1799926757812,672.25,1219473,-0.0013395591270937,0.0011927641807823,0.0011705261301374,0.0,0.0,0.0
2025-11-14 11:05:00-05:00,671.719970703125,671.72998046875,670.8900146484375,671.3499755859375,1071988,0.0005656974462159,0.0011705261301374,0.0010476545026092,0.0,0.0,0.0
2025-11-14 11:10:00-05:00,672.1199951171875,672.5499877929688,671.510009765625,671.719970703125,1214009,0.0005953453328553,0.0010476545026092,0.0010480289512161,0.0,0.0,0.0
2025-11-14 11:15:00-05:00,672.969970703125,673.1199951171875,672.1199951171875,672.1300048828125,721320,0.001263819849483,0.0010480289512161,0.0010398726297714,0.0,0.0,0.0
2025-11-14 11:20:00-05:00,673.9400024414062,673.97998046875,672.469970703125,672.9600219726562,1015120,0.001440381206365,0.0010398726297714,0.0009013137833299,0.0,0.0,0.0
2025-11-14 11:25:00-05:00,674.39501953125,674.8699951171875,673.8699951171875,673.9400024414062,1256503,0.0006749318228803,0.0009013137833299,0.0009829314137895,0.0,0.0,0.0
2025-11-14 11:30:00-05:00,673.7999877929688,674.47998046875,672.760009765625,674.4000244140625,988045,-0.0008827087679227,0.0009829314137895,0.0009455705680049,0.0,0.0,0.0
2025-11-14 11:35:00-05:00,674.7000122070312,674.8499755859375,673.6900024414062,673.8099975585938,654060,0.0013348528701573,0.0009455705680049,0.0010555937087736,0.0,0.0,0.0
2025-11-14 11:40:00-05:00,673.9199829101562,675.02001953125,673.75,674.72998046875,722404,-0.0011567815792169,0.0010555937087736,0.000952127607234,0.0,0.0,0.0
2025-11-14 11:45:00-05:00,674.1099853515625,674.1699829101562,673.1699829101562,673.9299926757812,746772,0.0002818964669003,0.000952127607234,0.0009562250297938,0.0,0.0,0.0
2025-11-14 11:50:00-05:00,674.52001953125,674.6300048828125,674.0800170898438,674.10498046875,645185,0.0006080751441644,0.0009562250297938,0.0009488162350728,0.0,0.0,0.0
2025-11-14 11:55:00-05:00,674.739990234375,674.8200073242188,674.1912231445312,674.52001953125,823366,0.000326061253549,0.0009488162350728,0.0007994138909893,0.0,0.0,0.0
2025-11-14 12:00:00-05:00,674.8350219726562,674.8800048828125,674.2050170898438,674.7150268554688,573455,0.000140832095406,0.0007994138909893,0.0008019744175329,0.0,0.0,0.0
2025-11-14 12:05:00-05:00,674.9400024414062,675.0900268554688,674.4500122070312,674.8200073242188,536199,0.0001555525432946,0.0008019744175329,0.0008000298561287,0.0,0.0,0.0
2025-11-14 12:10:00-05:00,675.260009765625,675.6400146484375,674.9400024414062,674.9400024414062,673438,0.0004740147049583,0.0008000298561287,0.0007558109568247,0.0,0.0,0.0
2025-11-14 12:15:00-05:00,675.27001953125,675.4299926757812,674.719970703125,675.280029296875,511132,1.4823462504416705e-05,0.0007558109568247,0.0006782120159214,0.0,0.0,0.0
2025-11-14 12:20:00-05:00,675.0499877929688,675.4199829101562,674.9600219726562,675.2890014648438,528330,-0.0003258956973683,0.0006782120159214,0.0006572193690457,0.0,0.0,0.0
2025-11-14 12:25:00-05:00,675.0499877929688,675.1699829101562,674.3400268554688,675.030029296875,704267,0.0,0.0006572193690457,0.0006171774378233,0.0,0.0,0.0
2025-11-14 12:30:00-05:00,674.6900024414062,675.0900268554688,674.2000122070312,675.0549926757812,634524,-0.0005334143801067,0.0006171774378233,0.0005898715370411,0.0,0.0,0.0
2025-11-14 12:35:00-05:00,675.4849853515625,675.6599731445312,674.6900024414062,674.7000122070312,701489,0.0011775999543961,0.0005898715370411,0.0005605462066752,0.0,0.0,0.0
2025-11-14 12:40:00-05:00,674.8099975585938,675.5,674.5700073242188,675.4849853515625,592327,-0.0009997635446091,0.0005605462066752,0.0006838075703795,0.0,0.0,0.0
2025-11-14 12:45:00-05:00,673.9500122070312,675.219970703125,673.9199829101562,674.780029296875,733352,-0.0012752238528394,0.0006838075703795,0.0006648742738937,0.0,0.0,0.0
2025-11-14 12:50:00-05:00,674.1701049804688,674.3300170898438,673.1300048828125,673.9600219726562,1279605,0.0003265180492255,0.0006648742738937,0.0006553765943908,0.0,0.0,0.0
2025-11-14 12:55:00-05:00,674.0449829101562,674.3800048828125,673.7000122070312,674.1699829101562,797394,-0.0001856114381088,0.0006553765943908,0.0008809822700326,0.0,0.0,0.0
2025-11-14 13:00:00-05:00,672.5900268554688,674.0700073242188,672.4500122070312,674.0499877929688,1355745,-0.0021608774616475,0.0008809822700326,0.0009544616861146,0.0,0.0,0.0
2025-11-14 13:05:00-05:00,673.2899169921875,673.2899780273438,672.2100219726562,672.5900268554688,899033,0.0010400484872478,0.0009544616861146,0.0010585716289766,0.0,0.0,0.0
2025-11-14 13:10:00-05:00,674.2899780273438,674.3599853515625,672.9400024414062,673.2899780273438,876837,0.0014842329162708,0.0010585716289766,0.0011669392311255,0.0,0.0,0.0
2025-11-14 13:15:00-05:00,673.0507202148438,674.2899780273438,672.8800048828125,674.260009765625,559414,-0.0018395616841177,0.0011669392311255,0.0011717184236931,0.0,0.0,0.0
2025-11-14 13:20:00-05:00,672.6199951171875,673.1400146484375,672.1400146484375,673.0499877929688,722259,-0.0006401642057872,0.0011717184236931,0.0012092201338894,0.0,0.0,0.0
2025-11-14 13:25:00-05:00,673.1300048828125,673.1749877929688,672.2899780273438,672.6400146484375,593121,0.0007579562177843,0.0012092201338894,0.0012166768323605,0.0,0.0,0.0
2025-11-14 13:30:00-05:00,673.3699951171875,673.64501953125,672.7949829101562,673.1099853515625,785497,0.0003564652609228,0.0012166768323605,0.0012099818506273,0.0,0.0,0.0
2025-11-14 13:35:00-05:00,672.239990234375,673.4500122070312,672.0709838867188,673.3499755859375,637221,-0.0016795433457636,0.0012099818506273,0.001203945675645,0.0,0.0,0.0
2025-11-14 13:40:00-05:00,671.6699829101562,672.3099975585938,671.530029296875,672.22998046875,1174282,-0.0008482820572655,0.001203945675645,0.0011828721855634,0.0,0.0,0.0
2025-11-14 13:45:00-05:00,671.8499755859375,672.010009765625,671.489990234375,671.6599731445312,719415,0.0002679419471513,0.0011828721855634,0.0014249343094049,0.0,0.0,0.0
2025-11-14 13:50:00-05:00,673.5399780273438,673.600830078125,671.8800048828125,671.8800048828125,860396,0.0025122877211188,0.0014249343094049,0.0014283687762007,0.0,0.0,0.0
2025-11-14 13:55:00-05:00,673.25,673.780029296875,672.9400024414062,673.5399780273438,916539,-0.0004306210122672,0.0014283687762007,0.001280474834942,0.0,0.0,0.0
2025-11-14 14:00:00-05:00,672.969970703125,673.5700073242188,672.8400268554688,673.25,703461,-0.0004160230972767,0.001280474834942,0.001248848385114,0.0,0.0,0.0
2025-11-14 14:05:00-05:00,672.6300048828125,673.219970703125,672.27001953125,672.989990234375,932551,-0.0005052999906574,0.001248848385114,0.0011731975327744,0.0,0.0,0.0
2025-11-14 14:10:00-05:00,673.0499877929688,673.0999755859375,672.3699951171875,672.6199951171875,751840,0.0006241943494414,0.0011731975327744,0.0010474135425792,0.0,0.0,0.0
2025-11-14 14:15:00-05:00,673.1699829101562,673.52001953125,672.9500122070312,673.0999755859375,672686,0.0001782697034906,0.0010474135425792,0.0011281105656658,0.0,0.0,0.0
2025-11-14 14:20:00-05:00,674.3099975585938,674.4400024414062,673.1500244140625,673.1599731445312,783814,0.00169206954754,0.0011281105656658,0.0011277067694908,0.0,0.0,0.0
2025-11-14 14:25:00-05:00,674.0198974609375,674.3400268554688,673.5999755859375,674.3099975585938,725432,-0.000430310272292,0.0011277067694908,0.0011293036650708,0.0,0.0,0.0
2025-11-14 14:30:00-05:00,673.8499755859375,674.3499755859375,673.6199951171875,674.02001953125,648949,-0.0002521339474945,0.0011293036650708,0.0009922682647938,0.0,0.0,0.0
2025-11-14 14:35:00-05:00,674.219970703125,674.375,673.6900024414062,673.8499755859375,463219,0.0005489257104152,0.0009922682647938,0.0009414217217346,0.0,0.0,0.0
2025-11-14 14:40:00-05:00,674.1199951171875,674.3300170898438,673.8400268554688,674.22998046875,564329,-0.0001482943302951,0.0009414217217346,0.0009428552041713,0.0,0.0,0.0
2025-11-14 14:45:00-05:00,674.2025756835938,674.9000244140625,674.030029296875,674.1400146484375,658013,0.0001224937834578,0.0009428552041713,0.0006387630670135,0.0,0.0,0.0
2025-11-14 14:50:00-05:00,674.4749755859375,674.72998046875,674.1099853515625,674.2000122070312,1267184,0.0004039511235155,0.0006387630670135,0.0006157670158014,0.0,0.0,0.0
2025-11-14 14:55:00-05:00,674.6500244140625,674.7999877929688,674.1649780273438,674.489990234375,636322,0.0002594997929877,0.0006157670158014,0.0005871749144587,0.0,0.0,0.0
2025-11-14 15:00:00-05:00,674.8150024414062,675.1199951171875,674.469970703125,674.6400146484375,735495,0.0002445087866413,0.0005871749144587,0.0007007704807578,0.0,0.0,0.0
2025-11-14 15:05:00-05:00,673.969970703125,674.8699951171875,673.739990234375,674.8099975585938,978555,-0.001253026784358,0.0007007704807578,0.00070227946461,0.0,0.0,0.0
2025-11-14 15:10:00-05:00,673.7000122070312,674.399169921875,673.5999755859375,673.989990234375,596244,-0.000400629980823,0.00070227946461,0.000771449687015,0.0,0.0,0.0
2025-11-14 15:15:00-05:00,673.0,673.8699951171875,672.8709716796875,673.7100219726562,778184,-0.0010395964412735,0.000771449687015,0.0005602761555284,0.0,0.0,0.0
2025-11-14 15:20:00-05:00,672.6500244140625,673.1500244140625,672.2100219726562,673.010009765625,1210666,-0.0005201584178335,0.0005602761555284,0.0005581383641219,0.0,0.0,0.0
2025-11-14 15:25:00-05:00,672.64501953125,672.9149780273438,672.3244018554688,672.6400146484375,794247,-7.440572735408376e-06,0.0005581383641219,0.0005726435971038,0.0,0.0,0.0
2025-11-14 15:30:00-05:00,672.8400268554688,673.0599975585938,672.260009765625,672.6400146484375,754017,0.0002898691830248,0.0005726435971038,0.0005345494779415,0.0,0.0,0.0
2025-11-14 15:35:00-05:00,672.5900268554688,673.1099853515625,672.3099975585938,672.8499755859375,920154,-0.0003716283907702,0.0005345494779415,0.0005587856857798,0.0,0.0,0.0
2025-11-14 15:40:00-05:00,672.0700073242188,672.5900268554688,671.9149780273438,672.5800170898438,1141265,-0.0007734587835681,0.0005587856857798,0.0006146865256676,0.0,0.0,0.0
2025-11-14 15:45:00-05:00,671.219970703125,672.489990234375,671.2000122070312,672.0599975585938,1717178,-0.0012656042231544,0.0006146865256676,0.0006468785179122,0.0,0.0,0.0
2025-11-14 15:50:00-05:00,671.6599731445312,672.1599731445312,671.2000122070312,671.2000122070312,1696648,0.0006553116816855,0.0006468785179122,0.0006632978838723,0.0,0.0,0.0
2025-11-14 15:55:00-05:00,671.9500122070312,671.9600219726562,671.1699829101562,671.6699829101562,4346492,0.0004317310382731,0.0006632978838723,0.0006802224088651,0.0,0.0,0.0
2025-11-17 09:30:00-05:00,671.1400146484375,671.1400146484375,668.9199829101562,669.7000122070312,3973464,-0.0012061703096583,0.0006802224088651,0.0009780202706797,0.0,0.0,0.0
2025-11-17 09:35:00-05:00,672.6199951171875,672.64501953125,671.0800170898438,671.1400146484375,1475572,0.002202746110036,0.0009780202706797,0.0010021333787453,0.0,0.0,0.0
2025-11-17 09:40:00-05:00,671.9849853515625,672.6699829101562,671.6699829101562,672.6099853515625,1214428,-0.000944529913333,0.0010021333787453,0.0010399682897866,0.0,0.0,0.0
2025-11-17 09:45:00-05:00,672.780029296875,673.1300048828125,671.8400268554688,671.989990234375,1022219,0.0011824282001447,0.0010399682897866,0.0010722238013675,0.0,0.0,0.0
2025-11-17 09:50:00-05:00,673.5,673.6699829101562,672.7999877929688,672.7999877929688,1033704,0.0010695706035795,0.0010722238013675,0.0011275567745816,0.0,0.0,0.0
2025-11-17 09:55:00-05:00,672.760009765625,673.7100219726562,672.5700073242188,673.5,927576,-0.0010993274754232,0.0011275567745816,0.0012354161877015,0.0,0.0,0.0
2025-11-17 10:00:00-05:00,671.5599975585938,673.1500244140625,671.3900146484375,672.760009765625,929334,-0.0017853078422234,0.0012354161877015,0.001259549889662,0.0,0.0,0.0
2025-11-17 10:05:00-05:00,670.875,672.25,670.469970703125,671.5499877929688,1131361,-0.001020530035779,0.001259549889662,0.0013155111979375,0.0,0.0,0.0
2025-11-17 10:10:00-05:00,671.739990234375,672.0250244140625,670.8200073242188,670.8900146484375,877362,0.001288515859488,0.0013155111979375,0.001332671814974,0.0,0.0,0.0
2025-11-17 10:15:00-05:00,670.7625732421875,672.1300048828125,670.5999755859375,671.739990234375,798713,-0.0014561121765828,0.001332671814974,0.0013430082338879,0.0,0.0,0.0
2025-11-17 10:20:00-05:00,671.3300170898438,671.8499755859375,670.5499877929688,670.760009765625,781758,0.0008456106315716,0.0013430082338879,0.0013768526841815,0.0,0.0,0.0
2025-11-17 10:25:00-05:00,672.0599975585938,672.3200073242188,670.8300170898438,671.3300170898438,720021,0.0010867738075125,0.0013768526841815,0.0014136441483696,0.0,0.0,0.0
2025-11-17 10:30:00-05:00,670.97998046875,672.3699951171875,670.4299926757812,672.0399780273438,786352,-0.0016083174593736,0.0014136441483696,0.0012325718439599,0.0,0.0,0.0
2025-11-17 10:35:00-05:00,670.5900268554688,671.47998046875,670.5,670.969970703125,820805,-0.0005813392102306,0.0012325718439599,0.0013246283503281,0.0,0.0,0.0
2025-11-17 10:40:00-05:00,671.7000122070312,671.7100219726562,670.1400146484375,670.5900268554688,1104919,0.0016538684967787,0.0013246283503281,0.0012830286557998,0.0,0.0,0.0
2025-11-17 10:45:00-05:00,671.14501953125,672.0900268554688,670.8699951171875,671.6900024414062,760095,-0.0008265923383026,0.0012830286557998,0.0012228206146026,0.0,0.0,0.0
2025-11-17 10:50:00-05:00,671.1599731445312,671.4600219726562,670.6199951171875,671.1799926757812,629849,2.22805001299097e-05,0.0012228206146026,0.0012033682580998,0.0,0.0,0.0
2025-11-17 10:55:00-05:00,670.7050170898438,671.47998046875,670.3300170898438,671.1599731445312,1311790,-0.0006780951517945,0.0012033682580998,0.0011133275742228,0.0,0.0,0.0
2025-11-17 11:00:00-05:00,670.27001953125,670.97998046875,669.760009765625,670.7050170898438,962620,-0.0006487780338519,0.0011133275742228,0.0011595494015433,0.0,0.0,0.0
2025-11-17 11:05:00-05:00,669.2349853515625,670.3499755859375,668.9000244140625,670.280029296875,994843,-0.0015453983104332,0.0011595494015433,0.0010699974983508,0.0,0.0,0.0
2025-11-17 11:10:00-05:00,668.6699829101562,669.5700073242188,668.5250244140625,669.22998046875,1185519,-0.0008446077836574,0.0010699974983508,0.0010286350080444,0.0,0.0,0.0
2025-11-17 11:15:00-05:00,668.094970703125,668.6699829101562,667.77001953125,668.6699829101562,1202987,-0.0008603041857762,0.0010286350080444,0.0010195548579093,0.0,0.0,0.0
2025-11-17 11:20:00-05:00,668.5999755859375,668.7365112304688,667.8150024414062,668.0999755859375,1104181,0.000755602328327,0.0010195548579093,0.0013147738408356,0.0,0.0,0.0
2025-11-17 11:25:00-05:00,670.4749755859375,670.530029296875,668.2999877929688,668.6099853515625,995318,0.0028004425349697,0.0013147738408356,0.0012499281702932,0.0,0.0,0.0
2025-11-17 11:30:00-05:00,670.8400268554688,671.27001953125,670.3720092773438,670.47998046875,1257997,0.0005443184902577,0.0012499281702932,0.0012484104872422,0.0,0.0,0.0
2025-11-17 11:35:00-05:00,671.25,671.3699951171875,670.469970703125,670.8499755859375,653790,0.0006109473270491,0.0012484104872422,0.0011669289303597,0.0,0.0,0.0
2025-11-17 11:40:00-05:00,671.719970703125,672.0800170898438,671.1900024414062,671.239990234375,750926,0.0006998975890187,0.0011669289303597,0.0011460269489897,0.0,0.0,0.0
2025-11-17 11:45:00-05:00,672.0999755859375,672.2899780273438,671.5599975585938,671.72998046875,555252,0.0005655592387816,0.0011460269489897,0.0011545946660352,0.0,0.0,0.0
2025-11-17 11:50:00-05:00,672.52001953125,672.719970703125,672.0900268554688,672.0900268554688,522661,0.0006247772017393,0.0011545946660352,0.0011291053381978,0.0,0.0,0.0
2025-11-17 11:55:00-05:00,672.9500122070312,672.97998046875,671.9949951171875,672.5,573822,0.0006391709666916,0.0011291053381978,0.0011274965322485,0.0,0.0,0.0
2025-11-17 12:00:00-05:00,672.5281982421875,673.0,672.405029296875,672.9400024414062,435356,-0.000627009750715,0.0011274965322485,0.0009752712220737,0.0,0.0,0.0
2025-11-17 12:05:00-05:00,672.5900268554688,672.719970703125,672.0999755859375,672.530029296875,398026,9.193037782283068e-05,0.0009752712220737,0.0009190351773707,0.0,0.0,0.0
2025-11-17 12:10:00-05:00,672.4199829101562,672.655029296875,671.9749755859375,672.5900268554688,364153,-0.0002528515698528,0.0009190351773707,0.0008712396533415,0.0,0.0,0.0
2025-11-17 12:15:00-05:00,672.1199951171875,672.5499877929688,671.7050170898438,672.4299926757812,399254,-0.0004462311316123,0.0008712396533415,0.0008731753789585,0.0,0.0,0.0
2025-11-17 12:20:00-05:00,672.2100219726562,672.4500122070312,671.8099975585938,672.0999755859375,438097,0.0001339356474359,0.0008731753789585,0.000463220010415,0.0,0.0,0.0
2025-11-17 12:25:00-05:00,672.3101196289062,672.344970703125,671.7999877929688,672.22998046875,380098,0.0001488972211538,0.000463220010415,0.0004547766744951,0.0,0.0,0.0
2025-11-17 12:30:00-05:00,672.3350219726562,672.510009765625,671.864990234375,672.3300170898438,452374,3.7039279706471454e-05,0.0004547766744951,0.0005856197103921,0.0,0.0,0.0
2025-11-17 12:35:00-05:00,671.52001953125,672.5900268554688,671.3699951171875,672.3300170898438,471804,-0.0012129322228292,0.0005856197103921,0.0006012777525784,0.0,0.0,0.0
2025-11-17 12:40:00-05:00,670.9199829101562,671.530029296875,670.8400268554688,671.5255126953125,649658,-0.0008939493161142,0.0006012777525784,0.0005639458635087,0.0,0.0,0.0
2025-11-17 12:45:00-05:00,670.77001953125,670.969970703125,670.0900268554688,670.9199829101562,859810,-0.0002235440068239,0.0005639458635087,0.0006326412754369,0.0,0.0,0.0
2025-11-17 12:50:00-05:00,669.72998046875,670.8699951171875,669.6500244140625,670.780029296875,624968,-0.0015517184202706,0.0006326412754369,0.0005592305699508,0.0,0.0,0.0
2025-11-17 12:55:00-05:00,669.219970703125,669.8900146484375,669.1500244140625,669.719970703125,543733,-0.0007618056072131,0.0005592305699508,0.0005781273550166,0.0,0.0,0.0
2025-11-17 13:00:00-05:00,668.5599975585938,669.280029296875,668.3499755859375,669.239990234375,902884,-0.0009866692785511,0.0005781273550166,0.0005714350149729,0.0,0.0,0.0
2025-11-17 13:05:00-05:00,668.5700073242188,669.0079956054688,668.219970703125,668.5599975585938,614125,1.4972015568708186e-05,0.0005714350149729,0.0006574845319714,0.0,0.0,0.0
2025-11-17 13:10:00-05:00,668.9954833984375,669.47998046875,668.4400024414062,668.5700073242188,799661,0.0006361947755389,0.0006574845319714,0.0006773749357628,0.0,0.0,0.0
2025-11-17 13:15:00-05:00,669.0900268554688,669.3300170898438,668.52001953125,669.0,463299,0.0001413115327294,0.0006773749357628,0.0006581276799759,0.0,0.0,0.0
2025-11-17 13:20:00-05:00,668.780029296875,669.4299926757812,668.6099853515625,669.0900268554688,411005,-0.0004634195417051,0.0006581276799759,0.0006418494185202,0.0,0.0,0.0
2025-11-17 13:25:00-05:00,668.7100219726562,669.0,668.4600219726562,668.760009765625,330457,-0.0001046846280706,0.0006418494185202,0.000623504301887,0.0,0.0,0.0
2025-11-17 13:30:00-05:00,668.4000244140625,668.739990234375,668.1500244140625,668.7000122070312,553961,-0.0004636829481397,0.000623504301887,0.0005958804103989,0.0,0.0,0.0
2025-11-17 13:35:00-05:00,668.4299926757812,668.739990234375,668.1900024414062,668.3900146484375,448159,4.483481271454858e-05,0.0005958804103989,0.0006343283580465,0.0,0.0,0.0
2025-11-17 13:40:00-05:00,668.8300170898438,668.8900146484375,668.0449829101562,668.4400024414062,475000,0.0005982747155722,0.0006343283580465,0.0006653559950005,0.0,0.0,0.0
2025-11-17 13:45:00-05:00,669.1199951171875,669.9099731445312,668.7899780273438,668.8099975585938,825953,0.0004334661672537,0.0006653559950005,0.0006511841874604,0.0,0.0,0.0
2025-11-17 13:50:00-05:00,668.1348266601562,669.4949951171875,668.10498046875,669.1199951171875,565536,-0.0014734194548685,0.0006511841874604,0.0008946811239341,0.0,0.0,0.0
2025-11-17 13:55:00-05:00,666.5599975585938,668.1400146484375,666.5,668.1400146484375,1314286,-0.0023598350781239,0.0008946811239341,0.0008757267931274,0.0,0.0,0.0
2025-11-17 14:00:00-05:00,666.1599731445312,666.9000244140625,665.5999755859375,666.5700073242188,1342145,-0.0006003127961903,0.0008757267931274,0.0008934886974127,0.0,0.0,0.0
2025-11-17 14:05:00-05:00,666.4099731445312,666.6199951171875,665.77001953125,666.155029296875,1235243,0.0003752148300045,0.0008934886974127,0.0008513926643065,0.0,0.0,0.0
2025-11-17 14:10:00-05:00,665.969970703125,666.72998046875,665.8099975585938,666.4000244140625,1084827,-0.0006604759542247,0.0008513926643065,0.0008357622343176,0.0,0.0,0.0
2025-11-17 14:15:00-05:00,665.72998046875,666.1599731445312,665.4600219726562,665.97998046875,973056,-0.000360426891601,0.0008357622343176,0.000844841919381,0.0,0.0,0.0
2025-11-17 14:20:00-05:00,665.739990234375,665.9500122070312,665.510009765625,665.75,740153,1.503566110451811e-05,0.000844841919381,0.0008554786801889,0.0,0.0,0.0
2025-11-17 14:25:00-05:00,665.8394775390625,665.9000244140625,664.969970703125,665.72998046875,1042529,0.0001494275141368,0.0008554786801889,0.000903751975299,0.0,0.0,0.0
2025-11-17 14:30:00-05:00,664.9312744140625,666.1414794921875,664.6599731445312,665.8300170898438,1043037,-0.0013649282037012,0.000903751975299,0.0009265458181916,0.0,0.0,0.0
2025-11-17 14:35:00-05:00,664.030029296875,665.2999877929688,663.990478515625,664.9199829101562,1167792,-0.0013563152709279,0.0009265458181916,0.0009505112906671,0.0,0.0,0.0
2025-11-17 14:40:00-05:00,664.5599975585938,664.6400146484375,663.72998046875,664.030029296875,1392940,0.0007977905585851,0.0009505112906671,0.0009004178085218,0.0,0.0,0.0
2025-11-17 14:45:00-05:00,664.1300048828125,664.6099853515625,663.510009765625,664.52001953125,1022044,-0.0006472430589562,0.0009004178085218,0.0008604999309092,0.0,0.0,0.0
2025-11-17 14:50:00-05:00,663.8499755859375,664.4149780273438,663.75,664.1199951171875,932353,-0.0004217372327054,0.0008604999309092,0.0007322714708339,0.0,0.0,0.0
2025-11-17 14:55:00-05:00,662.7899780273438,663.9249877929688,662.72998046875,663.8699951171875,1393758,-0.0015980187861519,0.0007322714708339,0.0007366306845081,0.0,0.0,0.0
2025-11-17 15:00:00-05:00,662.6900024414062,662.9199829101562,662.1699829101562,662.77001953125,1538480,-0.0001508518990859,0.0007366306845081,0.0007309316587928,0.0,0.0,0.0
2025-11-17 15:05:00-05:00,662.8997802734375,663.3699951171875,662.5800170898438,662.6799926757812,1301341,0.0003165049044852,0.0007309316587928,0.0007299543254335,0.0,0.0,0.0
2025-11-17 15:10:00-05:00,662.7550048828125,663.6500244140625,662.7045288085938,662.8699951171875,1402304,-0.0002184209536625,0.0007299543254335,0.0007789077102734,0.0,0.0,0.0
2025-11-17 15:15:00-05:00,663.1099853515625,663.985595703125,662.5599975585938,662.77001953125,1388697,0.0005354700212261,0.0007789077102734,0.0008433899444067,0.0,0.0,0.0
2025-11-17 15:20:00-05:00,663.655029296875,663.8400268554688,662.9500122070312,663.1099853515625,1159385,0.0008216134280837,0.0008433899444067,0.0008424637453258,0.0,0.0,0.0
2025-11-17 15:25:00-05:00,663.739990234375,664.0499877929688,663.405029296875,663.6599731445312,1423599,0.0001280115359269,0.0008424637453258,0.0007803633151095,0.0,0.0,0.0
2025-11-17 15:30:00-05:00,663.3099975585938,664.27001953125,663.094970703125,663.760009765625,1403650,-0.0006480429445535,0.0007803633151095,0.0006922835377345,0.0,0.0,0.0
2025-11-17 15:35:00-05:00,663.3499755859375,664.1900024414062,663.1799926757812,663.3099975585938,1261186,6.0268687026190325e-05,0.0006922835377345,0.0007221195746099,0.0,0.0,0.0
2025-11-17 15:40:00-05:00,664.0349731445312,664.0549926757812,663.1400146484375,663.3400268554688,1311491,0.0010321009290569,0.0007221195746099,0.0007929258093578,0.0,0.0,0.0
2025-11-17 15:45:00-05:00,664.8900146484375,665.030029296875,663.9600830078125,664.030029296875,2361299,0.0012868169832742,0.0007929258093578,0.0007838653518957,0.0,0.0,0.0
2025-11-17 15:50:00-05:00,664.72998046875,665.6199951171875,664.4000244140625,664.8900146484375,2758053,-0.0002407216814548,0.0007838653518957,0.0006637229928472,0.0,0.0,0.0
2025-11-17 15:55:00-05:00,665.6900024414062,665.77001953125,664.6699829101562,664.72998046875,5375737,0.0014431865901219,0.0006637229928472,0.0014784025860071,0.0,0.0,0.0
2025-11-18 09:30:00-05:00,662.9000244140625,664.260009765625,660.9550170898438,662.094970703125,6019238,-0.0041999143032049,0.0014784025860071,0.0014795856702677,0.0,0.0,0.0
2025-11-18 09:35:00-05:00,663.1500244140625,663.8300170898438,662.489990234375,662.9000244140625,2402248,0.0003770596791318,0.0014795856702677,0.0015880302007358,0.0,0.0,0.0
2025-11-18 09:40:00-05:00,661.8499755859375,663.4550170898438,661.5399780273438,663.1400146484375,2045661,-0.0019623384834831,0.0015880302007358,0.0016107808528764,0.0,0.0,0.0
2025-11-18 09:45:00-05:00,660.9600219726562,663.4500122070312,660.7490234375,661.8499755859375,2661923,-0.0013455503801693,0.0016107808528764,0.0016248297037898,0.0,0.0,0.0
2025-11-18 09:50:00-05:00,659.7899780273438,661.1400146484375,659.5599975585938,660.969970703125,2646887,-0.0017717876227886,0.0016248297037898,0.0016492154728814,0.0,0.0,0.0
2025-11-18 09:55:00-05:00,658.6500854492188,659.8900146484375,658.6099853515625,659.7899780273438,2273380,-0.0017291538595086,0.0016492154728814,0.0017270799952796,0.0,0.0,0.0
2025-11-18 10:00:00-05:00,657.0599975585938,659.4500122070312,656.9600219726562,658.6500244140625,2432211,-0.0024170806096348,0.0017270799952796,0.0020026751887076,0.0,0.0,0.0
2025-11-18 10:05:00-05:00,658.8800048828125,659.1599731445312,656.7999877929688,657.0499877929688,2719306,0.0027660964501304,0.0020026751887076,0.0019465938272608,0.0,0.0,0.0
2025-11-18 10:10:00-05:00,658.8150024414062,659.4600219726562,657.6099853515625,658.8699951171875,1950254,-9.866082985466131e-05,0.0019465938272608,0.0018511635240576,0.0,0.0,0.0
2025-11-18 10:15:00-05:00,658.010009765625,658.8800048828125,657.0700073242188,658.7999877929688,1775309,-0.0012226268009724,0.0018511635240576,0.0020217585756786,0.0,0.0,0.0
2025-11-18 10:20:00-05:00,659.3099975585938,660.3099975585938,657.8699951171875,657.969970703125,1962938,0.0019736862838833,0.0020217585756786,0.0019139671557138,0.0,0.0,0.0
2025-11-18 10:25:00-05:00,659.0850219726562,660.2899780273438,658.969970703125,659.3099975585938,1193552,-0.0003412870722178,0.0019139671557138,0.0015935997649222,0.0,0.0,0.0
2025-11-18 10:30:00-05:00,658.6400146484375,660.2000122070312,658.3900146484375,659.0800170898438,3389452,-0.0006754176004383,0.0015935997649222,0.0015685472078358,0.0,0.0,0.0
2025-11-18 10:35:00-05:00,658.3699951171875,658.719970703125,657.4229736328125,658.6900024414062,1830589,-0.0004100493284504,0.0015685472078358,0.0015111791947436,0.0,0.0,0.0
2025-11-18 10:40:00-05:00,658.239990234375,659.030029296875,657.5999755859375,658.3599853515625,1221464,-0.0001974842735227,0.0015111791947436,0.0014853218424844,0.0,0.0,0.0
2025-11-18 10:45:00-05:00,657.9199829101562,658.3300170898438,657.5999755859375,658.219970703125,1032975,-0.0004862742175026,0.0014853218424844,0.0014245038339619,0.0,0.0,0.0
2025-11-18 10:50:00-05:00,658.019775390625,658.510009765625,657.1199951171875,657.9299926757812,1152133,0.0001516672477301,0.0014245038339619,0.0013822995133339,0.0,0.0,0.0
2025-11-18 10:55:00-05:00,657.219970703125,658.739990234375,657.1599731445312,658.030029296875,1025182,-0.0012162113994238,0.0013822995133339,0.0012188416518569,0.0,0.0,0.0
2025-11-18 11:00:00-05:00,656.6296997070312,657.6099853515625,655.8599853515625,657.22998046875,2054159,-0.0008985366425114,0.0012188416518569,0.0011815118969838,0.0,0.0,0.0
2025-11-18 11:05:00-05:00,658.3300170898438,658.4199829101562,656.260009765625,656.6300048828125,1146649,0.002586114705622,0.0011815118969838,0.0012044466113259,0.0,0.0,0.0
2025-11-18 11:10:00-05:00,658.8200073242188,659.530029296875,658.219970703125,658.3400268554688,1452167,0.000744015864398,0.0012044466113259,0.0011563455693188,0.0,0.0,0.0
2025-11-18 11:15:00-05:00,659.3198852539062,659.5499877929688,658.0900268554688,658.8200073242188,1021278,0.0007584596391709,0.0011563455693188,0.0010790487000055,0.0,0.0,0.0
2025-11-18 11:20:00-05:00,660.2100219726562,660.4299926757812,659.1599731445312,659.219970703125,1117322,0.0013491726847553,0.0010790487000055,0.0012033004672258,0.0,0.0,0.0
2025-11-18 11:25:00-05:00,661.5750122070312,661.8699951171875,660.2000122070312,660.260009765625,1511723,0.0020653747535434,0.0012033004672258,0.0011767669830204,0.0,0.0,0.0
2025-11-18 11:30:00-05:00,661.4199829101562,662.1513061523438,661.3699951171875,661.5599975585938,1433451,-0.0002343611248065,0.0011767669830204,0.0011693100562688,0.0,0.0,0.0
2025-11-18 11:35:00-05:00,661.239990234375,662.3699951171875,661.1500244140625,661.4299926757812,1296079,-0.0002721677234465,0.0011693100562688,0.0011681814039295,0.0,0.0,0.0
2025-11-18 11:40:00-05:00,661.9000854492188,662.0499877929688,660.9500122070312,661.219970703125,740616,0.0009977708055826,0.0011681814039295,0.001189083887455,0.0,0.0,0.0
2025-11-18 11:45:00-05:00,661.4099731445312,662.2899780273438,660.780029296875,661.8900146484375,970315,-0.0007407369481016,0.001189083887455,0.0011976826615281,0.0,0.0,0.0
2025-11-18 11:50:00-05:00,661.3300170898438,661.8400268554688,660.719970703125,661.4299926757812,823103,-0.0001208945905849,0.0011976826615281,0.0011063636272509,0.0,0.0,0.0
2025-11-18 11:55:00-05:00,661.1699829101562,662.0399780273438,660.8800048828125,661.3319702148438,537634,-0.0002420176642247,0.0011063636272509,0.001030236163397,0.0,0.0,0.0
2025-11-18 12:00:00-05:00,661.1799926757812,661.8599853515625,660.97998046875,661.1400146484375,553409,1.5139359186385872e-05,0.001030236163397,0.0008915970923539,0.0,0.0,0.0
2025-11-18 12:05:00-05:00,660.5999755859375,661.2899780273438,660.25,661.1699829101562,861098,-0.0008776303787318,0.0008915970923539,0.0009521122127762,0.0,0.0,0.0
2025-11-18 12:10:00-05:00,659.9299926757812,661.0198974609375,659.8701782226562,660.5399780273438,605083,-0.0010147183081739,0.0009521122127762,0.0009323021274519,0.0,0.0,0.0
2025-11-18 12:15:00-05:00,660.0399780273438,660.6400146484375,659.5599975585938,659.9199829101562,954807,0.0001666482636092,0.0009323021274519,0.0008530417944039,0.0,0.0,0.0
2025-11-18 12:20:00-05:00,659.739990234375,660.8900146484375,659.6599731445312,660.0700073242188,617714,-0.000454602744926,0.0008530417944039,0.0006740516231758,0.0,0.0,0.0
2025-11-18 12:25:00-05:00,658.6199951171875,660.19580078125,658.5599975585938,659.739990234375,845764,-0.0016990736962136,0.0006740516231758,0.0007181357407328,0.0,0.0,0.0
2025-11-18 12:30:00-05:00,658.9400024414062,659.0499877929688,657.9099731445312,658.6099853515625,1003961,0.0004857575079755,0.0007181357407328,0.0012786026633229,0.0,0.0,0.0
2025-11-18 12:35:00-05:00,661.14990234375,661.2000122070312,658.7999877929688,658.9400024414062,978964,0.0033481082746198,0.0012786026633229,0.0014475263573967,0.0,0.0,0.0
2025-11-18 12:40:00-05:00,662.7999877929688,663.02001953125,661.1300048828125,661.1300048828125,1308836,0.0024926718388665,0.0014475263573967,0.001425083033537,0.0,0.0,0.0
2025-11-18 12:45:00-05:00,663.1300048828125,663.280029296875,661.739990234375,662.8099975585938,1136737,0.0004977896246127,0.001425083033537,0.0014258278295897,0.0,0.0,0.0
2025-11-18 12:50:00-05:00,663.5599975585938,663.6699829101562,662.3800048828125,663.1199951171875,868121,0.0006482187851667,0.0014258278295897,0.0014170746383143,0.0,0.0,0.0
2025-11-18 12:55:00-05:00,663.6699829101562,664.375,663.0499877929688,663.530029296875,1060895,0.0001657366898468,0.0014170746383143,0.0014155788338842,0.0,0.0,0.0
2025-11-18 13:00:00-05:00,663.739990234375,664.22998046875,663.3200073242188,663.719970703125,939871,0.0001054795815912,0.0014155788338842,0.0013653360538427,0.0,0.0,0.0
2025-11-18 13:05:00-05:00,663.9000244140625,664.4000244140625,663.5700073242188,663.739990234375,911222,0.0002410806825597,0.0013653360538427,0.0013038332066226,0.0,0.0,0.0
2025-11-18 13:10:00-05:00,663.8099975585938,664.4600219726562,663.6500244140625,663.9099731445312,723936,-0.0001356122257372,0.0013038332066226,0.0013013915085748,0.0,0.0,0.0
2025-11-18 13:15:00-05:00,664.0098876953125,664.0921630859375,663.25,663.8400268554688,814081,0.0003010801998805,0.0013013915085748,0.0012752926948548,0.0,0.0,0.0
2025-11-18 13:20:00-05:00,664.0499267578125,664.22998046875,663.0999755859375,663.97998046875,1573053,6.029707709918231e-05,0.0012752926948548,0.0011863476408818,0.0,0.0,0.0
2025-11-18 13:25:00-05:00,663.3300170898438,664.3800048828125,663.260009765625,664.0800170898438,563906,-0.0010847078741728,0.0011863476408818,0.0012200183480004,0.0,0.0,0.0
2025-11-18 13:30:00-05:00,664.3900146484375,664.6099853515625,663.3499755859375,663.3499755859375,559545,0.001596718823941,0.0012200183480004,0.0009324237027893,0.0,0.0,0.0
2025-11-18 13:35:00-05:00,664.02001953125,664.6099853515625,663.0999755859375,664.3900146484375,818933,-0.0005570495814321,0.0009324237027893,0.0006562526860154,0.0,0.0,0.0
2025-11-18 13:40:00-05:00,663.8800048828125,665.1199951171875,663.469970703125,664.0399780273438,1191035,-0.0002108813109151,0.0006562526860154,0.0006717660915239,0.0,0.0,0.0
2025-11-18 13:45:00-05:00,664.3699951171875,664.4492797851562,663.5800170898438,663.864990234375,828798,0.0007377982406956,0.0006717660915239,0.000653619375423,0.0,0.0,0.0
2025-11-18 13:50:00-05:00,664.4500122070312,664.9400024414062,664.0999755859375,664.3800048828125,515881,0.000120433300973,0.000653619375423,0.0009266830571362,0.0,0.0,0.0
2025-11-18 13:55:00-05:00,663.010009765625,664.4500122070312,662.7000122070312,664.4299926757812,1159475,-0.0021695613915466,0.0009266830571362,0.0009254598830204,0.0,0.0,0.0
2025-11-18 14:00:00-05:00,663.0250244140625,664.22998046875,662.8499755859375,663.0499877929688,962536,2.2645930237356696e-05,0.0009254598830204,0.0009779087945384,0.0,0.0,0.0
2025-11-18 14:05:00-05:00,663.7100219726562,663.8400268554688,662.969970703125,663.0399780273438,619145,0.0010326065047059,0.0009779087945384,0.000983748403998,0.0,0.0,0.0
2025-11-18 14:10:00-05:00,663.9600219726562,664.25,663.1900024414062,663.72998046875,567225,0.0003765995988157,0.000983748403998,0.0009805856306747,0.0,0.0,0.0
2025-11-18 14:15:00-05:00,664.0499877929688,664.0900268554688,662.9099731445312,663.969970703125,662823,0.0001354896721991,0.0009805856306747,0.001069114244432,0.0,0.0,0.0
2025-11-18 14:20:00-05:00,663.0700073242188,664.239990234375,662.7000122070312,664.0499877929688,607387,-0.0014768531112104,0.001069114244432,0.0010265775436495,0.0,0.0,0.0
2025-11-18 14:25:00-05:00,662.9299926757812,663.5599975585938,662.5700073242188,663.0700073242188,685928,-0.000211183482591,0.0010265775436495,0.0008864022922331,0.0,0.0,0.0
2025-11-18 14:30:00-05:00,662.72998046875,663.1799926757812,662.4340209960938,662.9299926757812,684948,-0.0003017549184569,0.0008864022922331,0.0012362975190913,0.0,0.0,0.0
2025-11-18 14:35:00-05:00,664.6099853515625,664.6799926757812,662.64501953125,662.760009765625,891379,0.0028327424599385,0.0012362975190913,0.001341630502281,0.0,0.0,0.0
2025-11-18 14:40:00-05:00,663.4600219726562,664.9600219726562,663.2000122070312,664.5999755859375,1042801,-0.0017317816982023,0.001341630502281,0.0013573185635069,0.0,0.0,0.0
2025-11-18 14:45:00-05:00,664.1199951171875,664.8699951171875,663.4400024414062,663.469970703125,859982,0.0009942499742427,0.0013573185635069,0.0014014801569753,0.0,0.0,0.0
2025-11-18 14:50:00-05:00,663.280029296875,664.239990234375,663.1950073242188,664.1099853515625,902527,-0.0012655807096242,0.0014014801569753,0.0013392704421918,0.0,0.0,0.0
2025-11-18 14:55:00-05:00,664.4199829101562,664.47998046875,662.969970703125,663.25,837525,0.0017171859349521,0.0013392704421918,0.0013863766253213,0.0,0.0,0.0
2025-11-18 15:00:00-05:00,663.7150268554688,664.9400024414062,663.6500244140625,664.4299926757812,1326251,-0.0010615729812217,0.0013863766253213,0.0013677958318285,0.0,0.0,0.0
2025-11-18 15:05:00-05:00,663.27001953125,663.7899780273438,663.0499877929688,663.7000122070312,820036,-0.0006707043792429,0.0013677958318285,0.0013612044649705,0.0,0.0,0.0
2025-11-18 15:10:00-05:00,663.155517578125,663.5,662.8099975585938,663.239990234375,836842,-0.0001726473898548,0.0013612044649705,0.0013656067274909,0.0,0.0,0.0
2025-11-18 15:15:00-05:00,662.77001953125,663.52001953125,662.6599731445312,663.1500244140625,980373,-0.0005814776877701,0.0013656067274909,0.001303708773008,0.0,0.0,0.0
2025-11-18 15:20:00-05:00,662.5570068359375,663.489990234375,662.3834228515625,662.77001953125,776292,-0.0003214492618182,0.001303708773008,0.0013036648696541,0.0,0.0,0.0
2025-11-18 15:25:00-05:00,662.4199829101562,662.5800170898438,661.5,662.5700073242188,1340225,-0.000206832159849,0.0013036648696541,0.0013285681028787,0.0,0.0,0.0
2025-11-18 15:30:00-05:00,661.780029296875,662.780029296875,661.6500244140625,662.4199829101562,1040023,-0.0009665513626391,0.0013285681028787,0.0010215396810691,0.0,0.0,0.0
2025-11-18 15:35:00-05:00,662.3900146484375,662.719970703125,661.6400146484375,661.7899780273438,1268509,0.0009213097630451,0.0010215396810691,0.0009553824031107,0.0,0.0,0.0
2025-11-18 15:40:00-05:00,661.6500244140625,662.5399780273438,661.5900268554688,662.389892578125,1133813,-0.0011177763354433,0.0009553824031107,0.0009024711987315,0.0,0.0,0.0
2025-11-18 15:45:00-05:00,660.9149780273438,661.9199829101562,660.875,661.6500244140625,1836587,-0.0011115468215826,0.0009024711987315,0.0008983254024092,0.0,0.0,0.0
2025-11-18 15:50:00-05:00,661.2899780273438,662.3599853515625,660.9149780273438,660.9199829101562,3208738,0.0005672343131639,0.0008983254024092,0.0007525425087146,0.0,0.0,0.0
2025-11-18 15:55:00-05:00,660.1400146484375,661.6799926757812,660.0,661.2899780273438,7909475,-0.0017404836814317,0.0007525425087146,0.0010091285253734,0.0,0.0,0.0
2025-11-19 09:30:00-05:00,661.4000244140625,661.6099853515625,660.1099853515625,660.780029296875,3566783,0.0019068815324315,0.0010091285253734,0.0010875649056131,0.0,0.0,0.0
2025-11-19 09:35:00-05:00,662.1994018554688,662.3900146484375,661.2999877929688,661.4000244140625,1829881,0.001207884383645,0.0010875649056131,0.0011563991241786,0.0,0.0,0.0
2025-11-19 09:40:00-05:00,663.0150146484375,663.3200073242188,661.719970703125,662.1799926757812,1276313,0.0012309146139563,0.0011563991241786,0.0011634415696191,0.0,0.0,0.0
2025-11-19 09:45:00-05:00,663.5399780273438,663.780029296875,662.6799926757812,663.0,1447546,0.0007914687430356,0.0011634415696191,0.0012176979969065,0.0,0.0,0.0
2025-11-19 09:50:00-05:00,664.510009765625,664.5900268554688,662.989990234375,663.5399780273438,1247397,0.0014608364439667,0.0012176979969065,0.0012804657142924,0.0,0.0,0.0
2025-11-19 09:55:00-05:00,665.6699829101562,665.8400268554688,664.260009765625,664.5,1578627,0.0017440849282882,0.0012804657142924,0.001206130180694,0.0,0.0,0.0
2025-11-19 10:00:00-05:00,666.1400146484375,666.2150268554688,665.4199829101562,665.6699829101562,1630036,0.0007058540762694,0.001206130180694,0.001207471503544,0.0,0.0,0.0
2025-11-19 10:05:00-05:00,666.1799926757812,666.4400024414062,665.9450073242188,666.1500244140625,1397604,6.001265031824358e-05,0.001207471503544,0.0010984542334151,0.0,0.0,0.0
2025-11-19 10:10:00-05:00,666.5499877929688,666.760009765625,665.6900024414062,666.1799926757812,1310881,0.0005552439460586,0.0010984542334151,0.0009736865695176,0.0,0.0,0.0
2025-11-19 10:15:00-05:00,666.6199951171875,667.3400268554688,666.52001953125,666.5549926757812,1416274,0.0001050238531926,0.0009736865695176,0.0009983438053082,0.0,0.0,0.0
2025-11-19 10:20:00-05:00,666.5858764648438,667.0399780273438,666.0900268554688,666.6099853515625,1017556,-5.118287142059448e-05,0.0009983438053082,0.0007637893452088,0.0,0.0,0.0
2025-11-19 10:25:00-05:00,666.25,666.6599731445312,665.9099731445312,666.5800170898438,1271444,-0.0005040027476519,0.0007637893452088,0.0007126911552518,0.0,0.0,0.0
2025-11-19 10:30:00-05:00,666.1599731445312,666.5545043945312,665.85498046875,666.27001953125,993735,-0.0001351338663328,0.0007126911552518,0.0007853895795621,0.0,0.0,0.0
2025-11-19 10:35:00-05:00,665.6400146484375,666.3200073242188,665.530029296875,666.1599731445312,813638,-0.0007808357520318,0.0007853895795621,0.0007601120708717,0.0,0.0,0.0
2025-11-19 10:40:00-05:00,665.52001953125,665.75,665.0800170898438,665.6400146484375,781159,-0.0001802865387053,0.0007601120708717,0.0008601583146274,0.0,0.0,0.0
2025-11-19 10:45:00-05:00,664.7100219726562,665.52001953125,664.6900024414062,665.52001953125,836253,-0.0012178309516867,0.0008601583146274,0.0008128112543374,0.0,0.0,0.0
2025-11-19 10:50:00-05:00,664.030029296875,664.7100219726562,663.7000122070312,664.7100219726562,1120609,-0.0010235150727849,0.0008128112543374,0.0007035602475526,0.0,0.0,0.0
2025-11-19 10:55:00-05:00,662.969970703125,664.0599975585938,662.5999755859375,664.0399780273438,1394212,-0.0015976771955383,0.0007035602475526,0.0006421825567254,0.0,0.0,0.0
2025-11-19 11:00:00-05:00,663.0499877929688,663.530029296875,662.760009765625,662.969970703125,1487432,0.0001206876102099,0.0006421825567254,0.0006444294982211,0.0,0.0,0.0
2025-11-19 11:05:00-05:00,662.4199829101562,663.280029296875,662.0479736328125,663.030029296875,1238991,-0.0009506136603323,0.0006444294982211,0.0005674822097708,0.0,0.0,0.0
2025-11-19 11:10:00-05:00,662.2899780273438,662.530029296875,661.8800048828125,662.4099731445312,866139,-0.0001962767504788,0.0005674822097708,0.0005772698633924,0.0,0.0,0.0
2025-11-19 11:15:00-05:00,662.4194946289062,662.6699829101562,662.0399780273438,662.2899780273438,976545,0.0001955396328757,0.0005772698633924,0.0005831325140898,0.0,0.0,0.0
2025-11-19 11:20:00-05:00,661.6500244140625,663.1300048828125,661.5700073242188,662.4000244140625,1208144,-0.0011622808174344,0.0005831325140898,0.0006734492404378,0.0,0.0,0.0
2025-11-19 11:25:00-05:00,662.010009765625,662.4199829101562,661.280029296875,661.6409912109375,1027012,0.0005439241967608,0.0006734492404378,0.0006807309042582,0.0,0.0,0.0
2025-11-19 11:30:00-05:00,662.0,662.2999877929688,661.6199951171875,662.02001953125,633121,-1.5120377567230198e-05,0.0006807309042582,0.0007014222697253,0.0,0.0,0.0
2025-11-19 11:35:00-05:00,661.2399291992188,662.030029296875,660.989990234375,661.989990234375,697373,-0.0011488028249465,0.0007014222697253,0.0007685026171983,0.0,0.0,0.0
2025-11-19 11:40:00-05:00,661.6199951171875,661.989990234375,660.780029296875,661.2249755859375,1030967,0.0005746125064944,0.0007685026171983,0.0007335176771536,0.0,0.0,0.0
2025-11-19 11:45:00-05:00,661.3499755859375,662.0899047851562,661.030029296875,661.6099853515625,1042291,-0.0004082020619953,0.0007335176771536,0.0007747648895877,0.0,0.0,0.0
2025-11-19 11:50:00-05:00,661.8244018554688,662.0198974609375,661.0479736328125,661.3099975585938,683777,0.000717103199624,0.0007747648895877,0.0007388491917678,0.0,0.0,0.0
2025-11-19 11:55:00-05:00,662.5100708007812,662.5897216796875,661.3599853515625,661.8300170898438,861631,0.0010354921973816,0.0007388491917678,0.0009544227769981,0.0,0.0,0.0
2025-11-19 12:00:00-05:00,661.0700073242188,662.97998046875,661.0599975585938,662.5150146484375,996929,-0.0021760134782803,0.0009544227769981,0.0009292124376734,0.0,0.0,0.0
2025-11-19 12:05:00-05:00,661.030029296875,661.6055297851562,660.5850219726562,661.0800170898438,956705,-6.0476554343224815e-05,0.0009292124376734,0.0009313622335837,0.0,0.0,0.0
2025-11-19 12:10:00-05:00,660.77001953125,661.27001953125,660.5,661.0100708007812,617153,-0.0003934177021844,0.0009313622335837,0.0009283318586791,0.0,0.0,0.0
2025-11-19 12:15:00-05:00,660.8400268554688,661.4600219726562,660.6199951171875,660.760009765625,596033,0.0001059424820136,0.0009283318586791,0.000879020977007,0.0,0.0,0.0
2025-11-19 12:20:00-05:00,660.8900146484375,661.4400024414062,660.5800170898438,660.8400268554688,553481,7.563994374476558e-05,0.000879020977007,0.0008717127646008,0.0,0.0,0.0
2025-11-19 12:25:00-05:00,661.1699829101562,661.4600219726562,660.22998046875,660.9199829101562,962557,0.0004235333743111,0.0008717127646008,0.0009622133660047,0.0,0.0,0.0
2025-11-19 12:30:00-05:00,660.1599731445312,661.3699951171875,660.010009765625,661.1799926757812,923229,-0.0015287778161841,0.0009622133660047,0.0010098127158512,0.0,0.0,0.0
2025-11-19 12:35:00-05:00,659.0999755859375,660.1699829101562,658.7449951171875,660.1599731445312,1580441,-0.0016069581854853,0.0010098127158512,0.0013566690316788,0.0,0.0,0.0
2025-11-19 12:40:00-05:00,661.030029296875,661.5499877929688,658.760009765625,659.0800170898438,1592858,0.0029240379037843,0.0013566690316788,0.001366861771818,0.0,0.0,0.0
2025-11-19 12:45:00-05:00,660.5499877929688,661.260009765625,659.969970703125,661.010009765625,862395,-0.0007264660766818,0.001366861771818,0.0014097240171877,0.0,0.0,0.0
2025-11-19 12:50:00-05:00,661.4199829101562,661.7000122070312,660.4099731445312,660.52001953125,734183,0.0013162102953424,0.0014097240171877,0.0013676820731139,0.0,0.0,0.0
2025-11-19 12:55:00-05:00,661.3599853515625,661.9299926757812,661.0399780273438,661.4099731445312,693298,-9.071434414554848e-05,0.0013676820731139,0.0012461725639523,0.0,0.0,0.0
2025-11-19 13:00:00-05:00,662.0800170898438,662.1500244140625,661.0599975585938,661.3400268554688,593550,0.0010881215740746,0.0012461725639523,0.0012472568635194,0.0,0.0,0.0
2025-11-19 13:05:00-05:00,661.9949951171875,662.2100219726562,661.1400146484375,662.0499877929688,809179,-0.0001284247070434,0.0012472568635194,0.0012384784702551,0.0,0.0,0.0
2025-11-19 13:10:00-05:00,662.260009765625,662.6199951171875,661.5501098632812,662.010009765625,877397,0.0004002471593434,0.0012384784702551,0.0012905506102976,0.0,0.0,0.0
2025-11-19 13:15:00-05:00,661.5549926757812,662.4700927734375,661.1599731445312,662.280029296875,716561,-0.0010651294254817,0.0012905506102976,0.0013150596762101,0.0,0.0,0.0
2025-11-19 13:20:00-05:00,662.1950073242188,662.5599975585938,661.52001953125,661.5499877929688,706014,0.0009669721598598,0.0013150596762101,0.0014243824800403,0.0,0.0,0.0
2025-11-19 13:25:00-05:00,661.0200805664062,662.4722290039062,660.9400024414062,662.1950073242188,1047548,-0.00177586709424,0.0014243824800403,0.0013633331137569,0.0,0.0,0.0
2025-11-19 13:30:00-05:00,661.6400146484375,661.739990234375,660.8200073242188,661.010009765625,777476,0.0009374050516382,0.0013633331137569,0.0012830127953284,0.0,0.0,0.0
2025-11-19 13:35:00-05:00,662.6199951171875,663.3300170898438,661.530029296875,661.6599731445312,1179098,0.0014800426508581,0.0012830127953284,0.0011394460681922,0.0,0.0,0.0
2025-11-19 13:40:00-05:00,661.5900268554688,662.780029296875,661.3099975585938,662.6199951171875,905983,-0.0015555968499385,0.0011394460681922,0.0011486947020748,0.0,0.0,0.0
2025-11-19 13:45:00-05:00,661.02001953125,661.6699829101562,660.760009765625,661.5999755859375,582887,-0.0008619431873609,0.0011486947020748,0.0012258664510513,0.0,0.0,0.0
2025-11-19 13:50:00-05:00,662.3200073242188,662.4099731445312,661.0399780273438,661.0499877929688,695642,0.001964707761812,0.0012258664510513,0.0012253318310497,0.0,0.0,0.0
2025-11-19 13:55:00-05:00,662.5291748046875,662.97998046875,662.1799926757812,662.3099975585938,737548,0.000315760442816,0.0012253318310497,0.0012192926595184,0.0,0.0,0.0
2025-11-19 14:00:00-05:00,661.9500122070312,662.7899780273438,661.6799926757812,662.5499877929688,1324065,-0.0008745515071125,0.0012192926595184,0.0012211942782906,0.0,0.0,0.0
2025-11-19 14:05:00-05:00,661.77001953125,662.1699829101562,661.489990234375,661.9299926757812,893345,-0.0002719497666801,0.0012211942782906,0.0012145693498909,0.0,0.0,0.0
2025-11-19 14:10:00-05:00,661.8300170898438,661.8499755859375,661.219970703125,661.75,637550,9.06581398834008e-05,0.0012145693498909,0.0012005093493005,0.0,0.0,0.0
2025-11-19 14:15:00-05:00,661.260009765625,662.0355834960938,660.969970703125,661.7999877929688,540986,-0.0008616304981729,0.0012005093493005,0.0011626540084266,0.0,0.0,0.0
2025-11-19 14:20:00-05:00,660.9400024414062,661.3800048828125,660.6900024414062,661.2606201171875,493226,-0.0004840528324196,0.0011626540084266,0.00115645890191,0.0,0.0,0.0
2025-11-19 14:25:00-05:00,659.7999877929688,660.9299926757812,659.47998046875,660.9299926757812,978295,-0.0017263275739208,0.00115645890191,0.0011075688826264,0.0,0.0,0.0
2025-11-19 14:30:00-05:00,659.8300170898438,660.3099975585938,659.4500122070312,659.7899780273438,743424,4.551169156355035e-05,0.0011075688826264,0.0009688823420589,0.0,0.0,0.0
2025-11-19 14:35:00-05:00,659.489990234375,660.1790161132812,659.3699951171875,659.8800048828125,590539,-0.0005154577526448,0.0009688823420589,0.0009173333577309,0.0,0.0,0.0
2025-11-19 14:40:00-05:00,659.735595703125,659.9500122070312,659.3300170898438,659.489990234375,608332,0.0003723479505032,0.0009173333577309,0.000907047650217,0.0,0.0,0.0
2025-11-19 14:45:00-05:00,659.9450073242188,660.030029296875,659.3699951171875,659.739990234375,851987,0.000317367130154,0.000907047650217,0.0009748810949901,0.0,0.0,0.0
2025-11-19 14:50:00-05:00,661.4498291015625,661.510009765625,659.9299926757812,659.9400024414062,832415,0.0022776272260103,0.0009748810949901,0.0009666579529695,0.0,0.0,0.0
2025-11-19 14:55:00-05:00,661.25,662.010009765625,660.780029296875,661.4199829101562,937959,-0.0003021533664498,0.0009666579529695,0.0009599095902719,0.0,0.0,0.0
2025-11-19 15:00:00-05:00,661.6300048828125,661.77001953125,661.0,661.25,712713,0.0005745115080158,0.0009599095902719,0.0009583955843054,0.0,0.0,0.0
2025-11-19 15:05:00-05:00,661.72998046875,661.8980102539062,661.469970703125,661.5900268554688,600110,0.0001510935606854,0.0009583955843054,0.0009917678766402,0.0,0.0,0.0
2025-11-19 15:10:00-05:00,662.3099975585938,662.4199829101562,661.6500244140625,661.75,774093,0.0008761323473177,0.0009917678766402,0.0011803069864813,0.0,0.0,0.0
2025-11-19 15:15:00-05:00,664.02001953125,664.2000122070312,662.3300170898438,662.3300170898438,1371465,0.0025785783298674,0.0011803069864813,0.0012171493646763,0.0,0.0,0.0
2025-11-19 15:20:00-05:00,663.3900146484375,664.4000244140625,662.8599853515625,664.02001953125,1719352,-0.0009492242997938,0.0012171493646763,0.0010391479859528,0.0,0.0,0.0
2025-11-19 15:25:00-05:00,663.5,663.739990234375,662.989990234375,663.4000244140625,810046,0.0001657791536603,0.0010391479859528,0.0010449614784133,0.0,0.0,0.0
2025-11-19 15:30:00-05:00,663.4387817382812,663.6599731445312,662.9600219726562,663.5,1034652,-9.22699111739819e-05,0.0010449614784133,0.0010027644096794,0.0,0.0,0.0
2025-11-19 15:35:00-05:00,663.989990234375,664.760009765625,663.4000244140625,663.4400024414062,1469090,0.0008304905534871,0.0010027644096794,0.0010551357304091,0.0,0.0,0.0
2025-11-19 15:40:00-05:00,663.6099853515625,664.0700073242188,663.0665893554688,664.010009765625,1118348,-0.0005724689668252,0.0010551357304091,0.001324822876011,0.0,0.0,0.0
2025-11-19 15:45:00-05:00,662.0999755859375,663.6599731445312,662.0549926757812,663.625,1617278,-0.0022780403906287,0.001324822876011,0.0012207849884694,0.0,0.0,0.0
2025-11-19 15:50:00-05:00,663.0,663.280029296875,661.739990234375,662.0999755859375,2224403,0.0013584251287412,0.0012207849884694,0.0012308472117894,0.0,0.0,0.0
2025-11-19 15:55:00-05:00,662.6500244140625,663.5800170898438,662.3499755859375,663.010009765625,3104983,-0.0005280060161021,0.0012308472117894,0.0047360983263352,0.0,0.0,0.0
2025-11-20 09:30:00-05:00,673.3300170898438,673.864990234375,672.469970703125,672.9099731445312,6344913,0.0159885924311586,0.0047360983263352,0.0047285847198902,0.0,0.0,0.0
2025-11-20 09:35:00-05:00,673.6599731445312,674.0,673.1099853515625,673.3499755859375,2187913,0.0004899161295618,0.0047285847198902,0.0047466580000116,0.0,0.0,0.0
2025-11-20 09:40:00-05:00,673.635009765625,674.1500244140625,672.6900024414062,673.6599731445312,1988439,-3.705703535718142e-05,0.0047466580000116,0.0047361204301213,0.0,0.0,0.0
2025-11-20 09:45:00-05:00,674.0800170898438,674.7000122070312,672.9600219726562,673.6199951171875,1902151,0.0006603878884244,0.0047361204301213,0.0046995073109328,0.0,0.0,0.0
2025-11-20 09:50:00-05:00,674.2000122070312,674.6199951171875,673.9199829101562,674.0900268554688,1388505,0.0001779973223616,0.0046995073109328,0.0046861985925083,0.0,0.0,0.0
2025-11-20 09:55:00-05:00,674.9099731445312,675.02001953125,674.0900268554688,674.239990234375,1219358,0.0010524879524217,0.0046861985925083,0.0046816602428512,0.0,0.0,0.0
2025-11-20 10:00:00-05:00,674.9573974609375,675.4099731445312,674.6599731445312,674.9199829101562,1335646,7.026514968583146e-05,0.0046816602428512,0.0048166570804116,0.0,0.0,0.0
2025-11-20 10:05:00-05:00,673.280029296875,674.969970703125,673.0999755859375,674.9500122070312,1438249,-0.0024882398251255,0.0048166570804116,0.0048047320944189,0.0,0.0,0.0
2025-11-20 10:10:00-05:00,673.1699829101562,673.8599853515625,672.7899780273438,673.27001953125,1406651,-0.0001634615261852,0.0048047320944189,0.0046794908910869,0.0,0.0,0.0
2025-11-20 10:15:00-05:00,674.0,674.219970703125,672.81689453125,673.1799926757812,1306422,0.0012322382556006,0.0046794908910869,0.004680633873756,0.0,0.0,0.0
2025-11-20 10:20:00-05:00,674.75,674.9199829101562,673.5900268554688,674.030029296875,1061371,0.0011121409858069,0.004680633873756,0.0046592915296359,0.0,0.0,0.0
2025-11-20 10:25:00-05:00,674.8300170898438,675.0155029296875,674.3800048828125,674.7550048828125,1074454,0.0001185807272251,0.0046592915296359,0.0009795374608667,0.0,0.0,0.0
2025-11-20 10:30:00-05:00,674.655029296875,675.2000732421875,674.3099975585938,674.8300170898438,933108,-0.0002593401007562,0.0009795374608667,0.0010025731284225,0.0,0.0,0.0
2025-11-20 10:35:00-05:00,675.2999267578125,675.5599975585938,674.5800170898438,674.6500244140625,901271,0.0009554355974668,0.0010025731284225,0.0010040020650206,0.0,0.0,0.0
2025-11-20 10:40:00-05:00,675.2349853515625,675.4349975585938,674.8300170898438,675.2899780273438,647065,-9.617138471252116e-05,0.0010040020650206,0.001128199553748,0.0,0.0,0.0
2025-11-20 10:45:00-05:00,674.0900268554688,675.3200073242188,674.010009765625,675.22998046875,1701870,-0.0016970837426631,0.001128199553748,0.001166061986789,0.0,0.0,0.0
2025-11-20 10:50:00-05:00,673.3800048828125,674.3200073242188,673.3699951171875,674.094970703125,816464,-0.0010538594872555,0.001166061986789,0.0011270460297615,0.0,0.0,0.0
2025-11-20 10:55:00-05:00,672.760009765625,673.6400146484375,672.739990234375,673.3800048828125,1109628,-0.0009211451324232,0.0011270460297615,0.0011813734793467,0.0,0.0,0.0
2025-11-20 11:00:00-05:00,671.7000122070312,672.8200073242188,671.6400146484375,672.780029296875,1474205,-0.0015768379288385,0.0011813734793467,0.0010032278315403,0.0,0.0,0.0
2025-11-20 11:05:00-05:00,671.0800170898438,672.2000122070312,671.02001953125,671.6799926757812,1739174,-0.0009234500777779,0.0010032278315403,0.0010829280456382,0.0,0.0,0.0
2025-11-20 11:10:00-05:00,669.9400024414062,671.1649780273438,669.8499755859375,671.0700073242188,1374417,-0.001700220587998,0.0010829280456382,0.0010679895189593,0.0,0.0,0.0
2025-11-20 11:15:00-05:00,668.4550170898438,669.969970703125,668.1400146484375,669.9400024414062,2817837,-0.0022190548220163,0.0010679895189593,0.0009063783279337,0.0,0.0,0.0
2025-11-20 11:20:00-05:00,668.0,669.1099853515625,667.5800170898438,668.4500122070312,2182861,-0.0006809314217188,0.0009063783279337,0.0008836685835489,0.0,0.0,0.0
2025-11-20 11:25:00-05:00,667.9000244140625,669.3599853515625,667.4199829101562,667.989990234375,2754770,-0.0001496752515862,0.0008836685835489,0.0008722017265339,0.0,0.0,0.0
2025-11-20 11:30:00-05:00,667.0,668.1699829101562,666.6699829101562,667.8900146484375,2052080,-0.0013484523694356,0.0008722017265339,0.0006621498634487,0.0,0.0,0.0
2025-11-20 11:35:00-05:00,665.7999877929688,667.1699829101562,664.7899780273438,667.010009765625,2342756,-0.0018007391090809,0.0006621498634487,0.0006088027021422,0.0,0.0,0.0
2025-11-20 11:40:00-05:00,664.4400024414062,665.8200073242188,664.1300048828125,665.7999877929688,2896856,-0.0020447225092849,0.0006088027021422,0.000732224673047,0.0,0.0,0.0
2025-11-20 11:45:00-05:00,664.5399780273438,665.2650146484375,663.6300048828125,664.4199829101562,2775706,0.0001504546157134,0.000732224673047,0.0008177071138935,0.0,0.0,0.0
2025-11-20 11:50:00-05:00,662.9000244140625,665.7899780273438,662.5399780273438,664.5399780273438,3008001,-0.0024708528364475,0.0008177071138935,0.0011309738564546,0.0,0.0,0.0
2025-11-20 11:55:00-05:00,660.2000122070312,662.969970703125,659.3900146484375,662.9299926757812,3815751,-0.0040813481675324,0.0011309738564546,0.0015592717729563,0.0,0.0,0.0
2025-11-20 12:00:00-05:00,661.6199951171875,662.3800048828125,659.5599975585938,660.1900024414062,3953623,0.0021485277095647,0.0015592717729563,0.0015739053074357,0.0,0.0,0.0
2025-11-20 12:05:00-05:00,660.219970703125,661.8499755859375,659.0800170898438,661.5800170898438,2573814,-0.0021182971823785,0.0015739053074357,0.0015717425460763,0.0,0.0,0.0
2025-11-20 12:10:00-05:00,659.5,660.3800048828125,658.030029296875,660.25,2914752,-0.0010910962788082,0.0015717425460763,0.0015801631977973,0.0,0.0,0.0
2025-11-20 12:15:00-05:00,657.9400024414062,659.47998046875,657.1900024414062,659.47998046875,3260900,-0.0023682266893465,0.0015801631977973,0.00164479905096,0.0,0.0,0.0
2025-11-20 12:20:00-05:00,658.1699829101562,659.22998046875,656.5999755859375,657.9450073242188,3037101,0.0003494851853575,0.00164479905096,0.0017037145698544,0.0,0.0,0.0
2025-11-20 12:25:00-05:00,658.5700073242188,659.4099731445312,657.1199951171875,658.1300048828125,2727651,0.0006075982036482,0.0017037145698544,0.0017096858103826,0.0,0.0,0.0
2025-11-20 12:30:00-05:00,657.4600219726562,659.5399780273438,657.1900024414062,658.5499877929688,2262211,-0.001686869737104,0.0017096858103826,0.0018181270201843,0.0,0.0,0.0
2025-11-20 12:35:00-05:00,658.1799926757812,658.4299926757812,655.4500122070312,657.47998046875,2731302,0.0010944798987246,0.0018181270201843,0.0018794267567437,0.0,0.0,0.0
2025-11-20 12:40:00-05:00,656.280029296875,658.5499877929688,656.239990234375,658.1799926757812,1850593,-0.0028908672311521,0.0018794267567437,0.001848956663475,0.0,0.0,0.0
2025-11-20 12:45:00-05:00,655.8900146484375,656.5999755859375,655.489990234375,656.280029296875,1977369,-0.0005944574969111,0.001848956663475,0.0018397856013921,0.0,0.0,0.0
2025-11-20 12:50:00-05:00,656.1500244140625,657.6599731445312,655.6699829101562,655.8800048828125,1823370,0.0003963442597598,0.0018397856013921,0.0016651938949617,0.0,0.0,0.0
2025-11-20 12:55:00-05:00,657.260009765625,657.8800048828125,655.9199829101562,656.1400146484375,1606181,0.0016902347125965,0.0016651938949617,0.0016151481693919,0.0,0.0,0.0
2025-11-20 13:00:00-05:00,658.4199829101562,658.780029296875,656.719970703125,657.2899780273438,2535532,0.001763306353433,0.0016151481693919,0.0016916482475878,0.0,0.0,0.0
2025-11-20 13:05:00-05:00,659.9412231445312,660.010009765625,658.1500244140625,658.4500122070312,2103258,0.0023077755967695,0.0016916482475878,0.0018428471816881,0.0,0.0,0.0
2025-11-20 13:10:00-05:00,661.8200073242188,661.8499755859375,659.3200073242188,659.9500122070312,1836556,0.0028428514949731,0.0018428471816881,0.0018599465150776,0.0,0.0,0.0
2025-11-20 13:15:00-05:00,660.1699829101562,661.969970703125,659.3153076171875,661.8200073242188,2151235,-0.0024962749840465,0.0018599465150776,0.0019425984785746,0.0,0.0,0.0
2025-11-20 13:20:00-05:00,659.0700073242188,660.8599853515625,658.9901123046875,660.1599731445312,1209251,-0.0016675902019136,0.0019425984785746,0.00194701795989,0.0,0.0,0.0
2025-11-20 13:25:00-05:00,659.5800170898438,659.9500122070312,658.72998046875,659.0800170898438,950138,0.00077353320686,0.00194701795989,0.0019164964706323,0.0,0.0,0.0
2025-11-20 13:30:00-05:00,658.72998046875,660.0,657.7100219726562,659.5499877929688,1093965,-0.0012895855155025,0.0019164964706323,0.0020274566510729,0.0,0.0,0.0
2025-11-20 13:35:00-05:00,657.1300048828125,658.8499755859375,656.8400268554688,658.75,1268128,-0.0024318337699229,0.0020274566510729,0.0018721661480149,0.0,0.0,0.0
2025-11-20 13:40:00-05:00,656.3300170898438,657.219970703125,656.239990234375,657.0999755859375,1020201,-0.0012181381671438,0.0018721661480149,0.0018908349291831,0.0,0.0,0.0
2025-11-20 13:45:00-05:00,655.6300048828125,656.4000244140625,655.510009765625,656.3099975585938,1139695,-0.0010671243966827,0.0018908349291831,0.0019590746615099,0.0,0.0,0.0
2025-11-20 13:50:00-05:00,654.3800048828125,655.6400146484375,654.1300048828125,655.6300048828125,1842457,-0.0019083829437164,0.0019590746615099,0.001909563321881,0.0,0.0,0.0
2025-11-20 13:55:00-05:00,655.0599975585938,655.8599853515625,654.1199951171875,654.3599853515625,1650646,0.0010386008303376,0.001909563321881,0.0018043888308993,0.0,0.0,0.0
2025-11-20 14:00:00-05:00,654.4099731445312,655.5999755859375,654.2000122070312,655.0399780273438,1272174,-0.0009928054586933,0.0018043888308993,0.0016742035509798,0.0,0.0,0.0
2025-11-20 14:05:00-05:00,655.219970703125,655.3699951171875,653.8599853515625,654.3900146484375,1420522,0.0012369870827752,0.0016742035509798,0.0013168205472002,0.0,0.0,0.0
2025-11-20 14:10:00-05:00,655.3599853515625,655.8499755859375,654.5499877929688,655.2100219726562,2449685,0.0002136682288224,0.0013168205472002,0.0012546870901408,0.0,0.0,0.0
2025-11-20 14:15:00-05:00,655.7100219726562,656.5900268554688,654.8499755859375,655.3400268554688,948360,0.0005339709206302,0.0012546870901408,0.0012059214779425,0.0,0.0,0.0
2025-11-20 14:20:00-05:00,655.3499755859375,656.5700073242188,655.239990234375,655.719970703125,841558,-0.0005492447278392,0.0012059214779425,0.0014522185418859,0.0,0.0,0.0
2025-11-20 14:25:00-05:00,657.010009765625,657.5399780273438,655.219970703125,655.3599853515625,1018639,0.0025298471205852,0.0014522185418859,0.001483301199165,0.0,0.0,0.0
2025-11-20 14:30:00-05:00,655.8800048828125,656.989990234375,655.35498046875,656.97998046875,1171072,-0.0017214011063264,0.001483301199165,0.0013334119251512,0.0,0.0,0.0
2025-11-20 14:35:00-05:00,655.642822265625,656.6400146484375,655.4600219726562,655.8800048828125,1095838,-0.0003616904179836,0.0013334119251512,0.001371910657276,0.0,0.0,0.0
2025-11-20 14:40:00-05:00,656.6199951171875,656.7899780273438,655.2100219726562,655.6500244140625,1473917,0.0014892947041284,0.001371910657276,0.0013954090128959,0.0,0.0,0.0
2025-11-20 14:45:00-05:00,655.72998046875,656.7697143554688,655.2999877929688,656.5999755859375,612430,-0.0013563680442624,0.0013954090128959,0.0013202167693689,0.0,0.0,0.0
2025-11-20 14:50:00-05:00,656.7673950195312,657.0599975585938,655.6099853515625,655.739990234375,824410,0.0015808256628896,0.0013202167693689,0.001400368940689,0.0,0.0,0.0
2025-11-20 14:55:00-05:00,658.1099853515625,658.25,656.5499877929688,656.760009765625,2839059,0.0020421536162501,0.001400368940689,0.0016571994311,0.0,0.0,0.0
2025-11-20 15:00:00-05:00,656.2000122070312,658.1300048828125,656.0,658.1199951171875,1832864,-0.0029064292177546,0.0016571994311,0.0016264442947246,0.0,0.0,0.0
2025-11-20 15:05:00-05:00,656.3049926757812,657.1099853515625,656.0499877929688,656.2000122070312,1243273,0.000159969628433,0.0016264442947246,0.0016268756810596,0.0,0.0,0.0
2025-11-20 15:10:00-05:00,656.2899780273438,656.52001953125,655.719970703125,656.3099975585938,1148047,-2.2877808879737067e-05,0.0016268756810596,0.0016287711934636,0.0,0.0,0.0
2025-11-20 15:15:00-05:00,656.6900024414062,657.1300048828125,656.030029296875,656.2899780273438,1539140,0.0006093381961495,0.0016287711934636,0.0016534283460544,0.0,0.0,0.0
2025-11-20 15:20:00-05:00,656.0050048828125,657.530029296875,655.9299926757812,656.6799926757812,1070598,-0.0010436508357952,0.0016534283460544,0.0014683523095345,0.0,0.0,0.0
2025-11-20 15:25:00-05:00,656.2000122070312,656.3200073242188,655.3499755859375,656.010009765625,1926855,0.0002972208200923,0.0014683523095345,0.0014581321443293,0.0,0.0,0.0
2025-11-20 15:30:00-05:00,655.1400146484375,656.5599975585938,655.0900268554688,656.2000122070312,1582730,-0.0016166635163316,0.0014581321443293,0.0015421556200872,0.0,0.0,0.0
2025-11-20 15:35:00-05:00,653.9400024414062,655.22998046875,653.760009765625,655.1199951171875,2291485,-0.0018333677506224,0.0015421556200872,0.0014531868936064,0.0,0.0,0.0
2025-11-20 15:40:00-05:00,653.3599853515625,654.2899780273438,653.1300048828125,653.9500122070312,2591598,-0.0008873512327975,0.0014531868936064,0.0015100842099092,0.0,0.0,0.0
2025-11-20 15:45:00-05:00,652.0,653.6480102539062,651.97998046875,653.3699951171875,3757045,-0.0020836947032043,0.0015100842099092,0.0015041631486338,0.0,0.0,0.0
2025-11-20 15:50:00-05:00,653.0,653.7899780273438,651.969970703125,652.0,3525917,0.0015325673497782,0.0015041631486338,0.0012774778162356,0.0,0.0,0.0
2025-11-20 15:55:00-05:00,652.530029296875,653.9650268554688,651.8900146484375,653.0,6592008,-0.0007199692276386,0.0012774778162356,0.0017932262964709,0.0,0.0,0.0
2025-11-21 09:30:00-05:00,655.4500122070312,656.4400024414062,654.3300170898438,655.0499877929688,7452033,0.0044648812189196,0.0017932262964709,0.0018234791592212,0.0,0.0,0.0
2025-11-21 09:35:00-05:00,654.5999755859375,656.2100219726562,654.5399780273438,655.4550170898438,2294868,-0.0012977164967866,0.0018234791592212,0.0018230622898765,0.0,0.0,0.0
2025-11-21 09:40:00-05:00,654.3400268554688,656.010009765625,654.030029296875,654.6099853515625,1726131,-0.0003971896853963,0.0018230622898765,0.0018182364320578,0.0,0.0,0.0
2025-11-21 09:45:00-05:00,654.6599731445312,655.4500122070312,653.1300048828125,654.3499755859375,2133448,0.000488840787523,0.0018182364320578,0.0019330457961258,0.0,0.0,0.0
2025-11-21 09:50:00-05:00,656.1300048828125,656.469970703125,654.239990234375,654.6599731445312,1891106,0.0022429716113556,0.0019330457961258,0.0020561690278938,0.0,0.0,0.0
2025-11-21 09:55:00-05:00,654.52001953125,656.1799926757812,654.280029296875,656.1400146484375,1198356,-0.002456775083143,0.0020561690278938,0.0020240281878015,0.0,0.0,0.0
2025-11-21 10:00:00-05:00,653.8900146484375,655.7100219726562,653.1500244140625,654.5700073242188,1881223,-0.0009630084072163,0.0020240281878015,0.0019644208640418,0.0,0.0,0.0
2025-11-21 10:05:00-05:00,654.3400268554688,655.5700073242188,653.52001953125,653.9199829101562,1534471,0.0006879710914807,0.0019644208640418,0.0019643973038631,0.0,0.0,0.0
2025-11-21 10:10:00-05:00,653.760009765625,654.3200073242188,653.219970703125,654.3099975585938,1451734,-0.0008868085186418,0.0019643973038631,0.0018522304044841,0.0,0.0,0.0
2025-11-21 10:15:00-05:00,654.27001953125,654.4600219726562,652.6300048828125,653.719970703125,1926750,0.0007798135823293,0.0018522304044841,0.0018361065217693,0.0,0.0,0.0
2025-11-21 10:20:00-05:00,655.0800170898438,655.1199951171875,652.3400268554688,654.260009765625,2100026,0.0012372515206278,0.0018361065217693,0.0020604328357956,0.0,0.0,0.0
2025-11-21 10:25:00-05:00,653.0800170898438,655.9400024414062,652.719970703125,655.1099853515625,1563824,-0.0030577322438101,0.0020604328357956,0.0015279810107128,0.0,0.0,0.0
2025-11-21 10:30:00-05:00,652.7100219726562,654.0599975585938,652.52001953125,653.0900268554688,1397782,-0.0005666992640793,0.0015279810107128,0.001576820538603,0.0,0.0,0.0
2025-11-21 10:35:00-05:00,651.4299926757812,652.75,650.8499755859375,652.739990234375,2344265,-0.0019630249720784,0.001576820538603,0.0017441861648459,0.0,0.0,0.0
2025-11-21 10:40:00-05:00,652.8499755859375,653.3200073242188,650.9400024414062,651.4099731445312,2073291,0.002177421268042,0.0017441861648459,0.0017859430398611,0.0,0.0,0.0
2025-11-21 10:45:00-05:00,653.6799926757812,654.1400146484375,652.3800048828125,652.8699951171875,1122573,0.0012705674139399,0.0017859430398611,0.0016493579795046,0.0,0.0,0.0
2025-11-21 10:50:00-05:00,654.125,654.3900146484375,652.6300048828125,653.1799926757812,1325884,0.0006805408205136,0.0016493579795046,0.0016059956700672,0.0,0.0,0.0
2025-11-21 10:55:00-05:00,652.77001953125,654.3900146484375,652.7000122070312,654.1400146484375,1420656,-0.0020735880602627,0.0016059956700672,0.0016259052602233,0.0,0.0,0.0
2025-11-21 11:00:00-05:00,651.8900146484375,653.280029296875,651.4199829101562,652.719970703125,830978,-0.0013490181245909,0.0016259052602233,0.0016861710972321,0.0,0.0,0.0
2025-11-21 11:05:00-05:00,652.8800048828125,652.9099731445312,651.0800170898438,651.8699951171875,1096031,0.001517494132351,0.0016861710972321,0.001685641226695,0.0,0.0,0.0
2025-11-21 11:10:00-05:00,653.2899780273438,653.7999877929688,652.4199829101562,652.8699951171875,1216782,0.0006277485524219,0.001685641226695,0.0017181610408856,0.0,0.0,0.0
2025-11-21 11:15:00-05:00,652.239990234375,654.0399780273438,651.97998046875,653.2899780273438,768384,-0.0016085238100771,0.0017181610408856,0.0020660848835904,0.0,0.0,0.0
2025-11-21 11:20:00-05:00,654.7899780273438,654.97998046875,652.0999755859375,652.239990234375,1072429,0.0039019626026212,0.0020660848835904,0.0018845850000581,0.0,0.0,0.0
2025-11-21 11:25:00-05:00,655.9299926757812,655.969970703125,654.52001953125,654.7899780273438,1200476,0.0017395247823904,0.0018845850000581,0.0018710151833864,0.0,0.0,0.0
2025-11-21 11:30:00-05:00,655.7999877929688,656.3599853515625,655.219970703125,655.9299926757812,1575402,-0.0001982189706324,0.0018710151833864,0.0017494294043492,0.0,0.0,0.0
2025-11-21 11:35:00-05:00,656.9550170898438,657.3499755859375,655.6900024414062,655.7899780273438,1925207,0.0017597032052894,0.0017494294043492,0.0016867789727541,0.0,0.0,0.0
2025-11-21 11:40:00-05:00,657.3499755859375,657.6699829101562,656.927490234375,656.97998046875,884013,0.0006010150006028,0.0016867789727541,0.0016726302687618,0.0,0.0,0.0
2025-11-21 11:45:00-05:00,657.6199951171875,658.1400146484375,656.6699829101562,657.3499755859375,815134,0.0004106854773281,0.0016726302687618,0.0017055547801957,0.0,0.0,0.0
2025-11-21 11:50:00-05:00,658.7100830078125,659.0999755859375,657.3400268554688,657.6300048828125,3618768,0.0016562534852498,0.0017055547801957,0.0016055247643018,0.0,0.0,0.0
2025-11-21 11:55:00-05:00,660.6400146484375,660.6950073242188,658.7000122070312,658.719970703125,1814665,0.0029255813458173,0.0016055247643018,0.0015127446788237,0.0,0.0,0.0
2025-11-21 12:00:00-05:00,660.280029296875,660.864990234375,659.3599853515625,660.6300048828125,1623098,-0.0005450524611609,0.0015127446788237,0.0015060413570142,0.0,0.0,0.0
2025-11-21 12:05:00-05:00,660.9500732421875,661.1500244140625,659.8699951171875,660.2899780273438,1105947,0.0010142729891896,0.0015060413570142,0.0015746458894582,0.0,0.0,0.0
2025-11-21 12:10:00-05:00,660.5599975585938,661.1900024414062,660.2100219726562,660.9500122070312,1319579,-0.0005903484257008,0.0015746458894582,0.0014952199986904,0.0,0.0,0.0
2025-11-21 12:15:00-05:00,659.8900146484375,660.760009765625,659.77001953125,660.5700073242188,1003519,-0.0010147797515347,0.0014952199986904,0.001192415564876,0.0,0.0,0.0
2025-11-21 12:20:00-05:00,660.7999877929688,660.9600219726562,659.4600219726562,659.8599853515625,1137290,0.0013780270719839,0.001192415564876,0.001212268178625,0.0,0.0,0.0
2025-11-21 12:25:00-05:00,660.3800048828125,660.9924926757812,659.7650146484375,660.7899780273438,768075,-0.0006357694282854,0.001212268178625,0.0011884169232892,0.0,0.0,0.0
2025-11-21 12:30:00-05:00,660.760009765625,661.0800170898438,660.2899780273438,660.3825073242188,718251,0.00057526816095,0.0011884169232892,0.0011504023275713,0.0,0.0,0.0
2025-11-21 12:35:00-05:00,660.6599731445312,661.5117797851562,660.3800048828125,660.780029296875,878408,-0.0001514077622234,0.0011504023275713,0.0011525842971522,0.0,0.0,0.0
2025-11-21 12:40:00-05:00,661.1500244140625,661.3212890625,660.1300048828125,660.6599731445312,663119,0.0007414852253937,0.0011525842971522,0.001160908149055,0.0,0.0,0.0
2025-11-21 12:45:00-05:00,661.1500244140625,661.47998046875,660.4299926757812,661.1599731445312,781666,0.0,0.001160908149055,0.0011638280709298,0.0,0.0,0.0
2025-11-21 12:50:00-05:00,660.4796142578125,661.1599731445312,659.7100219726562,661.1300048828125,691259,-0.0010145205496835,0.0011638280709298,0.0008051247831666,0.0,0.0,0.0
2025-11-21 12:55:00-05:00,660.1599731445312,661.0499877929688,659.75,660.5,887269,-0.0004840701771656,0.0008051247831666,0.0010530754109729,0.0,0.0,0.0
2025-11-21 13:00:00-05:00,658.5599975585938,660.4600219726562,658.4849853515625,660.2100219726562,1080648,-0.0024265597042025,0.0010530754109729,0.000979482700346,0.0,0.0,0.0
2025-11-21 13:05:00-05:00,658.4099731445312,658.8900146484375,657.97998046875,658.5499877929688,1385878,-0.0002278327039322,0.000979482700346,0.0010172288469762,0.0,0.0,0.0
2025-11-21 13:10:00-05:00,657.5599975585938,658.4500122070312,657.4699096679688,658.4099731445312,1354723,-0.0012917858660259,0.0010172288469762,0.0009975166306054,0.0,0.0,0.0
2025-11-21 13:15:00-05:00,657.3900146484375,657.7379760742188,656.8800048828125,657.5499877929688,816773,-0.0002585389703412,0.0009975166306054,0.0008797170182967,0.0,0.0,0.0
2025-11-21 13:20:00-05:00,657.655029296875,658.4199829101562,657.27001953125,657.3800048828125,776085,0.0004030503034787,0.0008797170182967,0.0009709886541045,0.0,0.0,0.0
2025-11-21 13:25:00-05:00,658.3599853515625,658.4299926757812,657.3900756835938,657.6500244140625,485323,0.0010713496643565,0.0009709886541045,0.0010944353877706,0.0,0.0,0.0
2025-11-21 13:30:00-05:00,659.4400024414062,659.7899780273438,658.0,658.3499755859375,993595,0.0016391217812366,0.0010944353877706,0.001225527318782,0.0,0.0,0.0
2025-11-21 13:35:00-05:00,660.5900268554688,660.8012084960938,659.260009765625,659.4550170898438,1492557,0.0017424220351026,0.001225527318782,0.0012065766281846,0.0,0.0,0.0
2025-11-21 13:40:00-05:00,660.7650146484375,660.8699951171875,660.02001953125,660.5800170898438,636611,0.0002648611289098,0.0012065766281846,0.0015746052145792,0.0,0.0,0.0
2025-11-21 13:45:00-05:00,663.0499877929688,663.5800170898438,660.280029296875,660.77001953125,2034506,0.0034521068419582,0.0015746052145792,0.0015669960039697,0.0,0.0,0.0
2025-11-21 13:50:00-05:00,662.4500122070312,664.0900268554688,662.260009765625,663.0399780273438,1652876,-0.000905281971954,0.0015669960039697,0.0015601263328037,0.0,0.0,0.0
2025-11-21 13:55:00-05:00,662.25,663.1300048828125,661.6500244140625,662.469970703125,948187,-0.0003019735890511,0.0015601263328037,0.0013313187256639,0.0,0.0,0.0
2025-11-21 14:00:00-05:00,663.1300048828125,663.25,662.1099853515625,662.2352294921875,909445,0.0013279286074736,0.0013313187256639,0.0013078762175118,0.0,0.0,0.0
2025-11-21 14:05:00-05:00,663.6699829101562,663.9600219726562,662.8200073242188,663.1199951171875,1347835,0.0008139554750137,0.0013078762175118,0.0012268733531326,0.0,0.0,0.0
2025-11-21 14:10:00-05:00,663.27001953125,664.030029296875,662.97998046875,663.7000122070312,1003521,-0.0006028356825221,0.0012268733531326,0.001189997176712,0.0,0.0,0.0
2025-11-21 14:15:00-05:00,663.6300048828125,663.8800048828125,662.9500122070312,663.239990234375,822986,0.0005425960566296,0.001189997176712,0.0011839847210862,0.0,0.0,0.0
2025-11-21 14:20:00-05:00,664.219970703125,664.530029296875,663.47802734375,663.614990234375,1095859,0.0008886031855709,0.0011839847210862,0.0012033333710008,0.0,0.0,0.0
2025-11-21 14:25:00-05:00,664.22998046875,664.5499877929688,663.9199829101562,664.219970703125,679227,1.5069842287021787e-05,0.0012033333710008,0.0013714300107185,0.0,0.0,0.0
2025-11-21 14:30:00-05:00,663.02001953125,664.52001953125,662.8499755859375,664.2100219726562,1759772,-0.0018232605352228,0.0013714300107185,0.0013496360987758,0.0,0.0,0.0
2025-11-21 14:35:00-05:00,663.989990234375,664.2100219726562,662.97998046875,663.0599975585938,877289,0.0014618893131659,0.0013496360987758,0.0015475023376422,0.0,0.0,0.0
2025-11-21 14:40:00-05:00,662.5399780273438,664.2899780273438,662.260009765625,663.969970703125,876172,-0.0021861741826185,0.0015475023376422,0.0011678716880048,0.0,0.0,0.0
2025-11-21 14:45:00-05:00,662.3699951171875,663.010009765625,661.885009765625,662.5599975585938,934715,-0.0002565954133253,0.0011678716880048,0.0011915614744989,0.0,0.0,0.0
2025-11-21 14:50:00-05:00,661.5599975585938,662.8200073242188,660.9500122070312,662.4099731445312,902873,-0.0012236261194165,0.0011915614744989,0.001195155561917,0.0,0.0,0.0
2025-11-21 14:55:00-05:00,661.75,661.989990234375,661.1099853515625,661.5599975585938,1131611,0.0002871624079957,0.001195155561917,0.0011134523792804,0.0,0.0,0.0
2025-11-21 15:00:00-05:00,661.7550048828125,662.2000122070312,661.510009765625,661.72998046875,1056407,7.563073496706747e-06,0.0011134523792804,0.0010706718685726,0.0,0.0,0.0
2025-11-21 15:05:00-05:00,661.7100219726562,661.9500122070312,661.3699951171875,661.760009765625,743251,-6.797748223158641e-05,0.0010706718685726,0.0010660951417586,0.0,0.0,0.0
2025-11-21 15:10:00-05:00,661.6900024414062,662.1599731445312,661.2849731445312,661.72998046875,867170,-3.0254693792094127e-05,0.0010660951417586,0.0010444809663414,0.0,0.0,0.0
2025-11-21 15:15:00-05:00,661.72998046875,661.9600219726562,661.3800048828125,661.6799926757812,1298056,6.041623652680577e-05,0.0010444809663414,0.0010266774856213,0.0,0.0,0.0
2025-11-21 15:20:00-05:00,660.8200073242188,661.9500122070312,660.469970703125,661.72998046875,1118551,-0.0013760890651023,0.0010266774856213,0.0010876759763842,0.0,0.0,0.0
2025-11-21 15:25:00-05:00,659.6300048828125,661.1199951171875,659.6199951171875,660.7999877929688,1511646,-0.0018024200122235,0.0010876759763842,0.0010558436988571,0.0,0.0,0.0
2025-11-21 15:30:00-05:00,659.989990234375,660.25,659.02001953125,659.5999755859375,1595369,0.0005455894300239,0.0010558436988571,0.0009661807747534,0.0,0.0,0.0
2025-11-21 15:35:00-05:00,660.530029296875,661.25,659.9199829101562,659.97998046875,1336667,0.0008179188268549,0.0009661807747534,0.0008070319402893,0.0,0.0,0.0
2025-11-21 15:40:00-05:00,660.010009765625,660.6799926757812,659.739990234375,660.5,1340078,-0.0007875862037466,0.0008070319402893,0.000857476298564,0.0,0.0,0.0
2025-11-21 15:45:00-05:00,660.4600219726562,661.1400146484375,659.8800048828125,660.02001953125,2029147,0.0006815939985561,0.000857476298564,0.0010073911291426,0.0,0.0,0.0
2025-11-21 15:50:00-05:00,658.9600219726562,660.8900146484375,658.9099731445312,660.4400024414062,3391977,-0.0022737272381342,0.0010073911291426,0.0010019985418155,0.0,0.0,0.0
2025-11-21 15:55:00-05:00,659.0800170898438,659.1799926757812,658.22998046875,658.9600219726562,5899581,0.0001820811416387,0.0010019985418155,0.0028768208134535,0.0,0.0,0.0
2025-11-24 09:30:00-05:00,665.0258178710938,665.0700073242188,662.3900146484375,662.6900024414062,4095395,0.0089809146494561,0.0028768208134535,0.0029446806429448,0.0,0.0,0.0
2025-11-24 09:35:00-05:00,663.8400268554688,665.530029296875,663.77001953125,665.0399780273438,1747726,-0.0017846667292456,0.0029446806429448,0.0029851103063352,0.0,0.0,0.0
2025-11-24 09:40:00-05:00,662.8900146484375,664.3800048828125,662.7100219726562,663.8599853515625,1367156,-0.0014321110394436,0.0029851103063352,0.0030003075018919,0.0,0.0,0.0
2025-11-24 09:45:00-05:00,662.3001708984375,663.9600219726562,662.2100219726562,662.8800048828125,1127743,-0.0008902024711402,0.0030003075018919,0.002971235506946,0.0,0.0,0.0
2025-11-24 09:50:00-05:00,662.8599853515625,663.6630249023438,661.5900268554688,662.3099975585938,1104335,0.0008449008729805,0.002971235506946,0.0029250798183222,0.0,0.0,0.0
2025-11-24 09:55:00-05:00,664.0399780273438,664.0599975585938,662.5,662.8300170898438,1163417,0.0017785711348333,0.0029250798183222,0.0029446527566429,0.0,0.0,0.0
2025-11-24 10:00:00-05:00,665.1900024414062,665.3499755859375,663.9299926757812,664.0399780273438,1507078,0.0017303622667354,0.0029446527566429,0.002962870469506,0.0,0.0,0.0
2025-11-24 10:05:00-05:00,664.8499755859375,665.760009765625,664.7100219726562,665.2000122070312,1074217,-0.0005113032216984,0.002962870469506,0.0029334560162962,0.0,0.0,0.0
2025-11-24 10:10:00-05:00,665.4000244140625,665.5599975585938,663.989990234375,664.8599853515625,1255074,0.0008269856936265,0.0029334560162962,0.0029571382269739,0.0,0.0,0.0
2025-11-24 10:15:00-05:00,664.989990234375,665.7000122070312,664.8300170898438,665.4199829101562,861908,-0.0006164120117498,0.0029571382269739,0.0028328683260007,0.0,0.0,0.0
2025-11-24 10:20:00-05:00,664.8800048828125,665.7100219726562,664.6199951171875,665.0,780456,-0.0001654076747608,0.0028328683260007,0.0028279181728283,0.0,0.0,0.0
2025-11-24 10:25:00-05:00,665.5449829101562,665.780029296875,664.3599853515625,664.8651733398438,898163,0.0009996476145906,0.0028279181728283,0.0011844576314044,0.0,0.0,0.0
2025-11-24 10:30:00-05:00,665.9299926757812,665.9600219726562,664.9500122070312,665.510009765625,865945,0.0005783207096119,0.0011844576314044,0.0010319411736226,0.0,0.0,0.0
2025-11-24 10:35:00-05:00,666.4400024414062,666.52001953125,665.6799926757812,665.9400024414062,711868,0.0007655678113489,0.0010319411736226,0.0008709198142287,0.0,0.0,0.0
2025-11-24 10:40:00-05:00,666.780029296875,666.8900146484375,666.0999755859375,666.4400024414062,1572675,0.0005100836392292,0.0008709198142287,0.0007578817364001,0.0,0.0,0.0
2025-11-24 10:45:00-05:00,667.0399780273438,667.2000122070312,666.719970703125,666.7899780273438,837562,0.0003897808284962,0.0007578817364001,0.0007995461340399,0.0,0.0,0.0
2025-11-24 10:50:00-05:00,666.8049926757812,667.1799926757812,666.5800170898438,667.0499877929688,682393,-0.0003523428271722,0.0007995461340399,0.0007264874913559,0.0,0.0,0.0
2025-11-24 10:55:00-05:00,666.530029296875,666.8200073242188,666.219970703125,666.7899780273438,644682,-0.0004124445518536,0.0007264874913559,0.000697174869113,0.0,0.0,0.0
2025-11-24 11:00:00-05:00,667.5700073242188,667.6199951171875,666.530029296875,666.5399780273438,664448,0.0015590708484411,0.000697174869113,0.0006638947160803,0.0,0.0,0.0
2025-11-24 11:05:00-05:00,668.1417846679688,668.219970703125,667.4149780273438,667.5700073242188,868749,0.0008561388498666,0.0006638947160803,0.0006621494637855,0.0,0.0,0.0
2025-11-24 11:10:00-05:00,668.1099853515625,668.3900146484375,667.8400268554688,668.1411743164062,743408,-4.759479781532742e-05,0.0006621494637855,0.0005967746034498,0.0,0.0,0.0
2025-11-24 11:15:00-05:00,668.1851196289062,668.3699951171875,667.9099731445312,668.1300048828125,616521,0.0001124516241104,0.0005967746034498,0.0005912252944694,0.0,0.0,0.0
2025-11-24 11:20:00-05:00,668.1199951171875,668.3599853515625,667.9849853515625,668.1799926757812,690101,-9.74695240655358e-05,0.0005912252944694,0.0005848955168461,0.0,0.0,0.0
2025-11-24 11:25:00-05:00,667.969970703125,668.3300170898438,667.77001953125,668.1199951171875,653973,-0.0002245723245154,0.0005848955168461,0.0005914700023061,0.0,0.0,0.0
2025-11-24 11:30:00-05:00,667.8699951171875,668.0999145507812,667.3900146484375,667.9600219726562,657519,-0.0001496819808992,0.0005914700023061,0.0005808270342274,0.0,0.0,0.0
2025-11-24 11:35:00-05:00,667.719970703125,667.9600219726562,667.4500122070312,667.8800048828125,431160,-0.0002246563968475,0.0005808270342274,0.0005873173370504,0.0,0.0,0.0
2025-11-24 11:40:00-05:00,668.130615234375,668.2700805664062,667.5,667.75,386871,0.0006148060995858,0.0005873173370504,0.0005835836703766,0.0,0.0,0.0
2025-11-24 11:45:00-05:00,668.17919921875,668.4896850585938,668.0800170898438,668.1400146484375,487549,7.27136534820826e-05,0.0005835836703766,0.0005756702942602,0.0,0.0,0.0
2025-11-24 11:50:00-05:00,668.02001953125,668.2000122070312,667.7100219726562,668.1799926757812,513072,-0.0002382574185336,0.0005756702942602,0.0006236613097561,0.0,0.0,0.0
2025-11-24 11:55:00-05:00,667.4650268554688,668.02001953125,667.2000122070312,668.010009765625,445386,-0.0008311477679697,0.0006236613097561,0.0004348549518322,0.0,0.0,0.0
2025-11-24 12:00:00-05:00,667.27001953125,667.9099731445312,667.0800170898438,667.469970703125,614868,-0.0002922037989999,0.0004348549518322,0.0003335974951807,0.0,0.0,0.0
2025-11-24 12:05:00-05:00,667.10498046875,667.60498046875,666.989990234375,667.27001953125,404063,-0.0002473653408398,0.0003335974951807,0.0003506071141228,0.0,0.0,0.0
2025-11-24 12:10:00-05:00,667.27001953125,667.3599853515625,666.9000244140625,667.0800170898438,329026,0.0002473653408398,0.0003506071141228,0.0004995852701683,0.0,0.0,0.0
2025-11-24 12:15:00-05:00,668.0250244140625,668.0700073242188,667.1500244140625,667.27001953125,438925,0.0011308436539098,0.0004995852701683,0.0004989963680598,0.0,0.0,0.0
2025-11-24 12:20:00-05:00,668.010009765625,668.3599243164062,667.8900146484375,668.030029296875,702945,-2.247642921636327e-05,0.0004989963680598,0.0005001087514067,0.0,0.0,0.0
2025-11-24 12:25:00-05:00,668.1856079101562,668.3200073242188,667.760009765625,668.02001953125,365424,0.0002628329912465,0.0005001087514067,0.0005009026733991,0.0,0.0,0.0
2025-11-24 12:30:00-05:00,668.0700073242188,668.3900146484375,668.0399780273438,668.1799926757812,355119,-0.0001730216657769,0.0005009026733991,0.0005429649160704,0.0,0.0,0.0
2025-11-24 12:35:00-05:00,668.6199951171875,668.6199951171875,667.9400024414062,668.0900268554688,486088,0.0008229100584294,0.0005429649160704,0.0005292432728152,0.0,0.0,0.0
2025-11-24 12:40:00-05:00,668.9000244140625,669.0,668.5549926757812,668.6300048828125,680962,0.0004187291358296,0.0005292432728152,0.0005452220329484,0.0,0.0,0.0
2025-11-24 12:45:00-05:00,669.269775390625,669.31982421875,668.8699951171875,668.9199829101562,571440,0.0005526219258966,0.0005452220329484,0.0005388403974783,0.0,0.0,0.0
2025-11-24 12:50:00-05:00,669.1900024414062,669.3800048828125,668.9550170898438,669.27001953125,541273,-0.0001192011155425,0.0005388403974783,0.0004571189939909,0.0,0.0,0.0
2025-11-24 12:55:00-05:00,669.0800170898438,669.1900024414062,668.8800048828125,669.1900024414062,386971,-0.0001643694474283,0.0004571189939909,0.0004329176292783,0.0,0.0,0.0
2025-11-24 13:00:00-05:00,669.363525390625,669.4400024414062,669.0700073242188,669.0700073242188,532815,0.0004236387953964,0.0004329176292783,0.0004265464556584,0.0,0.0,0.0
2025-11-24 13:05:00-05:00,669.239990234375,669.4400024414062,669.1199951171875,669.3599853515625,437803,-0.000184573184156,0.0004265464556584,0.0004369863327196,0.0,0.0,0.0
2025-11-24 13:10:00-05:00,669.6400146484375,669.75,669.1900024414062,669.239990234375,465494,0.0005975508253266,0.0004369863327196,0.0003763140405691,0.0,0.0,0.0
2025-11-24 13:15:00-05:00,669.4600830078125,669.7399291992188,669.2301025390625,669.6400146484375,410781,-0.0002687351632977,0.0003763140405691,0.0003709380921657,0.0,0.0,0.0
2025-11-24 13:20:00-05:00,669.594970703125,669.6901245117188,669.3400268554688,669.469970703125,369643,0.0002014669903151,0.0003709380921657,0.0004359388839376,0.0,0.0,0.0
2025-11-24 13:25:00-05:00,669.1900024414062,669.5850219726562,669.1599731445312,669.5800170898438,338952,-0.000604978816156,0.0004359388839376,0.0004373025886235,0.0,0.0,0.0
2025-11-24 13:30:00-05:00,669.0599975585938,669.3599853515625,668.780029296875,669.1799926757812,473149,-0.0001942908772224,0.0004373025886235,0.0003855844961814,0.0,0.0,0.0
2025-11-24 13:35:00-05:00,669.2791137695312,669.3480834960938,668.8900146484375,669.0599975585938,367057,0.00032744498168,0.0003855844961814,0.0003707291655239,0.0,0.0,0.0
2025-11-24 13:40:00-05:00,669.3099975585938,669.3499755859375,669.0,669.280029296875,323517,4.614379245514202e-05,0.0003707291655239,0.0003361947786306,0.0,0.0,0.0
2025-11-24 13:45:00-05:00,669.260009765625,669.4500122070312,668.9600219726562,669.3200073242188,316645,-7.468835058080287e-05,0.0003361947786306,0.0003454792626929,0.0,0.0,0.0
2025-11-24 13:50:00-05:00,669.469970703125,669.469970703125,669.1799926757812,669.2515258789062,256560,0.0003136718267084,0.0003454792626929,0.000359197855343,0.0,0.0,0.0
2025-11-24 13:55:00-05:00,669.2349853515625,669.510009765625,669.1699829101562,669.469970703125,353638,-0.0003510636946746,0.000359197855343,0.0003642219586771,0.0,0.0,0.0
2025-11-24 14:00:00-05:00,669.5499877929688,669.72998046875,669.2119750976562,669.239990234375,499057,0.0004705795979758,0.0003642219586771,0.0003587584318829,0.0,0.0,0.0
2025-11-24 14:05:00-05:00,669.6204223632812,669.8099975585938,669.52001953125,669.5499877929688,431443,0.0001051913480813,0.0003587584318829,0.0003279814864615,0.0,0.0,0.0
2025-11-24 14:10:00-05:00,669.4000244140625,669.719970703125,669.3699951171875,669.6199951171875,395513,-0.0003291928091755,0.0003279814864615,0.0003201040516255,0.0,0.0,0.0
2025-11-24 14:15:00-05:00,669.3400268554688,669.5700073242188,669.02001953125,669.4099731445312,462324,-8.963287320344847e-05,0.0003201040516255,0.0003363509179773,0.0,0.0,0.0
2025-11-24 14:20:00-05:00,669.030029296875,669.3300170898438,669.0,669.3300170898438,403782,-0.0004632464133704,0.0003363509179773,0.000295418406063,0.0,0.0,0.0
2025-11-24 14:25:00-05:00,668.89990234375,669.1400146484375,668.6900024414062,669.02001953125,579499,-0.000194519833151,0.000295418406063,0.0003419770538062,0.0,0.0,0.0
2025-11-24 14:30:00-05:00,668.469970703125,669.0,668.3250122070312,668.9000244140625,892689,-0.0006429510101886,0.0003419770538062,0.0003544625516241,0.0,0.0,0.0
2025-11-24 14:35:00-05:00,668.760009765625,668.8599853515625,668.1400146484375,668.489990234375,726630,0.0004337908531582,0.0003544625516241,0.0003653111393505,0.0,0.0,0.0
2025-11-24 14:40:00-05:00,668.489990234375,668.989990234375,668.489990234375,668.760009765625,430516,-0.0004038430135274,0.0003653111393505,0.0003688708771084,0.0,0.0,0.0
2025-11-24 14:45:00-05:00,668.2999877929688,668.5599975585938,668.2382202148438,668.489990234375,393276,-0.0002842667072744,0.0003688708771084,0.000344285692404,0.0,0.0,0.0
2025-11-24 14:50:00-05:00,668.27001953125,668.6400146484375,667.8699951171875,668.2999877929688,743441,-4.484353465894196e-05,0.000344285692404,0.0003421773198617,0.0,0.0,0.0
2025-11-24 14:55:00-05:00,668.2999877929688,668.6599731445312,668.1799926757812,668.260009765625,884315,4.484353465897554e-05,0.0003421773198617,0.000529207874448,0.0,0.0,0.0
2025-11-24 15:00:00-05:00,669.2150268554688,669.219970703125,668.1900024414062,668.2999877929688,810072,0.0013682675637081,0.000529207874448,0.0005296423091412,0.0,0.0,0.0
2025-11-24 15:05:00-05:00,669.0599975585938,669.219970703125,669.0,669.2100219726562,565565,-0.0002316852586206,0.0005296423091412,0.0005251116937112,0.0,0.0,0.0
2025-11-24 15:10:00-05:00,669.1300048828125,669.3599853515625,668.8699951171875,669.0599975585938,613003,0.0001046298719238,0.0005251116937112,0.0005277609236079,0.0,0.0,0.0
2025-11-24 15:15:00-05:00,669.239990234375,669.489990234375,669.02001953125,669.1199951171875,584479,0.0001643571691107,0.0005277609236079,0.0005195425707504,0.0,0.0,0.0
2025-11-24 15:20:00-05:00,669.010009765625,669.280029296875,668.9400024414062,669.239990234375,456831,-0.0003437033006,0.0005195425707504,0.0005171651597115,0.0,0.0,0.0
2025-11-24 15:25:00-05:00,668.9400024414062,669.0355834960938,668.530029296875,669.010009765625,609655,-0.0001046486395514,0.0005171651597115,0.0004945240730446,0.0,0.0,0.0
2025-11-24 15:30:00-05:00,669.2999877929688,669.3300170898438,668.7501220703125,668.9299926757812,798331,0.0005379982108923,0.0004945240730446,0.0004843721708729,0.0,0.0,0.0
2025-11-24 15:35:00-05:00,669.280029296875,669.4650268554688,669.0800170898438,669.3200073242188,597582,-2.982040048476637e-05,0.0004843721708729,0.0004613706319813,0.0,0.0,0.0
2025-11-24 15:40:00-05:00,669.3402709960938,669.4400024414062,668.9400024414062,669.280029296875,856444,9.000565619133746e-05,0.0004613706319813,0.0005134498730143,0.0,0.0,0.0
2025-11-24 15:45:00-05:00,668.8400268554688,669.5964965820312,668.6798706054688,669.3400268554688,1203900,-0.000747648377024,0.0005134498730143,0.0006500830003589,0.0,0.0,0.0
2025-11-24 15:50:00-05:00,669.8200073242188,669.9099731445312,668.6099853515625,668.8699951171875,3410904,0.0014641217617466,0.0006500830003589,0.0008158981693069,0.0,0.0,0.0
2025-11-24 15:55:00-05:00,668.8099975585938,670.0599975585938,668.739990234375,669.8200073242188,7295308,-0.0015090203470745,0.0008158981693069,0.0007671642212079,0.0,0.0,0.0
2025-11-25 09:30:00-05:00,669.4749755859375,669.739990234375,668.1799926757812,668.6300048828125,3235671,0.0009937765056248,0.0007671642212079,0.0007632885291197,0.0,0.0,0.0
2025-11-25 09:35:00-05:00,669.4400024414062,669.97998046875,669.3150024414062,669.4500122070312,1398290,-5.224102368431904e-05,0.0007632885291197,0.0011799605263688,0.0,0.0,0.0
2025-11-25 09:40:00-05:00,667.3842163085938,669.4600219726562,667.1900024414062,669.4500122070312,1698932,-0.003075629128402,0.0011799605263688,0.0015275999257414,0.0,0.0,0.0
2025-11-25 09:45:00-05:00,664.9600219726562,667.3699951171875,664.8599243164062,667.364990234375,2443714,-0.0036389950006015,0.0015275999257414,0.0019600908914388,0.0,0.0,0.0
2025-11-25 09:50:00-05:00,667.4299926757812,667.5999755859375,664.47998046875,664.9600219726562,2223772,0.0037075833732714,0.0019600908914388,0.0020749697406282,0.0,0.0,0.0
2025-11-25 09:55:00-05:00,668.8699951171875,669.010009765625,667.239990234375,667.4400024414062,1401343,0.0021552091775091,0.0020749697406282,0.0023060615038369,0.0,0.0,0.0
2025-11-25 10:00:00-05:00,666.469970703125,668.9000244140625,665.9199829101562,668.8599853515625,1779652,-0.0035946306705316,0.0023060615038369,0.0024951112001021,0.0,0.0,0.0
2025-11-25 10:05:00-05:00,668.4299926757812,668.760009765625,666.030029296875,666.4500122070312,1482485,0.0029365846654462,0.0024951112001021,0.0025095042826018,0.0,0.0,0.0
2025-11-25 10:10:00-05:00,667.7100219726562,668.8800048828125,667.4000244140625,668.4450073242188,1454486,-0.0010776876149408,0.0025095042826018,0.0025146024915638,0.0,0.0,0.0
2025-11-25 10:15:00-05:00,668.1500244140625,668.4500122070312,667.27001953125,667.719970703125,967439,0.0006587553217245,0.0025146024915638,0.0024857085329955,0.0,0.0,0.0
2025-11-25 10:20:00-05:00,667.2899780273438,668.4099731445312,666.780029296875,668.1599731445312,899906,-0.0012880346613104,0.0024857085329955,0.0025334649777726,0.0,0.0,0.0
2025-11-25 10:25:00-05:00,668.5800170898438,668.6199951171875,667.2000122070312,667.280029296875,873820,0.0019313847428701,0.0025334649777726,0.0025550807632539,0.0,0.0,0.0
2025-11-25 10:30:00-05:00,669.5700073242188,669.7100219726562,668.4400024414062,668.5399780273438,1019804,0.0014796403944719,0.0025550807632539,0.0025569542568029,0.0,0.0,0.0
2025-11-25 10:35:00-05:00,669.35009765625,669.6099853515625,668.6300048828125,669.5700073242188,825876,-0.0003284881138585,0.0025569542568029,0.0023987592931936,0.0,0.0,0.0
2025-11-25 10:40:00-05:00,670.4199829101562,670.4500122070312,669.0999755859375,669.3599853515625,1007044,0.0015971180381556,0.0023987592931936,0.0020815746284093,0.0,0.0,0.0
2025-11-25 10:45:00-05:00,669.9349975585938,671.0700073242188,669.594970703125,670.4299926757812,1226587,-0.0007236670580478,0.0020815746284093,0.0018770874145869,0.0,0.0,0.0
2025-11-25 10:50:00-05:00,669.3099975585938,669.9299926757812,668.9600219726562,669.9299926757812,857763,-0.0009333617786915,0.0018770874145869,0.0017877453399987,0.0,0.0,0.0
2025-11-25 10:55:00-05:00,669.8049926757812,670.1300048828125,668.6400146484375,669.3599853515625,909123,0.0007392869818381,0.0017877453399987,0.0013663259322744,0.0,0.0,0.0
2025-11-25 11:00:00-05:00,669.6649780273438,669.8800048828125,669.0599975585938,669.8049926757812,604070,-0.0002090597803755,0.0013663259322744,0.0011367551469541,0.0,0.0,0.0
2025-11-25 11:05:00-05:00,669.189697265625,669.9199829101562,669.030029296875,669.6599731445312,936657,-0.0007099811360473,0.0011367551469541,0.001080286850591,0.0,0.0,0.0
2025-11-25 11:10:00-05:00,669.0800170898438,669.72998046875,669.0582885742188,669.1900024414062,657233,-0.0001639134097562,0.001080286850591,0.0011353826664015,0.0,0.0,0.0
2025-11-25 11:15:00-05:00,670.0499877929688,670.239990234375,668.8599853515625,669.0900268554688,751448,0.001448658262037,0.0011353826664015,0.00102902739616,0.0,0.0,0.0
2025-11-25 11:20:00-05:00,670.344482421875,671.0,670.0499877929688,670.0499877929688,926024,0.0004394148740371,0.00102902739616,0.0009064937832173,0.0,0.0,0.0
2025-11-25 11:25:00-05:00,670.4199829101562,670.5499877929688,669.8900146484375,670.3400268554688,595695,0.0001126230450063,0.0009064937832173,0.0008202461417273,0.0,0.0,0.0
2025-11-25 11:30:00-05:00,670.6799926757812,670.8499755859375,670.3200073242188,670.4099731445312,731271,0.00038775598183,0.0008202461417273,0.0008075273342418,0.0,0.0,0.0
2025-11-25 11:35:00-05:00,670.8699951171875,670.905029296875,670.219970703125,670.6900024414062,786528,0.000283258088637,0.0008075273342418,0.0006802916007671,0.0,0.0,0.0
2025-11-25 11:40:00-05:00,671.1099853515625,671.469970703125,670.8800048828125,670.8800048828125,567323,0.0003576658972954,0.0006802916007671,0.0006471717623913,0.0,0.0,0.0
2025-11-25 11:45:00-05:00,670.8800048828125,671.1400146484375,670.4600219726562,671.1099853515625,461348,-0.0003427454342804,0.0006471717623913,0.0006162249265058,0.0,0.0,0.0
2025-11-25 11:50:00-05:00,671.6400146484375,671.72998046875,670.880126953125,670.880126953125,595985,0.0011322138005493,0.0006162249265058,0.0006008990333872,0.0,0.0,0.0
2025-11-25 11:55:00-05:00,671.719970703125,671.9400024414062,671.47998046875,671.6400146484375,600166,0.0001190389108709,0.0006008990333872,0.0005999242747093,0.0,0.0,0.0
2025-11-25 12:00:00-05:00,672.2249755859375,672.2999877929688,671.6900024414062,671.719970703125,939288,0.0007515261811512,0.0005999242747093,0.0005057120712655,0.0,0.0,0.0
2025-11-25 12:05:00-05:00,672.5599975585938,672.5800170898438,672.22998046875,672.22998046875,597998,0.0004982536037768,0.0005057120712655,0.0004799834302964,0.0,0.0,0.0
2025-11-25 12:10:00-05:00,672.6649780273438,672.7000122070312,672.4000244140625,672.5700073242188,502886,0.000156078679579,0.0004799834302964,0.0003613136314347,0.0,0.0,0.0
2025-11-25 12:15:00-05:00,672.9000244140625,672.9400024414062,672.3900146484375,672.6799926757812,672155,0.0003493645995296,0.0003613136314347,0.0004419763463692,0.0,0.0,0.0
2025-11-25 12:20:00-05:00,673.72998046875,673.75,672.89501953125,672.89501953125,967847,0.0012326417156378,0.0004419763463692,0.000528193692764,0.0,0.0,0.0
2025-11-25 12:25:00-05:00,673.3200073242188,673.8800048828125,673.1400146484375,673.739990234375,1179436,-0.000608697763119,0.000528193692764,0.0005782043797368,0.0,0.0,0.0
2025-11-25 12:30:00-05:00,674.1099853515625,674.1649780273438,673.3099975585938,673.3099975585938,665023,0.0011725701849459,0.0005782043797368,0.0005996156404348,0.0,0.0,0.0
2025-11-25 12:35:00-05:00,674.02001953125,674.375,673.8900146484375,674.1199951171875,829033,-0.0001334675737802,0.0005996156404348,0.0006253242483379,0.0,0.0,0.0
2025-11-25 12:40:00-05:00,673.8701171875,674.1599731445312,673.75,674.02001953125,886243,-0.0002224251669842,0.0006253242483379,0.0006071611392785,0.0,0.0,0.0
2025-11-25 12:45:00-05:00,673.780029296875,674.1849975585938,673.4299926757812,673.8699951171875,1176083,-0.0001336962578815,0.0006071611392785,0.0005677143003089,0.0,0.0,0.0
2025-11-25 12:50:00-05:00,673.7100219726562,674.0,673.530029296875,673.7999877929688,606157,-0.0001039077419766,0.0005677143003089,0.0006184648739172,0.0,0.0,0.0
2025-11-25 12:55:00-05:00,673.3098754882812,673.8397827148438,673.1500244140625,673.719970703125,567534,-0.0005941211364428,0.0006184648739172,0.0005963869666654,0.0,0.0,0.0
2025-11-25 13:00:00-05:00,673.5499877929688,673.8099975585938,673.27001953125,673.3099975585938,462891,0.0003565512846248,0.0005963869666654,0.0005872787685855,0.0,0.0,0.0
2025-11-25 13:05:00-05:00,673.6799926757812,673.6799926757812,673.239990234375,673.5499877929688,391184,0.0001929958286271,0.0005872787685855,0.0005987377952215,0.0,0.0,0.0
2025-11-25 13:10:00-05:00,673.5,673.8200073242188,673.3099975585938,673.6950073242188,815380,-0.0002672139993627,0.0005987377952215,0.0005937423891626,0.0,0.0,0.0
2025-11-25 13:15:00-05:00,673.5700073242188,673.719970703125,673.219970703125,673.489990234375,471607,0.0001039401425333,0.0005937423891626,0.0004971820814305,0.0,0.0,0.0
2025-11-25 13:20:00-05:00,673.9299926757812,674.0,673.3800048828125,673.5700073242188,688881,0.0005343010910968,0.0004971820814305,0.0004557244516357,0.0,0.0,0.0
2025-11-25 13:25:00-05:00,674.0250244140625,674.0349731445312,673.780029296875,673.9208984375,688600,0.0001410013497985,0.0004557244516357,0.0003059731018205,0.0,0.0,0.0
2025-11-25 13:30:00-05:00,674.1400146484375,674.1699829101562,673.9000244140625,674.030029296875,455471,0.0001705877712624,0.0003059731018205,0.0003275371129182,0.0,0.0,0.0
2025-11-25 13:35:00-05:00,673.8599853515625,674.1400756835938,673.6199951171875,674.1300048828125,432972,-0.0004154737402124,0.0003275371129182,0.0003256289730986,0.0,0.0,0.0
2025-11-25 13:40:00-05:00,673.7349853515625,673.9400024414062,673.5700073242188,673.8499755859375,402321,-0.0001855156824951,0.0003256289730986,0.0003854341049927,0.0,0.0,0.0
2025-11-25 13:45:00-05:00,674.219970703125,674.4000244140625,673.739990234375,673.739990234375,535216,0.0007195869124728,0.0003854341049927,0.0003849008744597,0.0,0.0,0.0
2025-11-25 13:50:00-05:00,674.1599731445312,674.280029296875,674.0599975585938,674.2100219726562,452620,-8.89920662304651e-05,0.0003849008744597,0.0003619735133577,0.0,0.0,0.0
2025-11-25 13:55:00-05:00,673.8699951171875,674.1500244140625,673.7999877929688,674.1500244140625,387284,-0.0004302249039618,0.0003619735133577,0.0003680899391893,0.0,0.0,0.0
2025-11-25 14:00:00-05:00,673.6365966796875,673.9949951171875,673.4799194335938,673.8699951171875,766371,-0.0003464152847264,0.0003680899391893,0.0003655065563839,0.0,0.0,0.0
2025-11-25 14:05:00-05:00,673.719970703125,673.9500122070312,673.52001953125,673.6400146484375,415099,0.0001237594049892,0.0003655065563839,0.0003584265374506,0.0,0.0,0.0
2025-11-25 14:10:00-05:00,673.6300048828125,673.8099975585938,673.5,673.72998046875,431561,-0.000133544842953,0.0003584265374506,0.0004379370879392,0.0,0.0,0.0
2025-11-25 14:15:00-05:00,673.0449829101562,673.7249755859375,672.7000122070312,673.6300048828125,807423,-0.0008688391998976,0.0004379370879392,0.0004124593014784,0.0,0.0,0.0
2025-11-25 14:20:00-05:00,673.239990234375,673.3399047851562,672.77001953125,673.0399780273438,747941,0.0002896969504563,0.0004124593014784,0.0004114021739048,0.0,0.0,0.0
2025-11-25 14:25:00-05:00,673.3200073242188,673.4099731445312,673.030029296875,673.22998046875,454054,0.0001188466760976,0.0004114021739048,0.0004037837214427,0.0,0.0,0.0
2025-11-25 14:30:00-05:00,673.2000122070312,673.4500122070312,673.1199951171875,673.3200073242188,522362,-0.000178229979153,0.0004037837214427,0.000417381390557,0.0,0.0,0.0
2025-11-25 14:35:00-05:00,672.8099975585938,673.22998046875,672.6799926757812,673.1900024414062,493960,-0.0005795122718595,0.000417381390557,0.0004475904052466,0.0,0.0,0.0
2025-11-25 14:40:00-05:00,673.10498046875,673.1300048828125,672.4400024414062,672.8099975585938,697794,0.0004383381115378,0.0004475904052466,0.0003721168292394,0.0,0.0,0.0
2025-11-25 14:45:00-05:00,673.0850219726562,673.2205810546875,672.9000244140625,673.0900268554688,469376,-2.965182635288259e-05,0.0003721168292394,0.0004894493522906,0.0,0.0,0.0
2025-11-25 14:50:00-05:00,673.72998046875,673.8599853515625,673.0449829101562,673.0850219726562,696555,0.0009577537289471,0.0004894493522906,0.0004843217214133,0.0,0.0,0.0
2025-11-25 14:55:00-05:00,673.9400024414062,674.1099853515625,673.5700073242188,673.719970703125,780602,0.0003116816090285,0.0004843217214133,0.0005272626164628,0.0,0.0,0.0
2025-11-25 15:00:00-05:00,674.52001953125,674.5700073242188,673.9199829101562,673.9400024414062,1054561,0.0008602659569628,0.0005272626164628,0.0005301877904193,0.0,0.0,0.0
2025-11-25 15:05:00-05:00,674.46240234375,674.7899780273438,674.4099731445312,674.510009765625,760440,-8.542318506261971e-05,0.0005301877904193,0.0005302804606468,0.0,0.0,0.0
2025-11-25 15:10:00-05:00,674.3707275390625,674.52001953125,674.2150268554688,674.469970703125,748266,-0.0001359320182721,0.0005302804606468,0.00043628864062,0.0,0.0,0.0
2025-11-25 15:15:00-05:00,674.5499877929688,674.5999755859375,674.280029296875,674.3800048828125,617142,0.0002657832338461,0.00043628864062,0.0004350680861224,0.0,0.0,0.0
2025-11-25 15:20:00-05:00,674.6699829101562,674.739990234375,674.4400024414062,674.5499877929688,752080,0.0001778733195615,0.0004350680861224,0.0004523850008844,0.0,0.0,0.0
2025-11-25 15:25:00-05:00,674.5,674.6900024414062,674.4099731445312,674.6599731445312,842288,-0.0002519814600218,0.0004523850008844,0.0004901880477737,0.0,0.0,0.0
2025-11-25 15:30:00-05:00,675.1199951171875,675.1699829101562,674.4550170898438,674.510009765625,1012255,0.00091876996939,0.0004901880477737,0.0004176112754875,0.0,0.0,0.0
2025-11-25 15:35:00-05:00,675.3699951171875,675.3800048828125,675.094482421875,675.1143798828125,987168,0.0003702359953255,0.0004176112754875,0.0004474218549246,0.0,0.0,0.0
2025-11-25 15:40:00-05:00,675.1900024414062,675.4500122070312,675.1300048828125,675.3800048828125,1343882,-0.000266545251114,0.0004474218549246,0.0004394499355009,0.0,0.0,0.0
2025-11-25 15:45:00-05:00,675.4600219726562,675.719970703125,675.0399780273438,675.1900024414062,1249209,0.0003998364194521,0.0004394499355009,0.0003899986440331,0.0,0.0,0.0
2025-11-25 15:50:00-05:00,675.739990234375,676.2100219726562,675.4400024414062,675.4500122070312,2490007,0.0004143994422675,0.0003899986440331,0.0005485644041163,0.0,0.0,0.0
2025-11-25 15:55:00-05:00,675.0,675.9400024414062,675.0,675.739990234375,3639627,-0.0010956813506018,0.0005485644041163,0.0014697985778347,0.0,0.0,0.0
2025-11-26 09:30:00-05:00,678.2849731445312,678.5800170898438,677.4299926757812,677.6300048828125,3379407,0.0048548231329886,0.0014697985778347,0.0014627642329272,0.0,0.0,0.0
2025-11-26 09:35:00-05:00,678.406982421875,678.7943725585938,677.6699829101562,678.2899780273438,1650889,0.0001798629042829,0.0014627642329272,0.0014496084361448,0.0,0.0,0.0
2025-11-26 09:40:00-05:00,678.7899780273438,678.8300170898438,678.2050170898438,678.4199829101562,1057234,0.0005643920916365,0.0014496084361448,0.0014484176043567,0.0,0.0,0.0
2025-11-26 09:45:00-05:00,679.3300170898438,679.3499755859375,678.7100219726562,678.7899780273438,1255355,0.0007952744866498,0.0014484176043567,0.0015598124601193,0.0,0.0,0.0
2025-11-26 09:50:00-05:00,678.3599853515625,679.47998046875,678.2000122070312,679.3400268554688,985063,-0.0014289446067873,0.0015598124601193,0.0016552420430194,0.0,0.0,0.0
2025-11-26 09:55:00-05:00,677.3099975585938,678.4650268554688,677.1099853515625,678.3499755859375,1123107,-0.0015490318678717,0.0016552420430194,0.0016465688790171,0.0,0.0,0.0
2025-11-26 10:00:00-05:00,677.655029296875,678.0700073242188,676.719970703125,677.2999877929688,1453996,0.0005092850943018,0.0016465688790171,0.0016546850644031,0.0,0.0,0.0
2025-11-26 10:05:00-05:00,678.25,678.5499877929688,677.239990234375,677.6400146484375,757517,0.0008775994313109,0.0016546850644031,0.0016900024706039,0.0,0.0,0.0
2025-11-26 10:10:00-05:00,677.5999755859375,678.2982788085938,677.4500122070312,678.27001953125,950711,-0.0009588442313956,0.0016900024706039,0.0016919484414511,0.0,0.0,0.0
2025-11-26 10:15:00-05:00,678.0,678.1400146484375,677.27001953125,677.5900268554688,598977,0.0005901806327501,0.0016919484414511,0.0017273906275539,0.0,0.0,0.0
2025-11-26 10:20:00-05:00,677.385009765625,678.25,677.3699951171875,678.010009765625,599816,-0.0009074768750552,0.0017273906275539,0.0016932884076219,0.0,0.0,0.0
2025-11-26 10:25:00-05:00,678.1300048828125,678.469970703125,677.2349853515625,677.3800048828125,793589,0.0010992061085988,0.0016932884076219,0.0009879366924044,0.0,0.0,0.0
2025-11-26 10:30:00-05:00,678.8200073242188,678.8900146484375,678.1500244140625,678.1500244140625,562119,0.001016990301293,0.0009879366924044,0.0009918021877146,0.0,0.0,0.0
2025-11-26 10:35:00-05:00,679.0800170898438,679.1300048828125,678.6599731445312,678.7999877929688,1077916,0.0003829586333719,0.0009918021877146,0.0010035137817941,0.0,0.0,0.0
2025-11-26 10:40:00-05:00,678.5999145507812,679.2000122070312,678.4400024414062,679.0900268554688,529388,-0.0007072396783446,0.0010035137817941,0.0009698528556016,0.0,0.0,0.0
2025-11-26 10:45:00-05:00,678.52001953125,678.639892578125,678.0606079101562,678.5999755859375,552955,-0.0001177420176612,0.0009698528556016,0.0008933387689816,0.0,0.0,0.0
2025-11-26 10:50:00-05:00,678.9600219726562,679.0,678.280029296875,678.52001953125,467486,0.0006482636110478,0.0008933387689816,0.0007572584916387,0.0,0.0,0.0
2025-11-26 10:55:00-05:00,679.5599975585938,679.6199951171875,678.6599731445312,678.9600219726562,689377,0.0008832782974402,0.0007572584916387,0.0007587842548234,0.0,0.0,0.0
2025-11-26 11:00:00-05:00,679.9400024414062,680.0,679.47998046875,679.5599975585938,925309,0.0005590362526064,0.0007587842548234,0.0007354728972402,0.0,0.0,0.0
2025-11-26 11:05:00-05:00,680.0399780273438,680.22998046875,679.9199829101562,679.9500122070312,707282,0.0001470250850061,0.0007354728972402,0.0006361754302002,0.0,0.0,0.0
2025-11-26 11:10:00-05:00,680.1699829101562,680.3599853515625,679.97998046875,680.0449829101562,569343,0.0001911541408191,0.0006361754302002,0.0006302975043488,0.0,0.0,0.0
2025-11-26 11:15:00-05:00,680.3825073242188,680.4099731445312,680.02001953125,680.1900024414062,419609,0.0003124089916653,0.0006302975043488,0.0005098818013869,0.0,0.0,0.0
2025-11-26 11:20:00-05:00,680.8300170898438,680.8699951171875,680.3800048828125,680.385009765625,737655,0.0006575164035318,0.0005098818013869,0.0005178721324837,0.0,0.0,0.0
2025-11-26 11:25:00-05:00,680.530029296875,680.856689453125,680.47998046875,680.8300170898438,501923,-0.0004407177933869,0.0005178721324837,0.0004672969460295,0.0,0.0,0.0
2025-11-26 11:30:00-05:00,680.7899780273438,680.8200073242188,680.2899780273438,680.530029296875,630061,0.0003819068730785,0.0004672969460295,0.0004731664995094,0.0,0.0,0.0
2025-11-26 11:35:00-05:00,681.1500244140625,681.1799926757812,680.7550048828125,680.7899780273438,791260,0.0005287257800799,0.0004731664995094,0.0003656503386714,0.0,0.0,0.0
2025-11-26 11:40:00-05:00,681.469970703125,681.6900024414062,681.1300048828125,681.14990234375,1253537,0.0004696045795434,0.0003656503386714,0.0004025091960989,0.0,0.0,0.0
2025-11-26 11:45:00-05:00,681.2100219726562,681.5449829101562,681.1699829101562,681.469970703125,584450,-0.0003815257214006,0.0004025091960989,0.0003939768202135,0.0,0.0,0.0
2025-11-26 11:50:00-05:00,681.280029296875,681.4600219726562,680.969970703125,681.2100219726562,446773,0.000102763795178,0.0003939768202135,0.0003474018748102,0.0,0.0,0.0
2025-11-26 11:55:00-05:00,681.3599243164062,681.5599975585938,681.2100219726562,681.2899780273438,517074,0.0001172650477639,0.0003474018748102,0.0003622171506958,0.0,0.0,0.0
2025-11-26 12:00:00-05:00,681.1400146484375,681.5599975585938,681.0700073242188,681.35498046875,419581,-0.0003228031996028,0.0003622171506958,0.0003898450633469,0.0,0.0,0.0
2025-11-26 12:05:00-05:00,680.9000244140625,681.4199829101562,680.6799926757812,681.1400146484375,536731,-0.0003523982114707,0.0003898450633469,0.0004005823736715,0.0,0.0,0.0
2025-11-26 12:10:00-05:00,680.739990234375,681.2550048828125,680.655029296875,680.9000244140625,535033,-0.0002350609246243,0.0004005823736715,0.0004086633707069,0.0,0.0,0.0
2025-11-26 12:15:00-05:00,680.5101928710938,680.909912109375,680.4600219726562,680.719970703125,481526,-0.0003376269378196,0.0004086633707069,0.0004200544047883,0.0,0.0,0.0
2025-11-26 12:20:00-05:00,681.010009765625,681.094970703125,680.4299926757812,680.5,453061,0.000734204187372,0.0004200544047883,0.0003969012582919,0.0,0.0,0.0
2025-11-26 12:25:00-05:00,680.9400024414062,681.010009765625,680.7000122070312,681.0,322882,-0.0001028045429758,0.0003969012582919,0.0004181278601524,0.0,0.0,0.0
2025-11-26 12:30:00-05:00,681.3499755859375,681.3679809570312,680.9199829101562,680.9400024414062,496692,0.0006018882374832,0.0004181278601524,0.0003994063066949,0.0,0.0,0.0
2025-11-26 12:35:00-05:00,681.1900024414062,681.4899291992188,680.8699951171875,681.3599853515625,590050,-0.0002348160756323,0.0003994063066949,0.0003994128655211,0.0,0.0,0.0
2025-11-26 12:40:00-05:00,681.510009765625,681.5599975585938,681.0599975585938,681.1900024414062,446223,0.000469666584332,0.0003994128655211,0.0004015768999361,0.0,0.0,0.0
2025-11-26 12:45:00-05:00,681.2337036132812,681.7000122070312,681.1699829101562,681.5,404663,-0.000405514482903,0.0004015768999361,0.0004011369934703,0.0,0.0,0.0
2025-11-26 12:50:00-05:00,681.1699829101562,681.4400024414062,681.0399780273438,681.22998046875,310291,-9.354158947421966e-05,0.0004011369934703,0.0003994296730827,0.0,0.0,0.0
2025-11-26 12:55:00-05:00,681.1099853515625,681.344970703125,680.9349975585938,681.1799926757812,296469,-8.80840356319681e-05,0.0003994296730827,0.0004020620121366,0.0,0.0,0.0
2025-11-26 13:00:00-05:00,681.3499755859375,681.5599975585938,681.0750122070312,681.1199951171875,265330,0.0003522895993095,0.0004020620121366,0.0006011822718225,0.0,0.0,0.0
2025-11-26 13:05:00-05:00,680.2999877929688,681.3800048828125,679.75,681.3488159179688,1339758,-0.0015422289565181,0.0006011822718225,0.0006542105792818,0.0,0.0,0.0
2025-11-26 13:10:00-05:00,680.8800048828125,680.97998046875,680.1400146484375,680.3099975585938,977805,0.0008522269326169,0.0006542105792818,0.0006699820340212,0.0,0.0,0.0
2025-11-26 13:15:00-05:00,680.48291015625,681.030029296875,680.35498046875,680.8599853515625,413146,-0.0005833782211014,0.0006699820340212,0.0006787802443918,0.0,0.0,0.0
2025-11-26 13:20:00-05:00,681.0399780273438,681.2998046875,680.165283203125,680.5,525310,0.000818301193485,0.0006787802443918,0.0006784431016142,0.0,0.0,0.0
2025-11-26 13:25:00-05:00,681.1099853515625,681.47998046875,680.9249877929688,681.0443725585938,468554,0.000102789452208,0.0006784431016142,0.000730014462625,0.0,0.0,0.0
2025-11-26 13:30:00-05:00,680.3200073242188,681.1400146484375,680.2899780273438,681.114990234375,571501,-0.0011605122852512,0.000730014462625,0.0007312922423714,0.0,0.0,0.0
2025-11-26 13:35:00-05:00,680.3709106445312,680.5449829101562,680.010009765625,680.3200073242188,487871,7.48198134697174e-05,0.0007312922423714,0.0007397062128424,0.0,0.0,0.0
2025-11-26 13:40:00-05:00,679.77001953125,680.4498901367188,679.739990234375,680.3499755859375,479924,-0.0008835718991215,0.0007397062128424,0.0008388485464318,0.0,0.0,0.0
2025-11-26 13:45:00-05:00,680.5800170898438,680.6199951171875,679.5900268554688,679.7553100585938,544094,0.0011908665159908,0.0008388485464318,0.0008472926170655,0.0,0.0,0.0
2025-11-26 13:50:00-05:00,680.2449951171875,680.7650146484375,680.1300048828125,680.5800170898438,423460,-0.0004923806902717,0.0008472926170655,0.0008530352140858,0.0,0.0,0.0
2025-11-26 13:55:00-05:00,680.4000244140625,680.5,679.85498046875,680.239990234375,479324,0.0002278761841927,0.0008530352140858,0.00084295396202,0.0,0.0,0.0
2025-11-26 14:00:00-05:00,680.4199829101562,681.02001953125,680.280029296875,680.4000244140625,827559,2.933304329405116e-05,0.00084295396202,0.0007144482509864,0.0,0.0,0.0
2025-11-26 14:05:00-05:00,680.3200073242188,680.60498046875,680.219970703125,680.4199829101562,457674,-0.0001469429675542,0.0007144482509864,0.000689492893098,0.0,0.0,0.0
2025-11-26 14:10:00-05:00,680.719970703125,680.8800048828125,680.719970703125,680.8599853515625,831120,0.0005877320238588,0.000689492893098,0.0006720798881045,0.0,0.0,0.0
2025-11-26 14:15:00-05:00,680.9500122070312,681.114990234375,680.6400146484375,680.7000122070312,772236,0.0003378814382073,0.0006720798881045,0.0006359482017669,0.0,0.0,0.0
2025-11-26 14:20:00-05:00,681.1799926757812,681.239990234375,680.8099975585938,680.9600219726562,731722,0.0003376777108071,0.0006359482017669,0.0006357821879048,0.0,0.0,0.0
2025-11-26 14:25:00-05:00,681.239990234375,681.2899780273438,681.1099853515625,681.1900024414062,572920,8.807498331666689e-05,0.0006357821879048,0.0005238488854997,0.0,0.0,0.0
2025-11-26 14:30:00-05:00,681.1199951171875,681.4199829101562,681.114990234375,681.25,544437,-0.0001761577245192,0.0005238488854997,0.0005557530855461,0.0,0.0,0.0
2025-11-26 14:35:00-05:00,680.75,681.1599731445312,680.6199951171875,681.1099853515625,630599,-0.000543363357174,0.0005557530855461,0.0004750072261083,0.0,0.0,0.0
2025-11-26 14:40:00-05:00,680.72021484375,681.3400268554688,680.52001953125,680.739990234375,784277,-4.375440010367141e-05,0.0004750072261083,0.0003394697033314,0.0,0.0,0.0
2025-11-26 14:45:00-05:00,680.5819702148438,681.0800170898438,680.5800170898438,680.72021484375,457201,-0.0002031064533632,0.0003394697033314,0.0003256176418806,0.0,0.0,0.0
2025-11-26 14:50:00-05:00,680.9000244140625,681.010009765625,680.489990234375,680.5800170898438,429302,0.0004672176440954,0.0003256176418806,0.0003243123991262,0.0,0.0,0.0
2025-11-26 14:55:00-05:00,680.8599853515625,680.97998046875,680.6599731445312,680.9000244140625,593442,-5.880487343495065e-05,0.0003243123991262,0.0003321145471378,0.0,0.0,0.0
2025-11-26 15:00:00-05:00,681.0700073242188,681.1699829101562,680.7014770507812,680.8699951171875,552682,0.0003084181645906,0.0003321145471378,0.000333042563671,0.0,0.0,0.0
2025-11-26 15:05:00-05:00,680.9600219726562,681.0800170898438,680.5900268554688,681.0800170898438,692847,-0.0001615020953075,0.000333042563671,0.0003414537723263,0.0,0.0,0.0
2025-11-26 15:10:00-05:00,681.4000244140625,681.4010009765625,680.9199829101562,680.9600219726562,929563,0.0006459415157866,0.0003414537723263,0.0003507857567618,0.0,0.0,0.0
2025-11-26 15:15:00-05:00,681.1729736328125,681.5900268554688,681.1699829101562,681.4099731445312,919741,-0.0003332676982105,0.0003507857567618,0.0003417771225959,0.0,0.0,0.0
2025-11-26 15:20:00-05:00,681.3082275390625,681.469970703125,681.1900024414062,681.1900024414062,814621,0.0001985405840138,0.0003417771225959,0.0003444453507645,0.0,0.0,0.0
2025-11-26 15:25:00-05:00,681.2000122070312,681.4000244140625,681.1599731445312,681.301025390625,1544000,-0.0001588472335095,0.0003444453507645,0.0003405635211512,0.0,0.0,0.0
2025-11-26 15:30:00-05:00,681.1699829101562,681.3599853515625,680.892578125,681.2000122070312,1041444,-4.408390817103223e-05,0.0003405635211512,0.0002956973031597,0.0,0.0,0.0
2025-11-26 15:35:00-05:00,681.1199951171875,681.22998046875,681.0067749023438,681.1749877929688,827323,-7.338788921215563e-05,0.0002956973031597,0.0002944709058984,0.0,0.0,0.0
2025-11-26 15:40:00-05:00,681.1749877929688,681.4000244140625,680.97998046875,681.1199951171875,1093133,8.073534219979407e-05,0.0002944709058984,0.0003663676756608,0.0,0.0,0.0
2025-11-26 15:45:00-05:00,680.6799926757812,681.3800048828125,680.6500244140625,681.1749877929688,1697201,-0.0007269425101567,0.0003663676756608,0.0003774494330317,0.0,0.0,0.0
2025-11-26 15:50:00-05:00,680.260009765625,681.02001953125,680.1900024414062,680.6699829101562,3183062,-0.0006171953542916,0.0003774494330317,0.0004495894626349,0.0,0.0,0.0
2025-11-26 15:55:00-05:00,679.6300048828125,680.4500122070312,679.6199951171875,680.27001953125,4405092,-0.0009265527669118,0.0004495894626349,0.0009457326890305,0.0,0.0,0.0
2025-11-28 09:30:00-05:00,681.489990234375,681.5700073242188,680.8099975585938,680.8599853515625,2029255,0.0027330235629266,0.0009457326890305,0.0009639855989341,0.0,0.0,0.0
2025-11-28 09:35:00-05:00,681.0700073242188,681.8499755859375,681.0599975585938,681.489990234375,1047023,-0.0006164615491561,0.0009639855989341,0.0009482073282667,0.0,0.0,0.0
2025-11-28 09:40:00-05:00,681.27001953125,681.4500122070312,680.5,681.0700073242188,915538,0.0002936303779166,0.0009482073282667,0.00094891109293,0.0,0.0,0.0
2025-11-28 09:45:00-05:00,681.530029296875,681.530029296875,680.8900146484375,681.260009765625,644942,0.0003815816839798,0.00094891109293,0.0009533330572473,0.0,0.0,0.0
2025-11-28 09:50:00-05:00,681.3049926757812,681.6395263671875,680.97998046875,681.5399780273438,577024,-0.0003302477842304,0.0009533330572473,0.0009526228154951,0.0,0.0,0.0
2025-11-28 09:55:00-05:00,681.2349853515625,681.4299926757812,681.1500244140625,681.2999877929688,529252,-0.0001027600296641,0.0009526228154951,0.000952512415967,0.0,0.0,0.0
2025-11-28 10:00:00-05:00,681.2299194335938,681.6500244140625,681.155029296875,681.239990234375,788439,-7.436401408959948e-06,0.000952512415967,0.0009580496968241,0.0,0.0,0.0
2025-11-28 10:05:00-05:00,681.489990234375,681.52001953125,681.030029296875,681.22998046875,513171,0.0003816937025629,0.0009580496968241,0.0009591451446416,0.0,0.0,0.0
2025-11-28 10:10:00-05:00,681.6300048828125,681.7899780273438,681.2750244140625,681.4899291992188,681991,0.0002054326096476,0.0009591451446416,0.0009346835069153,0.0,0.0,0.0
2025-11-28 10:15:00-05:00,682.0,682.0700073242188,681.6500854492188,681.6599731445312,709469,0.0005426620490049,0.0009346835069153,0.0009125932968935,0.0,0.0,0.0
2025-11-28 10:20:00-05:00,681.8300170898438,682.3200073242188,681.77001953125,681.989990234375,749628,-0.0002492728696486,0.0009125932968935,0.0008540991604029,0.0,0.0,0.0
2025-11-28 10:25:00-05:00,681.6900024414062,682.0599975585938,681.4708862304688,681.8399047851562,585760,-0.0002053723405949,0.0008540991604029,0.0003847833499281,0.0,0.0,0.0
2025-11-28 10:30:00-05:00,682.1099853515625,682.239990234375,681.6099853515625,681.6900024414062,620864,0.0006159010517546,0.0003847833499281,0.0003221568856585,0.0,0.0,0.0
2025-11-28 10:35:00-05:00,682.0698852539062,682.309814453125,681.780029296875,682.1004028320312,710936,-5.8790044526941885e-05,0.0003221568856585,0.0003176291450569,0.0,0.0,0.0
2025-11-28 10:40:00-05:00,682.152099609375,682.2150268554688,681.9400024414062,682.0650024414062,511981,0.0001205292928578,0.0003176291450569,0.0003162433756874,0.0,0.0,0.0
2025-11-28 10:45:00-05:00,682.4000244140625,682.4199829101562,681.97998046875,682.155029296875,527829,0.0003633790209268,0.0003162433756874,0.0002849267908604,0.0,0.0,0.0
2025-11-28 10:50:00-05:00,682.52001953125,682.6300048828125,682.3800048828125,682.3900146484375,966483,0.0001758273212103,0.0002849267908604,0.0002837594473816,0.0,0.0,0.0
2025-11-28 10:55:00-05:00,682.4600830078125,682.5698852539062,682.219970703125,682.52001953125,502913,-8.782036216427265e-05,0.0002837594473816,0.0002800883721012,0.0,0.0,0.0
2025-11-28 11:00:00-05:00,682.6181030273438,682.6599731445312,682.2949829101562,682.4600219726562,607247,0.0002315179040344,0.0002800883721012,0.000274066358235,0.0,0.0,0.0
2025-11-28 11:05:00-05:00,682.7999877929688,682.89990234375,682.5599975585938,682.6099853515625,564095,0.0002664162250722,0.000274066358235,0.000277720176236,0.0,0.0,0.0
2025-11-28 11:10:00-05:00,682.7949829101562,682.8699951171875,682.5999755859375,682.8201293945312,408907,-7.329966673703949e-06,0.000277720176236,0.0002474542403883,0.0,0.0,0.0
2025-11-28 11:15:00-05:00,682.8699951171875,682.9400024414062,682.7100219726562,682.7999877929688,423243,0.0001098544786804,0.0002474542403883,0.000322031936732,0.0,0.0,0.0
2025-11-28 11:20:00-05:00,682.4099731445312,682.905029296875,682.2100219726562,682.8800048828125,1562106,-0.0006738866763727,0.000322031936732,0.0003392572497715,0.0,0.0,0.0
2025-11-28 11:25:00-05:00,682.1500244140625,682.4299926757812,681.6500244140625,682.4099731445312,968939,-0.0003810000792612,0.0003392572497715,0.0003175373384405,0.0,0.0,0.0
2025-11-28 11:30:00-05:00,682.4600219726562,682.5543823242188,681.7999877929688,682.1599731445312,603762,0.0004543386804855,0.0003175373384405,0.0003184426554253,0.0,0.0,0.0
2025-11-28 11:35:00-05:00,682.5900268554688,682.8300170898438,682.3099975585938,682.469970703125,2162557,0.0001904763613863,0.0003184426554253,0.0003183820380887,0.0,0.0,0.0
2025-11-28 11:40:00-05:00,682.5900268554688,682.6649780273438,682.135009765625,682.5900268554688,967639,0.0,0.0003183820380887,0.0003031911570002,0.0,0.0,0.0
2025-11-28 11:45:00-05:00,682.6287231445312,682.8300170898438,682.469970703125,682.5800170898438,688763,5.668877470792352e-05,0.0003031911570002,0.0003039583225247,0.0,0.0,0.0
2025-11-28 11:50:00-05:00,682.760009765625,682.9099731445312,682.489990234375,682.6199951171875,577968,0.0001923065839551,0.0003039583225247,0.0003020208468706,0.0,0.0,0.0
2025-11-28 11:55:00-05:00,682.7550048828125,682.8900146484375,682.5800170898438,682.760009765625,475298,-7.330395870863693e-06,0.0003020208468706,0.0002959980615432,0.0,0.0,0.0
2025-11-28 12:00:00-05:00,682.7999877929688,682.8099975585938,682.3900756835938,682.7550048828125,981254,6.588223896323175e-05,0.0002959980615432,0.0002895892462518,0.0,0.0,0.0
2025-11-28 12:05:00-05:00,682.9099731445312,682.989990234375,682.719970703125,682.7999877929688,653009,0.0001610669248172,0.0002895892462518,0.0003005026171613,0.0,0.0,0.0
2025-11-28 12:10:00-05:00,682.72998046875,683.0,682.6400146484375,682.9099731445312,602655,-0.0002636019491773,0.0003005026171613,0.0003204286251106,0.0,0.0,0.0
2025-11-28 12:15:00-05:00,682.4400024414062,682.83837890625,682.4299926757812,682.739990234375,602532,-0.0004248233338485,0.0003204286251106,0.0002567488535598,0.0,0.0,0.0
2025-11-28 12:20:00-05:00,682.3499755859375,682.635009765625,682.25,682.4400024414062,664501,-0.0001319277794366,0.0002567488535598,0.00022929870653,0.0,0.0,0.0
2025-11-28 12:25:00-05:00,682.3150024414062,682.6500244140625,682.280029296875,682.3499755859375,634484,-5.125528258147752e-05,0.00022929870653,0.0001841384562612,0.0,0.0,0.0
2025-11-28 12:30:00-05:00,682.2899780273438,682.3300170898438,682.0599975585938,682.3150024414062,668606,-3.667642200263517e-05,0.0001841384562612,0.0001958713473489,0.0,0.0,0.0
2025-11-28 12:35:00-05:00,682.0399780273438,682.5197143554688,682.010009765625,682.2899780273438,946234,-0.0003664802662855,0.0001958713473489,0.0001963483622727,0.0,0.0,0.0
2025-11-28 12:40:00-05:00,681.9304809570312,682.2899780273438,681.9000244140625,682.0407104492188,1017262,-0.0001605563666375,0.0001963483622727,0.0002021835271278,0.0,0.0,0.0
2025-11-28 12:45:00-05:00,682.02001953125,682.0999755859375,681.8800048828125,681.9349975585938,196072,0.000131292996799,0.0002021835271278,0.0009852658245992,0.0,0.0,0.0
2025-12-01 09:30:00-05:00,679.6699829101562,679.6699829101562,678.760009765625,678.8099975585938,3238688,-0.0034516504491523,0.0009852658245992,0.0009783262949224,0.0,0.0,0.0
2025-12-01 09:35:00-05:00,679.3900146484375,680.3099975585938,679.3900146484375,679.6799926757812,959173,-0.0004120028051476,0.0009783262949224,0.0009693647465415,0.0,0.0,0.0
2025-12-01 09:40:00-05:00,679.25,679.7999877929688,678.739990234375,679.3699951171875,968498,-0.0002061100032731,0.0009693647465415,0.0010875462435417,0.0,0.0,0.0
2025-12-01 09:45:00-05:00,680.1599731445312,680.719970703125,679.0999755859375,679.260009765625,979902,0.0013387768199761,0.0010875462435417,0.0012140388296165,0.0,0.0,0.0
2025-12-01 09:50:00-05:00,681.2000122070312,681.2171020507812,680.0999755859375,680.1500244140625,843387,0.001527941581993,0.0012140388296165,0.0012214285377962,0.0,0.0,0.0
2025-12-01 09:55:00-05:00,681.4500122070312,681.8599853515625,681.1199951171875,681.2100219726562,1232155,0.0003669320784145,0.0012214285377962,0.0012324575811886,0.0,0.0,0.0
2025-12-01 10:00:00-05:00,680.97998046875,681.7899780273438,680.8099975585938,681.4550170898438,1076130,-0.00068999032531,0.0012324575811886,0.0012321875197409,0.0,0.0,0.0
2025-12-01 10:05:00-05:00,680.9199829101562,681.3699951171875,680.6199951171875,680.97998046875,671945,-8.810861332824307e-05,0.0012321875197409,0.0012314674635569,0.0,0.0,0.0
2025-12-01 10:10:00-05:00,680.7999877929688,681.280029296875,680.6320190429688,680.9099731445312,1740994,-0.0001762405194602,0.0012314674635569,0.0012314829325618,0.0,0.0,0.0
2025-12-01 10:15:00-05:00,680.8250122070312,681.0499877929688,680.489990234375,680.8200073242188,684763,3.675669008029313e-05,0.0012314829325618,0.0012587817075461,0.0,0.0,0.0
2025-12-01 10:20:00-05:00,680.1099853515625,680.8900146484375,680.02001953125,680.7899780273438,862559,-0.001050787763623,0.0012587817075461,0.0012546504034617,0.0,0.0,0.0
2025-12-01 10:25:00-05:00,679.8300170898438,680.22998046875,679.5900268554688,680.094970703125,647552,-0.0004117362018491,0.0012546504034617,0.0008130999405958,0.0,0.0,0.0
2025-12-01 10:30:00-05:00,679.1300048828125,679.969970703125,679.010009765625,679.8400268554688,711295,-0.0010302176040884,0.0008130999405958,0.0009135908154697,0.0,0.0,0.0
2025-12-01 10:35:00-05:00,680.1199951171875,680.1900024414062,678.8400268554688,679.1199951171875,682349,0.0014566715606831,0.0009135908154697,0.0009093093033798,0.0,0.0,0.0
2025-12-01 10:40:00-05:00,680.1300048828125,680.4299926757812,679.780029296875,680.1300048828125,516819,1.471753813673638e-05,0.0009093093033798,0.0008239394374837,0.0,0.0,0.0
2025-12-01 10:45:00-05:00,680.239990234375,680.4641723632812,679.8599853515625,680.1400146484375,294992,0.0001616991733085,0.0008239394374837,0.0009237104923522,0.0,0.0,0.0
2025-12-01 10:50:00-05:00,681.6500244140625,681.760009765625,680.1300048828125,680.25,828619,0.0020707027268737,0.0009237104923522,0.0009185510111856,0.0,0.0,0.0
2025-12-01 10:55:00-05:00,681.6400146484375,681.8300170898438,681.3900146484375,681.6599731445312,851401,-1.468471908159893e-05,0.0009185510111856,0.0008906772025045,0.0,0.0,0.0
2025-12-01 11:00:00-05:00,681.6900024414062,681.780029296875,681.4500122070312,681.6500244140625,341170,7.333190403580944e-05,0.0008906772025045,0.0009591619592496,0.0,0.0,0.0
2025-12-01 11:05:00-05:00,680.9099731445312,681.7999267578125,680.3699951171875,681.6799926757812,529104,-0.0011449132482869,0.0009591619592496,0.0009683676795587,0.0,0.0,0.0
2025-12-01 11:10:00-05:00,680.5800170898438,681.1400146484375,680.4199829101562,680.9099731445312,372933,-0.0004846984752205,0.0009683676795587,0.0009684861420274,0.0,0.0,0.0
2025-12-01 11:15:00-05:00,680.6170043945312,680.8499755859375,680.1199951171875,680.5700073242188,354961,5.43452624606087e-05,0.0009684861420274,0.0009195481203896,0.0,0.0,0.0
2025-12-01 11:20:00-05:00,680.9199829101562,681.219970703125,680.5900268554688,680.6099853515625,282732,0.0004450536760307,0.0009195481203896,0.0009057277690271,0.0,0.0,0.0
2025-12-01 11:25:00-05:00,681.0798950195312,681.2800903320312,680.8099975585938,680.9500122070312,261738,0.0002348195659942,0.0009057277690271,0.0008274289833378,0.0,0.0,0.0
2025-12-01 11:30:00-05:00,681.3900146484375,681.5399780273438,681.0700073242188,681.0800170898438,340639,0.0004552315351133,0.0008274289833378,0.0007393990435077,0.0,0.0,0.0
2025-12-01 11:35:00-05:00,681.4799194335938,681.6500244140625,681.27001953125,681.3800048828125,262920,0.0001319345053235,0.0007393990435077,0.0007617731335315,0.0,0.0,0.0
2025-12-01 11:40:00-05:00,682.0501098632812,682.3099975585938,681.22998046875,681.469970703125,581155,0.0008363445625286,0.0007617731335315,0.0007614968775916,0.0,0.0,0.0
2025-12-01 11:45:00-05:00,682.1900024414062,682.4400024414062,681.969970703125,682.0599975585938,447491,0.0002050849807942,0.0007614968775916,0.0005118027575776,0.0,0.0,0.0
2025-12-01 11:50:00-05:00,681.9500122070312,682.3099975585938,681.8400268554688,682.2000122070312,247424,-0.0003518557248873,0.0005118027575776,0.0005120429150557,0.0,0.0,0.0
2025-12-01 11:55:00-05:00,681.9249877929688,682.0999755859375,681.72998046875,681.9099731445312,296257,-3.669605215330379e-05,0.0005120429150557,0.0005239214482435,0.0,0.0,0.0
2025-12-01 12:00:00-05:00,682.2100219726562,682.3300170898438,681.8200073242188,681.9600219726562,248715,0.0004178973221786,0.0005239214482435,0.0003697373179879,0.0,0.0,0.0
2025-12-01 12:05:00-05:00,682.1300048828125,682.510009765625,682.0900268554688,682.2000122070312,418037,-0.0001172978705607,0.0003697373179879,0.0003565547733799,0.0,0.0,0.0
2025-12-01 12:10:00-05:00,681.8599853515625,682.3400268554688,681.8400268554688,682.1400146484375,292402,-0.0003959259770387,0.0003565547733799,0.0003775772016972,0.0,0.0,0.0
2025-12-01 12:15:00-05:00,681.6699829101562,681.9199829101562,681.2949829101562,681.8499755859375,434834,-0.0002786919936614,0.0003775772016972,0.0003648451041858,0.0,0.0,0.0
2025-12-01 12:20:00-05:00,681.7891235351562,681.9598999023438,681.5,681.6599731445312,192942,0.000174762300886,0.0003648451041858,0.0003685862719607,0.0,0.0,0.0
2025-12-01 12:25:00-05:00,682.010009765625,682.1699829101562,681.6290283203125,681.7999877929688,206566,0.0003239278087318,0.0003685862719607,0.0003549021800611,0.0,0.0,0.0
2025-12-01 12:30:00-05:00,681.969970703125,682.177978515625,681.72998046875,682.0,177575,-5.8709164481615485e-05,0.0003549021800611,0.0003596247234657,0.0,0.0,0.0
2025-12-01 12:35:00-05:00,681.8699951171875,682.22998046875,681.760009765625,681.97998046875,205559,-0.0001466089697062,0.0003596247234657,0.0004021304208603,0.0,0.0,0.0
2025-12-01 12:40:00-05:00,682.5784301757812,682.5784301757812,681.8400268554688,681.8499755859375,379826,0.0010384197879834,0.0004021304208603,0.000401019925141,0.0,0.0,0.0
2025-12-01 12:45:00-05:00,682.5364990234375,682.7899780273438,682.4826049804688,682.5800170898438,333788,-6.143241343283116e-05,0.000401019925141,0.0004242969324151,0.0,0.0,0.0
2025-12-01 12:50:00-05:00,682.1500244140625,682.5399169921875,682.0599975585938,682.530029296875,228963,-0.0005663932530575,0.0004242969324151,0.0004280078960783,0.0,0.0,0.0
2025-12-01 12:55:00-05:00,682.030029296875,682.2899780273438,681.8699951171875,682.2000122070312,246531,-0.0001759226975509,0.0004280078960783,0.0004312674512086,0.0,0.0,0.0
2025-12-01 13:00:00-05:00,682.3400268554688,682.4199829101562,681.9749755859375,682.0399780273438,297657,0.0004544185978435,0.0004312674512086,0.0004297620473862,0.0,0.0,0.0
2025-12-01 13:05:00-05:00,682.4099731445312,682.510009765625,682.1799926757812,682.3499755859375,233157,0.0001025041789687,0.0004297620473862,0.0004141474073038,0.0,0.0,0.0
2025-12-01 13:10:00-05:00,682.6300048828125,682.7100219726562,682.3300170898438,682.3900146484375,398522,0.0003223813862285,0.0004141474073038,0.0004051537496691,0.0,0.0,0.0
2025-12-01 13:15:00-05:00,682.5280151367188,682.7899780273438,682.3499755859375,682.6199951171875,257949,-0.0001494182282019,0.0004051537496691,0.0004065545356736,0.0,0.0,0.0
2025-12-01 13:20:00-05:00,682.5,682.5399780273438,682.3200073242188,682.52001953125,218651,-4.104697692946482e-05,0.0004065545356736,0.0004005724279735,0.0,0.0,0.0
2025-12-01 13:25:00-05:00,682.47998046875,682.6624755859375,682.4099731445312,682.5098876953125,180615,-2.933307673065253e-05,0.0004005724279735,0.0004072156768636,0.0,0.0,0.0
2025-12-01 13:30:00-05:00,682.719970703125,682.75,682.489990234375,682.5,244038,0.0003515825453129,0.0004072156768636,0.0004003573301733,0.0,0.0,0.0
2025-12-01 13:35:00-05:00,682.7750244140625,682.8499755859375,682.6500244140625,682.7100219726562,305493,8.06355368041217e-05,0.0004003573301733,0.0002736816901183,0.0,0.0,0.0
2025-12-01 13:40:00-05:00,682.7899780273438,682.8300170898438,682.5999755859375,682.7750244140625,273084,2.1900990806163382e-05,0.0002736816901183,0.0002745531599426,0.0,0.0,0.0
2025-12-01 13:45:00-05:00,682.72998046875,682.9650268554688,682.6699829101562,682.780029296875,287468,-8.78750372838633e-05,0.0002745531599426,0.000204749674346,0.0,0.0,0.0
2025-12-01 13:50:00-05:00,682.8599853515625,682.989990234375,682.739990234375,682.739990234375,286214,0.0001904010522325,0.000204749674346,0.0001935098489756,0.0,0.0,0.0
2025-12-01 13:55:00-05:00,682.8204956054688,682.9600219726562,682.8200073242188,682.8599853515625,401183,-5.7831603593101806e-05,0.0001935098489756,0.0003018665105182,0.0,0.0,0.0
2025-12-01 14:00:00-05:00,682.2550048828125,682.8493041992188,682.0999755859375,682.8200073242188,745431,-0.0008285120563684,0.0003018665105182,0.0003193528450021,0.0,0.0,0.0
2025-12-01 14:05:00-05:00,681.980712890625,682.25,681.8499755859375,682.25,411886,-0.0004021181857505,0.0003193528450021,0.0002977613319392,0.0,0.0,0.0
2025-12-01 14:10:00-05:00,681.97998046875,682.02001953125,681.54638671875,681.97998046875,418098,-1.0739633166598056e-06,0.0002977613319392,0.0003450823399358,0.0,0.0,0.0
2025-12-01 14:15:00-05:00,681.5150146484375,681.989990234375,681.239990234375,681.989990234375,548991,-0.0006820206014703,0.0003450823399358,0.0004076065406166,0.0,0.0,0.0
2025-12-01 14:20:00-05:00,680.9099731445312,681.6699829101562,680.7150268554688,681.52001953125,1175836,-0.0008881832748257,0.0004076065406166,0.0004104691902349,0.0,0.0,0.0
2025-12-01 14:25:00-05:00,680.5999755859375,681.0499877929688,680.47998046875,680.9000244140625,905353,-0.0004553731895087,0.0004104691902349,0.0003673641632103,0.0,0.0,0.0
2025-12-01 14:30:00-05:00,680.4099731445312,680.6199951171875,679.8200073242188,680.60498046875,941204,-0.0002792080143393,0.0003673641632103,0.0004852605293949,0.0,0.0,0.0
2025-12-01 14:35:00-05:00,680.989990234375,681.094970703125,680.3699951171875,680.4299926757812,830599,0.000852089232466,0.0004852605293949,0.0005362121072017,0.0,0.0,0.0
2025-12-01 14:40:00-05:00,680.260009765625,681.030029296875,680.219970703125,681.0,453055,-0.0010725150247552,0.0005362121072017,0.0005386664883768,0.0,0.0,0.0
2025-12-01 14:45:00-05:00,680.239990234375,680.5700073242188,680.1500244140625,680.27001953125,429537,-2.942966740386278e-05,0.0005386664883768,0.0005480660981361,0.0,0.0,0.0
2025-12-01 14:50:00-05:00,680.4400024414062,680.6199951171875,679.989990234375,680.239990234375,556590,0.0002939886079731,0.0005480660981361,0.0005429189382551,0.0,0.0,0.0
2025-12-01 14:55:00-05:00,680.219970703125,680.510009765625,680.094970703125,680.4199829101562,405735,-0.0003234191415077,0.0005429189382551,0.0005376729833083,0.0,0.0,0.0
2025-12-01 15:00:00-05:00,680.3699951171875,680.510009765625,680.030029296875,680.2000122070312,483641,0.0002205284743225,0.0005376729833083,0.0005471912988432,0.0,0.0,0.0
2025-12-01 15:05:00-05:00,680.4949951171875,680.6300048828125,680.25,680.3800048828125,527077,0.0001837066883908,0.0005471912988432,0.0005945122355937,0.0,0.0,0.0
2025-12-01 15:10:00-05:00,680.9243774414062,681.0150146484375,680.4887084960938,680.4949951171875,486874,0.000630786291294,0.0005945122355937,0.0005945258241166,0.0,0.0,0.0
2025-12-01 15:15:00-05:00,680.4600219726562,680.969970703125,680.2899780273438,680.9099731445312,571628,-0.0006821812956839,0.0005945258241166,0.0005447767686177,0.0,0.0,0.0
2025-12-01 15:20:00-05:00,680.469970703125,680.6699829101562,680.35009765625,680.4550170898438,436439,1.4620488228513316e-05,0.0005447767686177,0.0005422982656353,0.0,0.0,0.0
2025-12-01 15:25:00-05:00,680.72998046875,680.760009765625,680.3699951171875,680.469970703125,324882,0.0003820302352544,0.0005422982656353,0.0005438103232201,0.0,0.0,0.0
2025-12-01 15:30:00-05:00,680.52001953125,680.8599853515625,680.27001953125,680.719970703125,628280,-0.000308482555247,0.0005438103232201,0.000520983245518,0.0,0.0,0.0
2025-12-01 15:35:00-05:00,680.97998046875,680.989990234375,680.5100708007812,680.52001953125,621863,0.0006756679471151,0.000520983245518,0.0003981189689055,0.0,0.0,0.0
2025-12-01 15:40:00-05:00,680.9749755859375,681.0700073242188,680.56201171875,680.9949951171875,884265,-7.349557032386715e-06,0.0003981189689055,0.0004581824347509,0.0,0.0,0.0
2025-12-01 15:45:00-05:00,680.5,681.0599975585938,680.385009765625,680.9749755859375,938758,-0.0006977368129776,0.0004581824347509,0.0005028352142874,0.0,0.0,0.0
2025-12-01 15:50:00-05:00,679.97998046875,680.8200073242188,679.9000244140625,680.510009765625,2203481,-0.0007644648418803,0.0005028352142874,0.0005131186741708,0.0,0.0,0.0
2025-12-01 15:55:00-05:00,680.27001953125,680.4199829101562,679.375,679.9600219726562,9905367,0.0004264496480727,0.0005131186741708,0.0008339405363627,0.0,0.0,0.0
2025-12-02 09:30:00-05:00,681.8200073242188,682.1900024414062,681.6300048828125,681.9199829101562,2215737,0.0022758972335879,0.0008339405363627,0.0008959929237079,0.0,0.0,0.0
2025-12-02 09:35:00-05:00,682.7150268554688,682.9600219726562,681.780029296875,681.8300170898438,1167173,0.0013118309712602,0.0008959929237079,0.0009105905906411,0.0,0.0,0.0
2025-12-02 09:40:00-05:00,682.4099731445312,682.9100952148438,682.0399780273438,682.719970703125,947411,-0.0004469242245437,0.0009105905906411,0.0009086623089935,0.0,0.0,0.0
2025-12-02 09:45:00-05:00,681.9600219726562,682.5900268554688,681.75,682.4400024414062,635440,-0.0006595735611269,0.0009086623089935,0.0009329975623517,0.0,0.0,0.0
2025-12-02 09:50:00-05:00,681.580078125,682.3499755859375,681.530029296875,681.969970703125,566277,-0.000557290331927,0.0009329975623517,0.0009723827032987,0.0,0.0,0.0
2025-12-02 09:55:00-05:00,682.3300170898438,682.530029296875,681.489990234375,681.5800170898438,616122,0.0010996898447353,0.0009723827032987,0.0009856643924035,0.0,0.0,0.0
2025-12-02 10:00:00-05:00,683.030029296875,683.1099853515625,682.2319946289062,682.3300170898438,871906,0.0010253885342812,0.0009856643924035,0.0009808754469243,0.0,0.0,0.0
2025-12-02 10:05:00-05:00,683.0656127929688,683.280029296875,682.739990234375,683.0399780273438,725642,5.20951754847466e-05,0.0009808754469243,0.0009835971945525,0.0,0.0,0.0
2025-12-02 10:10:00-05:00,682.9949951171875,683.094970703125,682.2999877929688,683.0700073242188,703139,-0.0001033887888066,0.0009835971945525,0.0009395057301065,0.0,0.0,0.0
2025-12-02 10:15:00-05:00,683.0784912109375,683.234619140625,682.8599853515625,682.9949951171875,496243,0.0001222424630734,0.0009395057301065,0.0008827314082454,0.0,0.0,0.0
2025-12-02 10:20:00-05:00,683.10009765625,683.1400146484375,682.5599975585938,683.0700073242188,531957,3.1630484462879786e-05,0.0008827314082454,0.0011595638086729,0.0,0.0,0.0
2025-12-02 10:25:00-05:00,681.5800170898438,683.219970703125,681.4199829101562,683.1099853515625,879544,-0.0022277472627363,0.0011595638086729,0.000961118955467,0.0,0.0,0.0
2025-12-02 10:30:00-05:00,681.2000122070312,681.8599853515625,680.8499755859375,681.5900268554688,1047767,-0.0005576907270318,0.000961118955467,0.0008672101947014,0.0,0.0,0.0
2025-12-02 10:35:00-05:00,681.3900146484375,681.6998901367188,680.9149780273438,681.2000122070312,786677,0.0002788842408839,0.0008672101947014,0.0010495383425839,0.0,0.0,0.0
2025-12-02 10:40:00-05:00,682.7100219726562,682.8499755859375,681.3200073242188,681.4000244140625,725421,0.0019353532743916,0.0010495383425839,0.0010476373412793,0.0,0.0,0.0
2025-12-02 10:45:00-05:00,683.2750244140625,683.3800048828125,682.5728149414062,682.719970703125,850888,0.000827245474058,0.0010476373412793,0.0010238174680191,0.0,0.0,0.0
2025-12-02 10:50:00-05:00,683.3300170898438,683.6799926757812,683.2000122070312,683.2750244140625,759610,8.048071555533409e-05,0.0010238174680191,0.0009857806051971,0.0,0.0,0.0
2025-12-02 10:55:00-05:00,683.510009765625,683.6199951171875,683.27001953125,683.3400268554688,639316,0.0002633705090358,0.0009857806051971,0.0009459612848079,0.0,0.0,0.0
2025-12-02 11:00:00-05:00,683.5800170898438,683.8200073242188,682.9949951171875,683.510009765625,979255,0.0001024180162312,0.0009459612848079,0.0010287340956517,0.0,0.0,0.0
2025-12-02 11:05:00-05:00,682.6699829101562,683.5900268554688,682.5700073242188,683.5900268554688,697036,-0.001332163680543,0.0010287340956517,0.0011291178607396,0.0,0.0,0.0
2025-12-02 11:10:00-05:00,681.5399780273438,682.8800048828125,681.2100219726562,682.6799926757812,1308480,-0.0016566440263705,0.0011291178607396,0.0011252852790074,0.0,0.0,0.0
2025-12-02 11:15:00-05:00,681.4400024414062,681.8599853515625,681.030029296875,681.5499877929688,900555,-0.0001467014740486,0.0011252852790074,0.0012309883595759,0.0,0.0,0.0
2025-12-02 11:20:00-05:00,680.0999755859375,681.760009765625,680.030029296875,681.4400024414062,981187,-0.0019683994737814,0.0012309883595759,0.0010826991536963,0.0,0.0,0.0
2025-12-02 11:25:00-05:00,680.010009765625,680.5671997070312,679.6699829101562,680.0800170898438,1154286,-0.0001322919784615,0.0010826991536963,0.0010779357510301,0.0,0.0,0.0
2025-12-02 11:30:00-05:00,680.030029296875,680.4400024414062,679.3275146484375,679.969970703125,1023134,2.9439620417604448e-05,0.0010779357510301,0.0011437174023214,0.0,0.0,0.0
2025-12-02 11:35:00-05:00,680.8604736328125,680.8699951171875,679.9500122070312,680.030029296875,710143,0.0012204426986994,0.0011437174023214,0.0009606339553161,0.0,0.0,0.0
2025-12-02 11:40:00-05:00,680.4400024414062,681.239990234375,680.4400024414062,680.9000244140625,702216,-0.0006177492951303,0.0009606339553161,0.0009054711837271,0.0,0.0,0.0
2025-12-02 11:45:00-05:00,680.5,680.8699951171875,680.1799926757812,680.4099731445312,514491,8.817076215698433e-05,0.0009054711837271,0.0009356030765966,0.0,0.0,0.0
2025-12-02 11:50:00-05:00,680.8800048828125,681.02001953125,680.4000244140625,680.530029296875,417039,0.0005582642485109,0.0009356030765966,0.0009193178143597,0.0,0.0,0.0
2025-12-02 11:55:00-05:00,680.5599975585938,681.27001953125,680.3800048828125,680.9000244140625,516737,-0.0004701012597517,0.0009193178143597,0.0009595736433362,0.0,0.0,0.0
2025-12-02 12:00:00-05:00,681.02001953125,681.39501953125,680.47998046875,680.5800170898438,394012,0.0006757178930154,0.0009595736433362,0.000912929751401,0.0,0.0,0.0
2025-12-02 12:05:00-05:00,680.5744018554688,681.219970703125,680.5499877929688,681.0,289026,-0.0006545527576963,0.000912929751401,0.0008620641938498,0.0,0.0,0.0
2025-12-02 12:10:00-05:00,681.2481079101562,681.260009765625,680.5001220703125,680.5499877929688,325338,0.0009894183784107,0.0008620641938498,0.0009469947222019,0.0,0.0,0.0
2025-12-02 12:15:00-05:00,682.1599731445312,682.25,681.1900024414062,681.239990234375,708040,0.0013376264714994,0.0009469947222019,0.0007015857231638,0.0,0.0,0.0
2025-12-02 12:20:00-05:00,682.0599975585938,682.5150146484375,681.9199829101562,682.1799926757812,585594,-0.000146568131626,0.0007015857231638,0.000696549047032,0.0,0.0,0.0
2025-12-02 12:25:00-05:00,682.4400024414062,682.6500244140625,681.989990234375,682.0650024414062,352448,0.000556987750292,0.000696549047032,0.0006929737519994,0.0,0.0,0.0
2025-12-02 12:30:00-05:00,682.5499877929688,682.8400268554688,682.4400024414062,682.4400024414062,494633,0.0001611518803615,0.0006929737519994,0.0006726541588062,0.0,0.0,0.0
2025-12-02 12:35:00-05:00,682.1505126953125,682.5700073242188,682.0,682.5499877929688,353400,-0.0005854399685835,0.0006726541588062,0.0006269420646528,0.0,0.0,0.0
2025-12-02 12:40:00-05:00,682.27001953125,682.4000244140625,681.9400024414062,682.1599731445312,235762,0.0001751759570021,0.0006269420646528,0.0006301630436764,0.0,0.0,0.0
2025-12-02 12:45:00-05:00,682.25,682.4509887695312,682.0573120117188,682.2750244140625,199357,-2.9342964507454337e-05,0.0006301630436764,0.0007634423233462,0.0,0.0,0.0
2025-12-02 12:50:00-05:00,681.3250122070312,682.3499755859375,681.1400146484375,682.2550048828125,624674,-0.0013567100109206,0.0007634423233462,0.0009157403733143,0.0,0.0,0.0
2025-12-02 12:55:00-05:00,680.1400146484375,681.4000244140625,680.1300048828125,681.3300170898438,645315,-0.0017407687079113,0.0009157403733143,0.000932393147412,0.0,0.0,0.0
2025-12-02 13:00:00-05:00,680.739990234375,681.0499877929688,679.9299926757812,680.1300048828125,616772,0.0008817465502572,0.000932393147412,0.0009208231095613,0.0,0.0,0.0
2025-12-02 13:05:00-05:00,681.0599975585938,681.489990234375,680.6799926757812,680.739990234375,390004,0.0004699769907144,0.0009208231095613,0.0008800929013958,0.0,0.0,0.0
2025-12-02 13:10:00-05:00,680.780029296875,681.125,680.6199951171875,681.030029296875,636048,-0.0004111617519561,0.0008800929013958,0.0007799220819766,0.0,0.0,0.0
2025-12-02 13:15:00-05:00,681.0399780273438,681.1199951171875,680.5349731445312,680.780029296875,274383,0.0003817666537838,0.0007799220819766,0.000794109212605,0.0,0.0,0.0
2025-12-02 13:20:00-05:00,681.2999877929688,681.5999755859375,680.9400024414062,681.02001953125,286470,0.000381710549944,0.000794109212605,0.0007701425493719,0.0,0.0,0.0
2025-12-02 13:25:00-05:00,681.0399780273438,681.3400268554688,680.6199951171875,681.2899780273438,348876,-0.000381710549944,0.0007701425493719,0.0007654009101115,0.0,0.0,0.0
2025-12-02 13:30:00-05:00,680.760009765625,681.3699951171875,680.6087036132812,681.030029296875,310391,-0.0004111738407588,0.0007654009101115,0.0007636743723191,0.0,0.0,0.0
2025-12-02 13:35:00-05:00,680.3900146484375,680.780029296875,680.2600708007812,680.739990234375,469004,-0.0005436507654027,0.0007636743723191,0.0007824896150779,0.0,0.0,0.0
2025-12-02 13:40:00-05:00,680.7150268554688,680.8300170898438,680.219970703125,680.3900146484375,238648,0.0004775710959815,0.0007824896150779,0.0007907628865016,0.0,0.0,0.0
2025-12-02 13:45:00-05:00,680.8699951171875,680.9400024414062,680.4000244140625,680.6900024414062,337535,0.000227629211378,0.0007907628865016,0.0007235878858948,0.0,0.0,0.0
2025-12-02 13:50:00-05:00,681.2899780273438,681.3200073242188,680.6500244140625,680.8599853515625,249296,0.0006166425849305,0.0007235878858948,0.0004889588658494,0.0,0.0,0.0
2025-12-02 13:55:00-05:00,681.1099853515625,681.3300170898438,680.7100219726562,681.2899780273438,351621,-0.0002642288339205,0.0004889588658494,0.0004787458282589,0.0,0.0,0.0
2025-12-02 14:00:00-05:00,681.6599731445312,681.8095092773438,680.9500122070312,681.0999755859375,655852,0.0008071616480831,0.0004787458282589,0.0004678475654038,0.0,0.0,0.0
2025-12-02 14:05:00-05:00,681.5999755859375,681.9400024414062,681.47998046875,681.6599731445312,623095,-8.802071635474183e-05,0.0004678475654038,0.000443058373362,0.0,0.0,0.0
2025-12-02 14:10:00-05:00,681.6699829101562,681.8599853515625,681.4307861328125,681.6099853515625,587980,0.0001027050054818,0.000443058373362,0.0004410812812339,0.0,0.0,0.0
2025-12-02 14:15:00-05:00,681.5499877929688,681.8499755859375,681.4299926757812,681.6699829101562,505042,-0.0001760465956722,0.0004410812812339,0.0005018392452783,0.0,0.0,0.0
2025-12-02 14:20:00-05:00,680.9600219726562,681.6192016601562,680.760009765625,681.5449829101562,490161,-0.0008659985658153,0.0005018392452783,0.0005241271210164,0.0,0.0,0.0
2025-12-02 14:25:00-05:00,681.3900146484375,681.4299926757812,680.8350219726562,680.989990234375,478573,0.0006312514089642,0.0005241271210164,0.0005202906223517,0.0,0.0,0.0
2025-12-02 14:30:00-05:00,681.75,681.8200073242188,681.3049926757812,681.3699951171875,438493,0.0005281707763878,0.0005202906223517,0.0004776367491106,0.0,0.0,0.0
2025-12-02 14:35:00-05:00,681.7899780273438,681.8900146484375,681.510009765625,681.75,713892,5.8638584859071794e-05,0.0004776367491106,0.0004904336158763,0.0,0.0,0.0
2025-12-02 14:40:00-05:00,681.5399780273438,681.8900146484375,681.2999877929688,681.780029296875,736791,-0.0003667490788886,0.0004904336158763,0.0005019114104332,0.0,0.0,0.0
2025-12-02 14:45:00-05:00,681.8699951171875,682.0599975585938,681.4199829101562,681.5399780273438,559210,0.000484105445595,0.0005019114104332,0.0005087868166194,0.0,0.0,0.0
2025-12-02 14:50:00-05:00,682.3400268554688,682.5999755859375,681.77001953125,681.8699951171875,615658,0.0006890900217854,0.0005087868166194,0.0004954206148934,0.0,0.0,0.0
2025-12-02 14:55:00-05:00,682.3499755859375,682.6099853515625,682.2100219726562,682.3300170898438,724730,1.4580205689378328e-05,0.0004954206148934,0.0004601064144902,0.0,0.0,0.0
2025-12-02 15:00:00-05:00,682.1900024414062,682.52001953125,682.010009765625,682.3599853515625,637304,-0.000234471906782,0.0004601064144902,0.0004617536043853,0.0,0.0,0.0
2025-12-02 15:05:00-05:00,682.3900146484375,682.4199829101562,682.1154174804688,682.1900024414062,507637,0.0002931483767293,0.0004617536043853,0.0004618756567718,0.0,0.0,0.0
2025-12-02 15:10:00-05:00,682.4299926757812,682.6799926757812,682.2100219726562,682.39501953125,809216,5.858358925080752e-05,0.0004618756567718,0.0004541247610922,0.0,0.0,0.0
2025-12-02 15:15:00-05:00,682.530029296875,682.6199951171875,682.3800048828125,682.4600219726562,658373,0.0001465780970322,0.0004541247610922,0.0003394297876315,0.0,0.0,0.0
2025-12-02 15:20:00-05:00,682.5,682.7000122070312,682.4500122070312,682.530029296875,512079,-4.399800185396634e-05,0.0003394297876315,0.0003120856545742,0.0,0.0,0.0
2025-12-02 15:25:00-05:00,682.5050048828125,682.6586303710938,682.35009765625,682.5050048828125,687018,7.33313474243162e-06,0.0003120856545742,0.0002951441295333,0.0,0.0,0.0
2025-12-02 15:30:00-05:00,682.739990234375,682.8800048828125,682.4000244140625,682.5,668015,0.0003442390995367,0.0002951441295333,0.0003388657782723,0.0,0.0,0.0
2025-12-02 15:35:00-05:00,682.4299926757812,682.8200073242188,682.3800048828125,682.7449951171875,890871,-0.0004541523294572,0.0003388657782723,0.0003086667689168,0.0,0.0,0.0
2025-12-02 15:40:00-05:00,682.489990234375,682.6699829101562,682.239990234375,682.4299926757812,742970,8.791366436648961e-05,0.0003086667689168,0.0002884469241747,0.0,0.0,0.0
2025-12-02 15:45:00-05:00,682.459228515625,682.7999877929688,682.3099975585938,682.47998046875,1536361,-4.5073792244617023e-05,0.0002884469241747,0.0004328449865225,0.0,0.0,0.0
2025-12-02 15:50:00-05:00,681.5800170898438,682.6300048828125,681.52001953125,682.4500122070312,2316875,-0.0012891294006003,0.0004328449865225,0.0004317083963461,0.0,0.0,0.0
2025-12-02 15:55:00-05:00,681.47998046875,681.880126953125,681.3699951171875,681.5800170898438,3322640,-0.0001467824181658,0.0004317083963461,0.0005791008206947,0.0,0.0,0.0
2025-12-03 09:30:00-05:00,680.5,681.3900146484375,679.9400024414062,680.5700073242188,3916657,-0.0014390529257715,0.0005791008206947,0.000585282792493,0.0,0.0,0.0
2025-12-03 09:35:00-05:00,680.75,681.3800048828125,680.380126953125,680.489990234375,1324267,0.0003673094623482,0.000585282792493,0.0005919049445155,0.0,0.0,0.0
2025-12-03 09:40:00-05:00,680.8809814453125,681.47998046875,680.6900024414062,680.75,1052854,0.0001923890503395,0.0005919049445155,0.0006001050461523,0.0,0.0,0.0
2025-12-03 09:45:00-05:00,680.389892578125,681.1900024414062,680.3350219726562,680.9000244140625,745325,-0.0007215153102342,0.0006001050461523,0.0006396846429563,0.0,0.0,0.0
2025-12-03 09:50:00-05:00,680.7449951171875,680.9000244140625,679.6900024414062,680.3800048828125,1106171,0.0005217742199233,0.0006396846429563,0.0006472228469004,0.0,0.0,0.0
2025-12-03 09:55:00-05:00,680.8699951171875,680.9600219726562,680.489990234375,680.7498779296875,523714,0.0001836054997156,0.0006472228469004,0.0008906053471961,0.0,0.0,0.0
2025-12-03 10:00:00-05:00,682.2000122070312,682.3400268554688,680.739990234375,680.9400024414062,1265223,0.0019515028645574,0.0008906053471961,0.0009783897278598,0.0,0.0,0.0
2025-12-03 10:05:00-05:00,681.1799926757812,682.2999877929688,681.1699829101562,682.2050170898438,946342,-0.001496310225925,0.0009783897278598,0.0009774908787564,0.0,0.0,0.0
2025-12-03 10:10:00-05:00,681.2100219726562,681.6199951171875,680.8400268554688,681.1699829101562,670022,4.4083260383610335e-05,0.0009774908787564,0.001002188417401,0.0,0.0,0.0
2025-12-03 10:15:00-05:00,681.625,681.969970703125,681.0999755859375,681.22998046875,600959,0.0006089923335965,0.001002188417401,0.0009326514734715,0.0,0.0,0.0
2025-12-03 10:20:00-05:00,681.7999877929688,681.8800048828125,681.0399780273438,681.6199951171875,348650,0.0002566885534536,0.0009326514734715,0.0009331843249672,0.0,0.0,0.0
2025-12-03 10:25:00-05:00,681.6799926757812,682.1099853515625,681.530029296875,681.8400268554688,369455,-0.0001760130243438,0.0009331843249672,0.0008812822925059,0.0,0.0,0.0
2025-12-03 10:30:00-05:00,682.5999755859375,682.6099853515625,681.3298950195312,681.6500244140625,1123966,0.0013486719309908,0.0008812822925059,0.0008982002184981,0.0,0.0,0.0
2025-12-03 10:35:00-05:00,682.3499755859375,682.9400024414062,681.4600219726562,682.5999755859375,1151741,-0.0003663138015879,0.0008982002184981,0.0009004770817793,0.0,0.0,0.0
2025-12-03 10:40:00-05:00,682.635009765625,682.7650146484375,682.1599731445312,682.3599853515625,690556,0.0004176370976814,0.0009004770817793,0.0008590429581134,0.0,0.0,0.0
2025-12-03 10:45:00-05:00,682.5599975585938,682.9099731445312,682.4500122070312,682.6400146484375,438937,-0.0001098922962716,0.0008590429581134,0.0008775855757044,0.0,0.0,0.0
2025-12-03 10:50:00-05:00,682.260009765625,682.780029296875,682.251220703125,682.5399780273438,334739,-0.0004396005278203,0.0008775855757044,0.0008780882492704,0.0,0.0,0.0
2025-12-03 10:55:00-05:00,682.3162841796875,682.5800170898438,682.0499877929688,682.2650146484375,293995,8.247895605987781e-05,0.0008780882492704,0.0007267310483946,0.0,0.0,0.0
2025-12-03 11:00:00-05:00,682.9500122070312,682.989990234375,682.280029296875,682.3099975585938,399761,0.0009283581884877,0.0007267310483946,0.0006337149545909,0.0,0.0,0.0
2025-12-03 11:05:00-05:00,682.280029296875,682.9600219726562,682.2249755859375,682.9600219726562,344600,-0.0009814946105388,0.0006337149545909,0.0006481447605746,0.0,0.0,0.0
2025-12-03 11:10:00-05:00,682.0490112304688,682.3300170898438,681.6599731445312,682.239990234375,527572,-0.000338654476672,0.0006481447605746,0.0006913507097402,0.0,0.0,0.0
2025-12-03 11:15:00-05:00,682.7698974609375,682.7698974609375,681.9299926757812,682.0399780273438,622173,0.0010563838072834,0.0006913507097402,0.0007276626005482,0.0,0.0,0.0
2025-12-03 11:20:00-05:00,682.3143920898438,682.7999877929688,682.0700073242188,682.77001953125,555993,-0.0006673659516652,0.0007276626005482,0.0007237847276515,0.0,0.0,0.0
2025-12-03 11:25:00-05:00,682.385009765625,682.5670166015625,682.0900268554688,682.2899780273438,370101,0.0001034919129418,0.0007237847276515,0.0007414323452895,0.0,0.0,0.0
2025-12-03 11:30:00-05:00,683.3800048828125,683.405029296875,682.27001953125,682.385009765625,593316,0.0014570519562984,0.0007414323452895,0.0007352130533062,0.0,0.0,0.0
2025-12-03 11:35:00-05:00,683.215087890625,683.5499877929688,683.0700073242188,683.3699951171875,512652,-0.000241354580973,0.0007352130533062,0.000729179408253,0.0,0.0,0.0
2025-12-03 11:40:00-05:00,683.2000122070312,683.3150024414062,683.0399780273438,683.219970703125,368756,-2.206603775574863e-05,0.000729179408253,0.0007330965831952,0.0,0.0,0.0
2025-12-03 11:45:00-05:00,683.0349731445312,683.3300170898438,682.8699951171875,683.2100219726562,366224,-0.0002415968922948,0.0007330965831952,0.0007717863222114,0.0,0.0,0.0
2025-12-03 11:50:00-05:00,682.4249877929688,683.0349731445312,682.4099731445312,683.0349731445312,442814,-0.0008934504263613,0.0007717863222114,0.000777379089075,0.0,0.0,0.0
2025-12-03 11:55:00-05:00,682.2100219726562,682.4400024414062,681.6099853515625,682.4299926757812,719148,-0.0003150524800437,0.000777379089075,0.0007632019959954,0.0,0.0,0.0
2025-12-03 12:00:00-05:00,682.7503051757812,682.7999877929688,682.1799926757812,682.2100219726562,416984,0.0007916467908928,0.0007632019959954,0.0007215828774104,0.0,0.0,0.0
2025-12-03 12:05:00-05:00,682.3900146484375,682.8900146484375,682.0999755859375,682.77001953125,496214,-0.0005278439593015,0.0007215828774104,0.0007531863924398,0.0,0.0,0.0
2025-12-03 12:10:00-05:00,682.9949951171875,683.0800170898438,682.239990234375,682.3699951171875,385144,0.0008861683759724,0.0007531863924398,0.0006944537292612,0.0,0.0,0.0
2025-12-03 12:15:00-05:00,683.1400146484375,683.219970703125,682.8300170898438,683.010009765625,387812,0.0002123062958755,0.0006944537292612,0.0006701149657258,0.0,0.0,0.0
2025-12-03 12:20:00-05:00,683.5250244140625,683.7000122070312,683.1300048828125,683.1400146484375,406059,0.0005634296112152,0.0006701149657258,0.0006705990660994,0.0,0.0,0.0
2025-12-03 12:25:00-05:00,683.5599975585938,683.6099853515625,683.3800048828125,683.530029296875,324233,5.116454935391988e-05,0.0006705990660994,0.0005304716161591,0.0,0.0,0.0
2025-12-03 12:30:00-05:00,683.4500122070312,683.7449951171875,683.419921875,683.5499877929688,425049,-0.0001609137475425,0.0005304716161591,0.0005269898533564,0.0,0.0,0.0
2025-12-03 12:35:00-05:00,683.5900268554688,683.6099853515625,683.25,683.4500122070312,556105,0.0002048435231247,0.0005269898533564,0.0005267585647509,0.0,0.0,0.0
2025-12-03 12:40:00-05:00,683.6599731445312,683.6649780273438,683.4500122070312,683.594970703125,187884,0.0001023167513235,0.0005267585647509,0.0005207363559092,0.0,0.0,0.0
2025-12-03 12:45:00-05:00,683.8347778320312,683.8900146484375,683.489990234375,683.6699829101562,660738,0.0002556568327991,0.0005207363559092,0.0004293106133212,0.0,0.0,0.0
2025-12-03 12:50:00-05:00,683.719970703125,683.8699951171875,683.419921875,683.8499755859375,1733842,-0.0001679013279708,0.0004293106133212,0.0004028716447655,0.0,0.0,0.0
2025-12-03 12:55:00-05:00,683.8900146484375,684.0999755859375,683.6199951171875,683.719970703125,466640,0.0002486731568358,0.0004028716447655,0.000358483512449,0.0,0.0,0.0
2025-12-03 13:00:00-05:00,683.9500122070312,684.1849975585938,683.8800048828125,683.89501953125,362442,8.772598762176969e-05,0.000358483512449,0.0003157366968155,0.0,0.0,0.0
2025-12-03 13:05:00-05:00,683.7899780273438,684.0399780273438,683.75,683.9500122070312,325883,-0.0002340125777712,0.0003157366968155,0.0002316315991921,0.0,0.0,0.0
2025-12-03 13:10:00-05:00,684.0250244140625,684.0499877929688,683.6900024414062,683.780029296875,478589,0.0003436815484736,0.0002316315991921,0.0002842148018061,0.0,0.0,0.0
2025-12-03 13:15:00-05:00,683.7100219726562,684.0800170898438,683.7100219726562,684.030029296875,249852,-0.0004606191057367,0.0002842148018061,0.0002381422450092,0.0,0.0,0.0
2025-12-03 13:20:00-05:00,683.7000122070312,683.77001953125,683.4749755859375,683.719970703125,173947,-1.4640474144513869e-05,0.0002381422450092,0.0002521032749604,0.0,0.0,0.0
2025-12-03 13:25:00-05:00,683.9099731445312,683.9199829101562,683.6300048828125,683.719970703125,520615,0.0003070479762483,0.0002521032749604,0.0002441059678765,0.0,0.0,0.0
2025-12-03 13:30:00-05:00,683.97998046875,684.1699829101562,683.9149780273438,683.9299926757812,336035,0.0001023581233196,0.0002441059678765,0.0002440976828096,0.0,0.0,0.0
2025-12-03 13:35:00-05:00,684.1199951171875,684.1599731445312,683.9349975585938,683.9849853515625,274527,0.0002046848204444,0.0002440976828096,0.0002702449515921,0.0,0.0,0.0
2025-12-03 13:40:00-05:00,684.4381713867188,684.5,684.094970703125,684.1199951171875,419875,0.0004649802734753,0.0002702449515921,0.0002753063770141,0.0,0.0,0.0
2025-12-03 13:45:00-05:00,684.3200073242188,684.489990234375,684.2857055664062,684.4400024414062,367755,-0.00017265878609,0.0002753063770141,0.0002691589864855,0.0,0.0,0.0
2025-12-03 13:50:00-05:00,684.2750244140625,684.4400024414062,684.1199951171875,684.3200073242188,310707,-6.573589576067446e-05,0.0002691589864855,0.0003114250558199,0.0,0.0,0.0
2025-12-03 13:55:00-05:00,683.9149780273438,684.35498046875,683.78662109375,684.280029296875,340525,-0.0005263105188422,0.0003114250558199,0.0003451454784276,0.0,0.0,0.0
2025-12-03 14:00:00-05:00,684.27001953125,684.4199829101562,683.8499755859375,683.9099731445312,419252,0.0005189963528458,0.0003451454784276,0.0003343169000851,0.0,0.0,0.0
2025-12-03 14:05:00-05:00,684.2999877929688,684.3800048828125,684.0999755859375,684.27001953125,320137,4.379499998260497e-05,0.0003343169000851,0.0003233376667434,0.0,0.0,0.0
2025-12-03 14:10:00-05:00,684.385009765625,684.4298706054688,684.1599731445312,684.3099975585938,277485,0.0001242389197182,0.0003233376667434,0.0002929636176904,0.0,0.0,0.0
2025-12-03 14:15:00-05:00,684.2550048828125,684.4099731445312,684.0900268554688,684.3800048828125,366285,-0.0001899767386779,0.0002929636176904,0.0002929275294629,0.0,0.0,0.0
2025-12-03 14:20:00-05:00,684.364990234375,684.4000244140625,684.1900024414062,684.2579956054688,297309,0.0001607244555708,0.0002929275294629,0.0002859664567086,0.0,0.0,0.0
2025-12-03 14:25:00-05:00,684.3300170898438,684.4400024414062,684.2550048828125,684.3699951171875,260248,-5.110436489021202e-05,0.0002859664567086,0.0002881275464012,0.0,0.0,0.0
2025-12-03 14:30:00-05:00,684.27001953125,684.3699951171875,684.1649780273438,684.3300170898438,335479,-8.767727170361458e-05,0.0002881275464012,0.0002838230121016,0.0,0.0,0.0
2025-12-03 14:35:00-05:00,684.3300170898438,684.375,684.1900024414062,684.27001953125,359451,8.767727170365184e-05,0.0002838230121016,0.0002696097863839,0.0,0.0,0.0
2025-12-03 14:40:00-05:00,684.572021484375,684.6099853515625,684.2999877929688,684.3200073242188,582275,0.0003535744563643,0.0002696097863839,0.0002632639602006,0.0,0.0,0.0
2025-12-03 14:45:00-05:00,684.5650024414062,684.5900268554688,684.4149780273438,684.5700073242188,283812,-1.0253236668332374e-05,0.0002632639602006,0.0002627049015339,0.0,0.0,0.0
2025-12-03 14:50:00-05:00,684.6500244140625,684.739990234375,684.5599975585938,684.5700073242188,403228,0.0001241908262732,0.0002627049015339,0.0001951167334301,0.0,0.0,0.0
2025-12-03 14:55:00-05:00,684.625,684.72998046875,684.5599975585938,684.64501953125,499923,-3.6551333543824175e-05,0.0001951167334301,0.0001456018324273,0.0,0.0,0.0
2025-12-03 15:00:00-05:00,684.5599975585938,684.760009765625,684.5599975585938,684.6300048828125,460710,-9.49505604735928e-05,0.0001456018324273,0.0001463822256093,0.0,0.0,0.0
2025-12-03 15:05:00-05:00,684.6199951171875,684.6799926757812,684.4500122070312,684.5599975585938,522746,8.76401334420912e-05,0.0001463822256093,0.0001476651950391,0.0,0.0,0.0
2025-12-03 15:10:00-05:00,684.719970703125,684.9099731445312,684.6099853515625,684.6199951171875,634402,0.0001460201098494,0.0001476651950391,0.0001497604667395,0.0,0.0,0.0
2025-12-03 15:15:00-05:00,684.5800170898438,684.8364868164062,684.5599975585938,684.719970703125,458558,-0.0002044162930201,0.0001497604667395,0.0001486534343509,0.0,0.0,0.0
2025-12-03 15:20:00-05:00,684.52001953125,684.6799926757812,684.4600219726562,684.5900268554688,525186,-8.764525166506591e-05,0.0001486534343509,0.0001471394961875,0.0,0.0,0.0
2025-12-03 15:25:00-05:00,684.522705078125,684.5999145507812,684.1900024414062,684.52001953125,825965,3.923247721479813e-06,0.0001471394961875,0.0001883005283143,0.0,0.0,0.0
2025-12-03 15:30:00-05:00,684.2550048828125,684.5700073242188,684.2550048828125,684.5250244140625,631059,-0.0003911521889603,0.0001883005283143,0.0001910666483719,0.0,0.0,0.0
2025-12-03 15:35:00-05:00,684.3499755859375,684.4099731445312,684.1900024414062,684.25,970643,0.0001387846816763,0.0001910666483719,0.0001674159074812,0.0,0.0,0.0
2025-12-03 15:40:00-05:00,684.4749755859375,684.510009765625,684.25,684.344970703125,885691,0.0001826384012658,0.0001674159074812,0.0001733703868156,0.0,0.0,0.0
2025-12-03 15:45:00-05:00,684.3599853515625,684.6199951171875,684.260009765625,684.469970703125,972930,-0.0001680118318525,0.0001733703868156,0.0003063161816944,0.0,0.0,0.0
2025-12-03 15:50:00-05:00,683.7249755859375,684.4099731445312,683.5499877929688,684.3499755859375,1956900,-0.0009283192628517,0.0003063161816944,0.0003133905026625,0.0,0.0,0.0
2025-12-03 15:55:00-05:00,683.8099975585938,683.9400024414062,683.5700073242188,683.719970703125,5226987,0.0001243433980635,0.0003133905026625,0.0003213230435294,0.0,0.0,0.0
2025-12-04 09:30:00-05:00,683.9099731445312,685.3499755859375,683.7999877929688,685.2999877929688,2556468,0.0001461930632835,0.0003213230435294,0.000406889954283,0.0,0.0,0.0
2025-12-04 09:35:00-05:00,684.4500122070312,684.7598876953125,683.6300048828125,683.9199829101562,1182516,0.0007893231259604,0.000406889954283,0.0004687749148554,0.0,0.0,0.0
2025-12-04 09:40:00-05:00,683.8599243164062,684.9500122070312,683.7000122070312,684.4600219726562,1109274,-0.0008625062370089,0.0004687749148554,0.0004839716354262,0.0,0.0,0.0
2025-12-04 09:45:00-05:00,683.5,684.1300048828125,683.3499755859375,683.8400268554688,1055314,-0.0005264514753113,0.0004839716354262,0.0004837837703899,0.0,0.0,0.0
2025-12-04 09:50:00-05:00,683.4000244140625,683.7100219726562,682.8599853515625,683.489990234375,853814,-0.0001462807584024,0.0004837837703899,0.000493485047581,0.0,0.0,0.0
2025-12-04 09:55:00-05:00,683.0449829101562,683.8499755859375,682.75,683.3900146484375,882475,-0.0005196572273204,0.000493485047581,0.0005002645800002,0.0,0.0,0.0
2025-12-04 10:00:00-05:00,683.1849975585938,683.4600219726562,682.8699951171875,683.0599975585938,635451,0.0002049649779747,0.0005002645800002,0.0005061307042392,0.0,0.0,0.0
2025-12-04 10:05:00-05:00,683.3499755859375,683.5399780273438,682.9600219726562,683.1799926757812,770420,0.0002414545275276,0.0005061307042392,0.0004980501811104,0.0,0.0,0.0
2025-12-04 10:10:00-05:00,683.1699829101562,683.4099731445312,682.6671142578125,683.3099975585938,560250,-0.000263432196073,0.0004980501811104,0.0005158590384136,0.0,0.0,0.0
2025-12-04 10:15:00-05:00,683.3800048828125,683.6799926757812,682.8900146484375,683.1599731445312,614266,0.0003073754728123,0.0005158590384136,0.0004708442391358,0.0,0.0,0.0
2025-12-04 10:20:00-05:00,683.010009765625,683.8099975585938,682.969970703125,683.3800048828125,592097,-0.0005415659105585,0.0004708442391358,0.0005426385652184,0.0,0.0,0.0
2025-12-04 10:25:00-05:00,683.594970703125,683.6500244140625,682.1699829101562,683.0,778302,0.0008560790888153,0.0005426385652184,0.0005508516203904,0.0,0.0,0.0
2025-12-04 10:30:00-05:00,683.8250122070312,683.9299926757812,683.3900146484375,683.5900268554688,1446744,0.0003364606469868,0.0005508516203904,0.0005681435489136,0.0,0.0,0.0
2025-12-04 10:35:00-05:00,684.4500122070312,684.530029296875,683.7899780273438,683.8300170898438,750272,0.0009135590905576,0.0005681435489136,0.0005121905019857,0.0,0.0,0.0
2025-12-04 10:40:00-05:00,684.22998046875,684.5599975585938,684.02001953125,684.4600219726562,853929,-0.0003215240105126,0.0005121905019857,0.0005320847996823,0.0,0.0,0.0
2025-12-04 10:45:00-05:00,683.75,684.3200073242188,683.4099731445312,684.239990234375,665618,-0.0007017361296209,0.0005320847996823,0.0005519727270684,0.0,0.0,0.0
2025-12-04 10:50:00-05:00,683.4099731445312,683.7899780273438,683.1320190429688,683.760009765625,802764,-0.0004974207395753,0.0005519727270684,0.000530994303904,0.0,0.0,0.0
2025-12-04 10:55:00-05:00,683.2899780273438,683.5399780273438,683.22998046875,683.4400024414062,404335,-0.000175598334357,0.000530994303904,0.0005839462839397,0.0,0.0,0.0
2025-12-04 11:00:00-05:00,682.7100219726562,683.5999755859375,682.5700073242188,683.280029296875,684500,-0.0008491304385567,0.0005839462839397,0.0006150071123599,0.0,0.0,0.0
2025-12-04 11:05:00-05:00,683.1599731445312,683.1743774414062,682.2100219726562,682.6699829101562,892599,0.0006588492166309,0.0006150071123599,0.0006120733129531,0.0,0.0,0.0
2025-12-04 11:10:00-05:00,683.0499877929688,683.280029296875,682.5599975585938,683.1799926757812,423557,-0.0001610079781948,0.0006120733129531,0.0006381308248387,0.0,0.0,0.0
2025-12-04 11:15:00-05:00,683.510009765625,683.5499877929688,682.8400268554688,683.0499877929688,312086,0.0006732554602131,0.0006381308248387,0.0006161355442853,0.0,0.0,0.0
2025-12-04 11:20:00-05:00,683.6900024414062,683.739990234375,683.3150024414062,683.510009765625,500002,0.0002633011632738,0.0006161355442853,0.0005846854140825,0.0,0.0,0.0
2025-12-04 11:25:00-05:00,683.351318359375,683.760009765625,683.010009765625,683.6900024414062,417801,-0.0004954994173289,0.0005846854140825,0.0005774234759706,0.0,0.0,0.0
2025-12-04 11:30:00-05:00,683.143310546875,683.6400146484375,682.9650268554688,683.3099975585938,419377,-0.00030444000248,0.0005774234759706,0.0004916460729281,0.0,0.0,0.0
2025-12-04 11:35:00-05:00,683.219970703125,683.5999755859375,682.989990234375,683.14501953125,456692,0.0001122105041644,0.0004916460729281,0.0004912133277694,0.0,0.0,0.0
2025-12-04 11:40:00-05:00,683.010009765625,683.2451782226562,682.8599853515625,683.22998046875,405017,-0.0003073581200155,0.0004912133277694,0.0006318191790366,0.0,0.0,0.0
2025-12-04 11:45:00-05:00,683.969970703125,684.0399780273438,683.010009765625,683.010009765625,682638,0.0014044991280323,0.0006318191790366,0.0006162180139734,0.0,0.0,0.0
2025-12-04 11:50:00-05:00,684.22998046875,684.3900146484375,683.9000244140625,683.97998046875,557811,0.0003800756878149,0.0006162180139734,0.0006116683709903,0.0,0.0,0.0
2025-12-04 11:55:00-05:00,684.4199829101562,684.5599975585938,684.14501953125,684.219970703125,442640,0.00027764943223,0.0006116683709903,0.0005526405149539,0.0,0.0,0.0
2025-12-04 12:00:00-05:00,684.1799926757812,684.5800170898438,684.1199951171875,684.4000244140625,571900,-0.0003507091058248,0.0005526405149539,0.0005875343326358,0.0,0.0,0.0
2025-12-04 12:05:00-05:00,683.6799926757812,684.1900024414062,683.510009765625,684.1749877929688,423251,-0.0007310690094362,0.0005875343326358,0.0006052225919251,0.0,0.0,0.0
2025-12-04 12:10:00-05:00,684.1199951171875,684.1400146484375,683.3699951171875,683.6900024414062,549328,0.0006433725113475,0.0006052225919251,0.0005810393724599,0.0,0.0,0.0
2025-12-04 12:15:00-05:00,684.1207275390625,684.2100830078125,683.8200073242188,684.1199951171875,1343049,1.0706038240388766e-06,0.0005810393724599,0.0005819121464833,0.0,0.0,0.0
2025-12-04 12:20:00-05:00,684.0,684.3300170898438,683.8900146484375,684.125,1064182,-0.0001764866754018,0.0005819121464833,0.0005573949327982,0.0,0.0,0.0
2025-12-04 12:25:00-05:00,684.02001953125,684.2899780273438,683.969970703125,684.010009765625,437425,2.926789223201744e-05,0.0005573949327982,0.0005484092526065,0.0,0.0,0.0
2025-12-04 12:30:00-05:00,683.9349975585938,684.0599975585938,683.594970703125,684.030029296875,385297,-0.0001243052172089,0.0005484092526065,0.000549080056848,0.0,0.0,0.0
2025-12-04 12:35:00-05:00,683.9346923828125,684.3699951171875,683.9199829101562,683.9400024414062,432087,-4.4620592661474365e-07,0.000549080056848,0.0005391485663928,0.0,0.0,0.0
2025-12-04 12:40:00-05:00,684.1799926757812,684.2200927734375,683.7349853515625,683.9400024414062,309562,0.0003585961005701,0.0005391485663928,0.0003678167542007,0.0,0.0,0.0
2025-12-04 12:45:00-05:00,684.0800170898438,684.3400268554688,684.0449829101562,684.1900024414062,309462,-0.0001461353622876,0.0003678167542007,0.0003814282439189,0.0,0.0,0.0
2025-12-04 12:50:00-05:00,684.4299926757812,684.4500122070312,684.0449829101562,684.0800170898438,214847,0.0005114695414277,0.0003814282439189,0.0003767565540164,0.0,0.0,0.0
2025-12-04 12:55:00-05:00,684.3049926757812,684.4949951171875,684.22998046875,684.4400024414062,292690,-0.0001826504059372,0.0003767565540164,0.0003648441500279,0.0,0.0,0.0
2025-12-04 13:00:00-05:00,684.2000122070312,684.4099731445312,684.1199951171875,684.2899780273438,231259,-0.0001534235805953,0.0003648441500279,0.0003468821411315,0.0,0.0,0.0
2025-12-04 13:05:00-05:00,683.77001953125,684.1900024414062,683.4650268554688,684.1799926757812,612537,-0.0006286580553176,0.0003468821411315,0.0003095769363721,0.0,0.0,0.0
2025-12-04 13:10:00-05:00,684.030029296875,684.0650024414062,683.5,683.780029296875,564383,0.0003801868101695,0.0003095769363721,0.0003095567737185,0.0,0.0,0.0
2025-12-04 13:15:00-05:00,684.0250244140625,684.4000244140625,683.9600219726562,684.0399780273438,312834,-7.316785679024198e-06,0.0003095567737185,0.0003433079475353,0.0,0.0,0.0
2025-12-04 13:20:00-05:00,684.4000244140625,684.4199829101562,684.02001953125,684.030029296875,257774,0.0005480753362535,0.0003433079475353,0.0003582042710706,0.0,0.0,0.0
2025-12-04 13:25:00-05:00,684.6774291992188,684.77001953125,684.3099975585938,684.3900146484375,413368,0.0004052433822798,0.0003582042710706,0.0003638429192545,0.0,0.0,0.0
2025-12-04 13:30:00-05:00,684.530029296875,684.75,684.4099731445312,684.6699829101562,372331,-0.0002153068945082,0.0003638429192545,0.0003653625323528,0.0,0.0,0.0
2025-12-04 13:35:00-05:00,684.48828125,684.5798950195312,684.3049926757812,684.530029296875,267975,-6.0989756771388856e-05,0.0003653625323528,0.0003948777876213,0.0,0.0,0.0
2025-12-04 13:40:00-05:00,684.0999755859375,684.5349731445312,683.9099731445312,684.47998046875,521917,-0.0005674543421553,0.0003948777876213,0.0003925357048209,0.0,0.0,0.0
2025-12-04 13:45:00-05:00,684.0999145507812,684.3184814453125,684.030029296875,684.1099853515625,401288,-8.921964798617263e-08,0.0003925357048209,0.0003691140314495,0.0,0.0,0.0
2025-12-04 13:50:00-05:00,684.280029296875,684.3599853515625,684.0698852539062,684.0900268554688,561048,0.000263252538805,0.0003691140314495,0.0003714779032743,0.0,0.0,0.0
2025-12-04 13:55:00-05:00,684.1199951171875,684.3400268554688,684.0800170898438,684.2849731445312,215460,-0.0002338997041244,0.0003714779032743,0.0003763208649169,0.0,0.0,0.0
2025-12-04 14:00:00-05:00,683.9398803710938,684.22998046875,683.9199829101562,684.1099853515625,393796,-0.0002633141288061,0.0003763208649169,0.0003259999497793,0.0,0.0,0.0
2025-12-04 14:05:00-05:00,683.9526977539062,684.2180786132812,683.75,683.9249877929688,1110360,1.8740335341901407e-05,0.0003259999497793,0.0003349401754192,0.0,0.0,0.0
2025-12-04 14:10:00-05:00,683.6224975585938,683.9600219726562,683.4100952148438,683.9400024414062,568480,-0.0004828987873734,0.0003349401754192,0.0005460362122351,0.0,0.0,0.0
2025-12-04 14:15:00-05:00,682.5650024414062,683.6199951171875,682.510009765625,683.6199951171875,1127216,-0.0015480969169858,0.0005460362122351,0.0005444965900951,0.0,0.0,0.0
2025-12-04 14:20:00-05:00,681.8668212890625,682.635498046875,681.3400268554688,682.5599975585938,1707720,-0.0010234021240747,0.0005444965900951,0.000551111113628,0.0,0.0,0.0
2025-12-04 14:25:00-05:00,682.1799926757812,682.6300048828125,681.8099975585938,681.8699951171875,822035,0.0004591798302157,0.000551111113628,0.0007183028699639,0.0,0.0,0.0
2025-12-04 14:30:00-05:00,683.0579833984375,683.0700073242188,681.989990234375,682.1900024414062,660079,0.0012862092310408,0.0007183028699639,0.0007480259178315,0.0,0.0,0.0
2025-12-04 14:35:00-05:00,683.4299926757812,683.9600219726562,683.0599975585938,683.0650024414062,1298695,0.0005444750236335,0.0007480259178315,0.0007352841584497,0.0,0.0,0.0
2025-12-04 14:40:00-05:00,683.4000244140625,683.5900268554688,683.0900268554688,683.4299926757812,710747,-4.385075151824192e-05,0.0007352841584497,0.0007393303530184,0.0,0.0,0.0
2025-12-04 14:45:00-05:00,683.530029296875,683.7999877929688,683.3300170898438,683.4099731445312,510965,0.0001902143900509,0.0007393303530184,0.0007318766673033,0.0,0.0,0.0
2025-12-04 14:50:00-05:00,683.469970703125,683.6699829101562,683.260009765625,683.5499877929688,474273,-8.786919354592441e-05,0.0007318766673033,0.000734624509735,0.0,0.0,0.0
2025-12-04 14:55:00-05:00,683.22998046875,683.6900024414062,683.0399780273438,683.4600219726562,920219,-0.0003511966714213,0.000734624509735,0.000745799651169,0.0,0.0,0.0
2025-12-04 15:00:00-05:00,682.8400268554688,683.3800048828125,682.8300170898438,683.239990234375,640804,-0.0005709130890544,0.000745799651169,0.0007481686883138,0.0,0.0,0.0
2025-12-04 15:05:00-05:00,682.9199829101562,682.989990234375,682.3099975585938,682.8200073242188,909901,0.0001170865367371,0.0007481686883138,0.0007620576284332,0.0,0.0,0.0
2025-12-04 15:10:00-05:00,683.2899780273438,683.4600219726562,682.8800048828125,682.9266967773438,750122,0.0005416372838901,0.0007620576284332,0.0005977800528877,0.0,0.0,0.0
2025-12-04 15:15:00-05:00,683.25,683.3400268554688,682.9000244140625,683.2899780273438,591005,-5.850985408105643e-05,0.0005977800528877,0.0005122483925642,0.0,0.0,0.0
2025-12-04 15:20:00-05:00,682.989990234375,683.3400268554688,682.97998046875,683.2650146484375,552227,-0.000380620931348,0.0005122483925642,0.0005193088873125,0.0,0.0,0.0
2025-12-04 15:25:00-05:00,682.7501220703125,683.1798706054688,682.75,682.9801025390625,631020,-0.0003512647309218,0.0005193088873125,0.0003879061169238,0.0,0.0,0.0
2025-12-04 15:30:00-05:00,683.114990234375,683.239990234375,682.7000122070312,682.760009765625,490760,0.0005342667726916,0.0003879061169238,0.0003562235631647,0.0,0.0,0.0
2025-12-04 15:35:00-05:00,683.2550048828125,683.3099975585938,682.9099731445312,683.1290283203125,539789,0.0002049439748061,0.0003562235631647,0.0003762116097977,0.0,0.0,0.0
2025-12-04 15:40:00-05:00,682.9550170898438,683.3099975585938,682.875,683.260009765625,585975,-0.0004391532677483,0.0003762116097977,0.0003785198394136,0.0,0.0,0.0
2025-12-04 15:45:00-05:00,683.1099853515625,683.1799926757812,682.77001953125,682.9600219726562,1192326,0.0002268827063229,0.0003785198394136,0.0004620169079585,0.0,0.0,0.0
2025-12-04 15:50:00-05:00,683.7050170898438,683.97998046875,683.1199951171875,683.1199951171875,1731924,0.0008706837060012,0.0004620169079585,0.0005242205829055,0.0,0.0,0.0
2025-12-04 15:55:00-05:00,684.4000244140625,684.5800170898438,683.6500244140625,683.7000122070312,3665511,0.0010160146522695,0.0005242205829055,0.0007991219682443,0.0,0.0,0.0
2025-12-05 09:30:00-05:00,686.0700073242188,686.5599975585938,685.3800048828125,685.469970703125,3635955,0.0024370963217654,0.0007991219682443,0.0008092392732512,0.0,0.0,0.0
2025-12-05 09:35:00-05:00,685.9901123046875,686.4299926757812,685.8400268554688,686.0599975585938,1117832,-0.0001164599400252,0.0008092392732512,0.0008253930778978,0.0,0.0,0.0
2025-12-05 09:40:00-05:00,685.8300170898438,686.1900024414062,685.3200073242188,686.010009765625,1146458,-0.0002334055495179,0.0008253930778978,0.0008433297121527,0.0,0.0,0.0
2025-12-05 09:45:00-05:00,686.5599975585938,686.5599975585938,685.8099975585938,685.8400268554688,777555,0.0010638091647432,0.0008433297121527,0.0008066585284789,0.0,0.0,0.0
2025-12-05 09:50:00-05:00,686.9299926757812,687.030029296875,686.2100219726562,686.5599975585938,837147,0.000538766396214,0.0008066585284789,0.0007828514200329,0.0,0.0,0.0
2025-12-05 09:55:00-05:00,686.89501953125,687.010009765625,686.5499877929688,686.9299926757812,793237,-5.091353589874548e-05,0.0007828514200329,0.0007993940045255,0.0,0.0,0.0
2025-12-05 10:00:00-05:00,687.6256103515625,687.77001953125,686.7249755859375,686.9199829101562,1310515,0.0010630482704017,0.0007993940045255,0.0007986480657421,0.0,0.0,0.0
2025-12-05 10:05:00-05:00,687.780029296875,688.0050048828125,687.5501098632812,687.6199951171875,1167599,0.0002245431333273,0.0007986480657421,0.0007353910366147,0.0,0.0,0.0
2025-12-05 10:10:00-05:00,688.2128295898438,688.25,687.77001953125,687.780029296875,977861,0.0006290734787559,0.0007353910366147,0.0007923836999553,0.0,0.0,0.0
2025-12-05 10:15:00-05:00,687.9099731445312,688.2999877929688,687.8300170898438,688.239990234375,768692,-0.0004401590462717,0.0007923836999553,0.0007889894421624,0.0,0.0,0.0
2025-12-05 10:20:00-05:00,688.1671142578125,688.2849731445312,687.760009765625,687.9249877929688,643976,0.0003737306850442,0.0007889894421624,0.0008179801834213,0.0,0.0,0.0
2025-12-05 10:25:00-05:00,687.885009765625,688.1799926757812,687.5809936523438,688.1799926757812,661168,-0.000410020072953,0.0008179801834213,0.0005271281028268,0.0,0.0,0.0
2025-12-05 10:30:00-05:00,688.2999877929688,688.3900146484375,687.8499755859375,687.8800048828125,673865,0.000603084673438,0.0005271281028268,0.0005713510239495,0.0,0.0,0.0
2025-12-05 10:35:00-05:00,687.9099731445312,688.3400268554688,687.8699951171875,688.3099975585938,579983,-0.000566795285529,0.0005713510239495,0.000575824416919,0.0,0.0,0.0
2025-12-05 10:40:00-05:00,687.7100219726562,687.98779296875,687.5800170898438,687.9155883789062,603415,-0.0002907069888383,0.000575824416919,0.0005162957115842,0.0,0.0,0.0
2025-12-05 10:45:00-05:00,687.969970703125,688.1599731445312,687.260009765625,687.7000122070312,654407,0.0003779203520392,0.0005162957115842,0.0006203909512641,0.0,0.0,0.0
2025-12-05 10:50:00-05:00,687.2000122070312,687.9749755859375,686.9400024414062,687.9600219726562,920448,-0.0011198013134668,0.0006203909512641,0.0006626675180482,0.0,0.0,0.0
2025-12-05 10:55:00-05:00,686.6699829101562,687.1967163085938,686.260009765625,687.1799926757812,1275822,-0.0007715858488133,0.0006626675180482,0.0005672695300106,0.0,0.0,0.0
2025-12-05 11:00:00-05:00,686.6400146484375,687.1199951171875,686.5167846679688,686.6699829101562,560035,-4.364384119655606e-05,0.0005672695300106,0.0005584574370494,0.0,0.0,0.0
2025-12-05 11:05:00-05:00,686.4349975585938,686.9849853515625,686.3499755859375,686.5999755859375,592457,-0.0002986247503518,0.0005584574370494,0.0005037967032579,0.0,0.0,0.0
2025-12-05 11:10:00-05:00,686.1199951171875,686.6199951171875,686.0700073242188,686.4349975585938,653638,-0.0004590015680502,0.0005037967032579,0.0005004209130402,0.0,0.0,0.0
2025-12-05 11:15:00-05:00,685.9400024414062,686.22998046875,685.7000122070312,686.0999755859375,1191382,-0.0002623685219801,0.0005004209130402,0.0005010076431805,0.0,0.0,0.0
2025-12-05 11:20:00-05:00,686.2000122070312,686.3099975585938,685.75,685.9299926757812,238732,0.0003789843105825,0.0005010076431805,0.0004995542886116,0.0,0.0,0.0
2025-12-05 11:25:00-05:00,685.9561767578125,686.719970703125,685.8800048828125,686.5499877929688,850286,-0.0003554048055845,0.0004995542886116,0.0004355774960722,0.0,0.0,0.0
2025-12-05 11:30:00-05:00,685.510009765625,685.9500122070312,685.0999755859375,685.9500122070312,1220123,-0.0006506423742876,0.0004355774960722,0.0004311892083765,0.0,0.0,0.0
2025-12-05 11:35:00-05:00,685.3800048828125,685.85498046875,685.1799926757812,685.510009765625,478420,-0.0001896649356448,0.0004311892083765,0.0004402719623895,0.0,0.0,0.0
2025-12-05 11:40:00-05:00,685.380126953125,685.6900024414062,685.02001953125,685.3900146484375,520527,1.7810601539579784e-07,0.0004402719623895,0.0004584456549043,0.0,0.0,0.0
2025-12-05 11:45:00-05:00,685.7249755859375,685.7949829101562,685.3049926757812,685.3900146484375,453906,0.000503022911147,0.0004584456549043,0.000464612780125,0.0,0.0,0.0
2025-12-05 11:50:00-05:00,686.25,686.3099975585938,685.5,685.719970703125,564793,0.0007653557084258,0.000464612780125,0.0004238639450058,0.0,0.0,0.0
2025-12-05 11:55:00-05:00,686.02001953125,686.6400146484375,686.010009765625,686.239990234375,731249,-0.0003351825335099,0.0004238639450058,0.0004245645184614,0.0,0.0,0.0
2025-12-05 12:00:00-05:00,685.9000244140625,686.260009765625,685.5900268554688,686.02001953125,506725,-0.0001749301907542,0.0004245645184614,0.0004233539103346,0.0,0.0,0.0
2025-12-05 12:05:00-05:00,685.7150268554688,685.97998046875,685.469970703125,685.8800048828125,307293,-0.0002697514284993,0.0004233539103346,0.000431060560625,0.0,0.0,0.0
2025-12-05 12:10:00-05:00,685.340087890625,685.739990234375,685.25,685.72998046875,547264,-0.000546934941065,0.000431060560625,0.0004333874903311,0.0,0.0,0.0
2025-12-05 12:15:00-05:00,685.4500122070312,685.5900268554688,685.239990234375,685.3400268554688,340364,0.0001603809607817,0.0004333874903311,0.000420937828295,0.0,0.0,0.0
2025-12-05 12:20:00-05:00,685.5999755859375,685.6500244140625,685.3200073242188,685.469970703125,378189,0.0002187569830997,0.000420937828295,0.0004181709869537,0.0,0.0,0.0
2025-12-05 12:25:00-05:00,685.3900146484375,685.6900024414062,685.3499755859375,685.5999755859375,292121,-0.0003062909877344,0.0004181709869537,0.0004051919307315,0.0,0.0,0.0
2025-12-05 12:30:00-05:00,685.02001953125,685.52001953125,684.969970703125,685.4099731445312,452643,-0.0005399772578271,0.0004051919307315,0.0004169393893022,0.0,0.0,0.0
2025-12-05 12:35:00-05:00,685.239990234375,685.2999877929688,684.5800170898438,685.010009765625,637026,0.0003210641826324,0.0004169393893022,0.0004171325232893,0.0,0.0,0.0
2025-12-05 12:40:00-05:00,685.260009765625,685.3300170898438,684.8800048828125,685.2249755859375,419245,2.921493068435744e-05,0.0004171325232893,0.0003915633087881,0.0,0.0,0.0
2025-12-05 12:45:00-05:00,685.4000244140625,685.6099853515625,685.0601196289062,685.260009765625,387066,0.0002043025191265,0.0003915633087881,0.000528827784514,0.0,0.0,0.0
2025-12-05 12:50:00-05:00,686.3599853515625,686.405029296875,685.3400268554688,685.4000244140625,601164,0.0013996050145377,0.000528827784514,0.0005206953444993,0.0,0.0,0.0
2025-12-05 12:55:00-05:00,686.25,686.4299926757812,686.0050048828125,686.3699951171875,504475,-0.0001602572514722,0.0005206953444993,0.0005191472908189,0.0,0.0,0.0
2025-12-05 13:00:00-05:00,686.4000244140625,686.4400024414062,686.219970703125,686.2449951171875,410365,0.0002185909182844,0.0005191472908189,0.0005167767518239,0.0,0.0,0.0
2025-12-05 13:05:00-05:00,686.6799926757812,686.7000122070312,686.3099975585938,686.4000244140625,440345,0.0004077959945727,0.0005167767518239,0.0005210321170778,0.0,0.0,0.0
2025-12-05 13:10:00-05:00,686.280029296875,686.7050170898438,686.25,686.6799926757812,499785,-0.0005826293319827,0.0005210321170778,0.0005301702964841,0.0,0.0,0.0
2025-12-05 13:15:00-05:00,686.1199951171875,686.3314208984375,686.02001953125,686.2855834960938,365071,-0.0002332179795481,0.0005301702964841,0.0005372368621869,0.0,0.0,0.0
2025-12-05 13:20:00-05:00,685.9367065429688,686.1199951171875,685.52001953125,686.1099853515625,548023,-0.0002671734704364,0.0005372368621869,0.000576944060999,0.0,0.0,0.0
2025-12-05 13:25:00-05:00,686.5499877929688,686.6500244140625,685.8499755859375,685.9400024414062,369458,0.0008936790328795,0.000576944060999,0.0005404041345112,0.0,0.0,0.0
2025-12-05 13:30:00-05:00,686.8599853515625,686.969970703125,686.510009765625,686.5599975585938,712152,0.0004514275706742,0.0005404041345112,0.0005611978465442,0.0,0.0,0.0
2025-12-05 13:35:00-05:00,686.6400146484375,686.8900146484375,686.469970703125,686.8599853515625,386739,-0.0003203068147151,0.0005611978465442,0.0005800109851269,0.0,0.0,0.0
2025-12-05 13:40:00-05:00,686.4014892578125,686.6599731445312,686.0800170898438,686.6599731445312,466601,-0.0003474409074247,0.0005800109851269,0.0005797195091813,0.0,0.0,0.0
2025-12-05 13:45:00-05:00,686.5150146484375,686.530029296875,686.2249755859375,686.4000244140625,301472,0.0001653784342466,0.0005797195091813,0.0004273712897783,0.0,0.0,0.0
2025-12-05 13:50:00-05:00,686.3599853515625,686.5599975585938,686.0999755859375,686.510009765625,234100,-0.0002258461950781,0.0004273712897783,0.0004310809818151,0.0,0.0,0.0
2025-12-05 13:55:00-05:00,686.1900024414062,686.4000244140625,686.1400146484375,686.3400268554688,163906,-0.0002476892099188,0.0004310809818151,0.000429847848653,0.0,0.0,0.0
2025-12-05 14:00:00-05:00,686.0206298828125,686.239990234375,685.8200073242188,686.1900024414062,471203,-0.0002468608761134,0.000429847848653,0.000417704565808,0.0,0.0,0.0
2025-12-05 14:05:00-05:00,686.2000122070312,686.25,685.9400024414062,686.0,345265,0.0002614482244886,0.000417704565808,0.0003893373678629,0.0,0.0,0.0
2025-12-05 14:10:00-05:00,686.3499755859375,686.4000244140625,686.10498046875,686.2100219726562,208241,0.0002185179131348,0.0003893373678629,0.0004191276127696,0.0,0.0,0.0
2025-12-05 14:15:00-05:00,685.9600219726562,686.3800048828125,685.7449951171875,686.3499755859375,311812,-0.0005683171068792,0.0004191276127696,0.0004204985711889,0.0,0.0,0.0
2025-12-05 14:20:00-05:00,685.760009765625,686.1199951171875,685.639892578125,685.9500122070312,359231,-0.0002916224941255,0.0004204985711889,0.0003226712898032,0.0,0.0,0.0
2025-12-05 14:25:00-05:00,685.9299926757812,686.1799926757812,685.6699829101562,685.760009765625,675154,0.0002478444994478,0.0003226712898032,0.0002809372085133,0.0,0.0,0.0
2025-12-05 14:30:00-05:00,685.9600219726562,686.1148071289062,685.6420288085938,685.9400024414062,268509,4.377799467754444e-05,0.0002809372085133,0.000278539882484,0.0,0.0,0.0
2025-12-05 14:35:00-05:00,686.030029296875,686.030029296875,685.7000122070312,685.9299926757812,332139,0.0001020522331262,0.000278539882484,0.0002807144475087,0.0,0.0,0.0
2025-12-05 14:40:00-05:00,685.7755737304688,686.1199951171875,685.5700073242188,686.030029296875,435847,-0.0003709790494557,0.0002807144475087,0.0002704562047062,0.0,0.0,0.0
2025-12-05 14:45:00-05:00,685.7349853515625,685.8099975585938,685.5800170898438,685.77001953125,349513,-5.918784751499375e-05,0.0002704562047062,0.0003208650451254,0.0,0.0,0.0
2025-12-05 14:50:00-05:00,686.0999755859375,686.1199951171875,685.6898803710938,685.72998046875,915817,0.0005321197569391,0.0003208650451254,0.0003205503185148,0.0,0.0,0.0
2025-12-05 14:55:00-05:00,686.25,686.3800048828125,686.0499877929688,686.1199951171875,467115,0.000218638710721,0.0003205503185148,0.0003401834339937,0.0,0.0,0.0
2025-12-05 15:00:00-05:00,685.9400024414062,686.2999877929688,685.8900146484375,686.260009765625,389353,-0.0004518289206538,0.0003401834339937,0.0003304681202411,0.0,0.0,0.0
2025-12-05 15:05:00-05:00,685.8499755859375,686.0499877929688,685.7899780273438,685.9199829101562,459641,-0.000131254575467,0.0003304681202411,0.0003299022755532,0.0,0.0,0.0
2025-12-05 15:10:00-05:00,685.994384765625,686.030029296875,685.5800170898438,685.85498046875,406211,0.0002105328919147,0.0003299022755532,0.0003004128638197,0.0,0.0,0.0
2025-12-05 15:15:00-05:00,686.219970703125,686.280029296875,685.9600219726562,685.989990234375,649061,0.0003287911085219,0.0003004128638197,0.0003065091683149,0.0,0.0,0.0
2025-12-05 15:20:00-05:00,685.97998046875,686.219970703125,685.9000244140625,686.2150268554688,925265,-0.0003497890181631,0.0003065091683149,0.0002986188763554,0.0,0.0,0.0
2025-12-05 15:25:00-05:00,686.0050048828125,686.0250244140625,685.75,685.989990234375,458375,3.6479136918240025e-05,0.0002986188763554,0.0003025977938794,0.0,0.0,0.0
2025-12-05 15:30:00-05:00,685.8900146484375,686.010009765625,685.6799926757812,686.0,661537,-0.0001676370757342,0.0003025977938794,0.0003033629818195,0.0,0.0,0.0
2025-12-05 15:35:00-05:00,685.780029296875,686.010009765625,685.75,685.8829956054688,408415,-0.000160367068281,0.0003033629818195,0.000285735854921,0.0,0.0,0.0
2025-12-05 15:40:00-05:00,685.8599853515625,685.89501953125,685.5,685.780029296875,705588,0.0001165846051795,0.000285735854921,0.0004546525031383,0.0,0.0,0.0
2025-12-05 15:45:00-05:00,685.030029296875,685.8800048828125,684.8900146484375,685.8599853515625,2178545,-0.0012108282170259,0.0004546525031383,0.0004169090923645,0.0,0.0,0.0
2025-12-05 15:50:00-05:00,685.0999755859375,685.510009765625,684.5999755859375,685.0399780273438,2406732,0.0001021016821381,0.0004169090923645,0.0004882031557044,0.0,0.0,0.0
2025-12-05 15:55:00-05:00,685.6500244140625,686.030029296875,685.0999755859375,685.1099853515625,4104568,0.0008025516799538,0.0004882031557044,0.0005174149414537,0.0,0.0,0.0
2025-12-08 09:30:00-05:00,686.119873046875,686.6400146484375,685.9199829101562,686.5900268554688,2562066,0.0006850254580677,0.0005174149414537,0.0005351656005806,0.0,0.0,0.0
2025-12-08 09:35:00-05:00,685.7999877929688,686.2299194335938,685.75,686.1199951171875,1099301,-0.0004663322819853,0.0005351656005806,0.0005339537055527,0.0,0.0,0.0
2025-12-08 09:40:00-05:00,685.9199829101562,686.02001953125,685.280029296875,685.8099975585938,1195242,0.0001749557053281,0.0005339537055527,0.0005450699750412,0.0,0.0,0.0
2025-12-08 09:45:00-05:00,685.530029296875,686.0999755859375,684.97998046875,685.9199829101562,776197,-0.0005686734774424,0.0005450699750412,0.0005607696554685,0.0,0.0,0.0
2025-12-08 09:50:00-05:00,685.8599853515625,685.9099731445312,685.4199829101562,685.510009765625,572804,0.0004811994509658,0.0005607696554685,0.0005861220502164,0.0,0.0,0.0
2025-12-08 09:55:00-05:00,685.4400024414062,685.9500122070312,685.344970703125,685.8499755859375,624729,-0.0006125325268376,0.0005861220502164,0.0005933142346381,0.0,0.0,0.0
2025-12-08 10:00:00-05:00,685.6300048828125,685.7750244140625,685.260009765625,685.4199829101562,568217,0.0002771593596352,0.0005933142346381,0.0006138884905942,0.0,0.0,0.0
2025-12-08 10:05:00-05:00,685.22998046875,685.6300048828125,685.0499877929688,685.6300048828125,518020,-0.0005836109153247,0.0006138884905942,0.0006203753723606,0.0,0.0,0.0
2025-12-08 10:10:00-05:00,684.9199829101562,685.239990234375,684.8300170898438,685.239990234375,566909,-0.0004525016562694,0.0006203753723606,0.0005171045103964,0.0,0.0,0.0
2025-12-08 10:15:00-05:00,685.010009765625,685.219970703125,684.6599731445312,684.9299926757812,711762,0.0001314327828132,0.0005171045103964,0.000526859084242,0.0,0.0,0.0
2025-12-08 10:20:00-05:00,684.75,685.1599731445312,684.6900024414062,685.0180053710938,516943,-0.0003796428088047,0.000526859084242,0.0004571937163391,0.0,0.0,0.0
2025-12-08 10:25:00-05:00,684.5549926757812,684.77001953125,683.8723754882812,684.75,829017,-0.0002848267209718,0.0004571937163391,0.0004298999459451,0.0,0.0,0.0
2025-12-08 10:30:00-05:00,684.9000244140625,684.989990234375,684.1599731445312,684.5399780273438,874846,0.0005038964278141,0.0004298999459451,0.0004215523768816,0.0,0.0,0.0
2025-12-08 10:35:00-05:00,684.6900024414062,685.0499877929688,684.5499877929688,684.89501953125,515750,-0.0003066932004238,0.0004215523768816,0.0004617926187869,0.0,0.0,0.0
2025-12-08 10:40:00-05:00,684.0750122070312,684.77001953125,684.0440063476562,684.6900024414062,484130,-0.000898606070694,0.0004617926187869,0.0004910976881913,0.0,0.0,0.0
2025-12-08 10:45:00-05:00,684.4149780273438,684.530029296875,684.0499877929688,684.0750122070312,551467,0.0004968481022617,0.0004910976881913,0.0004626242040789,0.0,0.0,0.0
2025-12-08 10:50:00-05:00,684.0399780273438,684.4500122070312,683.9199829101562,684.4299926757812,676837,-0.0005480633582092,0.0004626242040789,0.0004544765676014,0.0,0.0,0.0
2025-12-08 10:55:00-05:00,683.7050170898438,684.0850219726562,683.5700073242188,684.030029296875,644466,-0.0004898002849834,0.0004544765676014,0.000441568980868,0.0,0.0,0.0
2025-12-08 11:00:00-05:00,683.27001953125,683.7000122070312,682.9099731445312,683.7000122070312,887165,-0.000636438210828,0.000441568980868,0.0004937793053171,0.0,0.0,0.0
2025-12-08 11:05:00-05:00,683.6599731445312,683.7291259765625,683.2117919921875,683.2650146484375,466912,0.0005705539068558,0.0004937793053171,0.0004902212360457,0.0,0.0,0.0
2025-12-08 11:10:00-05:00,683.4100952148438,683.9000244140625,683.3099975585938,683.6799926757812,562534,-0.0003655671179608,0.0004902212360457,0.0004885797627518,0.0,0.0,0.0
2025-12-08 11:15:00-05:00,683.4799194335938,683.5399780273438,683.27001953125,683.4099731445312,326993,0.0001021650872599,0.0004885797627518,0.0005349085850052,0.0,0.0,0.0
2025-12-08 11:20:00-05:00,683.9000244140625,684.1099853515625,683.4299926757812,683.4600219726562,443565,0.0006144670990344,0.0005349085850052,0.0005421778715925,0.0,0.0,0.0
2025-12-08 11:25:00-05:00,684.0900268554688,684.0999755859375,683.5499877929688,683.8900146484375,528661,0.0002777833690409,0.0005421778715925,0.0005342678428001,0.0,0.0,0.0
2025-12-08 11:30:00-05:00,683.6599731445312,684.1199951171875,683.625,684.0800170898438,377807,-0.0006288484373746,0.0005342678428001,0.0005323743865855,0.0,0.0,0.0
2025-12-08 11:35:00-05:00,683.52001953125,683.7999877929688,683.4600219726562,683.6599731445312,384570,-0.0002047332677772,0.0005323743865855,0.0004998597361637,0.0,0.0,0.0
2025-12-08 11:40:00-05:00,683.8297729492188,683.8499145507812,683.4600219726562,683.5399780273438,261973,0.0004530712257696,0.0004998597361637,0.0005003945095707,0.0,0.0,0.0
2025-12-08 11:45:00-05:00,683.3800048828125,683.8699951171875,683.375,683.8250122070312,268273,-0.0006579357314779,0.0005003945095707,0.0004827238339878,0.0,0.0,0.0
2025-12-08 11:50:00-05:00,683.3599853515625,683.6400146484375,683.02001953125,683.3699951171875,316597,-2.929530326834875e-05,0.0004827238339878,0.0004660834805276,0.0,0.0,0.0
2025-12-08 11:55:00-05:00,683.38818359375,683.47998046875,683.2100219726562,683.3599853515625,277333,4.126325951225469e-05,0.0004660834805276,0.0005024241493017,0.0,0.0,0.0
2025-12-08 12:00:00-05:00,682.77001953125,683.3900146484375,682.4949951171875,683.3900146484375,495383,-0.000904967086936,0.0005024241493017,0.0005119631317429,0.0,0.0,0.0
2025-12-08 12:05:00-05:00,683.214111328125,683.3599853515625,682.719970703125,682.739990234375,399090,0.000650215185504,0.0005119631317429,0.0005183765624128,0.0,0.0,0.0
2025-12-08 12:10:00-05:00,682.89501953125,683.27001953125,682.760009765625,683.2100219726562,350332,-0.0004671541906425,0.0005183765624128,0.0005200790665893,0.0,0.0,0.0
2025-12-08 12:15:00-05:00,683.0,683.1500244140625,682.8300170898438,682.8800048828125,426940,0.0001537167460977,0.0005200790665893,0.0004846383896447,0.0,0.0,0.0
2025-12-08 12:20:00-05:00,682.6900024414062,683.0150146484375,682.6400146484375,682.97998046875,462426,-0.0004539793999571,0.0004846383896447,0.0004688514087305,0.0,0.0,0.0
2025-12-08 12:25:00-05:00,682.6900024414062,682.739990234375,682.1900024414062,682.6900024414062,528236,0.0,0.0004688514087305,0.0004507758864421,0.0,0.0,0.0
2025-12-08 12:30:00-05:00,682.7550048828125,682.9949951171875,682.6300048828125,682.6900024414062,333146,9.521063258743174e-05,0.0004507758864421,0.0004499150562113,0.0,0.0,0.0
2025-12-08 12:35:00-05:00,682.7100219726562,682.8250122070312,682.5999755859375,682.75,294267,-6.588657971873383e-05,0.0004499150562113,0.0004294875017309,0.0,0.0,0.0
2025-12-08 12:40:00-05:00,682.8699951171875,683.1300048828125,682.6099853515625,682.6900024414062,362998,0.0002342933306887,0.0004294875017309,0.0004251447318707,0.0,0.0,0.0
2025-12-08 12:45:00-05:00,683.2000122070312,683.2999877929688,682.6749877929688,682.8800048828125,460830,0.0004831627874039,0.0004251447318707,0.0004406829697469,0.0,0.0,0.0
2025-12-08 12:50:00-05:00,683.4600830078125,683.5098876953125,683.14501953125,683.1950073242188,531833,0.0003805932504083,0.0004406829697469,0.0005203021563105,0.0,0.0,0.0
2025-12-08 12:55:00-05:00,684.1221923828125,684.3099975585938,683.2899780273438,683.47998046875,954967,0.0009682919099593,0.0005203021563105,0.0004632303104924,0.0,0.0,0.0
2025-12-08 13:00:00-05:00,683.760009765625,684.4000244140625,683.5900268554688,684.1300048828125,658343,-0.0005295523621587,0.0004632303104924,0.0004412072767277,0.0,0.0,0.0
2025-12-08 13:05:00-05:00,684.02001953125,684.0700073242188,683.7052001953125,683.77001953125,284703,0.000380192374779,0.0004412072767277,0.0004233767514099,0.0,0.0,0.0
2025-12-08 13:10:00-05:00,683.8200073242188,684.0999755859375,683.7598876953125,684.0399780273438,308528,-0.0002924497083428,0.0004233767514099,0.0004232254727809,0.0,0.0,0.0
2025-12-08 13:15:00-05:00,683.8800048828125,684.0499877929688,683.7000122070312,683.8300170898438,335381,8.773496833628343e-05,0.0004232254727809,0.0003877752228507,0.0,0.0,0.0
2025-12-08 13:20:00-05:00,683.8699951171875,684.0,683.72998046875,683.8699951171875,207705,-1.463683513099975e-05,0.0003877752228507,0.0006190327950436,0.0,0.0,0.0
2025-12-08 13:25:00-05:00,682.8300170898438,683.8900146484375,682.8200073242188,683.8699951171875,527813,-0.0015218822254797,0.0006190327950436,0.0006328853414158,0.0,0.0,0.0
2025-12-08 13:30:00-05:00,682.52001953125,682.9744873046875,682.4099731445312,682.8300170898438,1099096,-0.0004540924387239,0.0006328853414158,0.0006752142538807,0.0,0.0,0.0
2025-12-08 13:35:00-05:00,683.0599975585938,683.14501953125,682.2999877929688,682.52001953125,502565,0.0007908405933437,0.0006752142538807,0.0006737692207179,0.0,0.0,0.0
2025-12-08 13:40:00-05:00,682.97998046875,683.1019287109375,682.7000732421875,683.0700073242188,311136,-0.0001171519007091,0.0006737692207179,0.0006679020409411,0.0,0.0,0.0
2025-12-08 13:45:00-05:00,682.6799926757812,683.0999755859375,682.6599731445312,682.97998046875,666351,-0.0004393301461462,0.0006679020409411,0.0006531489366212,0.0,0.0,0.0
2025-12-08 13:50:00-05:00,682.5900268554688,682.7899780273438,682.469970703125,682.6699829101562,549428,-0.0001317919813013,0.0006531489366212,0.0005769935028744,0.0,0.0,0.0
2025-12-08 13:55:00-05:00,682.1099853515625,682.5900268554688,681.5700073242188,682.5800170898438,991640,-0.000703512155655,0.0005769935028744,0.0005712817788491,0.0,0.0,0.0
2025-12-08 14:00:00-05:00,682.0499877929688,682.27001953125,681.6599731445312,682.1300048828125,642512,-8.796264340482731e-05,0.0005712817788491,0.0005569416442397,0.0,0.0,0.0
2025-12-08 14:05:00-05:00,682.1900024414062,682.2999877929688,681.9299926757812,682.0399780273438,288348,0.0002052639563879,0.0005569416442397,0.0005589071433161,0.0,0.0,0.0
2025-12-08 14:10:00-05:00,681.9199829101562,682.2750244140625,681.8099975585938,682.1799926757812,334288,-0.000395891149066,0.0005589071433161,0.0006201315104308,0.0,0.0,0.0
2025-12-08 14:15:00-05:00,682.4199829101562,682.4570922851562,681.9099731445312,681.9099731445312,535863,0.0007329551796625,0.0006201315104308,0.000618157884686,0.0,0.0,0.0
2025-12-08 14:20:00-05:00,682.25439453125,682.5900268554688,682.2100219726562,682.4299926757812,301170,-0.0002426782277972,0.000618157884686,0.0004565031902901,0.0,0.0,0.0
2025-12-08 14:25:00-05:00,682.2449951171875,682.4000244140625,682.0999755859375,682.260009765625,277507,-1.3777087969346748e-05,0.0004565031902901,0.0004538395086823,0.0,0.0,0.0
2025-12-08 14:30:00-05:00,682.47998046875,682.5499877929688,682.1749877929688,682.22998046875,271151,0.0003443702695978,0.0004538395086823,0.0003811170428618,0.0,0.0,0.0
2025-12-08 14:35:00-05:00,682.5349731445312,682.780029296875,682.4199829101562,682.469970703125,375035,8.057446647803548e-05,0.0003811170428618,0.000385681487256,0.0,0.0,0.0
2025-12-08 14:40:00-05:00,682.639892578125,682.75,682.4000244140625,682.5399780273438,398513,0.0001537084170455,0.000385681487256,0.000368652867836,0.0,0.0,0.0
2025-12-08 14:45:00-05:00,682.510009765625,682.6400146484375,682.3200073242188,682.635009765625,390447,-0.0001902835910824,0.000368652867836,0.0003747400733669,0.0,0.0,0.0
2025-12-08 14:50:00-05:00,682.6820068359375,682.8200073242188,682.47998046875,682.530029296875,423258,0.0002519749150756,0.0003747400733669,0.0003449143975507,0.0,0.0,0.0
2025-12-08 14:55:00-05:00,682.3300170898438,682.6900024414062,682.1500244140625,682.6849975585938,451763,-0.0005157313602018,0.0003449143975507,0.0003438156661515,0.0,0.0,0.0
2025-12-08 15:00:00-05:00,682.2999877929688,682.5499877929688,682.239990234375,682.3400268554688,504023,-4.401089932415688e-05,0.0003438156661515,0.0003487729592331,0.0,0.0,0.0
2025-12-08 15:05:00-05:00,682.5,682.530029296875,682.1799926757812,682.3099975585938,594685,0.0002931011287398,0.0003487729592331,0.0003211184670712,0.0,0.0,0.0
2025-12-08 15:10:00-05:00,682.5800170898438,682.6300048828125,682.4299926757812,682.5,435240,0.0001172342850729,0.0003211184670712,0.0002475560430036,0.0,0.0,0.0
2025-12-08 15:15:00-05:00,682.6400146484375,682.780029296875,682.4000244140625,682.5900268554688,723839,8.789434265192846e-05,0.0002475560430036,0.0002384896544252,0.0,0.0,0.0
2025-12-08 15:20:00-05:00,682.5499877929688,682.77001953125,682.52001953125,682.6400146484375,452424,-0.0001318891223028,0.0002384896544252,0.000239425621544,0.0,0.0,0.0
2025-12-08 15:25:00-05:00,682.6400146484375,682.6849975585938,682.3699951171875,682.5499877929688,536078,0.0001318891223028,0.000239425621544,0.0002765525241133,0.0,0.0,0.0
2025-12-08 15:30:00-05:00,682.260009765625,682.6799926757812,682.2000122070312,682.6400146484375,855727,-0.0005568245085116,0.0002765525241133,0.0002795211080908,0.0,0.0,0.0
2025-12-08 15:35:00-05:00,682.3599853515625,682.4799194335938,682.0599975585938,682.27001953125,752630,0.000146525166675,0.0002795211080908,0.0003125629373779,0.0,0.0,0.0
2025-12-08 15:40:00-05:00,682.6900024414062,682.7100219726562,682.2899780273438,682.3499755859375,712150,0.00048352382583,0.0003125629373779,0.0003134381678534,0.0,0.0,0.0
2025-12-08 15:45:00-05:00,682.5499877929688,682.72998046875,682.4000244140625,682.6799926757812,867445,-0.0002051136062962,0.0003134381678534,0.0003046151005158,0.0,0.0,0.0
2025-12-08 15:50:00-05:00,682.47998046875,682.8900146484375,682.3300170898438,682.5499877929688,1559570,-0.0001025725821526,0.0003046151005158,0.0005547217788643,0.0,0.0,0.0
2025-12-08 15:55:00-05:00,683.6500244140625,683.760009765625,682.4199829101562,682.47998046875,4896907,0.001712932484053,0.0005547217788643,0.0005718680182174,0.0,0.0,0.0
2025-12-09 09:30:00-05:00,683.4099731445312,683.6801147460938,682.8200073242188,683.1500244140625,2603428,-0.0003511934698216,0.0005718680182174,0.0005944882041944,0.0,0.0,0.0
2025-12-09 09:35:00-05:00,683.89501953125,684.0399780273438,683.3200073242188,683.4199829101562,1047813,0.0007094926291703,0.0005944882041944,0.0006089199122792,0.0,0.0,0.0
2025-12-09 09:40:00-05:00,683.7000122070312,684.114990234375,683.3400268554688,684.0800170898438,982251,-0.00028518285167,0.0006089199122792,0.0006187972161527,0.0,0.0,0.0
2025-12-09 09:45:00-05:00,684.0598754882812,684.1199951171875,683.469970703125,683.7000122070312,933129,0.0005262082808409,0.0006187972161527,0.0006172483429998,0.0,0.0,0.0
2025-12-09 09:50:00-05:00,684.4000244140625,684.4299926757812,683.9500122070312,684.0599975585938,771954,0.0004971266352938,0.0006172483429998,0.000619374385956,0.0,0.0,0.0
2025-12-09 09:55:00-05:00,684.4199829101562,684.530029296875,684.10498046875,684.4099731445312,747421,2.916160779126045e-05,0.000619374385956,0.0005699204780676,0.0,0.0,0.0
2025-12-09 10:00:00-05:00,684.5599975585938,684.9400024414062,684.0499877929688,684.4400024414062,929894,0.0002045532453699,0.0005699204780676,0.0006048055395181,0.0,0.0,0.0
2025-12-09 10:05:00-05:00,684.27001953125,684.64501953125,683.969970703125,684.5599975585938,652427,-0.0004236874236555,0.0006048055395181,0.0006076956438762,0.0,0.0,0.0
2025-12-09 10:10:00-05:00,684.1799926757812,684.4600219726562,684.1300048828125,684.280029296875,476274,-0.0001315749275392,0.0006076956438762,0.0006015135580734,0.0,0.0,0.0
2025-12-09 10:15:00-05:00,684.125,684.4343872070312,683.9650268554688,684.1900024414062,521360,-8.03807281348033e-05,0.0006015135580734,0.0005962829839317,0.0,0.0,0.0
2025-12-09 10:20:00-05:00,684.1599731445312,684.27001953125,683.8828735351562,684.1500244140625,494119,5.111967934352087e-05,0.0005962829839317,0.0003605890551992,0.0,0.0,0.0
2025-12-09 10:25:00-05:00,684.2150268554688,684.2999267578125,683.760009765625,684.1599731445312,671337,8.046582401337913e-05,0.0003605890551992,0.0003375162990883,0.0,0.0,0.0
2025-12-09 10:30:00-05:00,684.1998901367188,684.52001953125,683.989990234375,684.2000122070312,603487,-2.212299582923798e-05,0.0003375162990883,0.0002890919171131,0.0,0.0,0.0
2025-12-09 10:35:00-05:00,684.030029296875,684.2100219726562,683.844970703125,684.2000122070312,373235,-0.0002482928319338,0.0002890919171131,0.0003232020370945,0.0,0.0,0.0
2025-12-09 10:40:00-05:00,684.469970703125,684.47998046875,683.864990234375,684.030029296875,495887,0.0006429542146957,0.0003232020370945,0.0003920953335852,0.0,0.0,0.0
2025-12-09 10:45:00-05:00,683.8900146484375,684.4998168945312,683.5850219726562,684.47998046875,727816,-0.0008476659586989,0.0003920953335852,0.0004013174255792,0.0,0.0,0.0
2025-12-09 10:50:00-05:00,684.280029296875,684.4000244140625,683.8214111328125,683.8900146484375,584347,0.0005701260025796,0.0004013174255792,0.0004134222125305,0.0,0.0,0.0
2025-12-09 10:55:00-05:00,684.5050048828125,684.5700073242188,684.27001953125,684.280029296875,320234,0.0003287230388198,0.0004134222125305,0.0004119926002876,0.0,0.0,0.0
2025-12-09 11:00:00-05:00,684.6199951171875,684.8300170898438,684.4400024414062,684.489990234375,587139,0.0001679762397815,0.0004119926002876,0.0003895240347787,0.0,0.0,0.0
2025-12-09 11:05:00-05:00,684.7000122070312,684.8400268554688,684.47998046875,684.6300048828125,409318,0.0001168712784547,0.0003895240347787,0.0003876174054024,0.0,0.0,0.0
2025-12-09 11:10:00-05:00,684.8499755859375,684.9000244140625,684.6400146484375,684.6901245117188,394233,0.0002189965767475,0.0003876174054024,0.0004137541926311,0.0,0.0,0.0
2025-12-09 11:15:00-05:00,685.2800903320312,685.3400268554688,684.8400268554688,684.8499755859375,575052,0.0006278451526928,0.0004137541926311,0.0004194729225371,0.0,0.0,0.0
2025-12-09 11:20:00-05:00,685.2050170898438,685.3300170898438,685.0399780273438,685.2899780273438,454792,-0.0001095571806742,0.0004194729225371,0.0004663962629901,0.0,0.0,0.0
2025-12-09 11:25:00-05:00,684.8099975585938,685.219970703125,684.77001953125,685.2100219726562,360234,-0.0005766645445095,0.0004663962629901,0.000491462272208,0.0,0.0,0.0
2025-12-09 11:30:00-05:00,685.2399291992188,685.239990234375,684.77001953125,684.8099975585938,480315,0.000627614580083,0.000491462272208,0.0004969197961208,0.0,0.0,0.0
2025-12-09 11:35:00-05:00,685.02001953125,685.385009765625,684.9299926757812,685.239990234375,552081,-0.0003209751114165,0.0004969197961208,0.000507413335928,0.0,0.0,0.0
2025-12-09 11:40:00-05:00,684.6099853515625,685.0449829101562,684.52001953125,685.030029296875,448134,-0.0005987517657697,0.000507413335928,0.0004403834543529,0.0,0.0,0.0
2025-12-09 11:45:00-05:00,684.9199829101562,685.0700073242188,684.5999755859375,684.5999755859375,402939,0.0004527065067172,0.0004403834543529,0.0004352508036878,0.0,0.0,0.0
2025-12-09 11:50:00-05:00,685.27001953125,685.280029296875,684.9199829101562,684.9199829101562,468507,0.0005109315176506,0.0004352508036878,0.0004561807596306,0.0,0.0,0.0
2025-12-09 11:55:00-05:00,684.97998046875,685.3099975585938,684.969970703125,685.280029296875,436074,-0.0004233374447459,0.0004561807596306,0.000458011429375,0.0,0.0,0.0
2025-12-09 12:00:00-05:00,685.1400146484375,685.219970703125,684.8099975585938,684.969970703125,315366,0.0002336060797384,0.000458011429375,0.0004592685651283,0.0,0.0,0.0
2025-12-09 12:05:00-05:00,685.0900268554688,685.3400268554688,685.010009765625,685.1400146484375,527338,-7.296262886781698e-05,0.0004592685651283,0.0004617941570729,0.0,0.0,0.0
2025-12-09 12:10:00-05:00,684.9400024414062,685.1199951171875,684.8699951171875,685.080078125,349119,-0.0002190089435326,0.0004617941570729,0.0004340277007421,0.0,0.0,0.0
2025-12-09 12:15:00-05:00,684.6400146484375,684.969970703125,684.6099853515625,684.9600219726562,252255,-0.0004380726850902,0.0004340277007421,0.000434113938826,0.0,0.0,0.0
2025-12-09 12:20:00-05:00,684.6199951171875,684.6795043945312,684.27001953125,684.6400146484375,527884,-2.92413874773629e-05,0.000434113938826,0.0004043666023237,0.0,0.0,0.0
2025-12-09 12:25:00-05:00,684.6500244140625,684.8200073242188,684.5700073242188,684.6199951171875,354813,4.386176057524569e-05,0.0004043666023237,0.0003668934837796,0.0,0.0,0.0
2025-12-09 12:30:00-05:00,684.3300170898438,684.8599243164062,684.2852172851562,684.6500244140625,430019,-0.0004675120459693,0.0003668934837796,0.0003629665160206,0.0,0.0,0.0
2025-12-09 12:35:00-05:00,684.1749877929688,684.469970703125,684.02001953125,684.3200073242188,680530,-0.0002265673811714,0.0003629665160206,0.0003284864659916,0.0,0.0,0.0
2025-12-09 12:40:00-05:00,684.080078125,684.280029296875,683.8955078125,684.1799926757812,691972,-0.000138730958116,0.0003284864659916,0.0003047072634368,0.0,0.0,0.0
2025-12-09 12:45:00-05:00,683.75,684.0900268554688,683.6950073242188,684.0750122070312,502139,-0.0004826303159813,0.0003047072634368,0.0002685187108999,0.0,0.0,0.0
2025-12-09 12:50:00-05:00,683.9600830078125,683.9849853515625,683.6199951171875,683.72998046875,476150,0.0003072040077421,0.0002685187108999,0.0003078631432616,0.0,0.0,0.0
2025-12-09 12:55:00-05:00,684.2750244140625,684.3200073242188,683.9400024414062,683.969970703125,504640,0.0004603615418196,0.0003078631432616,0.0002990344174256,0.0,0.0,0.0
2025-12-09 13:00:00-05:00,684.3599853515625,684.47998046875,684.098388671875,684.27001953125,559162,0.000124154266116,0.0002990344174256,0.0003220215829604,0.0,0.0,0.0
2025-12-09 13:05:00-05:00,684.010009765625,684.3800048828125,683.9600219726562,684.3599243164062,421942,-0.0005115218761261,0.0003220215829604,0.0003488349631625,0.0,0.0,0.0
2025-12-09 13:10:00-05:00,684.25,684.25,683.8800048828125,684.02001953125,402905,0.0003507962450457,0.0003488349631625,0.0003378218267619,0.0,0.0,0.0
2025-12-09 13:15:00-05:00,684.3800048828125,684.489990234375,684.1300048828125,684.25,367600,0.0001899781281129,0.0003378218267619,0.0003378576596269,0.0,0.0,0.0
2025-12-09 13:20:00-05:00,684.3699951171875,684.3900146484375,684.1599731445312,684.3800048828125,206474,-1.462614155272323e-05,0.0003378576596269,0.0003399202184338,0.0,0.0,0.0
2025-12-09 13:25:00-05:00,684.239990234375,684.3800048828125,684.1099853515625,684.3699951171875,244552,-0.0001899809070443,0.0003399202184338,0.000318348678685,0.0,0.0,0.0
2025-12-09 13:30:00-05:00,684.0999755859375,684.344970703125,684.0700073242188,684.239990234375,233273,-0.000204648921209,0.000318348678685,0.0003248524544028,0.0,0.0,0.0
2025-12-09 13:35:00-05:00,683.8800048828125,684.1065063476562,683.72998046875,684.0999755859375,336908,-0.0003215993043195,0.0003248524544028,0.00033322757612,0.0,0.0,0.0
2025-12-09 13:40:00-05:00,683.6699829101562,683.9199829101562,683.6599731445312,683.8900146484375,341151,-0.0003071507091983,0.00033322757612,0.0003258522638619,0.0,0.0,0.0
2025-12-09 13:45:00-05:00,683.9400024414062,683.989990234375,683.3499755859375,683.6799926757812,653625,0.0003948779807852,0.0003258522638619,0.000333673343481,0.0,0.0,0.0
2025-12-09 13:50:00-05:00,684.2100219726562,684.3300170898438,683.8099975585938,683.9299926757812,492962,0.0003947221137118,0.000333673343481,0.0003118293113986,0.0,0.0,0.0
2025-12-09 13:55:00-05:00,684.0499877929688,684.3400268554688,684.0430297851562,684.219970703125,378436,-0.0002339236391841,0.0003118293113986,0.0003105819365703,0.0,0.0,0.0
2025-12-09 14:00:00-05:00,683.9299926757812,684.139892578125,683.8400268554688,684.0599975585938,412597,-0.000175434025656,0.0003105819365703,0.0002782610029301,0.0,0.0,0.0
2025-12-09 14:05:00-05:00,683.8201293945312,684.0349731445312,683.7200927734375,683.9400024414062,386856,-0.0001606481764666,0.0002782610029301,0.0002522419582688,0.0,0.0,0.0
2025-12-09 14:10:00-05:00,683.7999877929688,683.9199829101562,683.6400146484375,683.8200073242188,425745,-2.945496532381362e-05,0.0002522419582688,0.0002430117697824,0.0,0.0,0.0
2025-12-09 14:15:00-05:00,683.8350219726562,684.02001953125,683.719970703125,683.7999877929688,334390,5.123323027713417e-05,0.0002430117697824,0.0002427204951877,0.0,0.0,0.0
2025-12-09 14:20:00-05:00,683.760009765625,683.9349975585938,683.72998046875,683.8300170898438,259544,-0.0001096994437178,0.0002427204951877,0.0002400400201268,0.0,0.0,0.0
2025-12-09 14:25:00-05:00,683.72998046875,683.8900146484375,683.7000122070312,683.75,285406,-4.391885438914625e-05,0.0002400400201268,0.0002370041311275,0.0,0.0,0.0
2025-12-09 14:30:00-05:00,683.6400146484375,683.7999877929688,683.6199951171875,683.72998046875,356012,-0.0001315895781881,0.0002370041311275,0.0002221668307398,0.0,0.0,0.0
2025-12-09 14:35:00-05:00,683.6500244140625,683.760009765625,683.4099731445312,683.6400146484375,434083,1.4641759011292886e-05,0.0002221668307398,0.000231349236397,0.0,0.0,0.0
2025-12-09 14:40:00-05:00,683.3900146484375,683.6799926757812,683.2000122070312,683.6599731445312,437014,-0.000380398176104,0.000231349236397,0.0001981874543471,0.0,0.0,0.0
2025-12-09 14:45:00-05:00,683.4899291992188,683.5399780273438,683.3300170898438,683.3867797851562,503079,0.0001461936015799,0.0001981874543471,0.00018940698114,0.0,0.0,0.0
2025-12-09 14:50:00-05:00,683.72998046875,683.7896728515625,683.489990234375,683.489990234375,406753,0.0003511523937011,0.00018940698114,0.000183626434947,0.0,0.0,0.0
2025-12-09 14:55:00-05:00,683.6300048828125,683.8200073242188,683.5900268554688,683.72998046875,317523,-0.0001462315515835,0.000183626434947,0.0001823502956188,0.0,0.0,0.0
2025-12-09 15:00:00-05:00,683.6799926757812,683.6900024414062,683.52001953125,683.6300048828125,405963,7.311844875018351e-05,0.0001823502956188,0.0001785973177126,0.0,0.0,0.0
2025-12-09 15:05:00-05:00,683.7100219726562,683.8526000976562,683.5609741210938,683.6749877929688,506119,4.392206547968717e-05,0.0001785973177126,0.0001978298483096,0.0,0.0,0.0
2025-12-09 15:10:00-05:00,683.5,683.780029296875,683.489990234375,683.7100219726562,539236,-0.0003072270842562,0.0001978298483096,0.0001975463512018,0.0,0.0,0.0
2025-12-09 15:15:00-05:00,683.530029296875,683.5900268554688,683.3703002929688,683.5001220703125,549299,4.3933631648548666e-05,0.0001975463512018,0.0002006410230925,0.0,0.0,0.0
2025-12-09 15:20:00-05:00,683.4099731445312,683.6749877929688,683.4099731445312,683.530029296875,749876,-0.0001756567990373,0.0002006410230925,0.0002020243568135,0.0,0.0,0.0
2025-12-09 15:25:00-05:00,683.3250122070312,683.5,683.2999877929688,683.4099731445312,512971,-0.0001243268644178,0.0002020243568135,0.0002137709393671,0.0,0.0,0.0
2025-12-09 15:30:00-05:00,683.1199951171875,683.418212890625,683.0650024414062,683.3200073242188,706847,-0.0003000736806578,0.0002137709393671,0.000242704763847,0.0,0.0,0.0
2025-12-09 15:35:00-05:00,683.3499755859375,683.4199829101562,683.0449829101562,683.1212768554688,856726,0.000336605232244,0.000242704763847,0.0002179972843314,0.0,0.0,0.0
2025-12-09 15:40:00-05:00,683.3900146484375,683.4849853515625,683.1900024414062,683.3499755859375,749415,5.8590606549196936e-05,0.0002179972843314,0.0002131148557518,0.0,0.0,0.0
2025-12-09 15:45:00-05:00,683.3900146484375,683.4600219726562,683.1500244140625,683.3800048828125,1099987,0.0,0.0002131148557518,0.000267623494136,0.0,0.0,0.0
2025-12-09 15:50:00-05:00,682.8900146484375,683.6099853515625,682.8400268554688,683.3900146484375,2229901,-0.0007319144122717,0.000267623494136,0.00028399932951,0.0,0.0,0.0
2025-12-09 15:55:00-05:00,683.0499877929688,683.1500244140625,682.5900268554688,682.8900146484375,5143552,0.0002342315840764,0.00028399932951,0.0004601509378159,0.0,0.0,0.0
2025-12-10 09:30:00-05:00,682.1300048828125,682.760009765625,682.0599975585938,682.5599975585938,2259364,-0.001347782789604,0.0004601509378159,0.00047322970254,0.0,0.0,0.0
2025-12-10 09:35:00-05:00,682.2999877929688,682.5800170898438,681.3099975585938,682.1300048828125,1506355,0.000249163257841,0.00047322970254,0.0005123568252471,0.0,0.0,0.0
2025-12-10 09:40:00-05:00,682.666015625,683.0700073242188,682.0449829101562,682.3099975585938,871475,0.0005363178861425,0.0005123568252471,0.0005240896326753,0.0,0.0,0.0
2025-12-10 09:45:00-05:00,682.8699951171875,683.315185546875,682.6500244140625,682.6599731445312,1054055,0.0002987537378728,0.0005240896326753,0.0005235342274809,0.0,0.0,0.0
2025-12-10 09:50:00-05:00,682.8629760742188,683.3300170898438,682.52001953125,682.8599853515625,814143,-1.0278792585169922e-05,0.0005235342274809,0.0005387063654962,0.0,0.0,0.0
2025-12-10 09:55:00-05:00,683.1243896484375,683.25,682.3099975585938,682.8900146484375,954728,0.0003827466987906,0.0005387063654962,0.0005400888619212,0.0,0.0,0.0
2025-12-10 10:00:00-05:00,682.9000244140625,683.1500244140625,682.719970703125,683.125,646159,-0.0003284937429856,0.0005400888619212,0.0005357567998382,0.0,0.0,0.0
2025-12-10 10:05:00-05:00,683.0764770507812,683.3699951171875,682.8300170898438,682.905029296875,632715,0.0002583538406569,0.0005357567998382,0.0005351036343893,0.0,0.0,0.0
2025-12-10 10:10:00-05:00,683.0200805664062,683.4349975585938,682.969970703125,683.0650024414062,613300,-8.256588319843402e-05,0.0005351036343893,0.0005510716564857,0.0,0.0,0.0
2025-12-10 10:15:00-05:00,683.2999267578125,683.4600219726562,682.8699951171875,683.030029296875,641892,0.0004096349227403,0.0005510716564857,0.0005049979819156,0.0,0.0,0.0
2025-12-10 10:20:00-05:00,683.2100219726562,683.4099731445312,682.9799194335938,683.2899780273438,628961,-0.0001315830673161,0.0005049979819156,0.0005109518132604,0.0,0.0,0.0
2025-12-10 10:25:00-05:00,682.989990234375,683.239990234375,682.7760009765625,683.219970703125,504197,-0.0003221076536637,0.0005109518132604,0.0003888373557148,0.0,0.0,0.0
2025-12-10 10:30:00-05:00,682.4500122070312,683.0670166015625,682.3499755859375,682.989990234375,576901,-0.0007909216875544,0.0003888373557148,0.0004230293394006,0.0,0.0,0.0
2025-12-10 10:35:00-05:00,682.0399780273438,682.489990234375,681.7000122070312,682.4600219726562,1089690,-0.000601007255406,0.0004230293394006,0.0004160117051415,0.0,0.0,0.0
2025-12-10 10:40:00-05:00,682.364990234375,682.6400146484375,681.6699829101562,682.0399780273438,743175,0.0004764160505699,0.0004160117051415,0.0005341358712159,0.0,0.0,0.0
2025-12-10 10:45:00-05:00,683.14990234375,683.1699829101562,682.219970703125,682.360107421875,461299,0.00114962085011,0.0005341358712159,0.0006450527543641,0.0,0.0,0.0
2025-12-10 10:50:00-05:00,682.3200073242188,683.22998046875,682.2800903320312,683.1400146484375,546453,-0.0012155450894078,0.0006450527543641,0.0006293633262418,0.0,0.0,0.0
2025-12-10 10:55:00-05:00,682.25,682.510009765625,682.030029296875,682.3200073242188,487720,-0.0001026071566931,0.0006293633262418,0.0006359029104043,0.0,0.0,0.0
2025-12-10 11:00:00-05:00,681.9199829101562,682.2899780273438,681.4500122070312,682.25,785007,-0.0004838357395575,0.0006359029104043,0.0006851312245034,0.0,0.0,0.0
2025-12-10 11:05:00-05:00,682.47998046875,682.6300048828125,681.8900146484375,681.9299926757812,543305,0.0008208701334938,0.0006851312245034,0.0007441658620482,0.0,0.0,0.0
2025-12-10 11:10:00-05:00,683.1179809570312,683.125,682.3200073242188,682.47119140625,570985,0.0009343899928412,0.0007441658620482,0.0007655602712796,0.0,0.0,0.0
2025-12-10 11:15:00-05:00,683.6199951171875,683.6400146484375,683.010009765625,683.1151733398438,911374,0.0007346165710192,0.0007655602712796,0.0007640558516569,0.0,0.0,0.0
2025-12-10 11:20:00-05:00,683.5999755859375,683.77001953125,683.3200073242188,683.6199951171875,587945,-2.9285018768625704e-05,0.0007640558516569,0.0007556266314491,0.0,0.0,0.0
2025-12-10 11:25:00-05:00,683.719970703125,683.8699951171875,683.375,683.5900268554688,473732,0.0001755187113612,0.0007556266314491,0.0007030634241487,0.0,0.0,0.0
2025-12-10 11:30:00-05:00,683.8099975585938,683.8099975585938,683.5399780273438,683.719970703125,424827,0.0001316634482434,0.0007030634241487,0.0006712377543641,0.0,0.0,0.0
2025-12-10 11:35:00-05:00,683.6849975585938,683.8400268554688,683.510009765625,683.8099975585938,398801,-0.0001828160260833,0.0006712377543641,0.0007029185950773,0.0,0.0,0.0
2025-12-10 11:40:00-05:00,683.27001953125,683.6900024414062,683.1649780273438,683.6900024414062,407366,-0.0006071568338441,0.0007029185950773,0.0006283295782918,0.0,0.0,0.0
2025-12-10 11:45:00-05:00,683.489990234375,683.5100708007812,683.0098876953125,683.280029296875,547809,0.0003218863640326,0.0006283295782918,0.000487982223833,0.0,0.0,0.0
2025-12-10 11:50:00-05:00,683.6099853515625,683.6900024414062,683.3099975585938,683.4949951171875,324076,0.0001755469528762,0.000487982223833,0.0004843686998817,0.0,0.0,0.0
2025-12-10 11:55:00-05:00,683.5999755859375,683.72998046875,683.469970703125,683.6199951171875,360540,-1.464261658579843e-05,0.0004843686998817,0.0004574467041828,0.0,0.0,0.0
2025-12-10 12:00:00-05:00,683.4500122070312,683.7000122070312,683.4199829101562,683.5700073242188,382691,-0.0002193970679153,0.0004574467041828,0.0004227028214265,0.0,0.0,0.0
2025-12-10 12:05:00-05:00,683.3099975585938,683.5,683.27001953125,683.4299926757812,227114,-0.000204885492591,0.0004227028214265,0.0003330405199436,0.0,0.0,0.0
2025-12-10 12:10:00-05:00,683.25,683.4400024414062,683.0700073242188,683.2999877929688,307216,-8.780815879218625e-05,0.0003330405199436,0.0002470798265428,0.0,0.0,0.0
2025-12-10 12:15:00-05:00,683.1300048828125,683.4298706054688,683.1044921875,683.260009765625,262445,-0.0001756394517881,0.0002470798265428,0.0002673466196462,0.0,0.0,0.0
2025-12-10 12:20:00-05:00,683.3300170898438,683.344970703125,682.9500122070312,683.1199951171875,333302,0.0002927450569259,0.0002673466196462,0.0002672650013462,0.0,0.0,0.0
2025-12-10 12:25:00-05:00,683.1400146484375,683.4400024414062,683.0700073242188,683.3200073242188,321917,-0.000278092366781,0.0002672650013462,0.000267266545878,0.0,0.0,0.0
2025-12-10 12:30:00-05:00,683.22998046875,683.2899780273438,683.010009765625,683.1199951171875,221601,0.0001316858841515,0.000267266545878,0.0002665019315119,0.0,0.0,0.0
2025-12-10 12:35:00-05:00,683.1201171875,683.5399780273438,683.1199951171875,683.22998046875,223708,-0.0001608127838907,0.0002665019315119,0.0002059461236145,0.0,0.0,0.0
2025-12-10 12:40:00-05:00,683.0800170898438,683.27001953125,682.9201049804688,683.1199951171875,243297,-5.8703108954098846e-05,0.0002059461236145,0.0002366604722846,0.0,0.0,0.0
2025-12-10 12:45:00-05:00,683.4199829101562,683.4600219726562,683.02001953125,683.0700073242188,354186,0.0004975716462883,0.0002366604722846,0.0003082007011452,0.0,0.0,0.0
2025-12-10 12:50:00-05:00,683.8900146484375,683.9600219726562,683.3900146484375,683.4099731445312,396575,0.000687527711544,0.0003082007011452,0.000309500800667,0.0,0.0,0.0
2025-12-10 12:55:00-05:00,683.8400268554688,684.219970703125,683.719970703125,683.9000244140625,455176,-7.309599332346735e-05,0.000309500800667,0.0003027234080213,0.0,0.0,0.0
2025-12-10 13:00:00-05:00,683.77001953125,683.9500122070312,683.6199951171875,683.8300170898438,401731,-0.0001023790728429,0.0003027234080213,0.0003000889084821,0.0,0.0,0.0
2025-12-10 13:05:00-05:00,683.9674072265625,684.0599975585938,683.6799926757812,683.77001953125,380557,0.0002886339041708,0.0003000889084821,0.0003075257600189,0.0,0.0,0.0
2025-12-10 13:10:00-05:00,683.8300170898438,683.9949951171875,683.7899780273438,683.969970703125,237287,-0.0002008925221502,0.0003075257600189,0.0003162644868506,0.0,0.0,0.0
2025-12-10 13:15:00-05:00,683.6400146484375,683.9400024414062,683.5800170898438,683.8250122070312,321868,-0.0002778890041011,0.0003162644868506,0.0003636004418441,0.0,0.0,0.0
2025-12-10 13:20:00-05:00,683.2100219726562,683.6599731445312,683.1950073242188,683.64501953125,303155,-0.000629173176933,0.0003636004418441,0.0003799304328604,0.0,0.0,0.0
2025-12-10 13:25:00-05:00,682.8900146484375,683.219970703125,682.7000122070312,683.2100219726562,568591,-0.0004684976524317,0.0003799304328604,0.0003808376024158,0.0,0.0,0.0
2025-12-10 13:30:00-05:00,682.9949951171875,683.1699829101562,682.6799926757812,682.8800048828125,973511,0.0001537178725971,0.0003808376024158,0.0003880050106639,0.0,0.0,0.0
2025-12-10 13:35:00-05:00,683.1849975585938,683.3800048828125,682.9299926757812,682.9949951171875,422383,0.0002781514055979,0.0003880050106639,0.0004412388934085,0.0,0.0,0.0
2025-12-10 13:40:00-05:00,682.6950073242188,683.2000122070312,682.6799926757812,683.1900024414062,612991,-0.0007174718915901,0.0004412388934085,0.0004489927889753,0.0,0.0,0.0
2025-12-10 13:45:00-05:00,683.0798950195312,683.1099853515625,682.594970703125,682.6900024414062,408618,0.0005636180674294,0.0004489927889753,0.0003970411806152,0.0,0.0,0.0
2025-12-10 13:50:00-05:00,682.7849731445312,683.0599975585938,682.719970703125,683.0599975585938,328687,-0.0004318463509201,0.0003970411806152,0.0004038705383031,0.0,0.0,0.0
2025-12-10 13:55:00-05:00,682.8699951171875,682.9199829101562,682.4450073242188,682.780029296875,534263,0.0001245145732152,0.0004038705383031,0.0006067011905635,0.0,0.0,0.0
2025-12-10 14:00:00-05:00,683.8599853515625,685.22998046875,682.6699829101562,682.8599853515625,2299629,0.0014486993358833,0.0006067011905635,0.0008538416455909,0.0,0.0,0.0
2025-12-10 14:05:00-05:00,685.2899780273438,685.6900024414062,683.760009765625,683.8800048828125,2089573,0.0020888773823173,0.0008538416455909,0.0008924364842023,0.0,0.0,0.0
2025-12-10 14:10:00-05:00,684.75,685.739990234375,684.5805053710938,685.3200073242188,1138533,-0.0007882661294037,0.0008924364842023,0.00088734241079,0.0,0.0,0.0
2025-12-10 14:15:00-05:00,685.0349731445312,685.5700073242188,684.6099853515625,684.760009765625,922983,0.0004160845011876,0.00088734241079,0.000990266226948,0.0,0.0,0.0
2025-12-10 14:20:00-05:00,683.9998779296875,685.0701904296875,683.9349975585938,685.0599975585938,787654,-0.0015121534872098,0.000990266226948,0.0009752508355566,0.0,0.0,0.0
2025-12-10 14:25:00-05:00,684.2100219726562,684.4000244140625,683.239990234375,684.010009765625,1210291,0.0003071810029093,0.0009752508355566,0.0012022782988324,0.0,0.0,0.0
2025-12-10 14:30:00-05:00,685.9893798828125,686.2899780273438,684.02001953125,684.2100219726562,1761616,0.0025972262255854,0.0012022782988324,0.0012056881896885,0.0,0.0,0.0
2025-12-10 14:35:00-05:00,686.02001953125,686.8200073242188,684.9099731445312,685.9849853515625,2818183,4.4663904570341634e-05,0.0012056881896885,0.0014256432059924,0.0,0.0,0.0
2025-12-10 14:40:00-05:00,684.3499755859375,686.27001953125,683.3599853515625,685.9901123046875,2243309,-0.0024373633077748,0.0014256432059924,0.0014595215483019,0.0,0.0,0.0
2025-12-10 14:45:00-05:00,685.2550048828125,685.8300170898438,684.239990234375,684.3109741210938,1293614,0.001321591906438,0.0014595215483019,0.0015866272192518,0.0,0.0,0.0
2025-12-10 14:50:00-05:00,687.0485229492188,687.489990234375,685.010009765625,685.239990234375,1596250,0.0026138810419076,0.0015866272192518,0.0015930205939482,0.0,0.0,0.0
2025-12-10 14:55:00-05:00,687.8800048828125,688.0599975585938,687.010009765625,687.0499877929688,2885225,0.0012094912835465,0.0015930205939482,0.001570954136837,0.0,0.0,0.0
2025-12-10 15:00:00-05:00,688.2249755859375,688.4199829101562,687.0800170898438,687.8699951171875,1781687,0.0005013726645098,0.001570954136837,0.0014942602220823,0.0,0.0,0.0
2025-12-10 15:05:00-05:00,688.3099975585938,688.489990234375,687.7000122070312,688.219970703125,1679014,0.0001235304215629,0.0014942602220823,0.0014507863667967,0.0,0.0,0.0
2025-12-10 15:10:00-05:00,688.47998046875,688.6199951171875,687.9000244140625,688.3099975585938,1469595,0.0002469264212156,0.0014507863667967,0.0014692195951874,0.0,0.0,0.0
2025-12-10 15:15:00-05:00,688.239990234375,688.5999755859375,687.969970703125,688.4650268554688,1440517,-0.0003486405978165,0.0014692195951874,0.0013688480968858,0.0,0.0,0.0
2025-12-10 15:20:00-05:00,687.97998046875,688.8300170898438,687.8699951171875,688.25,1785978,-0.0003778607697224,0.0013688480968858,0.0013703886249505,0.0,0.0,0.0
2025-12-10 15:25:00-05:00,688.1199951171875,688.5599975585938,687.7949829101562,687.969970703125,1029553,0.0002034948788674,0.0013703886249505,0.0012066877056151,0.0,0.0,0.0
2025-12-10 15:30:00-05:00,688.6900024414062,688.969970703125,687.9500122070312,688.0999755859375,1200643,0.0008280116469171,0.0012066877056151,0.0012084448604786,0.0,0.0,0.0
2025-12-10 15:35:00-05:00,688.6699829101562,688.9299926757812,688.47998046875,688.6900024414062,1585039,-2.906942478991609e-05,0.0012084448604786,0.0008882750949962,0.0,0.0,0.0
2025-12-10 15:40:00-05:00,688.375,688.8300170898438,688.25,688.6699829101562,1106373,-0.0004284288724467,0.0008882750949962,0.0008650261600036,0.0,0.0,0.0
2025-12-10 15:45:00-05:00,688.260009765625,688.7000122070312,688.0900268554688,688.364990234375,2525505,-0.000167059872554,0.0008650261600036,0.0005102518828015,0.0,0.0,0.0
2025-12-10 15:50:00-05:00,688.0900268554688,688.6900024414062,687.7150268554688,688.260009765625,2091569,-0.0002470053496533,0.0005102518828015,0.0004671234513414,0.0,0.0,0.0
2025-12-10 15:55:00-05:00,687.4600219726562,688.239990234375,687.219970703125,688.0900268554688,5402361,-0.0009160043684349,0.0004671234513414,0.0012201286636165,0.0,0.0,0.0
2025-12-11 09:30:00-05:00,684.6801147460938,685.3599853515625,684.47998046875,685.1400146484375,3277290,-0.0040519345737175,0.0012201286636165,0.0012734512381153,0.0,0.0,0.0
2025-12-11 09:35:00-05:00,685.3099975585938,685.8200073242188,684.5499877929688,684.7000122070312,1588130,0.0009195436539669,0.0012734512381153,0.0012809380838468,0.0,0.0,0.0
2025-12-11 09:40:00-05:00,685.5850219726562,685.7000122070312,684.9099731445312,685.2999877929688,1289222,0.0004012333750343,0.0012809380838468,0.0014626375432281,0.0,0.0,0.0
2025-12-11 09:45:00-05:00,683.6699829101562,685.7000122070312,683.6400146484375,685.594970703125,1539620,-0.0027972003817096,0.0014626375432281,0.0014852141283504,0.0,0.0,0.0
2025-12-11 09:50:00-05:00,682.655029296875,683.8499755859375,682.6199951171875,683.6400146484375,2213124,-0.001485669647995,0.0014852141283504,0.0014737180102876,0.0,0.0,0.0
2025-12-11 09:55:00-05:00,682.6199951171875,683.219970703125,682.2899780273438,682.655029296875,1685853,-5.1321790948604605e-05,0.0014737180102876,0.0014798438221104,0.0,0.0,0.0
2025-12-11 10:00:00-05:00,683.22998046875,683.4199829101562,682.1649780273438,682.6500244140625,1445987,0.0008931953040517,0.0014798438221104,0.0016821401639958,0.0,0.0,0.0
2025-12-11 10:05:00-05:00,684.6900024414062,684.739990234375,683.1300048828125,683.22998046875,1540124,0.0021346607189205,0.0016821401639958,0.0017058904509285,0.0,0.0,0.0
2025-12-11 10:10:00-05:00,685.030029296875,685.3900146484375,684.1400756835938,684.7000122070312,1533321,0.0004964910413436,0.0017058904509285,0.0017290564309611,0.0,0.0,0.0
2025-12-11 10:15:00-05:00,685.4299926757812,685.4400024414062,684.5750122070312,685.0,856040,0.0005836921673732,0.0017290564309611,0.0018090964879185,0.0,0.0,0.0
2025-12-11 10:20:00-05:00,686.4550170898438,686.5,685.3200073242188,685.4400024414062,1253167,0.0014943302062604,0.0018090964879185,0.0017954502705212,0.0,0.0,0.0
2025-12-11 10:25:00-05:00,686.260009765625,686.7994995117188,686.0599975585938,686.4400024414062,1041403,-0.0002841191678031,0.0017954502705212,0.0013198840127788,0.0,0.0,0.0
2025-12-11 10:30:00-05:00,685.97998046875,686.4500122070312,685.9550170898438,686.27001953125,1017319,-0.000408134586887,0.0013198840127788,0.0012994311895471,0.0,0.0,0.0
2025-12-11 10:35:00-05:00,686.1900024414062,686.27001953125,685.469970703125,685.989990234375,935159,0.0003061165554005,0.0012994311895471,0.0013114443478854,0.0,0.0,0.0
2025-12-11 10:40:00-05:00,685.77001953125,686.1799926757812,685.3699951171875,686.1699829101562,614746,-0.0006122378444688,0.0013114443478854,0.0010744303656837,0.0,0.0,0.0
2025-12-11 10:45:00-05:00,684.8400268554688,686.1699829101562,684.75,685.7698974609375,924171,-0.0013570494699853,0.0010744303656837,0.0009442166795029,0.0,0.0,0.0
2025-12-11 10:50:00-05:00,685.0551147460938,685.1699829101562,684.0700073242188,684.8300170898438,1106231,0.0003140209580436,0.0009442166795029,0.0009580449553359,0.0,0.0,0.0
2025-12-11 10:55:00-05:00,685.739990234375,685.8599853515625,684.97998046875,685.0599975585938,757360,0.0009992383876757,0.0009580449553359,0.0009492068141036,0.0,0.0,0.0
2025-12-11 11:00:00-05:00,685.739990234375,686.1400146484375,685.0800170898438,685.739990234375,861276,0.0,0.0009492068141036,0.0008333817183457,0.0,0.0,0.0
2025-12-11 11:05:00-05:00,684.9949951171875,685.8800048828125,684.9199829101562,685.75,746170,-0.001087001059292,0.0008333817183457,0.0008360525734874,0.0,0.0,0.0
2025-12-11 11:10:00-05:00,685.3699951171875,685.5599975585938,684.8900146484375,685.0,562183,0.000547299459681,0.0008360525734874,0.0008262910631537,0.0,0.0,0.0
2025-12-11 11:15:00-05:00,685.094482421875,685.4099731445312,684.802001953125,685.3699951171875,353358,-0.0004020720033822,0.0008262910631537,0.0007406649002921,0.0,0.0,0.0
2025-12-11 11:20:00-05:00,685.719970703125,685.760009765625,684.8400268554688,685.0800170898438,434887,0.0009125791214602,0.0007406649002921,0.0008640146608774,0.0,0.0,0.0
2025-12-11 11:25:00-05:00,684.60498046875,685.780029296875,684.4000244140625,685.72998046875,664908,-0.0016273373399261,0.0008640146608774,0.0009298518771777,0.0,0.0,0.0
2025-12-11 11:30:00-05:00,685.3099975585938,685.3599853515625,684.5399780273438,684.6099853515625,642016,0.0010292859971528,0.0009298518771777,0.0009370712833232,0.0,0.0,0.0
2025-12-11 11:35:00-05:00,685.6300048828125,685.739990234375,685.1599731445312,685.3400268554688,858184,0.0004668436685206,0.0009370712833232,0.0009886698134694,0.0,0.0,0.0
2025-12-11 11:40:00-05:00,686.469970703125,686.72998046875,685.510009765625,685.6199951171875,1192260,0.0012243509076399,0.0009886698134694,0.0008843855887367,0.0,0.0,0.0
2025-12-11 11:45:00-05:00,686.3699951171875,686.969970703125,686.1599731445312,686.47998046875,736335,-0.0001456478374804,0.0008843855887367,0.0010217694910831,0.0,0.0,0.0
2025-12-11 11:50:00-05:00,685.27001953125,686.4500122070312,685.1799926757812,686.3800048828125,907931,-0.0016038841241031,0.0010217694910831,0.0009814759663018,0.0,0.0,0.0
2025-12-11 11:55:00-05:00,685.5,685.530029296875,684.844970703125,685.2650146484375,967337,0.0003355493155395,0.0009814759663018,0.0010030315549141,0.0,0.0,0.0
2025-12-11 12:00:00-05:00,685.969970703125,686.0800170898438,685.39501953125,685.52001953125,925386,0.0006853532801447,0.0010030315549141,0.0009429179242719,0.0,0.0,0.0
2025-12-11 12:05:00-05:00,685.8699951171875,686.0999755859375,685.77001953125,685.97998046875,370271,-0.0001457540071807,0.0009429179242719,0.000992128388047,0.0,0.0,0.0
2025-12-11 12:10:00-05:00,686.719970703125,687.0,685.8900146484375,685.8900146484375,734132,0.0012384990649063,0.000992128388047,0.00097622768294,0.0,0.0,0.0
2025-12-11 12:15:00-05:00,686.9199829101562,687.0599975585938,686.5900268554688,686.719970703125,702425,0.000291214896478,0.00097622768294,0.0009774450833003,0.0,0.0,0.0
2025-12-11 12:20:00-05:00,687.5599975585938,687.6599731445312,686.9199829101562,686.9199829101562,757448,0.000931282672412,0.0009774450833003,0.0008095605660321,0.0,0.0,0.0
2025-12-11 12:25:00-05:00,687.35498046875,687.9099731445312,687.1849975585938,687.5499877929688,958851,-0.0002982251188468,0.0008095605660321,0.0007834136938429,0.0,0.0,0.0
2025-12-11 12:30:00-05:00,687.72998046875,687.760009765625,687.3400268554688,687.3499755859375,559417,0.0005454208575457,0.0007834136938429,0.0007872601468704,0.0,0.0,0.0
2025-12-11 12:35:00-05:00,687.6950073242188,687.8499755859375,687.4000244140625,687.739990234375,742513,-5.085431026649168e-05,0.0007872601468704,0.0007251676054823,0.0,0.0,0.0
2025-12-11 12:40:00-05:00,687.780029296875,688.0350952148438,687.6199951171875,687.6900024414062,576119,0.0001236256136984,0.0007251676054823,0.0007510132055317,0.0,0.0,0.0
2025-12-11 12:45:00-05:00,687.3900146484375,687.9149780273438,687.3499755859375,687.7899780273438,533402,-0.0005672239016719,0.0007510132055317,0.0005191750055063,0.0,0.0,0.0
2025-12-11 12:50:00-05:00,687.489990234375,687.5499877929688,687.14501953125,687.3800048828125,673845,0.000145431726054,0.0005191750055063,0.000542892925333,0.0,0.0,0.0
2025-12-11 12:55:00-05:00,687.2899780273438,687.52001953125,686.97998046875,687.4849853515625,608735,-0.0002909734111056,0.000542892925333,0.0005416381732015,0.0,0.0,0.0
2025-12-11 13:00:00-05:00,687.75,687.8699951171875,687.0900268554688,687.280029296875,532670,0.000669103440147,0.0005416381732015,0.0005295677685573,0.0,0.0,0.0
2025-12-11 13:05:00-05:00,687.905029296875,687.9500122070312,687.6099853515625,687.719970703125,307433,0.0002253897877443,0.0005295677685573,0.0004277001540979,0.0,0.0,0.0
2025-12-11 13:10:00-05:00,688.010009765625,688.1900024414062,687.7650146484375,687.9000244140625,418568,0.0001525973130219,0.0004277001540979,0.0004449254705957,0.0,0.0,0.0
2025-12-11 13:15:00-05:00,687.7999877929688,688.030029296875,687.7100219726562,688.02001953125,335616,-0.0003053066552217,0.0004449254705957,0.0003627707321331,0.0,0.0,0.0
2025-12-11 13:20:00-05:00,687.9000244140625,688.1243896484375,687.6500244140625,687.7999877929688,710707,0.0001454337724538,0.0003627707321331,0.0003724748224653,0.0,0.0,0.0
2025-12-11 13:25:00-05:00,687.625,688.010009765625,687.4099731445312,687.9000244140625,498963,-0.0003998828270602,0.0003724748224653,0.0003362047681818,0.0,0.0,0.0
2025-12-11 13:30:00-05:00,687.5700073242188,687.719970703125,687.2999877929688,687.6199951171875,444878,-7.99780038724883e-05,0.0003362047681818,0.0004467221754574,0.0,0.0,0.0
2025-12-11 13:35:00-05:00,688.260009765625,688.3150024414062,687.5399780273438,687.5750122070312,526274,0.0010030345183417,0.0004467221754574,0.0004563651075722,0.0,0.0,0.0
2025-12-11 13:40:00-05:00,688.530029296875,688.625,688.1799926757812,688.2550048828125,655252,0.0003922450439804,0.0004563651075722,0.0004260802299383,0.0,0.0,0.0
2025-12-11 13:45:00-05:00,688.3300170898438,688.619873046875,688.1799926757812,688.5399780273438,598992,-0.0002905338258061,0.0004260802299383,0.0004580378832927,0.0,0.0,0.0
2025-12-11 13:50:00-05:00,688.0050048828125,688.4500122070312,687.9600219726562,688.3400268554688,427658,-0.0004722864824098,0.0004580378832927,0.0004467050242527,0.0,0.0,0.0
2025-12-11 13:55:00-05:00,687.9600219726562,688.1900024414062,687.760009765625,688.010009765625,578875,-6.538379870757997e-05,0.0004467050242527,0.0004210054594153,0.0,0.0,0.0
2025-12-11 14:00:00-05:00,688.239990234375,688.4099731445312,687.9400024414062,687.969970703125,609835,0.0004068714766714,0.0004210054594153,0.0004240706156862,0.0,0.0,0.0
2025-12-11 14:05:00-05:00,688.0964965820312,688.260009765625,687.8499755859375,688.22998046875,567781,-0.0002085153655929,0.0004240706156862,0.000426506134406,0.0,0.0,0.0
2025-12-11 14:10:00-05:00,688.25,688.260009765625,687.9598999023438,688.0999755859375,607857,0.0002230592644895,0.000426506134406,0.0004443328937967,0.0,0.0,0.0
2025-12-11 14:15:00-05:00,688.6799926757812,688.760009765625,688.239990234375,688.260009765625,814663,0.0006245672503994,0.0004443328937967,0.000445158608145,0.0,0.0,0.0
2025-12-11 14:20:00-05:00,688.6799926757812,688.77001953125,688.4500122070312,688.6699829101562,570837,0.0,0.000445158608145,0.0004189892490249,0.0,0.0,0.0
2025-12-11 14:25:00-05:00,688.6799926757812,688.7899780273438,688.5150146484375,688.6900024414062,554262,0.0,0.0004189892490249,0.0004160099354355,0.0,0.0,0.0
2025-12-11 14:30:00-05:00,688.6799926757812,688.8400268554688,688.5900268554688,688.6799926757812,647693,0.0,0.0004160099354355,0.0003136323051408,0.0,0.0,0.0
2025-12-11 14:35:00-05:00,688.7449951171875,689.0499877929688,688.6799926757812,688.6900024414062,886066,9.43825500925495e-05,0.0003136323051408,0.0003136056158815,0.0,0.0,0.0
2025-12-11 14:40:00-05:00,689.0150146484375,689.0490112304688,688.72998046875,688.75,556563,0.0003919688955887,0.0003136056158815,0.0002937806681156,0.0,0.0,0.0
2025-12-11 14:45:00-05:00,689.0599975585938,689.1400146484375,688.8699951171875,689.02001953125,744698,6.528368887578208e-05,0.0002937806681156,0.0002665379159908,0.0,0.0,0.0
2025-12-11 14:50:00-05:00,688.85498046875,689.25,688.8353271484375,689.0599975585938,503146,-0.0002975758223488,0.0002665379159908,0.0002649935447982,0.0,0.0,0.0
2025-12-11 14:55:00-05:00,688.8300170898438,689.1199951171875,688.8200073242188,688.8499755859375,817777,-3.62396033247499e-05,0.0002649935447982,0.0002564585456673,0.0,0.0,0.0
2025-12-11 15:00:00-05:00,689.0449829101562,689.1599731445312,688.8200073242188,688.8300170898438,545691,0.0003120251431466,0.0002564585456673,0.0002599460424253,0.0,0.0,0.0
2025-12-11 15:05:00-05:00,688.8800048828125,689.0499877929688,688.6599731445312,689.0399780273438,993403,-0.0002394586491915,0.0002599460424253,0.0002738872114842,0.0,0.0,0.0
2025-12-11 15:10:00-05:00,688.7100219726562,688.9299926757812,688.6900024414062,688.8900146484375,505394,-0.0002467830162895,0.0002738872114842,0.0002075587712802,0.0,0.0,0.0
2025-12-11 15:15:00-05:00,688.682373046875,688.8599853515625,688.6099853515625,688.7100219726562,462539,-4.014676701421152e-05,0.0002075587712802,0.0002133115897979,0.0,0.0,0.0
2025-12-11 15:20:00-05:00,688.7999877929688,688.9299926757812,688.6500244140625,688.6900024414062,592656,0.000170767698699,0.0002133115897979,0.0002651646187409,0.0,0.0,0.0
2025-12-11 15:25:00-05:00,688.4349975585938,688.8250122070312,688.4099731445312,688.7899780273438,833750,-0.0005300333593061,0.0002651646187409,0.000269184917634,0.0,0.0,0.0
2025-12-11 15:30:00-05:00,688.2999877929688,688.52001953125,688.2000122070312,688.4400024414062,1211520,-0.0001961303627702,0.000269184917634,0.0002664958369958,0.0,0.0,0.0
2025-12-11 15:35:00-05:00,688.2055053710938,688.3400268554688,687.989990234375,688.2949829101562,1654635,-0.0001372786705067,0.0002664958369958,0.0002508472835469,0.0,0.0,0.0
2025-12-11 15:40:00-05:00,688.4000244140625,688.5499877929688,688.1599731445312,688.2000122070312,1164620,0.0002826068035535,0.0002508472835469,0.0002472810014385,0.0,0.0,0.0
2025-12-11 15:45:00-05:00,688.3099975585938,688.47998046875,688.0900268554688,688.3900146484375,919368,-0.0001307855018997,0.0002472810014385,0.0002914890185918,0.0,0.0,0.0
2025-12-11 15:50:00-05:00,688.6599731445312,689.1099853515625,688.3099975585938,688.3099975585938,2490047,0.0005083271253836,0.0002914890185918,0.00036030675799,0.0,0.0,0.0
2025-12-11 15:55:00-05:00,689.1500244140625,689.1799926757812,688.27001953125,688.6500244140625,5223171,0.0007113481409833,0.00036030675799,0.0004688250698244,0.0,0.0,0.0
2025-12-12 09:30:00-05:00,688.4149780273438,688.6849975585938,687.7000122070312,688.1699829101562,3232551,-0.0010671677273665,0.0004688250698244,0.0004951478024814,0.0,0.0,0.0
2025-12-12 09:35:00-05:00,688.77197265625,688.8699951171875,688.2100219726562,688.4099731445312,799743,0.0005184403420685,0.0004951478024814,0.000602610999875,0.0,0.0,0.0
2025-12-12 09:40:00-05:00,687.9400024414062,688.8800048828125,687.7899780273438,688.7899780273438,1236915,-0.0012086338045587,0.000602610999875,0.0006355455434565,0.0,0.0,0.0
2025-12-12 09:45:00-05:00,687.389892578125,688.1500244140625,687.364990234375,687.9400024414062,1184345,-0.0007999679125861,0.0006355455434565,0.0006771174466524,0.0,0.0,0.0
2025-12-12 09:50:00-05:00,687.8699951171875,688.019775390625,687.1699829101562,687.3800048828125,1033771,0.0006981990282149,0.0006771174466524,0.000678411701975,0.0,0.0,0.0
2025-12-12 09:55:00-05:00,687.489990234375,687.9849853515625,687.405029296875,687.8599853515625,741627,-0.000552589716917,0.000678411701975,0.0007434596866222,0.0,0.0,0.0
2025-12-12 10:00:00-05:00,686.6900024414062,687.5399780273438,686.5800170898438,687.4600219726562,1476932,-0.0011643130996029,0.0007434596866222,0.0007922838396388,0.0,0.0,0.0
2025-12-12 10:05:00-05:00,685.9000244140625,686.8900146484375,685.5800170898438,686.7000122070312,1600624,-0.0011510765765635,0.0007922838396388,0.0007786505308523,0.0,0.0,0.0
2025-12-12 10:10:00-05:00,685.9099731445312,686.510009765625,685.7899780273438,685.9000244140625,2143554,1.4504531220283804e-05,0.0007786505308523,0.0007803789071067,0.0,0.0,0.0
2025-12-12 10:15:00-05:00,685.8699951171875,686.1300048828125,685.3599853515625,685.9099731445312,1373857,-5.828635536311861e-05,0.0007803789071067,0.0008108993667835,0.0,0.0,0.0
2025-12-12 10:20:00-05:00,684.8200073242188,686.0449829101562,684.719970703125,685.8599853515625,1722916,-0.0015320575716991,0.0008108993667835,0.0007758127495944,0.0,0.0,0.0
2025-12-12 10:25:00-05:00,683.75,684.909912109375,683.6300048828125,684.7999877929688,2728798,-0.0015636869674429,0.0007758127495944,0.0008701249455016,0.0,0.0,0.0
2025-12-12 10:30:00-05:00,684.3099975585938,684.7100219726562,683.3099975585938,683.75,2273897,0.0008186740214176,0.0008701249455016,0.000919157451216,0.0,0.0,0.0
2025-12-12 10:35:00-05:00,684.9400024414062,685.1500244140625,683.9600219726562,684.3300170898438,1344869,0.0009202189918129,0.000919157451216,0.0009166716331251,0.0,0.0,0.0
2025-12-12 10:40:00-05:00,685.2000122070312,685.2100219726562,684.3499755859375,684.9299926757812,1086450,0.0003795375158251,0.0009166716331251,0.0009086438047018,0.0,0.0,0.0
2025-12-12 10:45:00-05:00,685.2000122070312,685.6099853515625,684.9149780273438,685.2000122070312,1148283,0.0,0.0009086438047018,0.0009686029046292,0.0,0.0,0.0
2025-12-12 10:50:00-05:00,683.885009765625,685.4199829101562,683.8800048828125,685.2000122070312,1413748,-0.0019209951532435,0.0009686029046292,0.0012364918626027,0.0,0.0,0.0
2025-12-12 10:55:00-05:00,681.739990234375,683.8900146484375,681.3099975585938,683.8699951171875,3173283,-0.0031414499519228,0.0012364918626027,0.0012604058832519,0.0,0.0,0.0
2025-12-12 11:00:00-05:00,680.6199951171875,682.4600219726562,680.6199951171875,681.72998046875,2893649,-0.0016441988630688,0.0012604058832519,0.0012986281921473,0.0,0.0,0.0
2025-12-12 11:05:00-05:00,680.9400024414062,681.780029296875,680.469970703125,680.6199951171875,2137638,0.000470059829438,0.0012986281921473,0.0013041634891112,0.0,0.0,0.0
2025-12-12 11:10:00-05:00,681.030029296875,681.3800048828125,680.1799926757812,680.9600219726562,2312493,0.0001322009346782,0.0013041634891112,0.0012967830759452,0.0,0.0,0.0
2025-12-12 11:15:00-05:00,680.8200073242188,681.7100219726562,680.510009765625,681.030029296875,1331059,-0.0003084362722379,0.0012967830759452,0.0012648220149621,0.0,0.0,0.0
2025-12-12 11:20:00-05:00,680.3699951171875,681.219970703125,679.7000122070312,680.8300170898438,2490803,-0.0006612041267115,0.0012648220149621,0.0013260158072871,0.0,0.0,0.0
2025-12-12 11:25:00-05:00,681.27001953125,681.3200073242188,680.0900268554688,680.3699951171875,1140323,0.0013219713513912,0.0013260158072871,0.0013097235059467,0.0,0.0,0.0
2025-12-12 11:30:00-05:00,680.3200073242188,681.2899780273438,679.9299926757812,681.27001953125,850718,-0.0013954455341979,0.0013097235059467,0.0012370563260716,0.0,0.0,0.0
2025-12-12 11:35:00-05:00,679.6500244140625,680.510009765625,679.1743774414062,680.3150024414062,1554954,-0.0009852907765936,0.0012370563260716,0.0013639436549919,0.0,0.0,0.0
2025-12-12 11:40:00-05:00,680.7000122070312,680.7100219726562,679.239990234375,679.6599731445312,1363276,0.0015437026841832,0.0013639436549919,0.0013530325878287,0.0,0.0,0.0
2025-12-12 11:45:00-05:00,680.330078125,680.75,679.8800048828125,680.7000122070312,1299496,-0.000543608982298,0.0013530325878287,0.0012870447753762,0.0,0.0,0.0
2025-12-12 11:50:00-05:00,680.0499877929688,680.3300170898438,679.760009765625,680.3300170898438,658398,-0.000411782476098,0.0012870447753762,0.0010183101941975,0.0,0.0,0.0
2025-12-12 11:55:00-05:00,680.5994262695312,680.6400146484375,679.6599731445312,680.02001953125,1238408,0.0008076121604104,0.0010183101941975,0.000935689579889,0.0,0.0,0.0
2025-12-12 12:00:00-05:00,681.1900024414062,681.4500122070312,680.3300170898438,680.5900268554688,996424,0.0008673531993244,0.000935689579889,0.0009387588125264,0.0,0.0,0.0
2025-12-12 12:05:00-05:00,681.5599975585938,682.1199951171875,681.1300048828125,681.1900024414062,931591,0.0005430124766524,0.0009387588125264,0.0009456212539802,0.0,0.0,0.0
2025-12-12 12:10:00-05:00,681.8800048828125,682.030029296875,681.5050048828125,681.5399780273438,597908,0.0004694116785802,0.0009456212539802,0.0010116433937994,0.0,0.0,0.0
2025-12-12 12:15:00-05:00,682.8800048828125,682.9000244140625,681.8800048828125,681.8800048828125,694371,0.0014654593801235,0.0010116433937994,0.0009851891552408,0.0,0.0,0.0
2025-12-12 12:20:00-05:00,682.7000122070312,683.02001953125,682.4099731445312,682.8845825195312,912670,-0.0002636135189019,0.0009851891552408,0.0010955053240255,0.0,0.0,0.0
2025-12-12 12:25:00-05:00,681.4600219726562,682.7000122070312,681.3800048828125,682.7000122070312,820167,-0.0018179547044571,0.0010955053240255,0.0010036411209045,0.0,0.0,0.0
2025-12-12 12:30:00-05:00,681.7579956054688,682.0,680.9450073242188,681.4400024414062,912901,0.000437162117454,0.0010036411209045,0.0009742697718846,0.0,0.0,0.0
2025-12-12 12:35:00-05:00,682.5999755859375,682.6599731445312,681.2899780273438,681.75,675334,0.0012342509885746,0.0009742697718846,0.000909328094637,0.0,0.0,0.0
2025-12-12 12:40:00-05:00,682.469970703125,682.8499755859375,682.3499755859375,682.594970703125,471477,-0.0001904735849748,0.000909328094637,0.0008907456569899,0.0,0.0,0.0
2025-12-12 12:45:00-05:00,683.030029296875,683.239990234375,682.4199829101562,682.4600219726562,600726,0.0008202982426288,0.0008907456569899,0.0009026038540568,0.0,0.0,0.0
2025-12-12 12:50:00-05:00,682.6500244140625,683.14990234375,682.3699951171875,683.0499877929688,454318,-0.0005565064695603,0.0009026038540568,0.0008921275764821,0.0,0.0,0.0
2025-12-12 12:55:00-05:00,682.6699829101562,683.0399780273438,682.52001953125,682.6456298828125,362787,2.9236363618883e-05,0.0008921275764821,0.0008709483405656,0.0,0.0,0.0
2025-12-12 13:00:00-05:00,682.8250122070312,682.9600219726562,682.3800048828125,682.6799926757812,475030,0.0002270668118088,0.0008709483405656,0.0008658322023029,0.0,0.0,0.0
2025-12-12 13:05:00-05:00,682.8150024414062,683.1900024414062,682.780029296875,682.8400268554688,513522,-1.4659449807878678e-05,0.0008658322023029,0.0009165961407202,0.0,0.0,0.0
2025-12-12 13:10:00-05:00,683.6500244140625,684.2100219726562,682.77001953125,682.8049926757812,1918842,0.0012221638463972,0.0009165961407202,0.0008305970762649,0.0,0.0,0.0
2025-12-12 13:15:00-05:00,683.8800048828125,684.3400268554688,683.5800170898438,683.6500244140625,759941,0.0003363443083386,0.0008305970762649,0.0008620350196783,0.0,0.0,0.0
2025-12-12 13:20:00-05:00,683.3699951171875,683.9299926757812,683.0999755859375,683.8699951171875,655948,-0.0007460373586099,0.0008620350196783,0.0006366643505089,0.0,0.0,0.0
2025-12-12 13:25:00-05:00,683.8800048828125,683.8800048828125,683.3200073242188,683.3699951171875,484431,0.00074603735861,0.0006366643505089,0.0006632919670196,0.0,0.0,0.0
2025-12-12 13:30:00-05:00,683.6199951171875,683.9000244140625,683.4400024414062,683.8800048828125,405356,-0.0003802702285312,0.0006632919670196,0.0005836256191245,0.0,0.0,0.0
2025-12-12 13:35:00-05:00,683.6300048828125,683.75,683.0800170898438,683.6199951171875,520237,1.464218778602543e-05,0.0005836256191245,0.0006577130714348,0.0,0.0,0.0
2025-12-12 13:40:00-05:00,682.97998046875,683.7899780273438,682.7999877929688,683.6400146484375,1951366,-0.0009512947659545,0.0006577130714348,0.0006189277085937,0.0,0.0,0.0
2025-12-12 13:45:00-05:00,683.1799926757812,683.2000122070312,682.719970703125,682.989990234375,556627,0.0002928093523335,0.0006189277085937,0.0005925379920334,0.0,0.0,0.0
2025-12-12 13:50:00-05:00,683.2949829101562,683.5399780273438,683.02001953125,683.1749877929688,631637,0.0001683019985012,0.0005925379920334,0.0006845575969084,0.0,0.0,0.0
2025-12-12 13:55:00-05:00,682.5399780273438,683.4400024414062,682.469970703125,683.2999877929688,565722,-0.0011055581110549,0.0006845575969084,0.0006811980631676,0.0,0.0,0.0
2025-12-12 14:00:00-05:00,682.4299926757812,682.6699829101562,681.9299926757812,682.5499877929688,1320720,-0.0001611542439192,0.0006811980631676,0.000703393115005,0.0,0.0,0.0
2025-12-12 14:05:00-05:00,681.97998046875,682.5900268554688,681.9400024414062,682.4199829101562,761494,-0.000659643702709,0.000703393115005,0.0005676948800797,0.0,0.0,0.0
2025-12-12 14:10:00-05:00,681.739990234375,682.3400268554688,681.5499877929688,681.97998046875,831557,-0.0003519641011471,0.0005676948800797,0.0005404282221614,0.0,0.0,0.0
2025-12-12 14:15:00-05:00,681.6500244140625,682.0700073242188,681.530029296875,681.72998046875,684365,-0.000131973711816,0.0005404282221614,0.0005196423869773,0.0,0.0,0.0
2025-12-12 14:20:00-05:00,681.530029296875,681.8800048828125,681.219970703125,681.6500244140625,869346,-0.0001760517507144,0.0005196423869773,0.000425522220501,0.0,0.0,0.0
2025-12-12 14:25:00-05:00,681.4749755859375,681.6500244140625,681.2100219726562,681.5399780273438,658398,-8.078284492013084e-05,0.000425522220501,0.0004725995234644,0.0,0.0,0.0
2025-12-12 14:30:00-05:00,681.77001953125,682.0499877929688,681.4600219726562,681.489990234375,678689,0.0004328553575857,0.0004725995234644,0.0004664935182753,0.0,0.0,0.0
2025-12-12 14:35:00-05:00,681.60009765625,681.969970703125,681.5599975585938,681.77001953125,884236,-0.000249267420105,0.0004664935182753,0.0004316872503348,0.0,0.0,0.0
2025-12-12 14:40:00-05:00,681.7899780273438,682.27001953125,681.6400146484375,681.6400146484375,764690,0.0002785415204466,0.0004316872503348,0.0004147375818035,0.0,0.0,0.0
2025-12-12 14:45:00-05:00,681.8255004882812,681.9099731445312,681.5499877929688,681.780029296875,527977,5.210040734378805e-05,0.0004147375818035,0.0004060660350088,0.0,0.0,0.0
2025-12-12 14:50:00-05:00,681.8400268554688,682.1199951171875,681.75,681.8099975585938,386601,2.130488290102536e-05,0.0004060660350088,0.0002936086448431,0.0,0.0,0.0
2025-12-12 14:55:00-05:00,681.9699096679688,682.2100219726562,681.5800170898438,681.9849853515625,1060688,0.000190470547859,0.0002936086448431,0.0002979844048514,0.0,0.0,0.0
2025-12-12 15:00:00-05:00,681.7899780273438,682.1199951171875,681.4600219726562,681.9600219726562,922058,-0.0002638758381038,0.0002979844048514,0.0003360354650899,0.0,0.0,0.0
2025-12-12 15:05:00-05:00,682.3400268554688,682.3800048828125,681.72998046875,681.780029296875,927378,0.0008064463884919,0.0003360354650899,0.0003956081562608,0.0,0.0,0.0
2025-12-12 15:10:00-05:00,681.8200073242188,682.5150146484375,681.8099975585938,682.3300170898438,1024326,-0.0007624025677477,0.0003956081562608,0.000393368257256,0.0,0.0,0.0
2025-12-12 15:15:00-05:00,681.7999877929688,682.0656127929688,681.6900024414062,681.8200073242188,953577,-2.9362331621844583e-05,0.000393368257256,0.0003919088271182,0.0,0.0,0.0
2025-12-12 15:20:00-05:00,681.9450073242188,681.9949951171875,681.760009765625,681.8049926757812,820658,0.0002126783706862,0.0003919088271182,0.0004717542846803,0.0,0.0,0.0
2025-12-12 15:25:00-05:00,681.3599853515625,681.97998046875,681.0999755859375,681.9500122070312,1457583,-0.0008582408363626,0.0004717542846803,0.0004681880999937,0.0,0.0,0.0
2025-12-12 15:30:00-05:00,681.02001953125,681.489990234375,680.3099975585938,681.369873046875,2245773,-0.0004990763607077,0.0004681880999937,0.0005372617810117,0.0,0.0,0.0
2025-12-12 15:35:00-05:00,680.3350219726562,681.1300048828125,680.0700073242188,681.02001953125,1645347,-0.0010063467582226,0.0005372617810117,0.0005856608011375,0.0,0.0,0.0
2025-12-12 15:40:00-05:00,680.8397216796875,681.1400146484375,680.3200073242188,680.3400268554688,1795690,0.0007415649350143,0.0005856608011375,0.0006379644712835,0.0,0.0,0.0
2025-12-12 15:45:00-05:00,681.3599853515625,681.8699951171875,680.72998046875,680.8400268554688,2339018,0.0007638581839161,0.0006379644712835,0.0006377695043597,0.0,0.0,0.0
2025-12-12 15:50:00-05:00,681.3610229492188,681.6900024414062,680.8400268554688,681.3599853515625,2555664,1.5228321130842046e-06,0.0006377695043597,0.0006579494862538,0.0,0.0,0.0
2025-12-12 15:55:00-05:00,681.72998046875,681.8400268554688,681.2550048828125,681.3800048828125,5148805,0.0005413542127659,0.0006579494862538,0.0011474350858249,0.0,0.0,0.0
2025-12-15 09:30:00-05:00,683.9550170898438,685.760009765625,683.9400024414062,685.739990234375,3861868,0.0032584945925571,0.0011474350858249,0.0011558572402159,0.0,0.0,0.0
2025-12-15 09:35:00-05:00,683.5800170898438,684.7943725585938,683.5549926757812,683.969970703125,1938426,-0.0005484320328571,0.0011558572402159,0.0011206196548288,0.0,0.0,0.0
2025-12-15 09:40:00-05:00,683.6199951171875,684.4749755859375,683.5599975585938,683.5900268554688,1496823,5.848160766271923e-05,0.0011206196548288,0.0011212393827363,0.0,0.0,0.0
2025-12-15 09:45:00-05:00,683.5800170898438,683.8712158203125,683.219970703125,683.6199951171875,1560209,-5.8481607662617305e-05,0.0011212393827363,0.0011727712276941,0.0,0.0,0.0
2025-12-15 09:50:00-05:00,682.9149780273438,683.72998046875,682.6400146484375,683.5900268554688,2063958,-0.0009733502389423,0.0011727712276941,0.0011623095987251,0.0,0.0,0.0
2025-12-15 09:55:00-05:00,682.4299926757812,683.0,682.2999877929688,682.8900146484375,1809310,-0.0007104217357029,0.0011623095987251,0.0012297454889401,0.0,0.0,0.0
2025-12-15 10:00:00-05:00,681.5,682.4500122070312,681.1799926757812,682.4299926757812,1936889,-0.0013636958273492,0.0012297454889401,0.0011865868501689,0.0,0.0,0.0
2025-12-15 10:05:00-05:00,681.8200073242188,682.5850219726562,681.4099731445312,681.5,1335859,0.0004694529947138,0.0011865868501689,0.0011958341483811,0.0,0.0,0.0
2025-12-15 10:10:00-05:00,681.364990234375,681.89501953125,681.1400146484375,681.7999877929688,1338504,-0.0006675793931965,0.0011958341483811,0.0012117701514779,0.0,0.0,0.0
2025-12-15 10:15:00-05:00,680.6699829101562,681.5,680.6300048828125,681.3400268554688,1556880,-0.0010205426413323,0.0012117701514779,0.0012544529201758,0.0,0.0,0.0
2025-12-15 10:20:00-05:00,679.8400268554688,681.4600219726562,679.8300170898438,680.6799926757812,1560937,-0.0012200662276404,0.0012544529201758,0.0012350274757186,0.0,0.0,0.0
2025-12-15 10:25:00-05:00,679.8200073242188,680.1300048828125,679.25,679.8300170898438,1844777,-2.944784835647333e-05,0.0012350274757186,0.0008348238397734,0.0,0.0,0.0
2025-12-15 10:30:00-05:00,680.9000244140625,681.3200073242188,679.5900268554688,679.8200073242188,1824234,0.001587420323722,0.0008348238397734,0.0008361719231564,0.0,0.0,0.0
2025-12-15 10:35:00-05:00,680.4852294921875,681.2899780273438,680.1900024414062,680.9000244140625,1074133,-0.0006093718637254,0.0008361719231564,0.0010675781478676,0.0,0.0,0.0
2025-12-15 10:40:00-05:00,681.7999877929688,681.8200073242188,680.052001953125,680.489990234375,1313741,0.0019302253189072,0.0010675781478676,0.0010826000074942,0.0,0.0,0.0
2025-12-15 10:45:00-05:00,682.0800170898438,682.1300048828125,681.4500122070312,681.7999877929688,1430395,0.0004106362727034,0.0010826000074942,0.0011139814849609,0.0,0.0,0.0
2025-12-15 10:50:00-05:00,681.1500244140625,682.1599731445312,680.7349853515625,682.1099853515625,1101574,-0.0013643960178963,0.0011139814849609,0.0011041306022236,0.0,0.0,0.0
2025-12-15 10:55:00-05:00,681.1500244140625,681.39501953125,680.760009765625,681.1500244140625,706549,0.0,0.0011041306022236,0.0010372854510711,0.0,0.0,0.0
2025-12-15 11:00:00-05:00,681.030029296875,681.405029296875,680.5599975585938,681.1400146484375,916779,-0.0001761809933583,0.0010372854510711,0.0010821740334685,0.0,0.0,0.0
2025-12-15 11:05:00-05:00,681.7849731445312,681.7999877929688,680.969970703125,681.0399780273438,826470,0.0011079184240373,0.0010821740334685,0.0011137160850012,0.0,0.0,0.0
2025-12-15 11:10:00-05:00,681.030029296875,681.8892211914062,680.9099731445312,681.7899780273438,648778,-0.0011079184240373,0.0011137160850012,0.0012591531209366,0.0,0.0,0.0
2025-12-15 11:15:00-05:00,682.6300048828125,682.6599731445312,680.969970703125,681.0399780273438,1081044,0.0023465912031181,0.0012591531209366,0.0011802339277243,0.0,0.0,0.0
2025-12-15 11:20:00-05:00,682.5599975585938,682.8400268554688,682.280029296875,682.6400146484375,831473,-0.000102560558098,0.0011802339277243,0.0011747388568931,0.0,0.0,0.0
2025-12-15 11:25:00-05:00,682.7899780273438,683.0599975585938,682.530029296875,682.5700073242188,728850,0.0003368813491592,0.0011747388568931,0.0012851802451569,0.0,0.0,0.0
2025-12-15 11:30:00-05:00,681.4299926757812,682.9199829101562,681.405029296875,682.7899780273438,1232167,-0.0019937925426797,0.0012851802451569,0.0012949776259484,0.0,0.0,0.0
2025-12-15 11:35:00-05:00,680.8900146484375,681.5800170898438,680.5150146484375,681.4298095703125,1299863,-0.0007927330623035,0.0012949776259484,0.0011567676811266,0.0,0.0,0.0
2025-12-15 11:40:00-05:00,680.5499877929688,681.3499755859375,680.4099731445312,680.8800048828125,1072385,-0.0004995106092504,0.0011567676811266,0.0011445904964075,0.0,0.0,0.0
2025-12-15 11:45:00-05:00,680.5499877929688,680.739990234375,680.1400146484375,680.5700073242188,1034533,0.0,0.0011445904964075,0.0011575099998977,0.0,0.0,0.0
2025-12-15 11:50:00-05:00,681.4600219726562,681.52001953125,680.4500122070312,680.5399780273438,964369,0.0013363107592237,0.0011575099998977,0.0011857996749793,0.0,0.0,0.0
2025-12-15 11:55:00-05:00,680.8800048828125,681.739990234375,680.5800170898438,681.4500122070312,945872,-0.0008515012602659,0.0011857996749793,0.00118510560402,0.0,0.0,0.0
2025-12-15 12:00:00-05:00,680.8200073242188,681.219970703125,680.5700073242188,680.8800048828125,628134,-8.812155114149749e-05,0.00118510560402,0.001139628476502,0.0,0.0,0.0
2025-12-15 12:05:00-05:00,681.0800170898438,681.22998046875,680.6699829101562,680.8250122070312,535694,0.0003818338558234,0.001139628476502,0.0010985768531484,0.0,0.0,0.0
2025-12-15 12:10:00-05:00,680.8300170898438,681.3300170898438,680.7849731445312,681.0900268554688,643018,-0.0003671314499985,0.0010985768531484,0.0008120313829825,0.0,0.0,0.0
2025-12-15 12:15:00-05:00,680.4299926757812,680.8800048828125,680.2100219726562,680.8099975585938,682641,-0.000587726698364,0.0008120313829825,0.0008233259389676,0.0,0.0,0.0
2025-12-15 12:20:00-05:00,680.5800170898438,680.9400024414062,680.3300170898438,680.4199829101562,651621,0.0002204604133601,0.0008233259389676,0.0008110454306489,0.0,0.0,0.0
2025-12-15 12:25:00-05:00,680.6500244140625,681.0999755859375,680.510009765625,680.5800170898438,463752,0.0001028589175171,0.0008110454306489,0.0006171938100585,0.0,0.0,0.0
2025-12-15 12:30:00-05:00,680.239990234375,680.97998046875,680.0700073242188,680.6500244140625,609797,-0.0006025971058376,0.0006171938100585,0.0006443755290056,0.0,0.0,0.0
2025-12-15 12:35:00-05:00,680.8300170898438,680.889892578125,680.2349853515625,680.2349853515625,497716,0.0008670044733242,0.0006443755290056,0.0006413299406577,0.0,0.0,0.0
2025-12-15 12:40:00-05:00,681.1900024414062,681.4500122070312,680.7802124023438,680.8300170898438,975596,0.0005286050935855,0.0006413299406577,0.0007444114489425,0.0,0.0,0.0
2025-12-15 12:45:00-05:00,680.35498046875,681.4000244140625,680.3099975585938,681.1799926757812,1065583,-0.0012265802273566,0.0007444114489425,0.0006194852231651,0.0,0.0,0.0
2025-12-15 12:50:00-05:00,679.9849853515625,680.3499755859375,679.4199829101562,680.3499755859375,1060232,-0.0005439744999157,0.0006194852231651,0.0006356998511603,0.0,0.0,0.0
2025-12-15 12:55:00-05:00,680.50439453125,680.5800170898438,679.8599853515625,679.9912109375,588267,0.0007635623072163,0.0006356998511603,0.0006368188627459,0.0,0.0,0.0
2025-12-15 13:00:00-05:00,680.5700073242188,680.7999877929688,680.0050048828125,680.5,578566,9.641323491225148e-05,0.0006368188627459,0.000624272388652,0.0,0.0,0.0
2025-12-15 13:05:00-05:00,680.5999755859375,681.0999755859375,680.4600219726562,680.5800170898438,549603,4.403309226608268e-05,0.000624272388652,0.0006396762808271,0.0,0.0,0.0
2025-12-15 13:10:00-05:00,680.97998046875,681.0599975585938,680.5900268554688,680.6199951171875,380738,0.0005581822661079,0.0006396762808271,0.0006614560291453,0.0,0.0,0.0
2025-12-15 13:15:00-05:00,680.4298706054688,681.1900024414062,680.3499755859375,680.97998046875,441399,-0.0008081473669182,0.0006614560291453,0.0007003323408041,0.0,0.0,0.0
2025-12-15 13:20:00-05:00,679.8499755859375,680.6500244140625,679.8499755859375,680.4199829101562,572870,-0.0008526114038728,0.0007003323408041,0.0007029969973628,0.0,0.0,0.0
2025-12-15 13:25:00-05:00,679.97998046875,680.0800170898438,679.510009765625,679.8400268554688,641025,0.0001912075589005,0.0007029969973628,0.0006841984811855,0.0,0.0,0.0
2025-12-15 13:30:00-05:00,679.8900146484375,680.3400268554688,679.6199951171875,679.97998046875,608677,-0.0001323153253866,0.0006841984811855,0.0006235828183901,0.0,0.0,0.0
2025-12-15 13:35:00-05:00,679.9299926757812,680.3099975585938,679.6799926757812,679.8800048828125,495088,5.8798998602692015e-05,0.0006235828183901,0.0006222975828942,0.0,0.0,0.0
2025-12-15 13:40:00-05:00,680.280029296875,680.4000244140625,679.8200073242188,679.8900146484375,536983,0.000514680267262,0.0006222975828942,0.0005174906182791,0.0,0.0,0.0
2025-12-15 13:45:00-05:00,680.4199829101562,680.6300048828125,680.1900024414062,680.2899780273438,528117,0.0002057082568077,0.0005174906182791,0.0005108402898015,0.0,0.0,0.0
2025-12-15 13:50:00-05:00,680.8200073242188,680.9356079101562,680.3195190429688,680.4199829101562,457319,0.0005877353419639,0.0005108402898015,0.0004720838114815,0.0,0.0,0.0
2025-12-15 13:55:00-05:00,681.02001953125,681.4000244140625,680.780029296875,680.8300170898438,588472,0.000293738184405,0.0004720838114815,0.0004972009171628,0.0,0.0,0.0
2025-12-15 14:00:00-05:00,681.4299926757812,681.52001953125,680.8900756835938,681.02001953125,767308,0.0006018175393326,0.0004972009171628,0.0005365228034615,0.0,0.0,0.0
2025-12-15 14:05:00-05:00,681.0275268554688,681.5496826171875,680.9808959960938,681.4400024414062,521414,-0.0005907939532048,0.0005365228034615,0.000521672676918,0.0,0.0,0.0
2025-12-15 14:10:00-05:00,680.7999877929688,681.2000122070312,680.7899780273438,681.02001953125,668167,-0.0003341672306806,0.000521672676918,0.0004652369231454,0.0,0.0,0.0
2025-12-15 14:15:00-05:00,681.010009765625,681.02001953125,680.4400024414062,680.7999877929688,727570,0.0003084453406831,0.0004652369231454,0.0003892073156449,0.0,0.0,0.0
2025-12-15 14:20:00-05:00,680.7849731445312,681.159912109375,680.5,681.010498046875,822944,-0.0003305000032548,0.0003892073156449,0.000388576640493,0.0,0.0,0.0
2025-12-15 14:25:00-05:00,680.8355102539062,681.02001953125,680.6599731445312,680.77001953125,487993,7.423083012387779e-05,0.000388576640493,0.0003842818172595,0.0,0.0,0.0
2025-12-15 14:30:00-05:00,680.8095092773438,681.0900268554688,680.5900268554688,680.8350219726562,539203,-3.8190535995316936e-05,0.0003842818172595,0.0003905813626623,0.0,0.0,0.0
2025-12-15 14:35:00-05:00,680.719970703125,680.9550170898438,680.5599975585938,680.8099975585938,592028,-0.0001315264570681,0.0003905813626623,0.0003735690572068,0.0,0.0,0.0
2025-12-15 14:40:00-05:00,680.60498046875,681.0,680.510009765625,680.739990234375,463043,-0.000168938701299,0.0003735690572068,0.0003707144444079,0.0,0.0,0.0
2025-12-15 14:45:00-05:00,680.6798095703125,680.6799926757812,680.4400024414062,680.5999755859375,692994,0.0001099389373705,0.0003707144444079,0.0003707205197528,0.0,0.0,0.0
2025-12-15 14:50:00-05:00,681.0800170898438,681.0800170898438,680.5499877929688,680.6699829101562,912358,0.000587779905411,0.0003707205197528,0.0004428978601628,0.0,0.0,0.0
2025-12-15 14:55:00-05:00,681.689697265625,681.780029296875,681.0549926757812,681.0800170898438,718579,0.0008947663130976,0.0004428978601628,0.0004439649527223,0.0,0.0,0.0
2025-12-15 15:00:00-05:00,681.3200073242188,681.6900024414062,681.02001953125,681.6900024414062,708537,-0.0005424612153924,0.0004439649527223,0.0004212594608899,0.0,0.0,0.0
2025-12-15 15:05:00-05:00,681.6199951171875,681.669921875,681.2849731445312,681.3099975585938,749207,0.0004402069016623,0.0004212594608899,0.0004380624778783,0.0,0.0,0.0
2025-12-15 15:10:00-05:00,681.280029296875,681.739990234375,681.280029296875,681.6199951171875,815076,-0.0004988859362737,0.0004380624778783,0.0004332185971224,0.0,0.0,0.0
2025-12-15 15:15:00-05:00,681.2000122070312,681.5850219726562,681.0700073242188,681.280029296875,896944,-0.0001174579993809,0.0004332185971224,0.0004360523672581,0.0,0.0,0.0
2025-12-15 15:20:00-05:00,680.9500122070312,681.219970703125,680.6900024414062,681.2100219726562,1092406,-0.0003670667669878,0.0004360523672581,0.0004381893644654,0.0,0.0,0.0
2025-12-15 15:25:00-05:00,681.0700073242188,681.1900024414062,680.72998046875,680.9500122070312,1157007,0.0001762016942149,0.0004381893644654,0.0004586886271952,0.0,0.0,0.0
2025-12-15 15:30:00-05:00,680.77001953125,681.25,680.6099853515625,681.0900268554688,1207185,-0.0004405624624114,0.0004586886271952,0.0004944199074638,0.0,0.0,0.0
2025-12-15 15:35:00-05:00,681.219970703125,681.239990234375,680.6400146484375,680.7750244140625,1082719,0.0006607261308384,0.0004944199074638,0.0005485315081727,0.0,0.0,0.0
2025-12-15 15:40:00-05:00,680.6900024414062,681.3350219726562,680.5499877929688,681.2020263671875,1183800,-0.0007782721309332,0.0005485315081727,0.0005848216994827,0.0,0.0,0.0
2025-12-15 15:45:00-05:00,681.1749877929688,681.239990234375,680.6099853515625,680.6898803710938,1916303,0.0007122370800955,0.0005848216994827,0.0005744065893761,0.0,0.0,0.0
2025-12-15 15:50:00-05:00,680.8900146484375,681.5999755859375,680.760009765625,681.1799926757812,2770420,-0.0004184428029184,0.0005744065893761,0.0004984332379481,0.0,0.0,0.0
2025-12-15 15:55:00-05:00,680.7100219726562,681.239990234375,680.6599731445312,680.8900146484375,5353622,-0.0002643840657882,0.0004984332379481,0.0006682691928992,0.0,0.0,0.0
2025-12-16 09:30:00-05:00,679.5599975585938,680.5001220703125,678.8300170898438,679.22998046875,4481887,-0.00169087706345,0.0006682691928992,0.0006371831587599,0.0,0.0,0.0
2025-12-16 09:35:00-05:00,679.47998046875,680.469970703125,679.280029296875,679.5599975585938,1872282,-0.0001177553143835,0.0006371831587599,0.0006933500659167,0.0,0.0,0.0
2025-12-16 09:40:00-05:00,678.6500854492188,679.5700073242188,678.1500244140625,679.47998046875,1426856,-0.0012221143521508,0.0006933500659167,0.000875409255527,0.0,0.0,0.0
2025-12-16 09:45:00-05:00,679.6849975585938,680.0499877929688,677.6799926757812,678.72998046875,1648073,0.0015237953029007,0.000875409255527,0.0008837184957368,0.0,0.0,0.0
2025-12-16 09:50:00-05:00,679.885009765625,681.02001953125,679.5756225585938,679.6900024414062,1674378,0.0002942286272816,0.0008837184957368,0.0009778886460939,0.0,0.0,0.0
2025-12-16 09:55:00-05:00,680.7899780273438,681.0,679.6400146484375,679.8800048828125,1005371,0.0013301756896725,0.0009778886460939,0.0010502364954143,0.0,0.0,0.0
2025-12-16 10:00:00-05:00,679.8400268554688,681.0800170898438,679.0599975585938,680.8200073242188,1321856,-0.0013963404052748,0.0010502364954143,0.0010216878848839,0.0,0.0,0.0
2025-12-16 10:05:00-05:00,679.6699829101562,680.8800048828125,679.489990234375,679.9099731445312,1003260,-0.0002501547542538,0.0010216878848839,0.0010109042776891,0.0,0.0,0.0
2025-12-16 10:10:00-05:00,679.3150024414062,679.8200073242188,678.97998046875,679.6599731445312,1041566,-0.0005224200129505,0.0010109042776891,0.0010280064209009,0.0,0.0,0.0
2025-12-16 10:15:00-05:00,678.3599853515625,679.530029296875,678.030029296875,679.280029296875,1123077,-0.0014068422206271,0.0010280064209009,0.0010855637704352,0.0,0.0,0.0
2025-12-16 10:20:00-05:00,677.309814453125,678.469970703125,677.260009765625,678.3499755859375,1335450,-0.0015493022100993,0.0010855637704352,0.0011231662396289,0.0,0.0,0.0
2025-12-16 10:25:00-05:00,677.6900024414062,677.8800048828125,676.4400024414062,677.3049926757812,2042679,0.0005611631728917,0.0011231662396289,0.0010783487939072,0.0,0.0,0.0
2025-12-16 10:30:00-05:00,678.1599731445312,678.6900024414062,677.5499877929688,677.7100219726562,1353197,0.000693248855566,0.0010783487939072,0.0010806442808787,0.0,0.0,0.0
2025-12-16 10:35:00-05:00,677.8699951171875,678.5999755859375,677.0399780273438,678.1799926757812,1490874,-0.000427686759955,0.0010806442808787,0.0010398246003653,0.0,0.0,0.0
2025-12-16 10:40:00-05:00,678.1099853515625,678.219970703125,677.02001953125,677.8699951171875,899067,0.0003539731269451,0.0010398246003653,0.000938095949932,0.0,0.0,0.0
2025-12-16 10:45:00-05:00,678.489990234375,679.0,678.0800170898438,678.1400146484375,1069645,0.0005602313129739,0.000938095949932,0.0009596467871674,0.0,0.0,0.0
2025-12-16 10:50:00-05:00,678.9400024414062,679.1400146484375,677.5800170898438,678.4600219726562,799087,0.0006630356275394,0.0009596467871674,0.0008502512350211,0.0,0.0,0.0
2025-12-16 10:55:00-05:00,679.0,679.4149780273438,678.469970703125,678.9199829101562,812453,8.836555153384487e-05,0.0008502512350211,0.0007727824040998,0.0,0.0,0.0
2025-12-16 11:00:00-05:00,678.6699829101562,679.32177734375,678.5399780273438,678.989990234375,586062,-0.000486152158474,0.0007727824040998,0.0007862192712387,0.0,0.0,0.0
2025-12-16 11:05:00-05:00,678.22998046875,678.8499755859375,677.9400024414062,678.6699829101562,1597064,-0.0006485407453809,0.0007862192712387,0.0007962867230385,0.0,0.0,0.0
2025-12-16 11:10:00-05:00,677.739990234375,678.3900146484375,677.469970703125,678.239990234375,841231,-0.000722715497082,0.0007962867230385,0.0007025143492197,0.0,0.0,0.0
2025-12-16 11:15:00-05:00,677.510009765625,677.8599853515625,676.8699951171875,677.739990234375,883278,-0.0003393919512379,0.0007025143492197,0.000562823676796,0.0,0.0,0.0
2025-12-16 11:20:00-05:00,677.1199951171875,677.6699829101562,677.030029296875,677.5,612128,-0.0005758246278441,0.000562823676796,0.0005326327944611,0.0,0.0,0.0
2025-12-16 11:25:00-05:00,677.135009765625,677.2899780273438,676.8099975585938,677.1300048828125,579283,2.2174034260820165e-05,0.0005326327944611,0.0005141102708565,0.0,0.0,0.0
2025-12-16 11:30:00-05:00,677.5,677.6500244140625,676.780029296875,677.1400146484375,718964,0.0005388761409178,0.0005141102708565,0.0005086311512317,0.0,0.0,0.0
2025-12-16 11:35:00-05:00,677.280029296875,677.739990234375,676.6099853515625,677.510009765625,706119,-0.0003247327245769,0.0005086311512317,0.0004959194606736,0.0,0.0,0.0
2025-12-16 11:40:00-05:00,677.375,677.4199829101562,676.6900024414062,677.27001953125,515399,0.0001402138569992,0.0004959194606736,0.0005474322046272,0.0,0.0,0.0
2025-12-16 11:45:00-05:00,678.0,678.02001953125,677.0399780273438,677.364990234375,730229,0.0009222540541173,0.0005474322046272,0.0005236652412092,0.0,0.0,0.0
2025-12-16 11:50:00-05:00,677.5330200195312,678.489990234375,677.2150268554688,678.0150146484375,656225,-0.0006889983379906,0.0005236652412092,0.000638731600217,0.0,0.0,0.0
2025-12-16 11:55:00-05:00,678.280029296875,678.4600219726562,677.4299926757812,677.52001953125,518254,0.0011019356294131,0.000638731600217,0.0006423865715327,0.0,0.0,0.0
2025-12-16 12:00:00-05:00,678.5800170898438,678.760009765625,677.989990234375,678.2999877929688,608568,0.0004421794254396,0.0006423865715327,0.0006651301592343,0.0,0.0,0.0
2025-12-16 12:05:00-05:00,677.989990234375,678.739990234375,677.989990234375,678.5599975585938,615386,-0.0008698804919597,0.0006651301592343,0.0006730750128521,0.0,0.0,0.0
2025-12-16 12:10:00-05:00,678.5800170898438,678.6400146484375,677.4600219726562,677.989990234375,641206,0.0008698804919595,0.0006730750128521,0.0006589360542551,0.0,0.0,0.0
2025-12-16 12:15:00-05:00,678.6199951171875,678.9400024414062,678.4500122070312,678.5800170898438,440310,5.8912506625088094e-05,0.0006589360542551,0.0007103706578523,0.0,0.0,0.0
2025-12-16 12:20:00-05:00,677.9400024414062,678.6900024414062,677.8800048828125,678.5999755859375,434630,-0.0010025251134599,0.0007103706578523,0.0007594524246006,0.0,0.0,0.0
2025-12-16 12:25:00-05:00,677.3800048828125,677.9531860351562,677.02001953125,677.9299926757812,705633,-0.0008263695473177,0.0007594524246006,0.0007909710691021,0.0,0.0,0.0
2025-12-16 12:30:00-05:00,678.010009765625,678.0499877929688,677.2999877929688,677.3748168945312,654486,0.0009296289944223,0.0007909710691021,0.0008698170208309,0.0,0.0,0.0
2025-12-16 12:35:00-05:00,677.1799926757812,678.280029296875,676.9500122070312,678.010009765625,550580,-0.0012249458631403,0.0008698170208309,0.0008896451312798,0.0,0.0,0.0
2025-12-16 12:40:00-05:00,676.7100219726562,677.2000122070312,676.3049926757812,677.1699829101562,674400,-0.000694252438406,0.0008896451312798,0.0008317033759355,0.0,0.0,0.0
2025-12-16 12:45:00-05:00,676.6300048828125,677.1300048828125,676.5449829101562,676.739990234375,540139,-0.0001182512721845,0.0008317033759355,0.0008189242797152,0.0,0.0,0.0
2025-12-16 12:50:00-05:00,676.3699951171875,676.6420288085938,676.1300048828125,676.635009765625,476523,-0.0003843455562834,0.0008189242797152,0.0007627754341743,0.0,0.0,0.0
2025-12-16 12:55:00-05:00,675.5999755859375,676.510009765625,675.4199829101562,676.3900146484375,1377426,-0.0011391075707282,0.0007627754341743,0.0007609213359899,0.0,0.0,0.0
2025-12-16 13:00:00-05:00,675.885009765625,675.9600219726562,674.97998046875,675.6099853515625,1554130,0.0004218088798664,0.0007609213359899,0.0007422588376685,0.0,0.0,0.0
2025-12-16 13:05:00-05:00,675.7550048828125,676.010009765625,675.0599975585938,675.864990234375,1134995,-0.000192366135664,0.0007422588376685,0.000690191831006,0.0,0.0,0.0
2025-12-16 13:10:00-05:00,676.0499877929688,676.0700073242188,675.22998046875,675.7487182617188,797117,0.0004364282073768,0.000690191831006,0.0006912223573539,0.0,0.0,0.0
2025-12-16 13:15:00-05:00,675.530029296875,676.0800170898438,675.3599243164062,676.0399780273438,605670,-0.0007694084185472,0.0006912223573539,0.0007260996422404,0.0,0.0,0.0
2025-12-16 13:20:00-05:00,676.0050048828125,676.0349731445312,675.3400268554688,675.530029296875,569267,0.00070286835854,0.0007260996422404,0.0007129320378739,0.0,0.0,0.0
2025-12-16 13:25:00-05:00,675.5900268554688,676.2000122070312,675.4349975585938,676.010009765625,688581,-0.0006140567709094,0.0007129320378739,0.0007969632195419,0.0,0.0,0.0
2025-12-16 13:30:00-05:00,676.5599975585938,676.6099853515625,675.5599975585938,675.5900268554688,1067335,0.0014347089479612,0.0007969632195419,0.0007754741839602,0.0,0.0,0.0
2025-12-16 13:35:00-05:00,677.14501953125,677.2999877929688,676.469970703125,676.5700073242188,969941,0.0008643271638818,0.0007754741839602,0.0007950752980309,0.0,0.0,0.0
2025-12-16 13:40:00-05:00,677.8400268554688,677.9299926757812,677.1300048828125,677.1400146484375,810811,0.0010258524801032,0.0007950752980309,0.0007969666108897,0.0,0.0,0.0
2025-12-16 13:45:00-05:00,678.1799926757812,678.3599853515625,677.780029296875,677.8599853515625,888677,0.000501417121486,0.0007969666108897,0.0008100350871551,0.0,0.0,0.0
2025-12-16 13:50:00-05:00,677.7999877929688,678.6099853515625,677.7050170898438,678.1699829101562,883508,-0.0005604874677121,0.0008100350871551,0.0006987187167951,0.0,0.0,0.0
2025-12-16 13:55:00-05:00,677.8599853515625,678.0382080078125,677.6400146484375,677.7999877929688,908451,8.851416995630302e-05,0.0006987187167951,0.0009488238686269,0.0,0.0,0.0
2025-12-16 14:00:00-05:00,676.530029296875,677.9000244140625,676.5,677.8499755859375,1186600,-0.0019639195029069,0.0009488238686269,0.0009471025434408,0.0,0.0,0.0
2025-12-16 14:05:00-05:00,676.75,676.8900146484375,676.3599853515625,676.52001953125,1843044,0.0003250926641939,0.0009471025434408,0.0009835843569671,0.0,0.0,0.0
2025-12-16 14:10:00-05:00,676.1500244140625,676.8599853515625,676.010009765625,676.760009765625,1117407,-0.0008869474675773,0.0009835843569671,0.0009595638930999,0.0,0.0,0.0
2025-12-16 14:15:00-05:00,675.9299926757812,676.3099975585938,675.8800048828125,676.155029296875,803968,-0.0003254714771944,0.0009595638930999,0.0009599983050563,0.0,0.0,0.0
2025-12-16 14:20:00-05:00,676.4099731445312,676.6599731445312,675.8599853515625,675.9299926757812,926803,0.0007098518139461,0.0009599983050563,0.0009674942218641,0.0,0.0,0.0
2025-12-16 14:25:00-05:00,677.0499877929688,677.0800170898438,675.9199829101562,676.4000244140625,1106811,0.000945746035514,0.0009674942218641,0.0008960159034098,0.0,0.0,0.0
2025-12-16 14:30:00-05:00,677.4500122070312,677.5399780273438,676.9299926757812,677.0399780273438,856708,0.000590659912429,0.0008960159034098,0.0008641014700808,0.0,0.0,0.0
2025-12-16 14:35:00-05:00,677.52001953125,677.8900146484375,677.280029296875,677.4500122070312,623883,0.0001033341293773,0.0008641014700808,0.0008290103878705,0.0,0.0,0.0
2025-12-16 14:40:00-05:00,677.9349975585938,678.1300048828125,677.22998046875,677.5250244140625,715885,0.0006123080959191,0.0008290103878705,0.0008152096549441,0.0,0.0,0.0
2025-12-16 14:45:00-05:00,677.8350219726562,678.0899047851562,677.4901123046875,677.9500122070312,2103824,-0.0001474816298907,0.0008152096549441,0.0008103802574208,0.0,0.0,0.0
2025-12-16 14:50:00-05:00,678.1599731445312,678.5800170898438,677.7000122070312,677.8400268554688,825987,0.0004792807927249,0.0008103802574208,0.0008170691527051,0.0,0.0,0.0
2025-12-16 14:55:00-05:00,677.9400024414062,678.2000122070312,677.8200073242188,678.1799926757812,1130280,-0.0003244166492358,0.0008170691527051,0.0005936038339337,0.0,0.0,0.0
2025-12-16 15:00:00-05:00,678.6950073242188,678.75,677.6300048828125,677.9400024414062,1761375,0.0011130553985782,0.0005936038339337,0.0005939020437478,0.0,0.0,0.0
2025-12-16 15:05:00-05:00,678.8099975585938,678.97998046875,678.4099731445312,678.7000122070312,847178,0.0001694140857476,0.0005939020437478,0.0005663997299723,0.0,0.0,0.0
2025-12-16 15:10:00-05:00,678.3200073242188,679.010009765625,678.2999877929688,678.8099975585938,1298503,-0.0007220977414148,0.0005663997299723,0.0005377372258164,0.0,0.0,0.0
2025-12-16 15:15:00-05:00,678.6699829101562,678.72998046875,678.260009765625,678.3300170898438,824270,0.0005158116068883,0.0005377372258164,0.0005459416599323,0.0,0.0,0.0
2025-12-16 15:20:00-05:00,679.22998046875,679.2550048828125,678.5750122070312,678.6649780273438,901370,0.0008247994777866,0.0005459416599323,0.0005214324575134,0.0,0.0,0.0
2025-12-16 15:25:00-05:00,679.2000122070312,679.260009765625,678.97998046875,679.22998046875,857253,-4.41219082104743e-05,0.0005214324575134,0.0005458490475726,0.0,0.0,0.0
2025-12-16 15:30:00-05:00,679.8098754882812,680.0,679.1699829101562,679.1950073242188,1609993,0.0008975112362466,0.0005458490475726,0.0005435322713447,0.0,0.0,0.0
2025-12-16 15:35:00-05:00,680.0900268554688,680.5599975585938,679.7899780273438,679.7999877929688,1679542,0.0004120176355154,0.0005435322713447,0.0005500049045632,0.0,0.0,0.0
2025-12-16 15:40:00-05:00,679.989990234375,680.2999877929688,679.7899780273438,680.0850219726562,2157198,-0.000147104023318,0.0005500049045632,0.000566533610923,0.0,0.0,0.0
2025-12-16 15:45:00-05:00,679.75,680.0900268554688,679.4500122070312,680.0,1385883,-0.0003529943056622,0.000566533610923,0.0005613277790805,0.0,0.0,0.0
2025-12-16 15:50:00-05:00,679.9099731445312,680.3900146484375,679.6987915039062,679.75,2749116,0.0002353134584073,0.0005613277790805,0.00074769551281,0.0,0.0,0.0
2025-12-16 15:55:00-05:00,678.8599853515625,680.4099731445312,678.8200073242188,679.9000244140625,7519080,-0.0015454978164629,0.00074769551281,0.0007785539788053,0.0,0.0,0.0
2025-12-17 09:30:00-05:00,679.7750244140625,680.4349975585938,679.1950073242188,679.8900146484375,3733321,0.0013469978239585,0.0007785539788053,0.000899994873306,0.0,0.0,0.0
2025-12-17 09:35:00-05:00,678.7999877929688,680.0349731445312,678.7899780273438,679.77001953125,2062901,-0.0014353816016637,0.000899994873306,0.0008817044441068,0.0,0.0,0.0
2025-12-17 09:40:00-05:00,678.52001953125,679.1849975585938,678.1099853515625,678.7949829101562,1592042,-0.0004125309642214,0.0008817044441068,0.0008689392280501,0.0,0.0,0.0
2025-12-17 09:45:00-05:00,678.5999755859375,678.8300170898438,677.5999755859375,678.52001953125,1849526,0.0001178319604273,0.0008689392280501,0.0008337600565474,0.0,0.0,0.0
2025-12-17 09:50:00-05:00,678.3200073242188,679.0499877929688,678.1699829101562,678.5999755859375,1166849,-0.0004126525796916,0.0008337600565474,0.0009405976965826,0.0,0.0,0.0
2025-12-17 09:55:00-05:00,679.2650146484375,679.52001953125,677.8699951171875,678.3200073242188,1013751,0.0013921890144003,0.0009405976965826,0.0009019497966188,0.0,0.0,0.0
2025-12-17 10:00:00-05:00,679.0150146484375,679.510009765625,678.5,679.260009765625,1262146,-0.0003681126092274,0.0009019497966188,0.000906850534288,0.0,0.0,0.0
2025-12-17 10:05:00-05:00,678.47998046875,679.6799926757812,678.4199829101562,679.0150146484375,856792,-0.0007882669318358,0.000906850534288,0.0009340272803283,0.0,0.0,0.0
2025-12-17 10:10:00-05:00,678.8699951171875,679.0399780273438,678.2100219726562,678.489990234375,635713,0.0005746707425291,0.0009340272803283,0.0009544144349435,0.0,0.0,0.0
2025-12-17 10:15:00-05:00,678.302001953125,679.0599975585938,678.1500244140625,678.8800048828125,556858,-0.00083702463424,0.0009544144349435,0.0009809389988449,0.0,0.0,0.0
2025-12-17 10:20:00-05:00,678.77001953125,679.3699951171875,678.1099853515625,678.3099975585938,863666,0.0006897461435657,0.0009809389988449,0.000878293097477,0.0,0.0,0.0
2025-12-17 10:25:00-05:00,678.9299926757812,679.3400268554688,678.1599731445312,678.77001953125,831000,0.0002356531543539,0.000878293097477,0.000862992348487,0.0,0.0,0.0
2025-12-17 10:30:00-05:00,677.9400024414062,679.1699829101562,677.9299926757812,678.9199829101562,902030,-0.0014592266224568,0.000862992348487,0.0008663299914854,0.0,0.0,0.0
2025-12-17 10:35:00-05:00,676.9500122070312,678.0499877929688,676.780029296875,677.9299926757812,1737414,-0.0014613590769058,0.0008663299914854,0.0009243432611948,0.0,0.0,0.0
2025-12-17 10:40:00-05:00,676.0399780273438,677.2899780273438,675.594970703125,676.9500122070312,1555282,-0.0013452195854962,0.0009243432611948,0.0009163088579529,0.0,0.0,0.0
2025-12-17 10:45:00-05:00,675.9349975585938,676.4199829101562,675.2100219726562,676.030029296875,2401800,-0.0001552994261827,0.0009163088579529,0.0010042974364625,0.0,0.0,0.0
2025-12-17 10:50:00-05:00,674.7550048828125,676.1500244140625,674.5,675.9400024414062,1723372,-0.0017472447028479,0.0010042974364625,0.0008272635504951,0.0,0.0,0.0
2025-12-17 10:55:00-05:00,674.5599975585938,674.9299926757812,674.02001953125,674.75,1527204,-0.0002890464053591,0.0008272635504951,0.0009089255253611,0.0,0.0,0.0
2025-12-17 11:00:00-05:00,675.0499877929688,675.2150268554688,674.2100219726562,674.5499877929688,1371507,0.0007261212664729,0.0009089255253611,0.0009243416696377,0.0,0.0,0.0
2025-12-17 11:05:00-05:00,675.1900024414062,675.7000122070312,674.8800048828125,675.0698852539062,1063873,0.0002073922413082,0.0009243416696377,0.0010000530259795,0.0,0.0,0.0
2025-12-17 11:10:00-05:00,673.7100219726562,675.52001953125,673.6699829101562,675.1799926757812,1341786,-0.0021943524884396,0.0010000530259795,0.0011378579140225,0.0,0.0,0.0
2025-12-17 11:15:00-05:00,674.5698852539062,674.8800048828125,673.4299926757812,673.7000122070312,1399549,0.0012754968656235,0.0011378579140225,0.0011032753506983,0.0,0.0,0.0
2025-12-17 11:20:00-05:00,674.72998046875,675.2000122070312,674.0999755859375,674.5499877929688,1275940,0.0002373011658298,0.0011032753506983,0.0010857479598218,0.0,0.0,0.0
2025-12-17 11:25:00-05:00,674.635009765625,675.389892578125,674.5800170898438,674.719970703125,646202,-0.0001407635502167,0.0010857479598218,0.0010642923480428,0.0,0.0,0.0
2025-12-17 11:30:00-05:00,673.8699951171875,674.6300048828125,673.6199951171875,674.6300048828125,1113111,-0.0011346116295262,0.0010642923480428,0.0010369358431909,0.0,0.0,0.0
2025-12-17 11:35:00-05:00,674.02001953125,674.760009765625,673.5045166015625,673.8499755859375,1000862,0.0002226063151319,0.0010369358431909,0.0010127683455828,0.0,0.0,0.0
2025-12-17 11:40:00-05:00,674.3399047851562,674.6699829101562,673.635009765625,674.0399780273438,747775,0.0004744805213188,0.0010127683455828,0.0010176114805918,0.0,0.0,0.0
2025-12-17 11:45:00-05:00,673.9600830078125,674.739990234375,673.6199951171875,674.3099975585938,623511,-0.0005634084266553,0.0010176114805918,0.000901842663911,0.0,0.0,0.0
2025-12-17 11:50:00-05:00,673.7849731445312,674.260009765625,673.0700073242188,673.9600219726562,1077952,-0.0002598560662007,0.000901842663911,0.0009269407489856,0.0,0.0,0.0
2025-12-17 11:55:00-05:00,674.22998046875,674.2650146484375,673.1799926757812,673.77001953125,913041,0.0006602409553269,0.0009269407489856,0.0009607114078761,0.0,0.0,0.0
2025-12-17 12:00:00-05:00,673.3400268554688,674.489990234375,673.0800170898438,674.219970703125,1389587,-0.0013208274714152,0.0009607114078761,0.0009561934418442,0.0,0.0,0.0
2025-12-17 12:05:00-05:00,673.3900146484375,674.0700073242188,673.3099975585938,673.3400268554688,766129,7.423580294657328e-05,0.0009561934418442,0.0007272979272547,0.0,0.0,0.0
2025-12-17 12:10:00-05:00,673.4000244140625,674.239990234375,673.1900024414062,673.3800048828125,706962,1.4864626756664031e-05,0.0007272979272547,0.0006994342717965,0.0,0.0,0.0
2025-12-17 12:15:00-05:00,674.139892578125,674.594970703125,673.1799926757812,673.39501953125,780469,0.0010981021475936,0.0006994342717965,0.000795163385001,0.0,0.0,0.0
2025-12-17 12:20:00-05:00,674.99560546875,675.0399780273438,674.0999755859375,674.1300048828125,538930,0.0012685353051841,0.000795163385001,0.0008778283534148,0.0,0.0,0.0
2025-12-17 12:25:00-05:00,674.1500244140625,675.0499877929688,674.030029296875,675.02001953125,693677,-0.0012535061400023,0.0008778283534148,0.000816700006423,0.0,0.0,0.0
2025-12-17 12:30:00-05:00,674.4199829101562,675.0700073242188,674.094970703125,674.1599731445312,530960,0.0004003626036965,0.000816700006423,0.000855139132698,0.0,0.0,0.0
2025-12-17 12:35:00-05:00,673.853515625,674.7449951171875,673.8400268554688,674.4099731445312,419733,-0.0008402854748722,0.000855139132698,0.0008455780606751,0.0,0.0,0.0
2025-12-17 12:40:00-05:00,673.5999755859375,674.4299926757812,673.469970703125,673.8499755859375,584632,-0.0003763247395304,0.0008455780606751,0.0008332553719756,0.0,0.0,0.0
2025-12-17 12:45:00-05:00,673.47998046875,673.6699829101562,673.0,673.6099853515625,847431,-0.0001781558948532,0.0008332553719756,0.0008312955904066,0.0,0.0,0.0
2025-12-17 12:50:00-05:00,673.5150146484375,674.0999755859375,673.385009765625,673.47802734375,709552,5.2018277458277154e-05,0.0008312955904066,0.0008159809425953,0.0,0.0,0.0
2025-12-17 12:55:00-05:00,673.7999877929688,674.0599975585938,673.5050048828125,673.510009765625,424543,0.0004230237891872,0.0008159809425953,0.0007607917096459,0.0,0.0,0.0
2025-12-17 13:00:00-05:00,674.469970703125,674.7617797851562,673.8099975585938,673.8099975585938,496823,0.0009938409753633,0.0007607917096459,0.0007766742000584,0.0,0.0,0.0
2025-12-17 13:05:00-05:00,674.2000122070312,674.8765258789062,674.1900024414062,674.469970703125,535474,-0.0004003329252077,0.0007766742000584,0.0008542919436259,0.0,0.0,0.0
2025-12-17 13:10:00-05:00,673.4398803710938,674.2100219726562,673.375,674.2100219726562,574331,-0.0011280935222168,0.0008542919436259,0.0007852974404122,0.0,0.0,0.0
2025-12-17 13:15:00-05:00,673.2050170898438,673.6300048828125,673.0800170898438,673.4199829101562,847461,-0.00034881249552,0.0007852974404122,0.0006941115894772,0.0,0.0,0.0
2025-12-17 13:20:00-05:00,673.5900268554688,673.719970703125,673.02001953125,673.2100219726562,746893,0.0005717421932072,0.0006941115894772,0.00060943862522,0.0,0.0,0.0
2025-12-17 13:25:00-05:00,673.3699951171875,673.7664794921875,673.2100219726562,673.5750122070312,665732,-0.0003267086426457,0.00060943862522,0.0005892066777177,0.0,0.0,0.0
2025-12-17 13:30:00-05:00,673.3099975585938,673.4099731445312,673.010009765625,673.3599853515625,535204,-8.910440336193049e-05,0.0005892066777177,0.000569908825207,0.0,0.0,0.0
2025-12-17 13:35:00-05:00,672.8800048828125,673.6199951171875,672.8151245117188,673.3099975585938,901382,-0.0006388291246032,0.000569908825207,0.000565966154086,0.0,0.0,0.0
2025-12-17 13:40:00-05:00,672.7100219726562,672.97998046875,672.0800170898438,672.8599853515625,1696925,-0.0002526518592854,0.000565966154086,0.000569983059378,0.0,0.0,0.0
2025-12-17 13:45:00-05:00,672.4749755859375,673.010009765625,672.1998901367188,672.7100219726562,879811,-0.0003494632924651,0.000569983059378,0.000567861886985,0.0,0.0,0.0
2025-12-17 13:50:00-05:00,672.3200073242188,672.719970703125,672.1599731445312,672.4600219726562,865807,-0.0002304712084356,0.000567861886985,0.0005614980290182,0.0,0.0,0.0
2025-12-17 13:55:00-05:00,672.5549926757812,672.6599731445312,672.2000122070312,672.3200073242188,1619051,0.0003494530777265,0.0005614980290182,0.000431417488258,0.0,0.0,0.0
2025-12-17 14:00:00-05:00,672.2899780273438,672.7550048828125,672.0549926757812,672.5549926757812,1032822,-0.0003941192593066,0.000431417488258,0.0004452131523195,0.0,0.0,0.0
2025-12-17 14:05:00-05:00,672.3900146484375,672.6500244140625,672.239990234375,672.2899780273438,928433,0.0001487887405527,0.0004452131523195,0.0003747369685583,0.0,0.0,0.0
2025-12-17 14:10:00-05:00,672.6500244140625,672.8699951171875,672.239990234375,672.3900146484375,948118,0.0003866201173386,0.0003747369685583,0.0003688308784387,0.0,0.0,0.0
2025-12-17 14:15:00-05:00,672.7000122070312,673.0,672.5999755859375,672.6400146484375,994624,7.431195098834519e-05,0.0003688308784387,0.0003151039134363,0.0,0.0,0.0
2025-12-17 14:20:00-05:00,672.75,672.9299926757812,672.3350219726562,672.6900024414062,900591,7.430642913248519e-05,0.0003151039134363,0.0003218526219775,0.0,0.0,0.0
2025-12-17 14:25:00-05:00,672.469970703125,672.8400268554688,672.3300170898438,672.75,710351,-0.00041633235756,0.0003218526219775,0.0003242791609117,0.0,0.0,0.0
2025-12-17 14:30:00-05:00,672.2999877929688,672.8699951171875,672.219970703125,672.4600219726562,1012054,-0.0002528059315835,0.0003242791609117,0.0003427974629621,0.0,0.0,0.0
2025-12-17 14:35:00-05:00,672.7045288085938,672.780029296875,672.219970703125,672.280029296875,706080,0.0006015459767317,0.0003427974629621,0.0003350052432977,0.0,0.0,0.0
2025-12-17 14:40:00-05:00,672.7100219726562,672.9199829101562,672.489990234375,672.7000122070312,1063235,8.165756880343546e-06,0.0003350052432977,0.0003211871834917,0.0,0.0,0.0
2025-12-17 14:45:00-05:00,672.8599853515625,672.9500122070312,672.5900268554688,672.7100219726562,653776,0.0002228994087426,0.0003211871834917,0.0003219791190632,0.0,0.0,0.0
2025-12-17 14:50:00-05:00,673.1199951171875,673.219970703125,672.614990234375,672.8599853515625,1241300,0.0003863501279842,0.0003219791190632,0.0003126811238579,0.0,0.0,0.0
2025-12-17 14:55:00-05:00,673.1300048828125,673.2977905273438,672.97998046875,673.1199951171875,886779,1.487058960104637e-05,0.0003126811238579,0.0003650556266987,0.0,0.0,0.0
2025-12-17 15:00:00-05:00,672.6500244140625,673.3200073242188,672.5700073242188,673.1199951171875,971574,-0.0007133119509174,0.0003650556266987,0.0003655636176205,0.0,0.0,0.0
2025-12-17 15:05:00-05:00,672.5850219726562,672.8099975585938,672.4149780273438,672.6500244140625,1225475,-9.664101694555969e-05,0.0003655636176205,0.0003588822497339,0.0,0.0,0.0
2025-12-17 15:10:00-05:00,672.7899780273438,672.9400024414062,672.510009765625,672.6099853515625,847526,0.0003046824212922,0.0003588822497339,0.0003610880960134,0.0,0.0,0.0
2025-12-17 15:15:00-05:00,672.9000244140625,673.239990234375,672.75,672.760009765625,1009873,0.0001635538448891,0.0003610880960134,0.0003610878206445,0.0,0.0,0.0
2025-12-17 15:20:00-05:00,672.9500122070312,673.0250244140625,672.8099975585938,672.8900146484375,776117,7.428434317568005e-05,0.0003610878206445,0.000390377157314,0.0,0.0,0.0
2025-12-17 15:25:00-05:00,672.52001953125,672.9500122070312,672.239990234375,672.9500122070312,955933,-0.0006391709666915,0.000390377157314,0.0003819780943099,0.0,0.0,0.0
2025-12-17 15:30:00-05:00,672.510009765625,672.780029296875,671.9500122070312,672.530029296875,1254687,-1.4884077540515158e-05,0.0003819780943099,0.0003539304764991,0.0,0.0,0.0
2025-12-17 15:35:00-05:00,672.2349853515625,672.5599975585938,672.1749877929688,672.5,930021,-0.000409035793248,0.0003539304764991,0.000436760877312,0.0,0.0,0.0
2025-12-17 15:40:00-05:00,672.7899780273438,672.9000244140625,672.1799926757812,672.239990234375,1363198,0.0008252526494152,0.000436760877312,0.0004389223921197,0.0,0.0,0.0
2025-12-17 15:45:00-05:00,672.969970703125,672.97998046875,672.47998046875,672.7899780273438,1334256,0.0002674959631905,0.0004389223921197,0.0006538247776275,0.0,0.0,0.0
2025-12-17 15:50:00-05:00,671.7949829101562,673.0,671.6099853515625,672.9500122070312,5848603,-0.0017474995742891,0.0006538247776275,0.0006709137229955,0.0,0.0,0.0
2025-12-17 15:55:00-05:00,671.2999877929688,671.7899780273438,671.1950073242188,671.7899780273438,6607758,-0.0007370962596036,0.0006709137229955,0.0029128788916234,0.0,0.0,0.0
2025-12-18 09:30:00-05:00,677.8099975585938,678.5900268554688,677.4500122070312,677.5,5984950,0.0096508963163107,0.0029128788916234,0.0029570114943712,0.0,0.0,0.0
2025-12-18 09:35:00-05:00,676.9749755859375,677.8599853515625,676.5900268554688,677.8200073242188,1806034,-0.0012327005317401,0.0029570114943712,0.0029915237287418,0.0,0.0,0.0
2025-12-18 09:40:00-05:00,676.280029296875,677.2100219726562,676.0800170898438,676.97998046875,1670605,-0.0010270737557156,0.0029915237287418,0.0029949208846524,0.0,0.0,0.0
2025-12-18 09:45:00-05:00,676.2000122070312,677.0499877929688,675.6900024414062,676.280029296875,1830776,-0.0001183264632106,0.0029949208846524,0.0030266156969705,0.0,0.0,0.0
2025-12-18 09:50:00-05:00,677.5499877929688,677.7000122070312,675.9099731445312,676.2000122070312,1413634,0.001994424426111,0.0030266156969705,0.0030027361122772,0.0,0.0,0.0
2025-12-18 09:55:00-05:00,678.0599975585938,678.3099975585938,677.219970703125,677.5599975585938,1423928,0.0007524432472447,0.0030027361122772,0.0030001696919812,0.0,0.0,0.0
2025-12-18 10:00:00-05:00,678.1400146484375,678.4401245117188,677.8499755859375,678.0599975585938,1359848,0.0001180019012187,0.0030001696919812,0.0030241204244527,0.0,0.0,0.0
2025-12-18 10:05:00-05:00,677.469970703125,678.24951171875,677.27001953125,678.1500244140625,895910,-0.0009885498146494,0.0030241204244527,0.0030635464143986,0.0,0.0,0.0
2025-12-18 10:10:00-05:00,676.739990234375,677.5800170898438,676.2799072265625,677.47998046875,1294499,-0.0010780906366219,0.0030635464143986,0.0030712105031177,0.0,0.0,0.0
2025-12-18 10:15:00-05:00,676.5499877929688,677.030029296875,676.1400146484375,676.739990234375,949056,-0.0002808007828916,0.0030712105031177,0.003045646078155,0.0,0.0,0.0
2025-12-18 10:20:00-05:00,678.3099975585938,678.3900146484375,676.1600952148438,676.5449829101562,1029204,0.0025980703167186,0.003045646078155,0.0030068214751697,0.0,0.0,0.0
2025-12-18 10:25:00-05:00,679.010009765625,679.1099853515625,678.1699829101562,678.309814453125,2212408,0.0010314623895862,0.0030068214751697,0.0012533584474869,0.0,0.0,0.0
2025-12-18 10:30:00-05:00,679.5599975585938,679.5800170898438,678.6799926757812,679.010009765625,1269534,0.0008096569481865,0.0012533584474869,0.0011819950869866,0.0,0.0,0.0
2025-12-18 10:35:00-05:00,680.22998046875,680.5599975585938,679.1500244140625,679.5599975585938,1722412,0.0009854212418069,0.0011819950869866,0.001094655449911,0.0,0.0,0.0
2025-12-18 10:40:00-05:00,680.4600219726562,680.5999755859375,679.9149780273438,680.25,1365874,0.0003381247832865,0.001094655449911,0.0011234690160019,0.0,0.0,0.0
2025-12-18 10:45:00-05:00,680.0902709960938,680.52001953125,679.875,680.4600219726562,1301666,-0.0005435315218793,0.0011234690160019,0.0010290914839941,0.0,0.0,0.0
2025-12-18 10:50:00-05:00,679.9500122070312,680.3499755859375,679.7100219726562,680.0999755859375,991549,-0.0002062568164957,0.0010290914839941,0.0010196917556594,0.0,0.0,0.0
2025-12-18 10:55:00-05:00,680.0300903320312,680.1199951171875,679.6649780273438,679.9500122070312,693753,0.0001177636716053,0.0010196917556594,0.0010193531943785,0.0,0.0,0.0
2025-12-18 11:00:00-05:00,680.27001953125,680.3400268554688,679.8300170898438,680.030029296875,725686,0.0003527592183034,0.0010193531943785,0.0009406962795979,0.0,0.0,0.0
2025-12-18 11:05:00-05:00,680.460205078125,680.5499877929688,680.2100219726562,680.27001953125,831968,0.0002795345391376,0.0009406962795979,0.0009012894971986,0.0,0.0,0.0
2025-12-18 11:10:00-05:00,679.9349975585938,680.739990234375,679.9000244140625,680.4600219726562,772624,-0.0007721396614856,0.0009012894971986,0.0008781099778418,0.0,0.0,0.0
2025-12-18 11:15:00-05:00,680.0999755859375,680.3900146484375,679.8900146484375,679.9349975585938,902655,0.000242608508473,0.0008781099778418,0.0005593956578968,0.0,0.0,0.0
2025-12-18 11:20:00-05:00,680.0900268554688,680.364990234375,679.969970703125,680.10498046875,529512,-1.4628442278013566e-05,0.0005593956578968,0.0005317722459496,0.0,0.0,0.0
2025-12-18 11:25:00-05:00,679.7449951171875,680.3800048828125,679.52001953125,680.0900268554688,640414,-0.0005074611847914,0.0005317722459496,0.0004953681004578,0.0,0.0,0.0
2025-12-18 11:30:00-05:00,680.0399780273438,680.2000122070312,679.739990234375,679.739990234375,640354,0.0004338670019295,0.0004953681004578,0.0004295846172246,0.0,0.0,0.0
2025-12-18 11:35:00-05:00,680.3900146484375,680.7100219726562,680.0499877929688,680.0499877929688,1049974,0.0005145970475551,0.0004295846172246,0.0004204829924242,0.0,0.0,0.0
2025-12-18 11:40:00-05:00,680.27001953125,680.5499877929688,680.260009765625,680.405029296875,921430,-0.0001763778085404,0.0004204829924242,0.000412727582815,0.0,0.0,0.0
2025-12-18 11:45:00-05:00,679.9500122070312,680.375,679.8099975585938,680.260009765625,804364,-0.0004705228899088,0.000412727582815,0.0004089611991691,0.0,0.0,0.0
2025-12-18 11:50:00-05:00,680.0,680.1799926757812,679.6649780273438,679.9400024414062,628710,7.351416234798652e-05,0.0004089611991691,0.0004477656309488,0.0,0.0,0.0
2025-12-18 11:55:00-05:00,679.5599975585938,680.1400146484375,679.3250122070312,679.9849853515625,690255,-0.0006472718490664,0.0004477656309488,0.0005112813564966,0.0,0.0,0.0
2025-12-18 12:00:00-05:00,678.8400268554688,679.5706787109375,678.8099975585938,679.5499877929688,759320,-0.0010600276171996,0.0005112813564966,0.0009220980721838,0.0,0.0,0.0
2025-12-18 12:05:00-05:00,676.860107421875,678.8900146484375,676.8300170898438,678.8400268554688,2371094,-0.0029208831528202,0.0009220980721838,0.0009182009733746,0.0,0.0,0.0
2025-12-18 12:10:00-05:00,676.4400024414062,677.0900268554688,675.989990234375,676.8499755859375,2404940,-0.0006208600603837,0.0009182009733746,0.0008967129609537,0.0,0.0,0.0
2025-12-18 12:15:00-05:00,675.9299926757812,676.4400024414062,675.1900024414062,676.4199829101562,2184694,-0.0007542459410436,0.0008967129609537,0.0008917389501453,0.0,0.0,0.0
2025-12-18 12:20:00-05:00,675.260009765625,676.5499877929688,675.1300048828125,675.9299926757812,1856537,-0.0009916931946712,0.0008917389501453,0.0009753122779631,0.0,0.0,0.0
2025-12-18 12:25:00-05:00,675.780029296875,676.0,674.9000244140625,675.27001953125,1392643,0.0007698062853729,0.0009753122779631,0.0010823457477992,0.0,0.0,0.0
2025-12-18 12:30:00-05:00,676.6862182617188,676.7849731445312,675.47998046875,675.7899780273438,1358412,0.0013400542927953,0.0010823457477992,0.0011077201387596,0.0,0.0,0.0
2025-12-18 12:35:00-05:00,677.22998046875,677.2899780273438,676.4299926757812,676.6900024414062,932229,0.0008032435637854,0.0011077201387596,0.0012377546366551,0.0,0.0,0.0
2025-12-18 12:40:00-05:00,678.260009765625,678.260009765625,677.239990234375,677.239990234375,1169438,0.0015197891575087,0.0012377546366551,0.0012394375573384,0.0,0.0,0.0
2025-12-18 12:45:00-05:00,677.8820190429688,678.6900024414062,677.6300048828125,678.260009765625,1119150,-0.0005574500670504,0.0012394375573384,0.0012372679996318,0.0,0.0,0.0
2025-12-18 12:50:00-05:00,677.8599853515625,678.0700073242188,677.3201293945312,677.8510131835938,1188330,-3.2504254256049414e-05,0.0012372679996318,0.0012633938872144,0.0,0.0,0.0
2025-12-18 12:55:00-05:00,678.3699951171875,678.3900146484375,677.4400024414062,677.8499755859375,769151,0.0007520992707881,0.0012633938872144,0.0012635163528465,0.0,0.0,0.0
2025-12-18 13:00:00-05:00,677.6500244140625,678.3900146484375,677.5800170898438,678.3599853515625,916904,-0.0010618881143473,0.0012635163528465,0.0009547056802781,0.0,0.0,0.0
2025-12-18 13:05:00-05:00,678.3800048828125,678.4000244140625,677.6099853515625,677.6599731445312,594037,0.0010766436192306,0.0009547056802781,0.0009252299776354,0.0,0.0,0.0
2025-12-18 13:10:00-05:00,678.3300170898438,678.8699951171875,678.1500244140625,678.3699951171875,701067,-7.368972320063068e-05,0.0009252299776354,0.0008716396180226,0.0,0.0,0.0
2025-12-18 13:15:00-05:00,678.510009765625,678.6599731445312,678.2999877929688,678.3099975585938,590022,0.0002653115669857,0.0008716396180226,0.0007692353418757,0.0,0.0,0.0
2025-12-18 13:20:00-05:00,678.909912109375,678.9299926757812,678.4299926757812,678.489990234375,867804,0.0005892094979232,0.0007692353418757,0.0007786492849851,0.0,0.0,0.0
2025-12-18 13:25:00-05:00,678.8250122070312,679.0900268554688,678.6649780273438,678.9000244140625,559437,-0.0001250610865698,0.0007786492849851,0.0007240789723957,0.0,0.0,0.0
2025-12-18 13:30:00-05:00,679.260009765625,679.5900268554688,678.8300170898438,678.8300170898438,640362,0.0006406043309982,0.0007240789723957,0.0007076867320359,0.0,0.0,0.0
2025-12-18 13:35:00-05:00,679.4299926757812,679.7000122070312,679.239990234375,679.260009765625,587084,0.0002502158855039,0.0007076867320359,0.0006492051218144,0.0,0.0,0.0
2025-12-18 13:40:00-05:00,678.8900146484375,679.5599975585938,678.8699951171875,679.4299926757812,466327,-0.0007950675141011,0.0006492051218144,0.0006718925089775,0.0,0.0,0.0
2025-12-18 13:45:00-05:00,678.3599853515625,678.9400024414062,678.27001953125,678.8800048828125,786432,-0.0007810341850341,0.0006718925089775,0.0006754190397161,0.0,0.0,0.0
2025-12-18 13:50:00-05:00,678.22998046875,678.77001953125,678.0399780273438,678.3699951171875,883646,-0.0001916642264589,0.0006754190397161,0.0006381818765531,0.0,0.0,0.0
2025-12-18 13:55:00-05:00,678.2750244140625,678.6699829101562,678.094970703125,678.219970703125,564768,6.641176430156256e-05,0.0006381818765531,0.0008507936899283,0.0,0.0,0.0
2025-12-18 14:00:00-05:00,676.7999877929688,678.3099975585938,676.719970703125,678.22998046875,1393211,-0.0021770561635231,0.0008507936899283,0.0009141488899057,0.0,0.0,0.0
2025-12-18 14:05:00-05:00,677.8300170898438,677.9000244140625,676.5900268554688,676.77001953125,1473384,0.0015207539943365,0.0009141488899057,0.0009242276620219,0.0,0.0,0.0
2025-12-18 14:10:00-05:00,677.4650268554688,678.2000122070312,677.280029296875,677.8400268554688,1088304,-0.0005386137060403,0.0009242276620219,0.0009275250990786,0.0,0.0,0.0
2025-12-18 14:15:00-05:00,677.0399780273438,677.47998046875,676.8900146484375,677.469970703125,752480,-0.0006276076360658,0.0009275250990786,0.0008953107162977,0.0,0.0,0.0
2025-12-18 14:20:00-05:00,676.8900146484375,677.3099975585938,676.739990234375,677.0499877929688,868576,-0.0002215230925243,0.0008953107162977,0.0009135583369246,0.0,0.0,0.0
2025-12-18 14:25:00-05:00,677.1500244140625,677.25,676.6699829101562,676.8900146484375,1256643,0.0003840503401964,0.0009135583369246,0.0009057025062655,0.0,0.0,0.0
2025-12-18 14:30:00-05:00,676.4000244140625,677.2999877929688,676.3599853515625,677.1599731445312,802444,-0.0011081970369778,0.0009057025062655,0.0009178618287216,0.0,0.0,0.0
2025-12-18 14:35:00-05:00,676.6900024414062,676.780029296875,676.280029296875,676.3699951171875,950640,0.0004286160211483,0.0009178618287216,0.0009093532471388,0.0,0.0,0.0
2025-12-18 14:40:00-05:00,676.3200073242188,676.989990234375,676.1900024414062,676.6699829101562,778943,-0.000546921491696,0.0009093532471388,0.0009640788937905,0.0,0.0,0.0
2025-12-18 14:45:00-05:00,676.9600219726562,676.9600219726562,676.0800170898438,676.3150024414062,890716,0.0009458717815956,0.0009640788937905,0.0009892288379715,0.0,0.0,0.0
2025-12-18 14:50:00-05:00,676.3250122070312,677.3099975585938,676.1900024414062,676.969970703125,1057055,-0.0009384716392964,0.0009892288379715,0.0010015083980096,0.0,0.0,0.0
2025-12-18 14:55:00-05:00,675.719970703125,676.3400268554688,675.3200073242188,676.3300170898438,1287568,-0.0008950020923001,0.0010015083980096,0.000952705907423,0.0,0.0,0.0
2025-12-18 15:00:00-05:00,676.7899780273438,676.7999877929688,675.4500122070312,675.7100219726562,1207566,0.0015822546051598,0.000952705907423,0.0008233847727937,0.0,0.0,0.0
2025-12-18 15:05:00-05:00,676.6799926757812,677.1199951171875,676.4500122070312,676.7999877929688,1273461,-0.0001625235198198,0.0008233847727937,0.0008761918110816,0.0,0.0,0.0
2025-12-18 15:10:00-05:00,677.3699951171875,677.4199829101562,676.6300048828125,676.6900024414062,981353,0.0010191684315238,0.0008761918110816,0.00085751819019,0.0,0.0,0.0
2025-12-18 15:15:00-05:00,677.5700073242188,677.6298828125,676.8699951171875,677.3699951171875,1532001,0.0002952340444944,0.00085751819019,0.000853774360645,0.0,0.0,0.0
2025-12-18 15:20:00-05:00,677.72998046875,677.7899780273438,677.22998046875,677.5756225585938,1041785,0.0002360704592564,0.000853774360645,0.0008516738179609,0.0,0.0,0.0
2025-12-18 15:25:00-05:00,677.6300048828125,677.8499755859375,677.2999877929688,677.72998046875,1140109,-0.0001475262471953,0.0008516738179609,0.0007915982184928,0.0,0.0,0.0
2025-12-18 15:30:00-05:00,678.1900024414062,678.219970703125,677.3900146484375,677.6199951171875,1222697,0.0008260647982962,0.0007915982184928,0.0008236855852611,0.0,0.0,0.0
2025-12-18 15:35:00-05:00,677.77001953125,678.3900146484375,677.6300048828125,678.2000122070312,1261902,-0.0006194621032785,0.0008236855852611,0.0008035190333125,0.0,0.0,0.0
2025-12-18 15:40:00-05:00,678.1699829101562,678.260009765625,677.52001953125,677.760009765625,1789843,0.0005899426077645,0.0008035190333125,0.0007713198572077,0.0,0.0,0.0
2025-12-18 15:45:00-05:00,678.3300170898438,678.5499877929688,677.9149780273438,678.1500244140625,3315231,0.0002359516113968,0.0007713198572077,0.0008526384772069,0.0,0.0,0.0
2025-12-18 15:50:00-05:00,677.3300170898438,678.52001953125,677.1649780273438,678.3300170898438,3045642,-0.001475296396091,0.0008526384772069,0.0008970294974142,0.0,0.0,0.0
2025-12-18 15:55:00-05:00,676.47998046875,677.4400024414062,676.4099731445312,677.3200073242188,5207235,-0.0012557696195664,0.0008970294974142,0.0010736607095159,0.0,0.0,0.0
2025-12-19 09:30:00-05:00,678.2199096679688,678.22998046875,676.469970703125,676.5900268554688,4258704,0.0025687315229198,0.0010736607095159,0.0010754690287061,0.0,0.0,0.0
2025-12-19 09:35:00-05:00,678.0700073242188,678.3300170898438,677.3400268554688,678.22998046875,4218030,-0.000221047642517,0.0010754690287061,0.0011746985016107,0.0,0.0,0.0
2025-12-19 09:40:00-05:00,679.4099731445312,679.4149780273438,677.760009765625,678.0700073242188,2081789,0.0019741967097801,0.0011746985016107,0.0011958126427723,0.0,0.0,0.0
2025-12-19 09:45:00-05:00,679.0499877929688,679.6099853515625,678.7999877929688,679.4099731445312,2115927,-0.0005299903866734,0.0011958126427723,0.0011966027794561,0.0,0.0,0.0
2025-12-19 09:50:00-05:00,679.280029296875,679.6900024414062,679.0349731445312,679.0499877929688,1240600,0.000338712246967,0.0011966027794561,0.0012033058542202,0.0,0.0,0.0
2025-12-19 09:55:00-05:00,679.8200073242188,679.9099731445312,679.030029296875,679.280029296875,1241488,0.0007946112003621,0.0012033058542202,0.0011919631855425,0.0,0.0,0.0
2025-12-19 10:00:00-05:00,680.110107421875,680.52001953125,679.713623046875,679.8099975585938,1783689,0.000426639720543,0.0011919631855425,0.0011874313890623,0.0,0.0,0.0
2025-12-19 10:05:00-05:00,679.7379760742188,680.1199951171875,679.2199096679688,680.1199951171875,1491258,-0.0005473131321976,0.0011874313890623,0.0011892295575749,0.0,0.0,0.0
2025-12-19 10:10:00-05:00,679.5800170898438,679.7999877929688,679.2100219726562,679.760009765625,1100529,-0.0002324091726591,0.0011892295575749,0.0011904215398942,0.0,0.0,0.0
2025-12-19 10:15:00-05:00,679.5599975585938,679.97998046875,679.2620239257812,679.5900268554688,988720,-2.9459115375460183e-05,0.0011904215398942,0.0011098713234211,0.0,0.0,0.0
2025-12-19 10:20:00-05:00,679.1099853515625,679.6799926757812,679.010009765625,679.5549926757812,897983,-0.0006624305079932,0.0011098713234211,0.0010103477693637,0.0,0.0,0.0
2025-12-19 10:25:00-05:00,679.1900024414062,679.4500122070312,678.4500122070312,679.0999755859375,1268516,0.0001178194664733,0.0010103477693637,0.0007325324701554,0.0,0.0,0.0
2025-12-19 10:30:00-05:00,679.530029296875,679.9099731445312,678.7000122070312,679.1900024414062,1234994,0.000500510560858,0.0007325324701554,0.0007429808495733,0.0,0.0,0.0
2025-12-19 10:35:00-05:00,680.0700073242188,680.114990234375,679.52001953125,679.530029296875,905164,0.0007943189779209,0.0007429808495733,0.0006287534181458,0.0,0.0,0.0
2025-12-19 10:40:00-05:00,679.25,680.1099853515625,679.1599731445312,680.0700073242188,1419548,-0.0012064965118877,0.0006287534181458,0.0006494860929833,0.0,0.0,0.0
2025-12-19 10:45:00-05:00,678.7301025390625,679.4400024414062,678.6599731445312,679.27001953125,1192810,-0.0007656923475772,0.0006494860929833,0.0006742862434194,0.0,0.0,0.0
2025-12-19 10:50:00-05:00,679.1900024414062,679.3599243164062,678.72998046875,678.739990234375,1094626,0.0006773593206861,0.0006742862434194,0.0006280990046515,0.0,0.0,0.0
2025-12-19 10:55:00-05:00,678.97998046875,679.2449951171875,678.8250122070312,679.1799926757812,835327,-0.0003092720012561,0.0006280990046515,0.0006450165036426,0.0,0.0,0.0
2025-12-19 11:00:00-05:00,679.4000244140625,679.49951171875,678.5599975585938,678.969970703125,5551193,0.000618448382913,0.0006450165036426,0.0006459313229503,0.0,0.0,0.0
2025-12-19 11:05:00-05:00,679.719970703125,679.969970703125,679.27001953125,679.39501953125,584743,0.0004708139032933,0.0006459313229503,0.0006428099282649,0.0,0.0,0.0
2025-12-19 11:10:00-05:00,679.6500244140625,680.2750244140625,679.510009765625,679.719970703125,1293280,-0.0001029098617381,0.0006428099282649,0.0006579586706578,0.0,0.0,0.0
2025-12-19 11:15:00-05:00,679.989990234375,680.114990234375,679.4500122070312,679.6699829101562,594733,0.0005000821154638,0.0006579586706578,0.0006303578001895,0.0,0.0,0.0
2025-12-19 11:20:00-05:00,679.780029296875,680.0599975585938,679.6799926757812,679.989990234375,743488,-0.0003088183092034,0.0006303578001895,0.0006462243927146,0.0,0.0,0.0
2025-12-19 11:25:00-05:00,680.1699829101562,680.219970703125,679.780029296875,679.780029296875,597447,0.0005734822904788,0.0006462243927146,0.0006350266603574,0.0,0.0,0.0
2025-12-19 11:30:00-05:00,680.22998046875,680.530029296875,680.114990234375,680.1900024414062,884730,8.820576337516173e-05,0.0006350266603574,0.0006084248914483,0.0,0.0,0.0
2025-12-19 11:35:00-05:00,679.9400024414062,680.3099975585938,679.9199829101562,680.22998046875,702135,-0.0004263849892004,0.0006084248914483,0.0004880152673171,0.0,0.0,0.0
2025-12-19 11:40:00-05:00,679.7849731445312,680.369873046875,679.7849731445312,679.9400024414062,571614,-0.0002280303742746,0.0004880152673171,0.0004489840751757,0.0,0.0,0.0
2025-12-19 11:45:00-05:00,679.4600219726562,679.9600219726562,679.3400268554688,679.7949829101562,758140,-0.000478134816362,0.0004489840751757,0.0004659559236304,0.0,0.0,0.0
2025-12-19 11:50:00-05:00,680.010009765625,680.1749877929688,679.3499755859375,679.4600219726562,640445,0.0008091209223212,0.0004659559236304,0.0004801802064119,0.0,0.0,0.0
2025-12-19 11:55:00-05:00,679.6950073242188,680.1500244140625,679.5999755859375,680.010009765625,454123,-0.0004633393906509,0.0004801802064119,0.0004751484993397,0.0,0.0,0.0
2025-12-19 12:00:00-05:00,680.0800170898438,680.2249755859375,679.6300048828125,679.7000122070312,751863,0.0005662845235441,0.0004751484993397,0.0004592151073568,0.0,0.0,0.0
2025-12-19 12:05:00-05:00,680.1121215820312,680.1849975585938,679.9400024414062,680.0750122070312,520465,4.720581935552209e-05,0.0004592151073568,0.0004567866300927,0.0,0.0,0.0
2025-12-19 12:10:00-05:00,680.1400146484375,680.15869140625,679.9000244140625,680.114990234375,405650,4.1011611990506175e-05,0.0004567866300927,0.000460776885491,0.0,0.0,0.0
2025-12-19 12:15:00-05:00,680.510009765625,680.739990234375,680.1500244140625,680.1500244140625,999926,0.0005438505415326,0.000460776885491,0.0004555689620379,0.0,0.0,0.0
2025-12-19 12:20:00-05:00,680.7999877929688,680.8350219726562,680.489990234375,680.5050048828125,612053,0.0004260279175935,0.0004555689620379,0.0004395938560417,0.0,0.0,0.0
2025-12-19 12:25:00-05:00,680.6799926757812,680.8200073242188,680.5999755859375,680.8099975585938,573306,-0.0001762715856561,0.0004395938560417,0.0004517287804831,0.0,0.0,0.0
2025-12-19 12:30:00-05:00,680.4749755859375,680.6900024414062,680.3800048828125,680.6900024414062,457098,-0.0003012398972556,0.0004517287804831,0.0004408190534507,0.0,0.0,0.0
2025-12-19 12:35:00-05:00,680.77001953125,680.8200073242188,680.3099975585938,680.469970703125,668996,0.0004334913274115,0.0004408190534507,0.0004584272624937,0.0,0.0,0.0
2025-12-19 12:40:00-05:00,680.4749755859375,680.8049926757812,680.405029296875,680.77001953125,518215,-0.0004334913274113,0.0004584272624937,0.0004229058445815,0.0,0.0,0.0
2025-12-19 12:45:00-05:00,680.5900268554688,680.6799926757812,680.3499755859375,680.47998046875,423813,0.0001690606541184,0.0004229058445815,0.0003903070449866,0.0,0.0,0.0
2025-12-19 12:50:00-05:00,680.9600219726562,680.989990234375,680.5850219726562,680.5900268554688,543916,0.0005434910403969,0.0003903070449866,0.0003882539242411,0.0,0.0,0.0
2025-12-19 12:55:00-05:00,680.655029296875,681.0579833984375,680.6400146484375,680.9500122070312,579214,-0.0004479866473239,0.0003882539242411,0.0003618968156398,0.0,0.0,0.0
2025-12-19 13:00:00-05:00,680.739990234375,680.7999877929688,680.469970703125,680.655029296875,538433,0.0001248145268513,0.0003618968156398,0.0003620835668495,0.0,0.0,0.0
2025-12-19 13:05:00-05:00,680.760009765625,680.909912109375,680.6799926757812,680.7349853515625,418026,2.9408051783302595e-05,0.0003620835668495,0.0003645373021574,0.0,0.0,0.0
2025-12-19 13:10:00-05:00,680.9199829101562,680.9949951171875,680.760009765625,680.760009765625,367390,0.0002349643765462,0.0003645373021574,0.0003379082259645,0.0,0.0,0.0
2025-12-19 13:15:00-05:00,681.0399780273438,681.0900268554688,680.8900146484375,680.9249877929688,399533,0.0001762094642127,0.0003379082259645,0.0003629427509115,0.0,0.0,0.0
2025-12-19 13:20:00-05:00,680.6500244140625,681.0449829101562,680.6400146484375,681.0399780273438,444316,-0.000572749485187,0.0003629427509115,0.0003621481860711,0.0,0.0,0.0
2025-12-19 13:25:00-05:00,680.75,680.8699951171875,680.6400146484375,680.6500244140625,358265,0.0001468717266407,0.0003621481860711,0.0003594317423585,0.0,0.0,0.0
2025-12-19 13:30:00-05:00,680.5700073242188,680.8599853515625,680.5399780273438,680.77001953125,469169,-0.0002644384507121,0.0003594317423585,0.0003340260258594,0.0,0.0,0.0
2025-12-19 13:35:00-05:00,680.5650024414062,680.719970703125,680.4299926757812,680.5700073242188,290285,-7.353984397769249e-06,0.0003340260258594,0.0003212686096911,0.0,0.0,0.0
2025-12-19 13:40:00-05:00,680.3599853515625,680.5700073242188,680.1799926757812,680.5700073242188,899703,-0.0003012908032898,0.0003212686096911,0.0003163798842995,0.0,0.0,0.0
2025-12-19 13:45:00-05:00,680.3049926757812,680.3900146484375,680.1699829101562,680.3790283203125,350382,-8.083205888180082e-05,0.0003163798842995,0.0002756652576027,0.0,0.0,0.0
2025-12-19 13:50:00-05:00,680.469970703125,680.60498046875,680.239990234375,680.3084716796875,364247,0.0002424765778207,0.0002756652576027,0.0002653964123476,0.0,0.0,0.0
2025-12-19 13:55:00-05:00,680.2249755859375,680.5,680.1882934570312,680.4644165039062,348697,-0.0003601029319659,0.0002653964123476,0.0003003830130407,0.0,0.0,0.0
2025-12-19 14:00:00-05:00,680.5349731445312,680.6799926757812,680.219970703125,680.219970703125,539376,0.0004556241741913,0.0003003830130407,0.0003025619014313,0.0,0.0,0.0
2025-12-19 14:05:00-05:00,680.4199829101562,680.6400146484375,680.3200073242188,680.5300903320312,765250,-0.0001689846297073,0.0003025619014313,0.00030381383448,0.0,0.0,0.0
2025-12-19 14:10:00-05:00,680.5899047851562,680.760009765625,680.3900146484375,680.4149780273438,402080,0.0002496996934688,0.00030381383448,0.0003020360120525,0.0,0.0,0.0
2025-12-19 14:15:00-05:00,680.6900024414062,680.7349853515625,680.469970703125,680.5900268554688,399006,0.0001470640327517,0.0003020360120525,0.0002526879694796,0.0,0.0,0.0
2025-12-19 14:20:00-05:00,680.7449951171875,680.7650146484375,680.5700073242188,680.6799926757812,349881,8.078634075036305e-05,0.0002526879694796,0.0002529865576624,0.0,0.0,0.0
2025-12-19 14:25:00-05:00,680.6400146484375,680.7999877929688,680.5999755859375,680.75,370053,-0.0001542259804611,0.0002529865576624,0.0002443083480038,0.0,0.0,0.0
2025-12-19 14:30:00-05:00,680.75,680.8400268554688,680.52001953125,680.6400146484375,478772,0.0001615780204325,0.0002443083480038,0.0002449399965062,0.0,0.0,0.0
2025-12-19 14:35:00-05:00,680.719970703125,680.9398803710938,680.6799926757812,680.7449951171875,642399,-4.411305063794335e-05,0.0002449399965062,0.0002237742011608,0.0,0.0,0.0
2025-12-19 14:40:00-05:00,680.7901000976562,680.885009765625,680.6264038085938,680.7150268554688,407314,0.0001030170780184,0.0002237742011608,0.0002201613126186,0.0,0.0,0.0
2025-12-19 14:45:00-05:00,680.8643798828125,681.0,680.77001953125,680.7999877929688,555235,0.0001091022521822,0.0002201613126186,0.0002166406885595,0.0,0.0,0.0
2025-12-19 14:50:00-05:00,680.8099975585938,680.9500122070312,680.72998046875,680.864990234375,943855,-7.98756665302833e-05,0.0002166406885595,0.0002105898672843,0.0,0.0,0.0
2025-12-19 14:55:00-05:00,680.5900268554688,680.9400024414062,680.5449829101562,680.7899780273438,629077,-0.0003231536669524,0.0002105898672843,0.0001677733728971,0.0,0.0,0.0
2025-12-19 15:00:00-05:00,680.5399780273438,680.8300170898438,680.4849853515625,680.5900268554688,891469,-7.35401144167599e-05,0.0001677733728971,0.0001592910208787,0.0,0.0,0.0
2025-12-19 15:05:00-05:00,680.530029296875,680.655029296875,680.4739990234375,680.5499877929688,682186,-1.4618984204156565e-05,0.0001592910208787,0.000145351825432,0.0,0.0,0.0
2025-12-19 15:10:00-05:00,680.4400024414062,680.739990234375,680.3599853515625,680.530029296875,948918,-0.0001322980719642,0.000145351825432,0.0001360378886542,0.0,0.0,0.0
2025-12-19 15:15:00-05:00,680.4400024414062,680.5399780273438,680.3400268554688,680.4299926757812,711343,0.0,0.0001360378886542,0.0001736978826306,0.0,0.0,0.0
2025-12-19 15:20:00-05:00,680.6799926757812,680.72998046875,680.4199829101562,680.4450073242188,831034,0.0003526364137224,0.0001736978826306,0.0001874784721146,0.0,0.0,0.0
2025-12-19 15:25:00-05:00,680.4849853515625,680.7449951171875,680.4133911132812,680.6799926757812,1180506,-0.0002865300366977,0.0001874784721146,0.0001815254708297,0.0,0.0,0.0
2025-12-19 15:30:00-05:00,680.385009765625,680.6649780273438,680.280029296875,680.489990234375,1029050,-0.0001469289299875,0.0001815254708297,0.0001821167148775,0.0,0.0,0.0
2025-12-19 15:35:00-05:00,680.3200073242188,680.5050048828125,680.260009765625,680.3900146484375,1326253,-9.5542297028762e-05,0.0001821167148775,0.0002266512215574,0.0,0.0,0.0
2025-12-19 15:40:00-05:00,679.9400024414062,680.385009765625,679.6099853515625,680.3099975585938,1410199,-0.0005587239056796,0.0002266512215574,0.000221815543881,0.0,0.0,0.0
2025-12-19 15:45:00-05:00,679.969970703125,680.1798706054688,679.8499755859375,679.9400024414062,2616900,4.407389064774502e-05,0.000221815543881,0.0003395702934808,0.0,0.0,0.0
2025-12-19 15:50:00-05:00,680.4998779296875,680.719970703125,679.6799926757812,679.9600219726562,4090604,0.0007790062438987,0.0003395702934808,0.00033012474375,0.0,0.0,0.0
2025-12-19 15:55:00-05:00,680.5900268554688,680.6900024414062,679.97998046875,680.47998046875,8587700,0.0001324657917101,0.00033012474375,0.0013425150407032,0.0,0.0,0.0
2025-12-22 09:30:00-05:00,683.6699829101562,684.530029296875,683.3800048828125,683.9400024414062,3343280,0.0045152115656285,0.0013425150407032,0.0013659604871794,0.0,0.0,0.0
2025-12-22 09:35:00-05:00,683.2899780273438,683.9299926757812,683.1599731445312,683.6699829101562,1403291,-0.0005559854033191,0.0013659604871794,0.0013646298874865,0.0,0.0,0.0
2025-12-22 09:40:00-05:00,683.22998046875,683.5250244140625,682.9400024414062,683.2999877929688,1314824,-8.78107315729266e-05,0.0013646298874865,0.0013614093789463,0.0,0.0,0.0
2025-12-22 09:45:00-05:00,683.3599853515625,683.7299194335938,683.0800170898438,683.219970703125,1012727,0.0001902617265692,0.0013614093789463,0.0013716272499411,0.0,0.0,0.0
2025-12-22 09:50:00-05:00,684.0,684.0599975585938,683.2849731445312,683.3599853515625,930990,0.0009361319652956,0.0013716272499411,0.0013622555378063,0.0,0.0,0.0
2025-12-22 09:55:00-05:00,683.969970703125,684.135009765625,683.7999877929688,684.0150146484375,895338,-4.390344455354869e-05,0.0013622555378063,0.0013946456402607,0.0,0.0,0.0
2025-12-22 10:00:00-05:00,683.469970703125,684.1199951171875,683.4349975585938,683.9749755859375,839445,-0.00073129357589,0.0013946456402607,0.0013894376381614,0.0,0.0,0.0
2025-12-22 10:05:00-05:00,683.5499877929688,683.7714233398438,683.2449951171875,683.469970703125,581915,0.0001170679176084,0.0013894376381614,0.0014099132871112,0.0,0.0,0.0
2025-12-22 10:10:00-05:00,682.969970703125,683.6099853515625,682.8900146484375,683.5800170898438,738861,-0.0008488966751914,0.0014099132871112,0.001409560245575,0.0,0.0,0.0
2025-12-22 10:15:00-05:00,683.4749755859375,683.5999755859375,682.9400024414062,682.989990234375,775284,0.0007391514852847,0.001409560245575,0.0014053030418714,0.0,0.0,0.0
2025-12-22 10:20:00-05:00,683.7799072265625,683.8800048828125,683.3699951171875,683.47998046875,701073,0.0004460494521014,0.0014053030418714,0.001408489001084,0.0,0.0,0.0
2025-12-22 10:25:00-05:00,683.77001953125,683.9299926757812,683.6099853515625,683.77001953125,492817,-1.4460452403523718e-05,0.001408489001084,0.000556608833324,0.0,0.0,0.0
2025-12-22 10:30:00-05:00,683.489990234375,683.989990234375,683.4600830078125,683.77001953125,564546,-0.0004096211383209,0.000556608833324,0.0005932788711935,0.0,0.0,0.0
2025-12-22 10:35:00-05:00,682.8800048828125,683.489990234375,682.6799926757812,683.489990234375,1063103,-0.0008928553675289,0.0005932788711935,0.0006982042264743,0.0,0.0,0.0
2025-12-22 10:40:00-05:00,683.719970703125,683.7899780273438,682.8543701171875,682.8900146484375,844902,0.0012292784151805,0.0006982042264743,0.0006975722005754,0.0,0.0,0.0
2025-12-22 10:45:00-05:00,683.8200073242188,683.9099731445312,683.6699829101562,683.719970703125,710531,0.0001463015676025,0.0006975722005754,0.0006401917400968,0.0,0.0,0.0
2025-12-22 10:50:00-05:00,683.8200073242188,683.9400024414062,683.5800170898438,683.8200073242188,503782,0.0,0.0006401917400968,0.0006435489675234,0.0,0.0,0.0
2025-12-22 10:55:00-05:00,683.6500244140625,683.97998046875,683.6199951171875,683.8300170898438,519330,-0.0002486093400023,0.0006435489675234,0.0006104343976949,0.0,0.0,0.0
2025-12-22 11:00:00-05:00,683.8499755859375,683.9749755859375,683.6400146484375,683.6400146484375,374242,0.0002924331602191,0.0006104343976949,0.0006241426391684,0.0,0.0,0.0
2025-12-22 11:05:00-05:00,684.1900024414062,684.25,683.8300170898438,683.85498046875,571661,0.0004971007688839,0.0006241426391684,0.0005704388815398,0.0,0.0,0.0
2025-12-22 11:10:00-05:00,684.64501953125,684.6699829101562,684.1699829101562,684.219970703125,743755,0.0006648238820591,0.0005704388815398,0.0005462651975299,0.0,0.0,0.0
2025-12-22 11:15:00-05:00,684.8400268554688,684.9149780273438,684.5700073242188,684.6400146484375,783228,0.00028478927324,0.0005462651975299,0.0005448133624119,0.0,0.0,0.0
2025-12-22 11:20:00-05:00,684.75,684.9749755859375,684.719970703125,684.8499755859375,922787,-0.0001314654076521,0.0005448133624119,0.0005478725598541,0.0,0.0,0.0
2025-12-22 11:25:00-05:00,684.6699829101562,684.9199829101562,684.530029296875,684.760009765625,660210,-0.0001168627461748,0.0005478725598541,0.0005377262462623,0.0,0.0,0.0
2025-12-22 11:30:00-05:00,684.47998046875,684.780029296875,684.4400024414062,684.6699829101562,563158,-0.0002775480374071,0.0005377262462623,0.0004359893136289,0.0,0.0,0.0
2025-12-22 11:35:00-05:00,684.5001220703125,684.7399291992188,684.4500122070312,684.489990234375,526042,2.9425703889386573e-05,0.0004359893136289,0.000302815283574,0.0,0.0,0.0
2025-12-22 11:40:00-05:00,684.3699951171875,684.719970703125,684.3599853515625,684.489990234375,326217,-0.0001901231561461,0.000302815283574,0.0003035200539477,0.0,0.0,0.0
2025-12-22 11:45:00-05:00,684.4901123046875,684.6500244140625,684.3599853515625,684.3699951171875,450514,0.0001754995812311,0.0003035200539477,0.0003097733283244,0.0,0.0,0.0
2025-12-22 11:50:00-05:00,684.7100830078125,684.7449951171875,684.5,684.5,323934,0.0003213126988596,0.0003097733283244,0.0002949182579565,0.0,0.0,0.0
2025-12-22 11:55:00-05:00,684.9500122070312,684.9500122070312,684.6799926757812,684.7100219726562,515604,0.0003503485317432,0.0002949182579565,0.0003021245482834,0.0,0.0,0.0
2025-12-22 12:00:00-05:00,684.864990234375,685.0800170898438,684.780029296875,684.9600219726562,574312,-0.0001241364309981,0.0003021245482834,0.0002891666879951,0.0,0.0,0.0
2025-12-22 12:05:00-05:00,684.739990234375,684.9199829101562,684.6749877929688,684.8699951171875,467495,-0.0001825343834603,0.0002891666879951,0.0002207564530464,0.0,0.0,0.0
2025-12-22 12:10:00-05:00,684.8049926757812,684.9400024414062,684.6799926757812,684.7349853515625,471749,9.49256026873036e-05,0.0002207564530464,0.0002049674856095,0.0,0.0,0.0
2025-12-22 12:15:00-05:00,684.8400268554688,684.9650268554688,684.7999877929688,684.8099975585938,441796,5.115804342813704e-05,0.0002049674856095,0.0002115323620009,0.0,0.0,0.0
2025-12-22 12:20:00-05:00,684.6900024414062,684.8699951171875,684.6900024414062,684.8350219726562,349669,-0.0002190889012336,0.0002115323620009,0.0002094423039509,0.0,0.0,0.0
2025-12-22 12:25:00-05:00,684.6500244140625,684.7449951171875,684.52001953125,684.6799926757812,576636,-5.839021217676568e-05,0.0002094423039509,0.0001921125101444,0.0,0.0,0.0
2025-12-22 12:30:00-05:00,684.6099853515625,684.8300170898438,684.5599975585938,684.6500244140625,329043,-5.848277496730048e-05,0.0001921125101444,0.0001937247623695,0.0,0.0,0.0
2025-12-22 12:35:00-05:00,684.6799926757812,684.760009765625,684.5999755859375,684.6099853515625,348618,0.0001022534677141,0.0001937247623695,0.0001850956078746,0.0,0.0,0.0
2025-12-22 12:40:00-05:00,684.7899780273438,684.9299926757812,684.594970703125,684.6900024414062,420541,0.0001606247002881,0.0001850956078746,0.0001815829397044,0.0,0.0,0.0
2025-12-22 12:45:00-05:00,684.780029296875,684.885009765625,684.6849975585938,684.7899780273438,282408,-1.4528254000490947e-05,0.0001815829397044,0.0002112514263434,0.0,0.0,0.0
2025-12-22 12:50:00-05:00,685.1199951171875,685.2000122070312,684.760009765625,684.780029296875,726728,0.0004963366979093,0.0002112514263434,0.0001914690350175,0.0,0.0,0.0
2025-12-22 12:55:00-05:00,685.2100219726562,685.3599853515625,685.0999755859375,685.1199951171875,539962,0.000131394415178,0.0001914690350175,0.0002063142925634,0.0,0.0,0.0
2025-12-22 13:00:00-05:00,685.0250244140625,685.219970703125,685.02001953125,685.2100219726562,427115,-0.0002700231032706,0.0002063142925634,0.0002038812438466,0.0,0.0,0.0
2025-12-22 13:05:00-05:00,684.919921875,685.030029296875,684.8936157226562,685.0250244140625,540261,-0.0001534405299328,0.0002038812438466,0.0002088371260949,0.0,0.0,0.0
2025-12-22 13:10:00-05:00,684.8099975585938,684.9600219726562,684.780029296875,684.919921875,403989,-0.0001605050967823,0.0002088371260949,0.000210152138823,0.0,0.0,0.0
2025-12-22 13:15:00-05:00,684.739990234375,684.8400268554688,684.5999755859375,684.8099975585938,546345,-0.0001022340548409,0.000210152138823,0.0002159783673975,0.0,0.0,0.0
2025-12-22 13:20:00-05:00,684.5499877929688,684.7498779296875,684.5399780273438,684.72998046875,407870,-0.0002775196571575,0.0002159783673975,0.0002277457143715,0.0,0.0,0.0
2025-12-22 13:25:00-05:00,684.7150268554688,684.760009765625,684.3499755859375,684.5435791015625,651825,0.000241062265571,0.0002277457143715,0.0002267953334223,0.0,0.0,0.0
2025-12-22 13:30:00-05:00,684.72998046875,684.9099731445312,684.7100219726562,684.7100219726562,404529,2.1838939427179083e-05,0.0002267953334223,0.0002267947039486,0.0,0.0,0.0
2025-12-22 13:35:00-05:00,684.7999877929688,684.8400268554688,684.6300048828125,684.719970703125,238528,0.000102235549279,0.0002267947039486,0.0002231179593917,0.0,0.0,0.0
2025-12-22 13:40:00-05:00,684.75,684.9000244140625,684.6849975585938,684.7999877929688,250780,-7.299885865652594e-05,0.0002231179593917,0.0002264613672487,0.0,0.0,0.0
2025-12-22 13:45:00-05:00,684.655029296875,684.780029296875,684.6035766601562,684.739990234375,256658,-0.0001387035993667,0.0002264613672487,0.0001837557369155,0.0,0.0,0.0
2025-12-22 13:50:00-05:00,684.39501953125,684.6799926757812,684.3699951171875,684.655029296875,399166,-0.0003798396836896,0.0001837557369155,0.0001871031048474,0.0,0.0,0.0
2025-12-22 13:55:00-05:00,684.5050048828125,684.6599731445312,684.3800048828125,684.3900146484375,382072,0.0001606915769415,0.0001871031048474,0.0001808772613218,0.0,0.0,0.0
2025-12-22 14:00:00-05:00,684.3800048828125,684.5700073242188,684.3300170898438,684.5,293878,-0.0001826303881709,0.0001808772613218,0.0001799053683435,0.0,0.0,0.0
2025-12-22 14:05:00-05:00,684.364990234375,684.469970703125,684.25,684.38037109375,500591,-2.1939292551484368e-05,0.0001799053683435,0.0001778096846997,0.0,0.0,0.0
2025-12-22 14:10:00-05:00,684.2999877929688,684.364990234375,684.2150268554688,684.3499755859375,400141,-9.498663661112588e-05,0.0001778096846997,0.0001913067982951,0.0,0.0,0.0
2025-12-22 14:15:00-05:00,684.4299926757812,684.4400024414062,684.2050170898438,684.2999877929688,453749,0.0001899642516179,0.0001913067982951,0.0001869421784669,0.0,0.0,0.0
2025-12-22 14:20:00-05:00,684.5700073242188,684.614990234375,684.3400268554688,684.4299926757812,656803,0.0002045502540915,0.0001869421784669,0.0001844783269607,0.0,0.0,0.0
2025-12-22 14:25:00-05:00,684.719970703125,684.75,684.530029296875,684.5650024414062,437574,0.0002190381612546,0.0001844783269607,0.000188300770766,0.0,0.0,0.0
2025-12-22 14:30:00-05:00,684.8099975585938,685.010009765625,684.719970703125,684.72998046875,663922,0.0001314711728619,0.000188300770766,0.0001864385534539,0.0,0.0,0.0
2025-12-22 14:35:00-05:00,684.8400268554688,684.9998779296875,684.8049926757812,684.8099975585938,419541,4.384959127447681e-05,0.0001864385534539,0.0001903659939923,0.0,0.0,0.0
2025-12-22 14:40:00-05:00,684.739990234375,684.8865966796875,684.719970703125,684.8499755859375,547583,-0.0001460836461153,0.0001903659939923,0.0001854055382015,0.0,0.0,0.0
2025-12-22 14:45:00-05:00,684.739990234375,684.8599853515625,684.6950073242188,684.739990234375,925171,0.0,0.0001854055382015,0.000144085897316,0.0,0.0,0.0
2025-12-22 14:50:00-05:00,684.6799926757812,684.8400268554688,684.6799926757812,684.75,366142,-8.762477454819458e-05,0.000144085897316,0.0001440805819536,0.0,0.0,0.0
2025-12-22 14:55:00-05:00,684.7899780273438,684.8099975585938,684.6649780273438,684.6799926757812,422098,0.0001606247002881,0.0001440805819536,0.0001269957673389,0.0,0.0,0.0
2025-12-22 15:00:00-05:00,684.8444213867188,684.9600219726562,684.760009765625,684.7899780273438,510148,7.95005724550058e-05,0.0001269957673389,0.0001523414704924,0.0,0.0,0.0
2025-12-22 15:05:00-05:00,684.6799926757812,684.8798828125,684.6649780273438,684.844970703125,503021,-0.0002401252727431,0.0001523414704924,0.0001476892606489,0.0,0.0,0.0
2025-12-22 15:10:00-05:00,684.760009765625,684.9099731445312,684.6799926757812,684.6900024414062,1128207,0.000116861037785,0.0001476892606489,0.000165820690889,0.0,0.0,0.0
2025-12-22 15:15:00-05:00,684.9949951171875,685.0399780273438,684.7100219726562,684.760009765625,880831,0.0003431056693058,0.000165820690889,0.0001678361574126,0.0,0.0,0.0
2025-12-22 15:20:00-05:00,684.9149780273438,685.0399780273438,684.8499755859375,684.9949951171875,726788,-0.0001168209466365,0.0001678361574126,0.0001583370476573,0.0,0.0,0.0
2025-12-22 15:25:00-05:00,684.9249877929688,684.97998046875,684.8300170898438,684.9149780273438,775153,1.4614503700966996e-05,0.0001583370476573,0.0001592814088096,0.0,0.0,0.0
2025-12-22 15:30:00-05:00,685.0250244140625,685.0499877929688,684.9199829101562,684.9249877929688,825244,0.0001460441919488,0.0001592814088096,0.0001601577173258,0.0,0.0,0.0
2025-12-22 15:35:00-05:00,685.0,685.14990234375,684.9000244140625,685.030029296875,1749955,-3.653132405512452e-05,0.0001601577173258,0.000158208072527,0.0,0.0,0.0
2025-12-22 15:40:00-05:00,684.9149780273438,685.02001953125,684.875,685.0050048828125,799107,-0.0001241273715947,0.000158208072527,0.0001660762559236,0.0,0.0,0.0
2025-12-22 15:45:00-05:00,684.8099975585938,684.9600219726562,684.6900024414062,684.915771484375,1583033,-0.0001532869310652,0.0001660762559236,0.0001797348501576,0.0,0.0,0.0
2025-12-22 15:50:00-05:00,685.0,685.0,684.6099853515625,684.7999877929688,2612096,0.00027741430266,0.0001797348501576,0.0002004039317931,0.0,0.0,0.0
2025-12-22 15:55:00-05:00,684.7899780273438,685.0449829101562,684.6900024414062,685.0,3218171,-0.0003066484317609,0.0002004039317931,0.0002221368469783,0.0,0.0,0.0
2025-12-23 09:30:00-05:00,685.02001953125,685.6099853515625,683.8699951171875,683.9199829101562,2540153,0.0003358735977673,0.0002221368469783,0.0002473913706421,0.0,0.0,0.0
2025-12-23 09:35:00-05:00,685.375,685.4600219726562,684.7899780273438,685.02001953125,969469,0.0005180702959809,0.0002473913706421,0.0002865118444301,0.0,0.0,0.0
2025-12-23 09:40:00-05:00,685.7750244140625,685.7999877929688,685.22998046875,685.3800048828125,832207,0.0005834874642294,0.0002865118444301,0.0002805475996031,0.0,0.0,0.0
2025-12-23 09:45:00-05:00,685.9349975585938,686.25,685.72998046875,685.780029296875,1013931,0.0002332463023438,0.0002805475996031,0.0003120576165232,0.0,0.0,0.0
2025-12-23 09:50:00-05:00,685.6599731445312,686.10498046875,685.5599975585938,685.9199829101562,728600,-0.0004010286179562,0.0003120576165232,0.0003385384698787,0.0,0.0,0.0
2025-12-23 09:55:00-05:00,685.4099731445312,685.7000122070312,685.0999755859375,685.6500244140625,883928,-0.0003646786999413,0.0003385384698787,0.0005060783482117,0.0,0.0,0.0
2025-12-23 10:00:00-05:00,684.5499877929688,685.489990234375,684.4600219726562,685.4100952148438,1259109,-0.0012554899253215,0.0005060783482117,0.0005272167062164,0.0,0.0,0.0
2025-12-23 10:05:00-05:00,684.8599853515625,684.89501953125,684.3599853515625,684.5499877929688,1018833,0.0004527461753139,0.0005272167062164,0.0005276580203922,0.0,0.0,0.0
2025-12-23 10:10:00-05:00,684.760009765625,685.0900268554688,684.3800048828125,684.8699951171875,1102904,-0.0001459902549195,0.0005276580203922,0.0005673093680528,0.0,0.0,0.0
2025-12-23 10:15:00-05:00,685.260009765625,685.3699951171875,684.739990234375,684.75,689540,0.0007299163735872,0.0005673093680528,0.0005696274562061,0.0,0.0,0.0
2025-12-23 10:20:00-05:00,685.489990234375,685.5650024414062,685.2399291992188,685.260009765625,598277,0.0003355542161705,0.0005696274562061,0.0005732600722148,0.0,0.0,0.0
2025-12-23 10:25:00-05:00,685.239990234375,685.5499877929688,685.1300048828125,685.489990234375,550838,-0.0003647691468549,0.0005732600722148,0.0005881156307626,0.0,0.0,0.0
2025-12-23 10:30:00-05:00,685.6361083984375,685.6500244140625,685.2302856445312,685.239990234375,458146,0.0005779051447203,0.0005881156307626,0.0005842269433679,0.0,0.0,0.0
2025-12-23 10:35:00-05:00,685.9500122070312,686.02001953125,685.6099853515625,685.6400146484375,775696,0.0004577238123927,0.0005842269433679,0.0005642182886646,0.0,0.0,0.0
2025-12-23 10:40:00-05:00,686.0999755859375,686.1849975585938,685.905029296875,685.9450073242188,717601,0.0002185975450421,0.0005642182886646,0.0005610999096765,0.0,0.0,0.0
2025-12-23 10:45:00-05:00,686.1497802734375,686.1987915039062,685.8599853515625,686.0999755859375,840680,7.258837148145143e-05,0.0005610999096765,0.0005452182648195,0.0,0.0,0.0
2025-12-23 10:50:00-05:00,686.1400146484375,686.2449951171875,686.030029296875,686.1436767578125,603064,-1.423259873575696e-05,0.0005452182648195,0.0005308490867823,0.0,0.0,0.0
2025-12-23 10:55:00-05:00,686.3200073242188,686.4849853515625,685.9699096679688,686.135009765625,649444,0.0002622920506702,0.0005308490867823,0.0003117590653797,0.0,0.0,0.0
2025-12-23 11:00:00-05:00,686.4299926757812,686.6300048828125,686.2550048828125,686.3300170898438,1179875,0.0001602409059157,0.0003117590653797,0.0003143062975117,0.0,0.0,0.0
2025-12-23 11:05:00-05:00,686.3800048828125,686.5900268554688,686.3231811523438,686.4349975585938,508737,-7.282550838028483e-05,0.0003143062975117,0.0002983299766457,0.0,0.0,0.0
2025-12-23 11:10:00-05:00,686.4500122070312,686.5,686.27001953125,686.3900146484375,611812,0.0001019897924841,0.0002983299766457,0.0002517380013601,0.0,0.0,0.0
2025-12-23 11:15:00-05:00,686.655029296875,686.6900024414062,686.4500122070312,686.4500122070312,606013,0.0002986182195395,0.0002517380013601,0.0002559503986634,0.0,0.0,0.0
2025-12-23 11:20:00-05:00,686.594970703125,686.6799926757812,686.47998046875,686.6599731445312,451524,-8.746927913819268e-05,0.0002559503986634,0.0002233117705259,0.0,0.0,0.0
2025-12-23 11:25:00-05:00,686.4920043945312,686.739990234375,686.4600219726562,686.5900268554688,542343,-0.0001499778392107,0.0002233117705259,0.0001834480220619,0.0,0.0,0.0
2025-12-23 11:30:00-05:00,686.469970703125,686.5499877929688,686.4199829101562,686.4949951171875,499763,-3.2096579232027874e-05,0.0001834480220619,0.0001452795709847,0.0,0.0,0.0
2025-12-23 11:35:00-05:00,686.5,686.5499877929688,686.3599853515625,686.4749755859375,400470,4.374355961244423e-05,0.0001452795709847,0.0001516323487645,0.0,0.0,0.0
2025-12-23 11:40:00-05:00,686.6900024414062,686.7849731445312,686.469970703125,686.5,329747,0.0002767314680138,0.0001516323487645,0.0001517008203965,0.0,0.0,0.0
2025-12-23 11:45:00-05:00,686.75,686.8200073242188,686.655029296875,686.6950073242188,362491,8.736829934355909e-05,0.0001517008203965,0.0001538733292608,0.0,0.0,0.0
2025-12-23 11:50:00-05:00,686.89501953125,686.9650268554688,686.72998046875,686.760009765625,728986,0.0002111455721483,0.0001538733292608,0.0001461813584236,0.0,0.0,0.0
2025-12-23 11:55:00-05:00,686.8900146484375,687.0087890625,686.7949829101562,686.9000244140625,452256,-7.286267775481899e-06,0.0001461813584236,0.0001453185303699,0.0,0.0,0.0
2025-12-23 12:00:00-05:00,686.875,686.969970703125,686.6599731445312,686.9000244140625,621575,-2.185912187022009e-05,0.0001453185303699,0.000140493610811,0.0,0.0,0.0
2025-12-23 12:05:00-05:00,686.9550170898438,686.989990234375,686.844970703125,686.875,334508,0.0001164876133712,0.000140493610811,0.000142447898501,0.0,0.0,0.0
2025-12-23 12:10:00-05:00,686.9400024414062,687.0200805664062,686.8900756835938,686.9600219726562,443655,-2.1857053449760017e-05,0.000142447898501,0.0001211748291792,0.0,0.0,0.0
2025-12-23 12:15:00-05:00,686.9849853515625,687.030029296875,686.8699951171875,686.9450073242188,508122,6.548088224905713e-05,0.0001211748291792,0.0001217384487189,0.0,0.0,0.0
2025-12-23 12:20:00-05:00,687.1199951171875,687.219970703125,686.9849853515625,686.989990234375,554119,0.0001965057517125,0.0001217384487189,0.0001109819706697,0.0,0.0,0.0
2025-12-23 12:25:00-05:00,687.0700073242188,687.1500244140625,687.0166015625,687.1300048828125,886440,-7.275237471088879e-05,0.0001109819706697,0.0001184079373336,0.0,0.0,0.0
2025-12-23 12:30:00-05:00,687.0,687.19970703125,686.8900146484375,687.0599975585938,577578,-0.0001018977547084,0.0001184079373336,0.000119392559156,0.0,0.0,0.0
2025-12-23 12:35:00-05:00,687.0850219726562,687.1500244140625,686.9450073242188,687.0,448003,0.0001237506724915,0.000119392559156,0.0001052376025859,0.0,0.0,0.0
2025-12-23 12:40:00-05:00,687.0449829101562,687.094970703125,686.969970703125,687.0800170898438,335304,-5.827550867681614e-05,0.0001052376025859,0.0001222711418626,0.0,0.0,0.0
2025-12-23 12:45:00-05:00,686.9199829101562,687.1199951171875,686.9000244140625,687.0399780273438,859140,-0.0001819551494462,0.0001222711418626,0.0001088175557426,0.0,0.0,0.0
2025-12-23 12:50:00-05:00,686.9749755859375,687.04052734375,686.7899780273438,686.9199829101562,2110991,8.005368310076444e-05,0.0001088175557426,0.0001086902443527,0.0,0.0,0.0
2025-12-23 12:55:00-05:00,686.9849853515625,687.10498046875,686.9299926757812,686.969970703125,401066,1.4570680237900489e-05,0.0001086902443527,0.000109818969185,0.0,0.0,0.0
2025-12-23 13:00:00-05:00,686.9500122070312,687.1199951171875,686.9199829101562,686.989990234375,268591,-5.090946020141641e-05,0.000109818969185,0.0001805092931904,0.0,0.0,0.0
2025-12-23 13:05:00-05:00,687.2999267578125,687.35498046875,686.9498291015625,686.9500122070312,689690,0.0005092444226074,0.0001805092931904,0.0001794183274955,0.0,0.0,0.0
2025-12-23 13:10:00-05:00,687.3400268554688,687.3599853515625,687.1799926757812,687.2999877929688,447083,5.83426919351147e-05,0.0001794183274955,0.000179521602034,0.0,0.0,0.0
2025-12-23 13:15:00-05:00,687.3916015625,687.4099731445312,687.2650146484375,687.3400268554688,346623,7.503240049093647e-05,0.000179521602034,0.0001898084953236,0.0,0.0,0.0
2025-12-23 13:20:00-05:00,687.5999755859375,687.7299194335938,687.3900146484375,687.4000244140625,813937,0.0003030913476063,0.0001898084953236,0.0001902727407457,0.0,0.0,0.0
2025-12-23 13:25:00-05:00,687.5449829101562,687.6500244140625,687.4600219726562,687.5999755859375,442002,-7.998091469671967e-05,0.0001902727407457,0.0001839689582857,0.0,0.0,0.0
2025-12-23 13:30:00-05:00,687.625,687.7000122070312,687.5250244140625,687.5499877929688,425216,0.0001163741078245,0.0001839689582857,0.0001840808731111,0.0,0.0,0.0
2025-12-23 13:35:00-05:00,687.635009765625,687.6500244140625,687.5399780273438,687.625,443722,1.4556906409028588e-05,0.0001840808731111,0.0001802289377373,0.0,0.0,0.0
2025-12-23 13:40:00-05:00,687.6599731445312,687.6699829101562,687.5700073242188,687.6336059570312,384070,3.6302581219560144e-05,0.0001802289377373,0.0001684680667144,0.0,0.0,0.0
2025-12-23 13:45:00-05:00,687.6099853515625,687.7000122070312,687.5800170898438,687.6599731445312,684019,-7.269524456915542e-05,0.0001684680667144,0.0001720063360158,0.0,0.0,0.0
2025-12-23 13:50:00-05:00,687.5850219726562,687.6799926757812,687.530029296875,687.6099853515625,283854,-3.630522038848227e-05,0.0001720063360158,0.000177065945927,0.0,0.0,0.0
2025-12-23 13:55:00-05:00,687.530029296875,687.6199951171875,687.510009765625,687.5900268554688,386637,-7.998265419294491e-05,0.000177065945927,0.0001825145734502,0.0,0.0,0.0
2025-12-23 14:00:00-05:00,687.719970703125,687.72998046875,687.4949951171875,687.530029296875,553399,0.0002762281875408,0.0001825145734502,0.0001273123217823,0.0,0.0,0.0
2025-12-23 14:05:00-05:00,687.7412109375,687.8250122070312,687.6500244140625,687.719970703125,497055,3.0884527546411826e-05,0.0001273123217823,0.0001304559339844,0.0,0.0,0.0
2025-12-23 14:10:00-05:00,687.7097778320312,687.8200073242188,687.7000122070312,687.739990234375,324652,-4.570588953133443e-05,0.0001304559339844,0.0001368813373958,0.0,0.0,0.0
2025-12-23 14:15:00-05:00,687.8400268554688,687.8499755859375,687.7000122070312,687.7050170898438,462937,0.0001893774015058,0.0001368813373958,0.0001136240244851,0.0,0.0,0.0
2025-12-23 14:20:00-05:00,687.8198852539062,687.9099731445312,687.7899780273438,687.8400268554688,437980,-2.92828211197121e-05,0.0001136240244851,0.0001092822705503,0.0,0.0,0.0
2025-12-23 14:25:00-05:00,687.875,687.9199829101562,687.7700805664062,687.8099975585938,675147,8.012640988066778e-05,0.0001092822705503,0.0001108843787031,0.0,0.0,0.0
2025-12-23 14:30:00-05:00,687.8250122070312,687.9149780273438,687.77001953125,687.8699951171875,454886,-7.267251951320081e-05,0.0001108843787031,0.0001143810367025,0.0,0.0,0.0
2025-12-23 14:35:00-05:00,687.7750244140625,687.8599853515625,687.760009765625,687.8200073242188,394592,-7.26778011922127e-05,0.0001143810367025,0.0001151342041193,0.0,0.0,0.0
2025-12-23 14:40:00-05:00,687.8200073242188,687.8200073242188,687.7100219726562,687.780029296875,394106,6.54013850507293e-05,0.0001151342041193,0.0001114874066746,0.0,0.0,0.0
2025-12-23 14:45:00-05:00,687.8300170898438,687.885009765625,687.780029296875,687.8200073242188,387817,1.4552779337128396e-05,0.0001114874066746,0.0001111653399273,0.0,0.0,0.0
2025-12-23 14:50:00-05:00,687.89501953125,687.9000244140625,687.760009765625,687.8400268554688,527282,9.449917639687689e-05,0.0001111653399273,0.0001118786739608,0.0,0.0,0.0
2025-12-23 14:55:00-05:00,687.8350219726562,687.9299926757812,687.8200073242188,687.9000244140625,536276,-8.722286614636504e-05,0.0001118786739608,9.461527123137096e-05,0.0,0.0,0.0
2025-12-23 15:00:00-05:00,687.9550170898438,688.030029296875,687.8200073242188,687.8350219726562,805535,0.0001744381251278,9.461527123137096e-05,9.9626443632987e-05,0.0,0.0,0.0
2025-12-23 15:05:00-05:00,687.9000854492188,687.989990234375,687.8800048828125,687.9600219726562,475050,-7.98509095221611e-05,9.9626443632987e-05,9.84460941370219e-05,0.0,0.0,0.0
2025-12-23 15:10:00-05:00,687.885009765625,687.989990234375,687.8400268554688,687.905029296875,730843,-2.1915753625784864e-05,9.84460941370219e-05,8.569695831605469e-05,0.0,0.0,0.0
2025-12-23 15:15:00-05:00,687.9400024414062,687.9600219726562,687.8300170898438,687.8900146484375,879346,7.994138109516556e-05,8.569695831605469e-05,9.87210357351362e-05,0.0,0.0,0.0
2025-12-23 15:20:00-05:00,687.830078125,688.0,687.7750244140625,687.9400024414062,832157,-0.0001598004175158,9.87210357351362e-05,9.607233841309611e-05,0.0,0.0,0.0
2025-12-23 15:25:00-05:00,687.8499755859375,687.9299926757812,687.7899780273438,687.8350219726562,489742,2.8927454294641344e-05,9.607233841309611e-05,9.839106672761166e-05,0.0,0.0,0.0
2025-12-23 15:30:00-05:00,687.9249877929688,687.9400024414062,687.7949829101562,687.8400268554688,457680,0.0001090472048152,9.839106672761166e-05,9.476778010424636e-05,0.0,0.0,0.0
2025-12-23 15:35:00-05:00,687.9299926757812,688.0,687.8499755859375,687.9249877929688,1088600,7.275305731364888e-06,9.476778010424636e-05,0.0001243486219561,0.0,0.0,0.0
2025-12-23 15:40:00-05:00,687.7449951171875,687.969970703125,687.72998046875,687.9301147460938,668931,-0.0002689553293481,0.0001243486219561,0.0001481536453234,0.0,0.0,0.0
2025-12-23 15:45:00-05:00,687.9299926757812,687.9550170898438,687.7000122070312,687.739990234375,984560,0.0002689553293482,0.0001481536453234,0.0001466791479688,0.0,0.0,0.0
2025-12-23 15:50:00-05:00,687.969970703125,688.0,687.6400146484375,687.9299926757812,2529938,5.81118226891996e-05,0.0001466791479688,0.0001466785807974,0.0,0.0,0.0
2025-12-23 15:55:00-05:00,687.9099731445312,688.2000122070312,687.8200073242188,687.969970703125,3994159,-8.721336320081208e-05,0.0001466785807974,0.0002084264776293,0.0,0.0,0.0
2025-12-24 09:30:00-05:00,688.280029296875,688.3350219726562,687.7999877929688,687.9500122070312,1597428,0.0005377980665554,0.0002084264776293,0.0002274049822597,0.0,0.0,0.0
2025-12-24 09:35:00-05:00,688.0800170898438,688.4400024414062,688.0399780273438,688.280029296875,697400,-0.000290639370075,0.0002274049822597,0.000239520251233,0.0,0.0,0.0
2025-12-24 09:40:00-05:00,688.280029296875,688.6900024414062,688.030029296875,688.0700073242188,759165,0.0002906393700751,0.000239520251233,0.0002405845855515,0.0,0.0,0.0
2025-12-24 09:45:00-05:00,688.3699951171875,688.5,688.219970703125,688.2750244140625,563838,0.0001307025298298,0.0002405845855515,0.0002566249583818,0.0,0.0,0.0
2025-12-24 09:50:00-05:00,688.6849975585938,688.7100219726562,688.3599853515625,688.375,769631,0.0004575016227761,0.0002566249583818,0.0002643069590944,0.0,0.0,0.0
2025-12-24 09:55:00-05:00,688.5999755859375,688.72998046875,688.4600219726562,688.6799926757812,451196,-0.0001234631531194,0.0002643069590944,0.0002642692336712,0.0,0.0,0.0
2025-12-24 10:00:00-05:00,688.6699829101562,688.7150268554688,688.510009765625,688.5900268554688,423895,0.0001016610053058,0.0002642692336712,0.0002679557636726,0.0,0.0,0.0
2025-12-24 10:05:00-05:00,688.8599853515625,688.9099731445312,688.64501953125,688.6799926757812,594632,0.0002758596139304,0.0002679557636726,0.0002414806980811,0.0,0.0,0.0
2025-12-24 10:10:00-05:00,689.0349731445312,689.0800170898438,688.8350219726562,688.864990234375,1017871,0.0002539929373142,0.0002414806980811,0.0002397885044224,0.0,0.0,0.0
2025-12-24 10:15:00-05:00,689.0850219726562,689.2150268554688,689.0,689.0349731445312,782226,7.263348376675241e-05,0.0002397885044224,0.000259806009763,0.0,0.0,0.0
2025-12-24 10:20:00-05:00,688.9400024414062,689.1599731445312,688.8200073242188,689.0800170898438,524541,-0.0002104744532443,0.000259806009763,0.0002576237645299,0.0,0.0,0.0
2025-12-24 10:25:00-05:00,689.1649780273438,689.1900024414062,688.875,688.9400024414062,495449,0.0003264999272545,0.0002576237645299,0.0002351927403053,0.0,0.0,0.0
2025-12-24 10:30:00-05:00,689.0999755859375,689.22998046875,689.0125122070312,689.1599731445312,516209,-9.43250298631168e-05,0.0002351927403053,0.0002010753696988,0.0,0.0,0.0
2025-12-24 10:35:00-05:00,689.1599731445312,689.2000122070312,689.030029296875,689.0999755859375,515134,8.706276154506188e-05,0.0002010753696988,0.0001947088960177,0.0,0.0,0.0
2025-12-24 10:40:00-05:00,689.25,689.280029296875,689.0999755859375,689.1500244140625,992715,0.0001306242081104,0.0001947088960177,0.0001957877095206,0.0,0.0,0.0
2025-12-24 10:45:00-05:00,689.280029296875,689.2999877929688,689.1900024414062,689.2249755859375,400508,4.356712765281831e-05,0.0001957877095206,0.0001624314476325,0.0,0.0,0.0
2025-12-24 10:50:00-05:00,689.344970703125,689.4099731445312,689.25,689.280029296875,412704,9.421185064542088e-05,0.0001624314476325,0.000151195120175,0.0,0.0,0.0
2025-12-24 10:55:00-05:00,689.469970703125,689.489990234375,689.2999877929688,689.3499755859375,640482,0.0001813151229924,0.000151195120175,0.000156096179053,0.0,0.0,0.0
2025-12-24 11:00:00-05:00,689.4500122070312,689.530029296875,689.3800048828125,689.4650268554688,2005833,-2.8948011983977637e-05,0.000156096179053,0.0001475035790365,0.0,0.0,0.0
2025-12-24 11:05:00-05:00,689.5650024414062,689.6599731445312,689.3699951171875,689.4450073242188,478189,0.0001667715484169,0.0001475035790365,0.0001798731737278,0.0,0.0,0.0
2025-12-24 11:10:00-05:00,689.8900146484375,689.9039916992188,689.5650024414062,689.5650024414062,969163,0.0004712182840595,0.0001798731737278,0.0001857605585164,0.0,0.0,0.0
2025-12-24 11:15:00-05:00,689.8499755859375,689.9099731445312,689.6500244140625,689.89501953125,571618,-5.8038562040102246e-05,0.0001857605585164,0.0001597968106578,0.0,0.0,0.0
2025-12-24 11:20:00-05:00,689.9598999023438,689.97998046875,689.8400268554688,689.8499755859375,517616,0.0001593325552913,0.0001597968106578,0.000149094400976,0.0,0.0,0.0
2025-12-24 11:25:00-05:00,689.9650268554688,689.97998046875,689.85009765625,689.9600219726562,440140,7.430771088557982e-06,0.000149094400976,0.0001422439307703,0.0,0.0,0.0
2025-12-24 11:30:00-05:00,690.1400146484375,690.1500244140625,689.8892211914062,689.9650268554688,798099,0.0002535861961867,0.0001422439307703,0.0001478642262969,0.0,0.0,0.0
2025-12-24 11:35:00-05:00,690.3300170898438,690.47998046875,690.1099853515625,690.1400146484375,955842,0.0002752721004262,0.0001478642262969,0.0001493973035138,0.0,0.0,0.0
2025-12-24 11:40:00-05:00,690.47998046875,690.47998046875,690.3200073242188,690.3350219726562,561853,0.0002172107382783,0.0001493973035138,0.0001720846921514,0.0,0.0,0.0
2025-12-24 11:45:00-05:00,690.3701171875,690.4849853515625,690.3400268554688,690.469970703125,502962,-0.0001591241245784,0.0001720846921514,0.0001734048217868,0.0,0.0,0.0
2025-12-24 11:50:00-05:00,690.405029296875,690.4349975585938,690.25,690.3800048828125,406997,5.056885543061514e-05,0.0001734048217868,0.0001797484137308,0.0,0.0,0.0
2025-12-24 11:55:00-05:00,690.3699951171875,690.4400024414062,690.3200073242188,690.4000854492188,301481,-5.074567409688523e-05,0.0001797484137308,0.0001745362443174,0.0,0.0,0.0
2025-12-24 12:00:00-05:00,690.4400024414062,690.5250244140625,690.3699951171875,690.3699951171875,678711,0.0001014003728282,0.0001745362443174,0.0001742255710907,0.0,0.0,0.0
2025-12-24 12:05:00-05:00,690.5449829101562,690.6099853515625,690.4299926757812,690.4299926757812,1499321,0.0001520370895638,0.0001742255710907,0.0001343221483812,0.0,0.0,0.0
2025-12-24 12:10:00-05:00,690.5900268554688,690.6400146484375,690.510009765625,690.5499877929688,439482,6.52274325247451e-05,0.0001343221483812,0.0001745221713063,0.0,0.0,0.0
2025-12-24 12:15:00-05:00,690.3699951171875,690.6400146484375,690.27001953125,690.5800170898438,611794,-0.0003186648949169,0.0001745221713063,0.0001776144728879,0.0,0.0,0.0
2025-12-24 12:20:00-05:00,690.2999877929688,690.5200805664062,690.2750244140625,690.3800048828125,1661362,-0.0001014106559065,0.0001776144728879,0.0001968434600412,0.0,0.0,0.0
2025-12-24 12:25:00-05:00,690.5349731445312,690.5999755859375,690.27001953125,690.2999877929688,803176,0.0003403525554877,0.0001968434600412,0.0002008902453278,0.0,0.0,0.0
2025-12-24 12:30:00-05:00,690.739990234375,690.8300170898438,690.5250244140625,690.5349731445312,839325,0.0002968519618249,0.0002008902453278,0.0002051372351965,0.0,0.0,0.0
2025-12-24 12:35:00-05:00,690.594970703125,690.8062133789062,690.5599975585938,690.7349853515625,608162,-0.0002099701171457,0.0002051372351965,0.0002237955260258,0.0,0.0,0.0
2025-12-24 12:40:00-05:00,690.3499755859375,690.6950073242188,690.3300170898438,690.5900268554688,903591,-0.0003548224285352,0.0002237955260258,0.0002236984820228,0.0,0.0,0.0
2025-12-24 12:45:00-05:00,690.4550170898438,690.4749755859375,690.344970703125,690.3599853515625,209762,0.0001521453133006,0.0002236984820228,0.0003017347282559,0.0,0.0,0.0
2025-12-26 09:30:00-05:00,690.9450073242188,691.0900268554688,690.27001953125,690.6400146484375,2058013,0.0007094110992685,0.0003017347282559,0.0003284480088982,0.0,0.0,0.0
2025-12-26 09:35:00-05:00,691.3200073242188,691.3800048828125,690.8400268554688,690.9500122070312,899289,0.0005425877168646,0.0003284480088982,0.0003343326808839,0.0,0.0,0.0
2025-12-26 09:40:00-05:00,691.5499877929688,691.5700073242188,691.2294921875,691.3300170898438,788027,0.0003326132921855,0.0003343326808839,0.0003758368776994,0.0,0.0,0.0
2025-12-26 09:45:00-05:00,691.22998046875,691.6599731445312,691.1599731445312,691.5499877929688,773327,-0.0004628463490599,0.0003758368776994,0.0004246113815501,0.0,0.0,0.0
2025-12-26 09:50:00-05:00,690.8150024414062,691.260009765625,690.4550170898438,691.25,1046311,-0.0006005275442499,0.0004246113815501,0.0004117832303986,0.0,0.0,0.0
2025-12-26 09:55:00-05:00,690.7750244140625,691.0,690.5499877929688,690.8200073242188,536831,-5.787248978037752e-05,0.0004117832303986,0.0004751413679243,0.0,0.0,0.0
2025-12-26 10:00:00-05:00,690.239990234375,690.8200073242188,689.8800048828125,690.77001953125,892282,-0.0007748419832963,0.0004751413679243,0.0004675938222148,0.0,0.0,0.0
2025-12-26 10:05:00-05:00,690.3800048828125,690.5,690.2150268554688,690.25,540861,0.0002028286558397,0.0004675938222148,0.000492169096012,0.0,0.0,0.0
2025-12-26 10:10:00-05:00,689.9099731445312,690.39501953125,689.75,690.3800048828125,698292,-0.0006810623331795,0.000492169096012,0.0005261442772398,0.0,0.0,0.0
2025-12-26 10:15:00-05:00,690.2999877929688,690.3400268554688,689.6500244140625,689.9099731445312,758743,0.0005651526504755,0.0005261442772398,0.000532931871406,0.0,0.0,0.0
2025-12-26 10:20:00-05:00,690.6099853515625,690.7100219726562,690.1699829101562,690.3049926757812,711379,0.0004489757765963,0.000532931871406,0.0005335905530987,0.0,0.0,0.0
2025-12-26 10:25:00-05:00,690.7349853515625,690.760009765625,690.280029296875,690.614990234375,542657,0.0001809830317441,0.0005335905530987,0.0004953475650571,0.0,0.0,0.0
2025-12-26 10:30:00-05:00,690.9000244140625,691.0001220703125,690.52001953125,690.72998046875,605791,0.0002389039972472,0.0004953475650571,0.0004692120694862,0.0,0.0,0.0
2025-12-26 10:35:00-05:00,690.7000122070312,690.9949951171875,690.6400146484375,690.9099731445312,356047,-0.0002895370630094,0.0004692120694862,0.0004537883618676,0.0,0.0,0.0
2025-12-26 10:40:00-05:00,690.510009765625,690.760009765625,690.489990234375,690.7100219726562,347357,-0.0002751246220084,0.0004537883618676,0.0004559350276276,0.0,0.0,0.0
2025-12-26 10:45:00-05:00,690.7199096679688,690.7899780273438,690.4400024414062,690.52001953125,250113,0.0003039318812984,0.0004559350276276,0.0004245197873766,0.0,0.0,0.0
2025-12-26 10:50:00-05:00,690.6300048828125,690.75,690.4000244140625,690.7100830078125,409079,-0.0001301694586377,0.0004245197873766,0.000433200069956,0.0,0.0,0.0
2025-12-26 10:55:00-05:00,690.8250122070312,690.8699951171875,690.5050048828125,690.6300048828125,346779,0.0002823216436315,0.000433200069956,0.0003566712584505,0.0,0.0,0.0
2025-12-26 11:00:00-05:00,690.8900146484375,690.9600219726562,690.7550048828125,690.8250122070312,342853,9.408950498583452e-05,0.0003566712584505,0.0003930938893746,0.0,0.0,0.0
2025-12-26 11:05:00-05:00,690.530029296875,690.9400024414062,690.5,690.8900146484375,442922,-0.000521181607707,0.0003930938893746,0.000425921597004,0.0,0.0,0.0
2025-12-26 11:10:00-05:00,689.9299926757812,690.5999755859375,689.9099731445312,690.52001953125,532369,-0.0008693285561797,0.000425921597004,0.0003892793173578,0.0,0.0,0.0
2025-12-26 11:15:00-05:00,689.989990234375,690.1300048828125,689.77001953125,689.9199829101562,672733,8.695802564590672e-05,0.0003892793173578,0.0003860931254025,0.0,0.0,0.0
2025-12-26 11:20:00-05:00,690.280029296875,690.3800048828125,689.9298706054688,689.989990234375,363150,0.0004202642420175,0.0003860931254025,0.0003799284003445,0.0,0.0,0.0
2025-12-26 11:25:00-05:00,690.2640991210938,690.344970703125,690.0850219726562,690.280029296875,302809,-2.307811167215675e-05,0.0003799284003445,0.0003697172809637,0.0,0.0,0.0
2025-12-26 11:30:00-05:00,690.1300048828125,690.3250122070312,690.1099853515625,690.27001953125,240637,-0.0001942839922513,0.0003697172809637,0.0003692875652931,0.0,0.0,0.0
2025-12-26 11:35:00-05:00,690.219970703125,690.3200073242188,690.1199951171875,690.1199951171875,868717,0.0001303521889825,0.0003692875652931,0.0003631354554819,0.0,0.0,0.0
2025-12-26 11:40:00-05:00,690.2249755859375,690.3300170898438,690.1500244140625,690.2100219726562,278156,7.251115411680311e-06,0.0003631354554819,0.0003677389540375,0.0,0.0,0.0
2025-12-26 11:45:00-05:00,689.8900146484375,690.2899780273438,689.8699951171875,690.239990234375,320491,-0.0004854101961752,0.0003677389540375,0.0003818933342147,0.0,0.0,0.0
2025-12-26 11:50:00-05:00,690.0700073242188,690.094970703125,689.77001953125,689.8900146484375,318366,0.0002608665090814,0.0003818933342147,0.0003656803930175,0.0,0.0,0.0
2025-12-26 11:55:00-05:00,689.989990234375,690.1500244140625,689.9400024414062,690.0700073242188,406874,-0.0001159617553946,0.0003656803930175,0.0003630729793819,0.0,0.0,0.0
2025-12-26 12:00:00-05:00,689.8049926757812,690.010009765625,689.6699829101562,689.97998046875,306230,-0.0002681522428964,0.0003630729793819,0.0003441545666417,0.0,0.0,0.0
2025-12-26 12:05:00-05:00,689.6400146484375,689.8200073242188,689.5999755859375,689.7999877929688,268978,-0.0002391947881276,0.0003441545666417,0.0002521123260279,0.0,0.0,0.0
2025-12-26 12:10:00-05:00,689.489990234375,689.6500244140625,689.4149780273438,689.6300048828125,361892,-0.0002175638469514,0.0002521123260279,0.0002521151302347,0.0,0.0,0.0
2025-12-26 12:15:00-05:00,689.5499877929688,689.6099853515625,689.4199829101562,689.47998046875,366823,8.701351605100851e-05,0.0002521151302347,0.0002090590313891,0.0,0.0,0.0
2025-12-26 12:20:00-05:00,689.5999755859375,689.6010131835938,689.3900146484375,689.5499877929688,253713,7.24907288083829e-05,0.0002090590313891,0.0003263147758408,0.0,0.0,0.0
2025-12-26 12:25:00-05:00,690.1400146484375,690.1500244140625,689.6099853515625,689.6099853515625,572329,0.0007828128399554,0.0003263147758408,0.0003568859498675,0.0,0.0,0.0
2025-12-26 12:30:00-05:00,689.7700805664062,690.2000122070312,689.7700805664062,690.1300048828125,279333,-0.0005361712943132,0.0003568859498675,0.0003542162883235,0.0,0.0,0.0
2025-12-26 12:35:00-05:00,689.6500244140625,689.8200073242188,689.510009765625,689.7894897460938,486385,-0.0001740675697177,0.0003542162883235,0.0003536621783096,0.0,0.0,0.0
2025-12-26 12:40:00-05:00,689.6300048828125,689.75,689.5449829101562,689.6500244140625,263419,-2.9028958335065835e-05,0.0003536621783096,0.000341860264553,0.0,0.0,0.0
2025-12-26 12:45:00-05:00,689.8298950195312,689.9100952148438,689.610107421875,689.6300048828125,339035,0.000289809276996,0.000341860264553,0.0003318781493863,0.0,0.0,0.0
2025-12-26 12:50:00-05:00,689.760009765625,689.8499755859375,689.5499877929688,689.8200073242188,244459,-0.0001013130840166,0.0003318781493863,0.000331639835816,0.0,0.0,0.0
2025-12-26 12:55:00-05:00,689.7899780273438,689.8800048828125,689.75,689.752197265625,223558,4.344643106619435e-05,0.000331639835816,0.0003304983315291,0.0,0.0,0.0
2025-12-26 13:00:00-05:00,689.9600830078125,689.9998779296875,689.780029296875,689.7899780273438,234459,0.000246573616678,0.0003304983315291,0.000325486610946,0.0,0.0,0.0
2025-12-26 13:05:00-05:00,689.8516845703125,690.0499877929688,689.8400268554688,689.969970703125,248555,-0.0001571206164058,0.000325486610946,0.0003164184034744,0.0,0.0,0.0
2025-12-26 13:10:00-05:00,689.9000244140625,689.9550170898438,689.7990112304688,689.844970703125,160084,7.007035172335274e-05,0.0003164184034744,0.0003283952182247,0.0,0.0,0.0
2025-12-26 13:15:00-05:00,689.719970703125,689.9000244140625,689.6599731445312,689.9000244140625,212685,-0.0002610192844363,0.0003283952182247,0.0003385917575021,0.0,0.0,0.0
2025-12-26 13:20:00-05:00,689.530029296875,689.780029296875,689.27001953125,689.719970703125,494743,-0.0002754270907387,0.0003385917575021,0.0002474383383489,0.0,0.0,0.0
2025-12-26 13:25:00-05:00,689.6970825195312,689.7100219726562,689.4099731445312,689.5280151367188,250441,0.0002422417918585,0.0002474383383489,0.0002056778153294,0.0,0.0,0.0
2025-12-26 13:30:00-05:00,689.844970703125,689.9249877929688,689.6500244140625,689.6900024414062,308977,0.0002144018499685,0.0002056778153294,0.0002044866588182,0.0,0.0,0.0
2025-12-26 13:35:00-05:00,689.989990234375,690.0449829101562,689.8400268554688,689.8499755859375,306967,0.0002101983728335,0.0002044866588182,0.0002082299490582,0.0,0.0,0.0
2025-12-26 13:40:00-05:00,689.9149780273438,690.0999755859375,689.89501953125,689.989990234375,227576,-0.0001087208305361,0.0002082299490582,0.0002217242385069,0.0,0.0,0.0
2025-12-26 13:45:00-05:00,690.1875,690.2000122070312,689.8049926757812,689.9099731445312,281554,0.0003949300585095,0.0002217242385069,0.0002174596278683,0.0,0.0,0.0
2025-12-26 13:50:00-05:00,690.260009765625,690.2849731445312,690.1300048828125,690.1900024414062,241292,0.0001050525502472,0.0002174596278683,0.0002208264588079,0.0,0.0,0.0
2025-12-26 13:55:00-05:00,690.2100219726562,690.2899780273438,690.1849975585938,690.2650146484375,234611,-7.242140986963539e-05,0.0002208264588079,0.000223279477018,0.0,0.0,0.0
2025-12-26 14:00:00-05:00,690.4000244140625,690.4000244140625,690.0700073242188,690.2050170898438,323436,0.0002752441836897,0.000223279477018,0.0002144682161206,0.0,0.0,0.0
2025-12-26 14:05:00-05:00,690.39501953125,690.4299926757812,690.260009765625,690.4000244140625,318066,-7.249276906725198e-06,0.0002144682161206,0.0002302006225477,0.0,0.0,0.0
2025-12-26 14:10:00-05:00,690.239990234375,690.4600219726562,690.2100219726562,690.3900146484375,247446,-0.0002245768018774,0.0002302006225477,0.0002197043970526,0.0,0.0,0.0
2025-12-26 14:15:00-05:00,690.1300048828125,690.2999877929688,690.1199951171875,690.2349853515625,203315,-0.0001593563351627,0.0002197043970526,0.0001985522873326,0.0,0.0,0.0
2025-12-26 14:20:00-05:00,690.0881958007812,690.216796875,690.0599975585938,690.1300048828125,191021,-6.058329331309515e-05,0.0001985522873326,0.0001938237827536,0.0,0.0,0.0
2025-12-26 14:25:00-05:00,690.0418090820312,690.1199951171875,689.9749755859375,690.0900268554688,367364,-6.722079601682081e-05,0.0001938237827536,0.0001950694172943,0.0,0.0,0.0
2025-12-26 14:30:00-05:00,690.2000122070312,690.2449951171875,690.0374755859375,690.0399780273438,222819,0.0002292397219859,0.0001950694172943,0.0001879104522808,0.0,0.0,0.0
2025-12-26 14:35:00-05:00,690.2050170898438,690.3200073242188,690.1649780273438,690.2000122070312,252008,7.251325091321194e-06,0.0001879104522808,0.0001843187333454,0.0,0.0,0.0
2025-12-26 14:40:00-05:00,690.1799926757812,690.27001953125,690.1400146484375,690.2100219726562,291902,-3.6257151284861695e-05,0.0001843187333454,0.0001463789512412,0.0,0.0,0.0
2025-12-26 14:45:00-05:00,690.125,690.219970703125,690.0800170898438,690.1900024414062,366948,-7.968191972371812e-05,0.0001463789512412,0.000142202840764,0.0,0.0,0.0
2025-12-26 14:50:00-05:00,690.1300048828125,690.2100219726562,690.114990234375,690.1400146484375,196447,7.252113261352477e-06,0.000142202840764,0.000141721749203,0.0,0.0,0.0
2025-12-26 14:55:00-05:00,690.155029296875,690.219970703125,690.1212158203125,690.1300048828125,329007,3.6259777430844615e-05,0.000141721749203,0.0001107113430413,0.0,0.0,0.0
2025-12-26 15:00:00-05:00,690.1500244140625,690.3400268554688,690.0850219726562,690.1500244140625,389792,-7.251850305226272e-06,0.0001107113430413,0.0001108675166646,0.0,0.0,0.0
2025-12-26 15:05:00-05:00,690.1500244140625,690.2199096679688,690.0399780273438,690.1400146484375,261094,0.0,0.0001108675166646,9.368434085854548e-05,0.0,0.0,0.0
2025-12-26 15:10:00-05:00,690.1801147460938,690.219970703125,690.0999755859375,690.14501953125,317675,4.359874667992132e-05,9.368434085854548e-05,8.116848059246703e-05,0.0,0.0,0.0
2025-12-26 15:15:00-05:00,690.1599731445312,690.219970703125,690.0900268554688,690.1799926757812,335960,-2.9183534899291423e-05,8.116848059246703e-05,7.985001757803755e-05,0.0,0.0,0.0
2025-12-26 15:20:00-05:00,690.2000122070312,690.2100219726562,690.068603515625,690.1599731445312,354980,5.801249374971514e-05,7.985001757803755e-05,7.593413203193212e-05,0.0,0.0,0.0
2025-12-26 15:25:00-05:00,690.2000122070312,690.2750244140625,690.1649780273438,690.2000122070312,344445,0.0,7.593413203193212e-05,4.270643148821297e-05,0.0,0.0,0.0
2025-12-26 15:30:00-05:00,690.25,690.280029296875,690.1699829101562,690.2000122070312,444611,7.242246013765127e-05,4.270643148821297e-05,6.618333224711158e-05,0.0,0.0,0.0
2025-12-26 15:35:00-05:00,690.375,690.4199829101562,690.2349853515625,690.2550048828125,554844,0.0001810774110878,6.618333224711158e-05,6.807451038703068e-05,0.0,0.0,0.0
2025-12-26 15:40:00-05:00,690.4500122070312,690.5,690.3150024414062,690.375,757596,0.0001086483898276,6.807451038703068e-05,9.171149781286056e-05,0.0,0.0,0.0
2025-12-26 15:45:00-05:00,690.3099975585938,690.4600219726562,690.2999877929688,690.4500122070312,726325,-0.0002028080881936,9.171149781286056e-05,0.00014101309937,0.0,0.0,0.0
2025-12-26 15:50:00-05:00,690.0700073242188,690.3200073242188,690.010009765625,690.2899780273438,1215585,-0.000347716188215,0.00014101309937,0.0001598059265812,0.0,0.0,0.0
2025-12-26 15:55:00-05:00,690.2449951171875,690.4199829101562,690.0050048828125,690.0750122070312,4096809,0.0002535476229654,0.0001598059265812,0.000932648273346,0.0,0.0,0.0
2025-12-29 09:30:00-05:00,688.0599975585938,688.0900268554688,687.1900024414062,687.5399780273438,2958189,-0.0031705600728229,0.000932648273346,0.0010061104285511,0.0,0.0,0.0
2025-12-29 09:35:00-05:00,688.7899780273438,689.2000122070312,687.9199829101562,688.0499877929688,1459499,0.0010603632205268,0.0010061104285511,0.0010087478443046,0.0,0.0,0.0
2025-12-29 09:40:00-05:00,688.4299926757812,688.7999877929688,688.22998046875,688.7999877929688,969638,-0.0005227710422715,0.0010087478443046,0.0010219046311479,0.0,0.0,0.0
2025-12-29 09:45:00-05:00,687.8599853515625,688.4400024414062,687.5700073242188,688.4400024414062,1301729,-0.0008283245041527,0.0010219046311479,0.0010182884000219,0.0,0.0,0.0
2025-12-29 09:50:00-05:00,687.7951049804688,688.25,687.4600219726562,687.8499755859375,913235,-9.432650901787623e-05,0.0010182884000219,0.001014184862316,0.0,0.0,0.0
2025-12-29 09:55:00-05:00,687.5599975585938,687.9600219726562,687.3300170898438,687.7999877929688,667435,-0.0003418861408679,0.001014184862316,0.0010069077103756,0.0,0.0,0.0
2025-12-29 10:00:00-05:00,687.3699951171875,687.8699951171875,687.2999267578125,687.5599975585938,523754,-0.0002763812610502,0.0010069077103756,0.0009930090652135,0.0,0.0,0.0
2025-12-29 10:05:00-05:00,687.0900268554688,687.5800170898438,687.0599975585938,687.3599853515625,857293,-0.000407386553432,0.0009930090652135,0.0009889927123768,0.0,0.0,0.0
2025-12-29 10:10:00-05:00,687.0996704101562,687.219970703125,686.8200073242188,687.0900268554688,839757,1.403525977066594e-05,0.0009889927123768,0.0010305899057991,0.0,0.0,0.0
2025-12-29 10:15:00-05:00,687.5150146484375,687.7698974609375,687.0900268554688,687.0999755859375,731537,0.0006043064364663,0.0010305899057991,0.0010572294682422,0.0,0.0,0.0
2025-12-29 10:20:00-05:00,687.844970703125,687.8699951171875,687.3900146484375,687.52001953125,356499,0.0004798104707594,0.0010572294682422,0.0010530896530579,0.0,0.0,0.0
2025-12-29 10:25:00-05:00,687.9500122070312,688.0599975585938,687.7550048828125,687.8400268554688,536076,0.0001526993562488,0.0010530896530579,0.000533533383119,0.0,0.0,0.0
2025-12-29 10:30:00-05:00,688.1199951171875,688.14501953125,687.6900024414062,687.9400024414062,412735,0.000247055615072,0.000533533383119,0.0004189443341226,0.0,0.0,0.0
2025-12-29 10:35:00-05:00,687.989990234375,688.4000244140625,687.780029296875,688.1199951171875,551441,-0.0001889454834034,0.0004189443341226,0.0004094645631453,0.0,0.0,0.0
2025-12-29 10:40:00-05:00,688.1900024414062,688.2899780273438,687.8699951171875,687.989990234375,342519,0.0002906773961313,0.0004094645631453,0.0004422802451516,0.0,0.0,0.0
2025-12-29 10:45:00-05:00,687.5,688.2296752929688,687.489990234375,688.1900024414062,517495,-0.0010031366049665,0.0004422802451516,0.0004469557026909,0.0,0.0,0.0
2025-12-29 10:50:00-05:00,687.3150024414062,687.510009765625,686.8900146484375,687.5,882891,-0.0002691235684536,0.0004469557026909,0.0004385949444026,0.0,0.0,0.0
2025-12-29 10:55:00-05:00,687.3499755859375,687.7294921875,687.1953125,687.2999877929688,470143,5.088242604244943e-05,0.0004385949444026,0.0004375065807375,0.0,0.0,0.0
2025-12-29 11:00:00-05:00,687.1749877929688,687.530029296875,687.14501953125,687.3499755859375,461764,-0.0002546156651589,0.0004375065807375,0.0004210679747566,0.0,0.0,0.0
2025-12-29 11:05:00-05:00,687.1300048828125,687.47998046875,687.02001953125,687.1798706054688,784033,-6.546277632996162e-05,0.0004210679747566,0.0004455980772523,0.0,0.0,0.0
2025-12-29 11:10:00-05:00,687.47998046875,687.6375732421875,687.0900268554688,687.1400146484375,525497,0.0005091998417426,0.0004455980772523,0.0004280142616826,0.0,0.0,0.0
2025-12-29 11:15:00-05:00,687.1799926757812,687.489990234375,686.989990234375,687.47998046875,392584,-0.0004364538192592,0.0004280142616826,0.0003976359844893,0.0,0.0,0.0
2025-12-29 11:20:00-05:00,687.219970703125,687.3150024414062,686.9949951171875,687.1749877929688,387517,5.817524508187813e-05,0.0003976359844893,0.000391133213693,0.0,0.0,0.0
2025-12-29 11:25:00-05:00,687.169921875,687.27001953125,686.9450073242188,687.219970703125,363569,-7.283061148426823e-05,0.000391133213693,0.0003785611357537,0.0,0.0,0.0
2025-12-29 11:30:00-05:00,686.97998046875,687.489990234375,686.9600219726562,687.1599731445312,462373,-0.0002764493264318,0.0003785611357537,0.0003782240667807,0.0,0.0,0.0
2025-12-29 11:35:00-05:00,686.8900146484375,687.22998046875,686.8400268554688,686.97998046875,479745,-0.0001309670067195,0.0003782240667807,0.0003564777488727,0.0,0.0,0.0
2025-12-29 11:40:00-05:00,686.8743896484375,686.9149780273438,686.6900024414062,686.8800048828125,508667,-2.2747714166686127e-05,0.0003564777488727,0.0002611360858917,0.0,0.0,0.0
2025-12-29 11:45:00-05:00,687.0750122070312,687.1199951171875,686.8400268554688,686.8800048828125,411677,0.0002920377704573,0.0002611360858917,0.0002604556639216,0.0,0.0,0.0
2025-12-29 11:50:00-05:00,687.2100219726562,687.2899780273438,686.9400024414062,687.0700073242188,439476,0.0001964800062601,0.0002604556639216,0.0002643172153357,0.0,0.0,0.0
2025-12-29 11:55:00-05:00,687.0800170898438,687.3900146484375,687.0700073242188,687.219970703125,313942,-0.0001891957003326,0.0002643172153357,0.0002558260783923,0.0,0.0,0.0
2025-12-29 12:00:00-05:00,687.02001953125,687.22998046875,686.8900146484375,687.0800170898438,218839,-8.732633292025271e-05,0.0002558260783923,0.0002675194213178,0.0,0.0,0.0
2025-12-29 12:05:00-05:00,686.8206176757812,687.0700073242188,686.77001953125,687.0250244140625,339292,-0.000290283824002,0.0002675194213178,0.000207446000646,0.0,0.0,0.0
2025-12-29 12:10:00-05:00,686.8400268554688,686.9000244140625,686.5999755859375,686.8200073242188,299501,2.8259060585375897e-05,0.000207446000646,0.0001757298635275,0.0,0.0,0.0
2025-12-29 12:15:00-05:00,686.75,686.9299926757812,686.6300048828125,686.8300170898438,310158,-0.0001310825702538,0.0001757298635275,0.0001860692933548,0.0,0.0,0.0
2025-12-29 12:20:00-05:00,686.5399780273438,686.780029296875,686.4749755859375,686.75,282640,-0.0003058669001507,0.0001860692933548,0.000206437751132,0.0,0.0,0.0
2025-12-29 12:25:00-05:00,686.27001953125,686.5399780273438,686.0700073242188,686.530029296875,515147,-0.0003932933181629,0.000206437751132,0.0002132448518603,0.0,0.0,0.0
2025-12-29 12:30:00-05:00,686.3839111328125,686.510009765625,686.1799926757812,686.27001953125,413029,0.0001659436501504,0.0002132448518603,0.0002132102847497,0.0,0.0,0.0
2025-12-29 12:35:00-05:00,686.2949829101562,686.5050048828125,686.260009765625,686.3900146484375,282600,-0.0001295688644541,0.0002132102847497,0.0002396256471465,0.0,0.0,0.0
2025-12-29 12:40:00-05:00,686.5050048828125,686.5650024414062,686.239990234375,686.2999877929688,435467,0.0003059760724976,0.0002396256471465,0.0002273602160947,0.0,0.0,0.0
2025-12-29 12:45:00-05:00,686.6300048828125,686.6900024414062,686.469970703125,686.5,292180,0.0001820651275457,0.0002273602160947,0.0002658545700494,0.0,0.0,0.0
2025-12-29 12:50:00-05:00,686.9550170898438,686.9849853515625,686.6099853515625,686.6300048828125,450862,0.0004732320284477,0.0002658545700494,0.0002618656579993,0.0,0.0,0.0
2025-12-29 12:55:00-05:00,686.989990234375,687.0955810546875,686.9199829101562,686.9600219726562,352491,5.090908930476933e-05,0.0002618656579993,0.0002612271888626,0.0,0.0,0.0
2025-12-29 13:00:00-05:00,686.9500122070312,687.0098876953125,686.7899780273438,686.989990234375,396602,-5.819472070684604e-05,0.0002612271888626,0.0002473603438485,0.0,0.0,0.0
2025-12-29 13:05:00-05:00,687.030029296875,687.1300048828125,686.8900146484375,686.9500732421875,319191,0.0001164748941281,0.0002473603438485,0.0002544811833294,0.0,0.0,0.0
2025-12-29 13:10:00-05:00,686.905029296875,687.0399780273438,686.8099975585938,687.030029296875,293109,-0.0001819591101675,0.0002544811833294,0.0002796204027063,0.0,0.0,0.0
2025-12-29 13:15:00-05:00,687.2139282226562,687.22998046875,686.9000244140625,686.9099731445312,327963,0.0004495956180419,0.0002796204027063,0.0002711205921124,0.0,0.0,0.0
2025-12-29 13:20:00-05:00,687.4924926757812,687.5449829101562,687.1599731445312,687.2100219726562,464799,0.00040527119493,0.0002711205921124,0.000247062708508,0.0,0.0,0.0
2025-12-29 13:25:00-05:00,687.3300170898438,687.5050048828125,687.1900024414062,687.4949951171875,405426,-0.0002363586361727,0.000247062708508,0.0002562021113815,0.0,0.0,0.0
2025-12-29 13:30:00-05:00,687.5800170898438,687.5900268554688,687.3167724609375,687.3300170898438,481220,0.0003636601618145,0.0002562021113815,0.0002411611166969,0.0,0.0,0.0
2025-12-29 13:35:00-05:00,687.6950073242188,687.8900146484375,687.5900268554688,687.5900268554688,645330,0.0001672250751328,0.0002411611166969,0.0002765613375935,0.0,0.0,0.0
2025-12-29 13:40:00-05:00,687.4650268554688,687.719970703125,687.4199829101562,687.7100219726562,486611,-0.0003344781191685,0.0002765613375935,0.0002903185759168,0.0,0.0,0.0
2025-12-29 13:45:00-05:00,687.3250122070312,687.5050048828125,687.280029296875,687.4650268554688,356285,-0.000203688774203,0.0002903185759168,0.0002638556770192,0.0,0.0,0.0
2025-12-29 13:50:00-05:00,687.3150024414062,687.4199829101562,687.2150268554688,687.3200073242188,411817,-1.456347191775446e-05,0.0002638556770192,0.0002685839330243,0.0,0.0,0.0
2025-12-29 13:55:00-05:00,687.2249755859375,687.3151245117188,687.1699829101562,687.3099975585938,423712,-0.0001309919784606,0.0002685839330243,0.0002788579475435,0.0,0.0,0.0
2025-12-29 14:00:00-05:00,687.0599975585938,687.2899780273438,686.9299926757812,687.219970703125,1215460,-0.0002400928939196,0.0002788579475435,0.000279985750193,0.0,0.0,0.0
2025-12-29 14:05:00-05:00,686.9650268554688,687.1284790039062,686.8699951171875,687.0650024414062,696291,-0.0001382372250704,0.000279985750193,0.0002748467467389,0.0,0.0,0.0
2025-12-29 14:10:00-05:00,687.0,687.0692138671875,686.8800048828125,686.969970703125,442384,5.0908347527257366e-05,0.0002748467467389,0.000238812126768,0.0,0.0,0.0
2025-12-29 14:15:00-05:00,687.0349731445312,687.1099853515625,686.9299926757812,687.0,400643,5.0905755999412094e-05,0.000238812126768,0.0002452667330527,0.0,0.0,0.0
2025-12-29 14:20:00-05:00,687.3400268554688,687.3900146484375,687.0399780273438,687.0399780273438,547717,0.0004439162760484,0.0002452667330527,0.0002407260335041,0.0,0.0,0.0
2025-12-29 14:25:00-05:00,687.4600219726562,687.469970703125,687.25,687.3400268554688,512382,0.0001745637376059,0.0002407260335041,0.0002531721345746,0.0,0.0,0.0
2025-12-29 14:30:00-05:00,687.77001953125,687.8300170898438,687.4299926757812,687.4500122070312,732321,0.0004508301222175,0.0002531721345746,0.0002495806506522,0.0,0.0,0.0
2025-12-29 14:35:00-05:00,687.8150024414062,687.8800048828125,687.7000122070312,687.7750244140625,487542,6.540186095911313e-05,0.0002495806506522,0.0002264635049318,0.0,0.0,0.0
2025-12-29 14:40:00-05:00,687.9249877929688,688.0800170898438,687.7999877929688,687.8150024414062,989351,0.0001598926433448,0.0002264635049318,0.0002181873062977,0.0,0.0,0.0
2025-12-29 14:45:00-05:00,688.1099853515625,688.280029296875,687.8599853515625,687.9299926757812,631486,0.0002688849677789,0.0002181873062977,0.0002163622045591,0.0,0.0,0.0
2025-12-29 14:50:00-05:00,688.22998046875,688.2999877929688,688.0850219726562,688.10498046875,690363,0.0001743684270912,0.0002163622045591,0.0002027125095181,0.0,0.0,0.0
2025-12-29 14:55:00-05:00,688.2999877929688,688.4600219726562,688.22998046875,688.22998046875,1180188,0.0001017156558784,0.0002027125095181,0.0001762859134609,0.0,0.0,0.0
2025-12-29 15:00:00-05:00,688.27001953125,688.3499755859375,688.1099853515625,688.2999877929688,890426,-4.3540483323086e-05,0.0001762859134609,0.0001557666872429,0.0,0.0,0.0
2025-12-29 15:05:00-05:00,688.3049926757812,688.3699951171875,688.2000122070312,688.260009765625,619368,5.081182533264383e-05,0.0001557666872429,0.0001535794709034,0.0,0.0,0.0
2025-12-29 15:10:00-05:00,688.47998046875,688.4949951171875,688.2849731445312,688.3099975585938,602574,0.0002541977103531,0.0001535794709034,0.0001628951815525,0.0,0.0,0.0
2025-12-29 15:15:00-05:00,688.4500122070312,688.6199951171875,688.4031372070312,688.4868774414062,770502,-4.3529100074678046e-05,0.0001628951815525,0.0001454243361265,0.0,0.0,0.0
2025-12-29 15:20:00-05:00,688.4450073242188,688.5499877929688,688.3101196289062,688.4550170898438,592315,-7.269810321764276e-06,0.0001454243361265,0.0002076091755372,0.0,0.0,0.0
2025-12-29 15:25:00-05:00,688.1799926757812,688.4849853515625,688.1599731445312,688.4450073242188,532211,-0.0003850208324145,0.0002076091755372,0.0001732588356667,0.0,0.0,0.0
2025-12-29 15:30:00-05:00,688.22998046875,688.405029296875,688.1400146484375,688.1799926757812,1345326,7.263503456972505e-05,0.0001732588356667,0.0001832844370387,0.0,0.0,0.0
2025-12-29 15:35:00-05:00,688.125,688.3699951171875,688.1199951171875,688.219970703125,581131,-0.0001525485364507,0.0001832844370387,0.0001918261357491,0.0,0.0,0.0
2025-12-29 15:40:00-05:00,687.97998046875,688.2050170898438,687.8400268554688,688.1199951171875,1039491,-0.0002107681228469,0.0001918261357491,0.0001736560591085,0.0,0.0,0.0
2025-12-29 15:45:00-05:00,688.0,688.1099853515625,687.89501953125,687.97998046875,2089889,2.9098579246177965e-05,0.0001736560591085,0.0002152261745887,0.0,0.0,0.0
2025-12-29 15:50:00-05:00,687.64501953125,688.1900024414062,687.6300048828125,688.010009765625,1970360,-0.0005160931368037,0.0002152261745887,0.0002340574606069,0.0,0.0,0.0
2025-12-29 15:55:00-05:00,687.8400268554688,687.989990234375,687.4000244140625,687.64501953125,3907608,0.0002835469946219,0.0002340574606069,0.0003036730202813,0.0,0.0,0.0
2025-12-30 09:30:00-05:00,687.3400268554688,687.8699951171875,687.248779296875,687.4450073242188,1798107,-0.0007271775367647,0.0003036730202813,0.0003020715087409,0.0,0.0,0.0
2025-12-30 09:35:00-05:00,687.3499755859375,687.5399780273438,687.1699829101562,687.3400268554688,672384,1.447414391781234e-05,0.0003020715087409,0.000283794437168,0.0,0.0,0.0
2025-12-30 09:40:00-05:00,687.1199951171875,687.3800048828125,687.0999755859375,687.3599853515625,459635,-0.0003346460465463,0.000283794437168,0.0005091322169305,0.0,0.0,0.0
2025-12-30 09:45:00-05:00,688.010009765625,688.0900268554688,686.8800048828125,687.1300048828125,883966,0.0012944445536814,0.0005091322169305,0.0005091108968065,0.0,0.0,0.0
2025-12-30 09:50:00-05:00,688.003173828125,688.2100219726562,687.8200073242188,688.010009765625,754610,-9.935860472247976e-06,0.0005091108968065,0.0005001588739528,0.0,0.0,0.0
2025-12-30 09:55:00-05:00,688.0900268554688,688.530029296875,688.0449829101562,688.0599975585938,664647,0.0001262313154602,0.0005001588739528,0.0005128436945733,0.0,0.0,0.0
2025-12-30 10:00:00-05:00,687.7999877929688,688.1699829101562,687.760009765625,688.0800170898438,460721,-0.0004216021102098,0.0005128436945733,0.0005217222311785,0.0,0.0,0.0
2025-12-30 10:05:00-05:00,687.530029296875,687.8400268554688,687.4500122070312,687.8099975585938,465369,-0.000392572686128,0.0005217222311785,0.0005722101285945,0.0,0.0,0.0
2025-12-30 10:10:00-05:00,686.9201049804688,687.5599975585938,686.8099975585938,687.52001953125,797507,-0.0008875176206559,0.0005722101285945,0.000571729716579,0.0,0.0,0.0
2025-12-30 10:15:00-05:00,686.9260864257812,687.260009765625,686.75,686.9299926757812,604191,8.70759092235761e-06,0.000571729716579,0.0005641182336334,0.0,0.0,0.0
2025-12-30 10:20:00-05:00,687.0469970703125,687.419921875,686.8400268554688,686.9199829101562,782171,0.0001760014752774,0.0005641182336334,0.0005530574931491,0.0,0.0,0.0
2025-12-30 10:25:00-05:00,686.9400024414062,687.1099853515625,686.8350219726562,687.0399780273438,262345,-0.0001557432918368,0.0005530574931491,0.0005191733392036,0.0,0.0,0.0
2025-12-30 10:30:00-05:00,686.8098754882812,687.0,686.75,686.9400024414062,379136,-0.0001894478108494,0.0005191733392036,0.0005240213365765,0.0,0.0,0.0
2025-12-30 10:35:00-05:00,686.9400024414062,686.989990234375,686.6799926757812,686.8099975585938,378043,0.0001894478108494,0.0005240213365765,0.0005197983127391,0.0,0.0,0.0
2025-12-30 10:40:00-05:00,686.780029296875,687.030029296875,686.5800170898438,686.9299926757812,415107,-0.0002329050193028,0.0005197983127391,0.0003469246043291,0.0,0.0,0.0
2025-12-30 10:45:00-05:00,687.0599975585938,687.0599975585938,686.6900024414062,686.8099975585938,511548,0.0004075704013882,0.0003469246043291,0.0003898663420762,0.0,0.0,0.0
2025-12-30 10:50:00-05:00,687.405029296875,687.5449829101562,687.0,687.0599975585938,554085,0.0005020596941897,0.0003898663420762,0.0004008913214926,0.0,0.0,0.0
2025-12-30 10:55:00-05:00,687.6104736328125,687.72998046875,687.4099731445312,687.4099731445312,438691,0.0002988247580168,0.0004008913214926,0.0004065501126132,0.0,0.0,0.0
2025-12-30 11:00:00-05:00,687.9099731445312,687.969970703125,687.510009765625,687.5999755859375,538275,0.0004354708316454,0.0004065501126132,0.0003944725434949,0.0,0.0,0.0
2025-12-30 11:05:00-05:00,687.75,688.02001953125,687.7000732421875,687.9099731445312,472071,-0.0002325765790607,0.0003944725434949,0.0002700922356018,0.0,0.0,0.0
2025-12-30 11:10:00-05:00,687.7899780273438,687.9000244140625,687.6849975585938,687.75,330053,5.812703082954773e-05,0.0002700922356018,0.0002710982807933,0.0,0.0,0.0
2025-12-30 11:15:00-05:00,687.9600219726562,688.010009765625,687.77001953125,687.7899780273438,385001,0.000247201811635,0.0002710982807933,0.0002928748919341,0.0,0.0,0.0
2025-12-30 11:20:00-05:00,688.3099975585938,688.5549926757812,687.969970703125,687.969970703125,682669,0.0005085856532722,0.0002928748919341,0.0002872304998201,0.0,0.0,0.0
2025-12-30 11:25:00-05:00,688.2471923828125,688.3250122070312,688.114990234375,688.3200073242188,424056,-9.124964263568038e-05,0.0002872304998201,0.0003045233115401,0.0,0.0,0.0
2025-12-30 11:30:00-05:00,688.0225219726562,688.27001953125,687.9600219726562,688.239990234375,398837,-0.0003264918348613,0.0003045233115401,0.0003698184618499,0.0,0.0,0.0
2025-12-30 11:35:00-05:00,687.6199951171875,688.0988159179688,687.5422973632812,688.0250244140625,437549,-0.0005852201599707,0.0003698184618499,0.0003573274245629,0.0,0.0,0.0
2025-12-30 11:40:00-05:00,687.6298828125,687.6599731445312,687.3900146484375,687.6199951171875,513767,1.437948909694537e-05,0.0003573274245629,0.0003500599534086,0.0,0.0,0.0
2025-12-30 11:45:00-05:00,687.530029296875,687.6710815429688,687.5001220703125,687.6300048828125,329363,-0.0001452245879496,0.0003500599534086,0.0003270132489114,0.0,0.0,0.0
2025-12-30 11:50:00-05:00,687.3900146484375,687.5549926757812,687.3099975585938,687.5449829101562,310842,-0.0002036695145119,0.0003270132489114,0.0003184824704102,0.0,0.0,0.0
2025-12-30 11:55:00-05:00,687.22998046875,687.4378051757812,687.2000122070312,687.3956298828125,311643,-0.0002328413393941,0.0003184824704102,0.0002813086513029,0.0,0.0,0.0
2025-12-30 12:00:00-05:00,687.10498046875,687.3099975585938,687.0499877929688,687.219970703125,465411,-0.0001819061639229,0.0002813086513029,0.0002903270057579,0.0,0.0,0.0
2025-12-30 12:05:00-05:00,687.2449951171875,687.2899780273438,687.1099853515625,687.1199951171875,278901,0.0002037539948472,0.0002903270057579,0.000293456509541,0.0,0.0,0.0
2025-12-30 12:10:00-05:00,687.0599975585938,687.3200073242188,687.030029296875,687.25,296022,-0.000269223441226,0.000293456509541,0.0002982526646501,0.0,0.0,0.0
2025-12-30 12:15:00-05:00,687.260009765625,687.2899780273438,686.8699951171875,687.0599975585938,760309,0.000291070794833,0.0002982526646501,0.0002414333192719,0.0,0.0,0.0
2025-12-30 12:20:00-05:00,687.3200073242188,687.4199829101562,687.2000122070312,687.260009765625,499630,8.729584001793635e-05,0.0002414333192719,0.0002487525229467,0.0,0.0,0.0
2025-12-30 12:25:00-05:00,687.3800048828125,687.4299926757812,687.27001953125,687.3300170898438,205449,8.72882201193862e-05,0.0002487525229467,0.0002696528212537,0.0,0.0,0.0
2025-12-30 12:30:00-05:00,687.6199951171875,687.6799926757812,687.35498046875,687.3800048828125,295384,0.0003490767080901,0.0002696528212537,0.0002101828708319,0.0,0.0,0.0
2025-12-30 12:35:00-05:00,687.614990234375,687.6900024414062,687.5599975585938,687.6300048828125,289678,-7.2785856465598175e-06,0.0002101828708319,0.0002268642039272,0.0,0.0,0.0
2025-12-30 12:40:00-05:00,687.4099731445312,687.7100219726562,687.3499755859375,687.6300048828125,351477,-0.0002982012644471,0.0002268642039272,0.0002241469367755,0.0,0.0,0.0
2025-12-30 12:45:00-05:00,687.4299926757812,687.4600219726562,687.1950073242188,687.4000244140625,297531,2.912270773197504e-05,0.0002241469367755,0.0002275516473696,0.0,0.0,0.0
2025-12-30 12:50:00-05:00,687.60498046875,687.6599731445312,687.385009765625,687.4199829101562,215964,0.0002545212264866,0.0002275516473696,0.000212450599244,0.0,0.0,0.0
2025-12-30 12:55:00-05:00,687.635009765625,687.6998901367188,687.5399780273438,687.5999755859375,210430,4.367135495333469e-05,0.000212450599244,0.000213168478814,0.0,0.0,0.0
2025-12-30 13:00:00-05:00,687.5050048828125,687.635009765625,687.219970703125,687.635009765625,310925,-0.0001890787582572,0.000213168478814,0.0002243613794975,0.0,0.0,0.0
2025-12-30 13:05:00-05:00,687.7319946289062,687.760009765625,687.510009765625,687.510009765625,300175,0.0003301100075633,0.0002243613794975,0.0002029266599333,0.0,0.0,0.0
2025-12-30 13:10:00-05:00,687.7000122070312,687.7899780273438,687.6099853515625,687.72998046875,247032,-4.650527502900713e-05,0.0002029266599333,0.0001920299133668,0.0,0.0,0.0
2025-12-30 13:15:00-05:00,687.7050170898438,687.760009765625,687.6199951171875,687.7000122070312,168022,7.277685781078752e-06,0.0001920299133668,0.0001972384370738,0.0,0.0,0.0
2025-12-30 13:20:00-05:00,687.6298828125,687.7150268554688,687.5349731445312,687.7000122070312,138849,-0.0001092596100394,0.0001972384370738,0.0002026184753322,0.0,0.0,0.0
2025-12-30 13:25:00-05:00,687.7692260742188,687.7899780273438,687.5900268554688,687.62890625,215441,0.0002026222952962,0.0002026184753322,0.000182631819356,0.0,0.0,0.0
2025-12-30 13:30:00-05:00,687.8699951171875,687.9299926757812,687.72998046875,687.760009765625,381866,0.0001465050452134,0.000182631819356,0.0002176009030842,0.0,0.0,0.0
2025-12-30 13:35:00-05:00,687.6099243164062,687.8599853515625,687.5599975585938,687.8599853515625,195350,-0.0003781528180905,0.0002176009030842,0.0001968413207999,0.0,0.0,0.0
2025-12-30 13:40:00-05:00,687.6599731445312,687.6900024414062,687.469970703125,687.6099853515625,265632,7.278400878178904e-05,0.0001968413207999,0.0002106795133915,0.0,0.0,0.0
2025-12-30 13:45:00-05:00,687.8598022460938,687.8800048828125,687.6179809570312,687.6599731445312,255251,0.0002905506798861,0.0002106795133915,0.0002073283284673,0.0,0.0,0.0
2025-12-30 13:50:00-05:00,687.760009765625,687.8800048828125,687.723876953125,687.8599853515625,173440,-0.0001450872977729,0.0002073283284673,0.0002071973635608,0.0,0.0,0.0
2025-12-30 13:55:00-05:00,687.7650146484375,687.8300170898438,687.7000122070312,687.77001953125,194617,7.277050905994624e-06,0.0002071973635608,0.0002248494716636,0.0,0.0,0.0
2025-12-30 14:00:00-05:00,687.530029296875,687.8499755859375,687.530029296875,687.760009765625,539847,-0.0003417235521697,0.0002248494716636,0.0002059516080341,0.0,0.0,0.0
2025-12-30 14:05:00-05:00,687.6300048828125,687.7550048828125,687.4199829101562,687.530029296875,488438,0.0001454021112143,0.0002059516080341,0.000228345947016,0.0,0.0,0.0
2025-12-30 14:10:00-05:00,687.8599853515625,687.8699951171875,687.5009765625,687.6199951171875,313733,0.0003343978837007,0.000228345947016,0.0002294338773692,0.0,0.0,0.0
2025-12-30 14:15:00-05:00,687.8201293945312,687.8599853515625,687.6599731445312,687.85498046875,345771,-5.794364055303116e-05,0.0002294338773692,0.0002271983854726,0.0,0.0,0.0
2025-12-30 14:20:00-05:00,687.7849731445312,687.8699951171875,687.719970703125,687.8300170898438,295866,-5.111386973306288e-05,0.0002271983854726,0.0002199221944317,0.0,0.0,0.0
2025-12-30 14:25:00-05:00,687.8099975585938,687.8499755859375,687.7100219726562,687.780029296875,378965,3.638340441504768e-05,0.0002199221944317,0.0002153563091813,0.0,0.0,0.0
2025-12-30 14:30:00-05:00,687.8038940429688,687.9400024414062,687.7100219726562,687.8099975585938,513490,-8.873879018399091e-06,0.0002153563091813,0.0001819183109038,0.0,0.0,0.0
2025-12-30 14:35:00-05:00,687.780029296875,687.8200073242188,687.6599731445312,687.7999877929688,400832,-3.469762286574455e-05,0.0001819183109038,0.0001811753399116,0.0,0.0,0.0
2025-12-30 14:40:00-05:00,687.7899780273438,687.8876953125,687.739990234375,687.7899780273438,270776,1.4464884253090574e-05,0.0001811753399116,0.0001702050575593,0.0,0.0,0.0
2025-12-30 14:45:00-05:00,687.6400146484375,687.85498046875,687.6099853515625,687.7899780273438,381203,-0.0002180603597406,0.0001702050575593,0.0001689567021268,0.0,0.0,0.0
2025-12-30 14:50:00-05:00,687.5549926757812,687.6900024414062,687.4099731445312,687.6500244140625,409849,-0.0001236507874327,0.0001689567021268,0.0001689567396312,0.0,0.0,0.0
2025-12-30 14:55:00-05:00,687.5599975585938,687.6099853515625,687.4000244140625,687.5599975585938,367021,7.2792207895731555e-06,0.0001689567396312,0.0001374878702014,0.0,0.0,0.0
2025-12-30 15:00:00-05:00,687.60498046875,687.6500244140625,687.5250244140625,687.5599975585938,258734,6.542183794824508e-05,0.0001374878702014,0.0001570504369819,0.0,0.0,0.0
2025-12-30 15:05:00-05:00,687.39501953125,687.635009765625,687.3049926757812,687.60498046875,557688,-0.0003053977296463,0.0001570504369819,0.0001119764047955,0.0,0.0,0.0
2025-12-30 15:10:00-05:00,687.280029296875,687.447509765625,687.0399780273438,687.3900146484375,661223,-0.0001672980603543,0.0001119764047955,0.0001560736970334,0.0,0.0,0.0
2025-12-30 15:15:00-05:00,687.489990234375,687.5349731445312,687.22998046875,687.27001953125,359695,0.0003054488185652,0.0001560736970334,0.0001775532356648,0.0,0.0,0.0
2025-12-30 15:20:00-05:00,687.6649780273438,687.6796875,687.469970703125,687.47998046875,414623,0.0002544990171318,0.0001775532356648,0.0001865784757301,0.0,0.0,0.0
2025-12-30 15:25:00-05:00,687.510009765625,687.72998046875,687.489990234375,687.6699829101562,678092,-0.0002253796989479,0.0001865784757301,0.0002038531258524,0.0,0.0,0.0
2025-12-30 15:30:00-05:00,687.6799926757812,687.6900024414062,687.47998046875,687.510009765625,423885,0.0002472137096984,0.0002038531258524,0.0002047974158986,0.0,0.0,0.0
2025-12-30 15:35:00-05:00,687.719970703125,687.7255249023438,687.6099853515625,687.6799926757812,524556,5.813294811617367e-05,0.0002047974158986,0.0002055004513936,0.0,0.0,0.0
2025-12-30 15:40:00-05:00,687.6699829101562,687.8150024414062,687.6099853515625,687.719970703125,1159884,-7.268890231371754e-05,0.0002055004513936,0.0002117570699021,0.0,0.0,0.0
2025-12-30 15:45:00-05:00,687.4774780273438,687.6900024414062,687.4099731445312,687.6799926757812,1114698,-0.0002799770781509,0.0002117570699021,0.0002263002670681,0.0,0.0,0.0
2025-12-30 15:50:00-05:00,687.2650146484375,687.5900268554688,687.2449951171875,687.47998046875,1781551,-0.0003090955313154,0.0002263002670681,0.0002583217477038,0.0,0.0,0.0
2025-12-30 15:55:00-05:00,686.9400024414062,687.3499755859375,686.7000122070312,687.260009765625,4620316,-0.0004730185220536,0.0002583217477038,0.0002559420159501,0.0,0.0,0.0
2025-12-31 09:30:00-05:00,686.8150024414062,687.3599853515625,686.60498046875,687.1400146484375,2269560,-0.000181982958971,0.0002559420159501,0.0003756077424528,0.0,0.0,0.0
2025-12-31 09:35:00-05:00,686.0900268554688,686.989990234375,685.8699951171875,686.8099975585938,1459809,-0.0010561191602518,0.0003756077424528,0.0003793791646438,0.0,0.0,0.0
2025-12-31 09:40:00-05:00,685.85498046875,686.1500244140625,685.7100219726562,686.0900268554688,1016372,-0.0003426469541616,0.0003793791646438,0.0003489921330551,0.0,0.0,0.0
2025-12-31 09:45:00-05:00,685.6500244140625,685.9400024414062,685.280029296875,685.8499755859375,1434152,-0.0002988775913809,0.0003489921330551,0.0004934909306188,0.0,0.0,0.0
2025-12-31 09:50:00-05:00,686.3699951171875,686.4061279296875,685.5819702148438,685.6400146484375,1262923,0.001049504757891,0.0004934909306188,0.0005096006324596,0.0,0.0,0.0
2025-12-31 09:55:00-05:00,685.9600219726562,686.469970703125,685.8300170898438,686.3699951171875,767266,-0.000597484791008,0.0005096006324596,0.0004913400713735,0.0,0.0,0.0
2025-12-31 10:00:00-05:00,685.75,686.0599975585938,685.614990234375,685.9600219726562,848723,-0.0003062192022121,0.0004913400713735,0.0004861646618197,0.0,0.0,0.0
2025-12-31 10:05:00-05:00,685.7100219726562,685.8200073242188,685.530029296875,685.739990234375,769231,-5.8299952918122535e-05,0.0004861646618197,0.0004845559940478,0.0,0.0,0.0
2025-12-31 10:10:00-05:00,685.4450073242188,685.780029296875,685.25,685.719970703125,973064,-0.0003865568022215,0.0004845559940478,0.00048677758321,0.0,0.0,0.0
2025-12-31 10:15:00-05:00,685.1500244140625,685.5399780273438,684.9149780273438,685.4500122070312,837786,-0.0004304450371992,0.00048677758321,0.000505257528332,0.0,0.0,0.0
2025-12-31 10:20:00-05:00,685.280029296875,685.489990234375,685.0700073242188,685.1400146484375,672135,0.0001897285933717,0.000505257528332,0.0005304192325483,0.0,0.0,0.0
2025-12-31 10:25:00-05:00,685.5499877929688,685.6500244140625,685.27001953125,685.2899780273438,492582,0.0003938613777318,0.0005304192325483,0.0005306086795318,0.0,0.0,0.0
2025-12-31 10:30:00-05:00,685.4000244140625,685.655029296875,685.2100219726562,685.5399780273438,626237,-0.0002187729358023,0.0005306086795318,0.0004600317079229,0.0,0.0,0.0
2025-12-31 10:35:00-05:00,685.1300048828125,685.5499877929688,685.1099853515625,685.3900146484375,513291,-0.0003940366558509,0.0004600317079229,0.0004551039242396,0.0,0.0,0.0
2025-12-31 10:40:00-05:00,685.1199951171875,685.1900024414062,684.9400024414062,685.0999755859375,942650,-1.4610130450929754e-05,0.0004551039242396,0.0004578720524703,0.0,0.0,0.0
2025-12-31 10:45:00-05:00,684.875,685.1400146484375,684.7899780273438,685.114990234375,705138,-0.0003576584157932,0.0004578720524703,0.0002905602086984,0.0,0.0,0.0
2025-12-31 10:50:00-05:00,684.5798950195312,684.8800048828125,684.52001953125,684.8699951171875,659420,-0.0004309816790751,0.0002905602086984,0.000269953489558,0.0,0.0,0.0
2025-12-31 10:55:00-05:00,684.3300170898438,684.6099853515625,684.1799926757812,684.5750122070312,978883,-0.0003650757880448,0.000269953489558,0.0003035698520165,0.0,0.0,0.0
2025-12-31 11:00:00-05:00,684.5399780273438,684.6500244140625,684.2999877929688,684.3200073242188,661755,0.0003067653464471,0.0003035698520165,0.0003026635519413,0.0,0.0,0.0
2025-12-31 11:05:00-05:00,684.469970703125,684.6099853515625,684.3900146484375,684.5399780273438,784028,-0.0001022743835348,0.0003026635519413,0.0003019111864089,0.0,0.0,0.0
2025-12-31 11:10:00-05:00,684.5499877929688,684.667724609375,684.3300170898438,684.469970703125,721074,0.0001168968931947,0.0003019111864089,0.0003213052633299,0.0,0.0,0.0
2025-12-31 11:15:00-05:00,684.8499755859375,684.8599853515625,684.5140991210938,684.5449829101562,1174564,0.0004381302844895,0.0003213052633299,0.0003142959974137,0.0,0.0,0.0
2025-12-31 11:20:00-05:00,684.8699951171875,684.9600219726562,684.7000122070312,684.8499755859375,427320,2.9231568027933655e-05,0.0003142959974137,0.0003106771555878,0.0,0.0,0.0
2025-12-31 11:25:00-05:00,685.1199951171875,685.1300048828125,684.864990234375,684.8699951171875,458546,0.0003649661742889,0.0003106771555878,0.0003259010581791,0.0,0.0,0.0
2025-12-31 11:30:00-05:00,684.8298950195312,685.1400146484375,684.75,685.125,491137,-0.0004235192894004,0.0003259010581791,0.000333859128954,0.0,0.0,0.0
2025-12-31 11:35:00-05:00,685.0999755859375,685.1500244140625,684.739990234375,684.8099975585938,341795,0.0003942983881154,0.000333859128954,0.0003421809426487,0.0,0.0,0.0
2025-12-31 11:40:00-05:00,684.9199829101562,685.1199951171875,684.7750244140625,685.0900268554688,344524,-0.0002627592039088,0.0003421809426487,0.0003256918416308,0.0,0.0,0.0
2025-12-31 11:45:00-05:00,684.9299926757812,684.97998046875,684.785400390625,684.9299926757812,250812,1.4614396909952915e-05,0.0003256918416308,0.0003090774376901,0.0,0.0,0.0
2025-12-31 11:50:00-05:00,685.1799926757812,685.260009765625,684.9099731445312,684.9299926757812,372617,0.0003649342103151,0.0003090774376901,0.0002793177405882,0.0,0.0,0.0
2025-12-31 11:55:00-05:00,685.3499755859375,685.4299926757812,685.1699829101562,685.1799926757812,340626,0.0002480542782198,0.0002793177405882,0.0002790702760474,0.0,0.0,0.0
2025-12-31 12:00:00-05:00,685.2899780273438,685.4299926757812,685.25,685.35498046875,361474,-8.754678203254875e-05,0.0002790702760474,0.0004060071377222,0.0,0.0,0.0
2025-12-31 12:05:00-05:00,684.6500244140625,685.3400268554688,684.6300048828125,685.2949829101562,494860,-0.000934279835162,0.0004060071377222,0.0004243067665337,0.0,0.0,0.0
2025-12-31 12:10:00-05:00,684.9600219726562,684.9849853515625,684.6099853515625,684.6599731445312,385200,0.0004526800379498,0.0004243067665337,0.0004125901226907,0.0,0.0,0.0
2025-12-31 12:15:00-05:00,685.1401977539062,685.2150268554688,684.9099731445312,684.9609985351562,379567,0.0002630110990342,0.0004125901226907,0.0004252847903097,0.0,0.0,0.0
2025-12-31 12:20:00-05:00,684.9199829101562,685.1749877929688,684.8599853515625,685.1400146484375,294945,-0.0003214674052342,0.0004252847903097,0.0004120759493863,0.0,0.0,0.0
2025-12-31 12:25:00-05:00,685.0,685.0946044921875,684.8408813476562,684.9199829101562,214038,0.0001168200930462,0.0004120759493863,0.0004037179631766,0.0,0.0,0.0
2025-12-31 12:30:00-05:00,685.25,685.27001953125,684.9122924804688,684.989990234375,345169,0.0003648969206698,0.0004037179631766,0.0004002345513863,0.0,0.0,0.0
2025-12-31 12:35:00-05:00,685.0399780273438,685.3099975585938,685.030029296875,685.22998046875,257231,-0.0003065365399565,0.0004002345513863,0.0003923829330108,0.0,0.0,0.0
2025-12-31 12:40:00-05:00,685.0883178710938,685.0900268554688,684.8900146484375,685.0399780273438,251777,7.056250705100549e-05,0.0003923829330108,0.0004024868470085,0.0,0.0,0.0
2025-12-31 12:45:00-05:00,684.8900146484375,685.1500244140625,684.8800048828125,685.0900268554688,254575,-0.0002894983363371,0.0004024868470085,0.0003855427803843,0.0,0.0,0.0
2025-12-31 12:50:00-05:00,684.8980102539062,684.969970703125,684.75,684.8900146484375,322382,1.1674223052632314e-05,0.0003855427803843,0.0003757872121973,0.0,0.0,0.0
2025-12-31 12:55:00-05:00,684.8049926757812,684.9000244140625,684.6500244140625,684.8900146484375,233455,-0.0001358215292935,0.0003757872121973,0.0003816630938025,0.0,0.0,0.0
2025-12-31 13:00:00-05:00,684.9199829101562,684.9400024414062,684.75,684.7999877929688,306278,0.0001679026617674,0.0003816630938025,0.0002655169614304,0.0,0.0,0.0
2025-12-31 13:05:00-05:00,685.0800170898438,685.114990234375,684.719970703125,684.9199829101562,323951,0.0002336265407524,0.0002655169614304,0.000251239462279,0.0,0.0,0.0
2025-12-31 13:10:00-05:00,685.3099975585938,685.3099975585938,685.0,685.0750122070312,319046,0.0003356423623212,0.000251239462279,0.0002830288759529,0.0,0.0,0.0
2025-12-31 13:15:00-05:00,684.9749755859375,685.3200073242188,684.9550170898438,685.3200073242188,377585,-0.0004889814686689,0.0002830288759529,0.0002687661997248,0.0,0.0,0.0
2025-12-31 13:20:00-05:00,685.0599975585938,685.1099243164062,684.9500122070312,684.9749755859375,233884,0.000124116499844,0.0002687661997248,0.0002961234179957,0.0,0.0,0.0
2025-12-31 13:25:00-05:00,685.3698120117188,685.3900146484375,685.030029296875,685.0599975585938,284827,0.0004521420305358,0.0002961234179957,0.0002804545015887,0.0,0.0,0.0
2025-12-31 13:30:00-05:00,685.4600219726562,685.469970703125,685.25,685.3687744140625,426668,0.0001316136530316,0.0002804545015887,0.0002634935036112,0.0,0.0,0.0
2025-12-31 13:35:00-05:00,685.4000244140625,685.530029296875,685.3499755859375,685.4650268554688,347357,-8.753272632047947e-05,0.0002634935036112,0.0002923807214593,0.0,0.0,0.0
2025-12-31 13:40:00-05:00,685.72998046875,685.730712890625,685.3980712890625,685.3980712890625,465765,0.0004812907016573,0.0002923807214593,0.0002685122076685,0.0,0.0,0.0
2025-12-31 13:45:00-05:00,685.7999877929688,685.969970703125,685.655029296875,685.739990234375,527655,0.0001020864667918,0.0002685122076685,0.0002678102578393,0.0,0.0,0.0
2025-12-31 13:50:00-05:00,685.9400024414062,685.9600219726562,685.739990234375,685.8099975585938,360419,0.0002041416739622,0.0002678102578393,0.0002687097556551,0.0,0.0,0.0
2025-12-31 13:55:00-05:00,685.8400268554688,686.0499877929688,685.7612915039062,685.9400024414062,500605,-0.0001457603755402,0.0002687097556551,0.0002735920932896,0.0,0.0,0.0
2025-12-31 14:00:00-05:00,686.0499877929688,686.239990234375,685.8200073242188,685.8300170898438,643207,0.0003060900464284,0.0002735920932896,0.0002776263382378,0.0,0.0,0.0
2025-12-31 14:05:00-05:00,686.0050048828125,686.0800170898438,685.9099731445312,686.0499877929688,416532,-6.55701271632699e-05,0.0002776263382378,0.0002772215804203,0.0,0.0,0.0
2025-12-31 14:10:00-05:00,685.905029296875,686.0250244140625,685.8499755859375,686.0062255859375,328576,-0.0001457465630014,0.0002772215804203,0.0003057213689385,0.0,0.0,0.0
2025-12-31 14:15:00-05:00,685.469970703125,685.9199829101562,685.4299926757812,685.905029296875,476523,-0.0006344852550836,0.0003057213689385,0.0003083823976575,0.0,0.0,0.0
2025-12-31 14:20:00-05:00,685.4000244140625,685.5,685.1849975585938,685.47998046875,557419,-0.0001020465680514,0.0003083823976575,0.0003199586961333,0.0,0.0,0.0
2025-12-31 14:25:00-05:00,685.0349731445312,685.4000244140625,685.010009765625,685.4000244140625,453736,-0.0005327524162996,0.0003199586961333,0.0004794011024239,0.0,0.0,0.0
2025-12-31 14:30:00-05:00,684.1400146484375,685.1400146484375,684.0900268554688,685.0399780273438,885151,-0.0013072961915483,0.0004794011024239,0.0005206356142966,0.0,0.0,0.0
2025-12-31 14:35:00-05:00,684.510009765625,684.8400268554688,684.1500244140625,684.1500244140625,936956,0.0005406716393537,0.0005206356142966,0.0004911155317994,0.0,0.0,0.0
2025-12-31 14:40:00-05:00,684.5601196289062,684.8200073242188,684.489990234375,684.510009765625,816503,7.320277059260512e-05,0.0004911155317994,0.0004858834420332,0.0,0.0,0.0
2025-12-31 14:45:00-05:00,684.3800048828125,684.639892578125,684.2999877929688,684.5599975585938,617365,-0.0002631448138717,0.0004858834420332,0.0004745150700815,0.0,0.0,0.0
2025-12-31 14:50:00-05:00,684.10498046875,684.4400024414062,684.0399780273438,684.3699951171875,568383,-0.0004019399857639,0.0004745150700815,0.0004808036374831,0.0,0.0,0.0
2025-12-31 14:55:00-05:00,684.1400146484375,684.2750244140625,684.0549926757812,684.0999755859375,812830,5.121038968928185e-05,0.0004808036374831,0.0004746361461309,0.0,0.0,0.0
2025-12-31 15:00:00-05:00,683.6300048828125,684.2000122070312,683.4199829101562,684.1400146484375,1100831,-0.0007457537187962,0.0004746361461309,0.0004699778101018,0.0,0.0,0.0
2025-12-31 15:05:00-05:00,683.3477172851562,683.8800048828125,683.219970703125,683.6300048828125,943819,-0.0004130098056334,0.0004699778101018,0.0004695808264097,0.0,0.0,0.0
2025-12-31 15:10:00-05:00,683.239990234375,683.3300170898438,682.9400024414062,683.3300170898438,1174181,-0.000157658451648,0.0004695808264097,0.0004855124128444,0.0,0.0,0.0
2025-12-31 15:15:00-05:00,683.4099731445312,683.530029296875,683.1799926757812,683.239990234375,1096718,0.0002487585198663,0.0004855124128444,0.0004995318177188,0.0,0.0,0.0
2025-12-31 15:20:00-05:00,682.9299926757812,683.4099731445312,682.8137817382812,683.4099731445312,1325136,-0.0007025784219166,0.0004995318177188,0.0004942300758342,0.0,0.0,0.0
2025-12-31 15:25:00-05:00,682.719970703125,683.030029296875,682.5449829101562,682.9199829101562,1068776,-0.0003075780470016,0.0004942300758342,0.0004833985701436,0.0,0.0,0.0
2025-12-31 15:30:00-05:00,683.3150024414062,683.4600219726562,682.530029296875,682.719970703125,1607823,0.0008711808813285,0.0004833985701436,0.0004392271671924,0.0,0.0,0.0
2025-12-31 15:35:00-05:00,683.1950073242188,683.719970703125,683.1799926757812,683.3049926757812,1417241,-0.0001756227420778,0.0004392271671924,0.0004574399858452,0.0,0.0,0.0
2025-12-31 15:40:00-05:00,683.4199829101562,683.4500122070312,683.030029296875,683.2000122070312,919328,0.000329245017181,0.0004574399858452,0.000514087626063,0.0,0.0,0.0
2025-12-31 15:45:00-05:00,682.77001953125,683.47998046875,682.760009765625,683.4199829101562,1897695,-0.0009514978542979,0.000514087626063,0.000513461477014,0.0,0.0,0.0
2025-12-31 15:50:00-05:00,682.5078735351562,682.97998046875,682.489990234375,682.77001953125,2771946,-0.0003840185220117,0.000513461477014,0.0005531823673556,0.0,0.0,0.0
2025-12-31 15:55:00-05:00,681.8400268554688,683.030029296875,681.7100219726562,682.5,6540678,-0.0009789977070173,0.0005531823673556,0.0014120930242005,0.0,0.0,0.0
2026-01-02 09:30:00-05:00,684.77197265625,686.1500244140625,684.489990234375,685.7100219726562,4208584,0.0042908306091573,0.0014120930242005,0.0014115401377165,0.0,0.0,0.0
2026-01-02 09:35:00-05:00,684.5,685.22998046875,684.2700805664062,684.780029296875,1720972,-0.0003972514814555,0.0014115401377165,0.0014146824816134,0.0,0.0,0.0
2026-01-02 09:40:00-05:00,684.93017578125,685.0399780273438,684.1199951171875,684.489990234375,1318907,0.000628255172125,0.0014146824816134,0.001471415138789,0.0,0.0,0.0
2026-01-02 09:45:00-05:00,686.030029296875,686.3800048828125,684.760009765625,684.9600219726562,1897194,0.0016045013524221,0.001471415138789,0.0014366034718549,0.0,0.0,0.0
2026-01-02 09:50:00-05:00,686.2000122070312,686.8400268554688,685.9199829101562,686.030029296875,1399226,0.0002477469606179,0.0014366034718549,0.0014259708158591,0.0,0.0,0.0
2026-01-02 09:55:00-05:00,686.1900024414062,686.469970703125,685.9600219726562,686.2100219726562,889822,-1.4587348375183975e-05,0.0014259708158591,0.001418982548598,0.0,0.0,0.0
2026-01-02 10:00:00-05:00,686.4299926757812,686.8699951171875,686.1900024414062,686.2100219726562,1328003,0.0003496819770571,0.001418982548598,0.0014620701315212,0.0,0.0,0.0
2026-01-02 10:05:00-05:00,685.7899780273438,686.47998046875,685.7000122070312,686.4299926757812,1006041,-0.0009328164704066,0.0014620701315212,0.0016199789450765,0.0,0.0,0.0
2026-01-02 10:10:00-05:00,684.3499755859375,685.9650268554688,684.1199951171875,685.760009765625,1832272,-0.0021019793894888,0.0016199789450765,0.0016080038967361,0.0,0.0,0.0
2026-01-02 10:15:00-05:00,683.8499755859375,684.418701171875,683.4500122070312,684.3400268554688,2279176,-0.0007308873557989,0.0016080038967361,0.0017800847495516,0.0,0.0,0.0
2026-01-02 10:20:00-05:00,682.125,683.8800048828125,682.0,683.8599853515625,1821374,-0.0025256341202604,0.0017800847495516,0.0017602634722949,0.0,0.0,0.0
2026-01-02 10:25:00-05:00,682.4500122070312,682.6099853515625,681.5800170898438,682.1199951171875,2323241,0.0004763566828786,0.0017602634722949,0.0012761655712003,0.0,0.0,0.0
2026-01-02 10:30:00-05:00,683.52001953125,683.6199951171875,682.0999755859375,682.4500122070312,1334214,0.0015666632769567,0.0012761655712003,0.0012777447131319,0.0,0.0,0.0
2026-01-02 10:35:00-05:00,683.66748046875,683.9500122070312,682.969970703125,683.510009765625,1353304,0.0002157142865508,0.0012777447131319,0.0012799117046593,0.0,0.0,0.0
2026-01-02 10:40:00-05:00,684.125,684.5900268554688,683.530029296875,683.6699829101562,1322587,0.0006689897112998,0.0012799117046593,0.0011924543702681,0.0,0.0,0.0
2026-01-02 10:45:00-05:00,683.3200073242188,684.4299926757812,683.2899780273438,684.1500244140625,1034965,-0.0011773676666474,0.0011924543702681,0.0011790976437795,0.0,0.0,0.0
2026-01-02 10:50:00-05:00,682.969970703125,683.5,681.97998046875,683.3300170898438,1243205,-0.0005123899529109,0.0011790976437795,0.0012821749515307,0.0,0.0,0.0
2026-01-02 10:55:00-05:00,681.4550170898438,683.3400268554688,681.0999755859375,682.97998046875,1996246,-0.0022206486239844,0.0012821749515307,0.0012486382189918,0.0,0.0,0.0
2026-01-02 11:00:00-05:00,681.0449829101562,681.5700073242188,680.8099975585938,681.4600219726562,1856148,-0.0006018850525738,0.0012486382189918,0.001293728656274,0.0,0.0,0.0
2026-01-02 11:05:00-05:00,681.4400024414062,681.5349731445312,680.6799926757812,681.030029296875,1290634,0.0005798515896542,0.001293728656274,0.0012279426703674,0.0,0.0,0.0
2026-01-02 11:10:00-05:00,681.8400268554688,681.8699951171875,680.4199829101562,681.4299926757812,1225594,0.0005868558431822,0.0012279426703674,0.0012210797411577,0.0,0.0,0.0
2026-01-02 11:15:00-05:00,681.5800170898438,682.3400268554688,681.27001953125,681.8300170898438,999637,-0.0003814081653437,0.0012210797411577,0.0010332336622091,0.0,0.0,0.0
2026-01-02 11:20:00-05:00,682.1900024414062,682.3151245117188,681.1849975585938,681.5900268554688,695545,0.0008945575624981,0.0010332336622091,0.0010337149592216,0.0,0.0,0.0
2026-01-02 11:25:00-05:00,681.8099975585938,682.4000244140625,681.780029296875,682.1799926757812,729214,-0.0005571919246978,0.0010337149592216,0.0009471537080577,0.0,0.0,0.0
2026-01-02 11:30:00-05:00,682.3900146484375,682.5900268554688,681.5399780273438,681.8099975585938,752516,0.0008503403014271,0.0009471537080577,0.0009538089269744,0.0,0.0,0.0
2026-01-02 11:35:00-05:00,681.9000244140625,682.6500244140625,681.7803955078125,682.3900146484375,729596,-0.0007183080450839,0.0009538089269744,0.0009182427616369,0.0,0.0,0.0
2026-01-02 11:40:00-05:00,681.4500122070312,682.02001953125,681.4199829101562,681.8800048828125,938259,-0.0006601565427609,0.0009182427616369,0.0008785279540072,0.0,0.0,0.0
2026-01-02 11:45:00-05:00,681.3300170898438,681.6599731445312,681.1599731445312,681.4400024414062,1181209,-0.0001761034281658,0.0008785279540072,0.0009120028062166,0.0,0.0,0.0
2026-01-02 11:50:00-05:00,680.5700073242188,681.469970703125,680.280029296875,681.3300170898438,867107,-0.001116102255518,0.0009120028062166,0.0007373556108296,0.0,0.0,0.0
2026-01-02 11:55:00-05:00,681.1580200195312,681.1849975585938,680.4450073242188,680.5599975585938,718077,0.0008636272736591,0.0007373556108296,0.0007253195475464,0.0,0.0,0.0
2026-01-02 12:00:00-05:00,680.8880004882812,681.3099975585938,680.6400146484375,681.1500244140625,506303,-0.0003964910593648,0.0007253195475464,0.0007135431792092,0.0,0.0,0.0
2026-01-02 12:05:00-05:00,681.1599731445312,681.4650268554688,680.8699951171875,680.8699951171875,788926,0.0003993584148717,0.0007135431792092,0.0008543335947605,0.0,0.0,0.0
2026-01-02 12:10:00-05:00,682.2999877929688,682.375,681.1400146484375,681.1599731445312,802484,0.0016722381980518,0.0008543335947605,0.0008476172282185,0.0,0.0,0.0
2026-01-02 12:15:00-05:00,682.1599731445312,682.5,682.1199951171875,682.3049926757812,514596,-0.0002052308648657,0.0008476172282185,0.0008069524279556,0.0,0.0,0.0
2026-01-02 12:20:00-05:00,682.1599731445312,682.4539794921875,682.0700073242188,682.155029296875,313864,0.0,0.0008069524279556,0.0007954376316789,0.0,0.0,0.0
2026-01-02 12:25:00-05:00,682.4500122070312,682.4500122070312,681.8499755859375,682.1500244140625,1383278,0.0004250871237657,0.0007954376316789,0.0007626050456118,0.0,0.0,0.0
2026-01-02 12:30:00-05:00,682.244384765625,682.8009033203125,682.0999755859375,682.4500122070312,571662,-0.0003013530991532,0.0007626050456118,0.0007386074234523,0.0,0.0,0.0
2026-01-02 12:35:00-05:00,682.010009765625,682.4000244140625,681.7943725585938,682.239990234375,433159,-0.0003435942786702,0.0007386074234523,0.0007076537182036,0.0,0.0,0.0
2026-01-02 12:40:00-05:00,682.0250244140625,682.2100219726562,681.7100219726562,682.0100708007812,356474,2.201504809172109e-05,0.0007076537182036,0.0008028096339333,0.0,0.0,0.0
2026-01-02 12:45:00-05:00,681.1744995117188,682.280029296875,681.0,682.030029296875,535071,-0.0012478364286055,0.0008028096339333,0.0007278505892172,0.0,0.0,0.0
2026-01-02 12:50:00-05:00,681.3900146484375,681.469970703125,680.97998046875,681.1400146484375,688597,0.0003163375183724,0.0007278505892172,0.0006939582080175,0.0,0.0,0.0
2026-01-02 12:55:00-05:00,681.1799926757812,681.6699829101562,681.010009765625,681.3599853515625,487219,-0.0003082732970644,0.0006939582080175,0.0006845435744924,0.0,0.0,0.0
2026-01-02 13:00:00-05:00,681.3319702148438,681.5800170898438,681.0800170898438,681.1799926757812,487282,0.0002230843380933,0.0006845435744924,0.0006917328200395,0.0,0.0,0.0
2026-01-02 13:05:00-05:00,681.0,681.4249877929688,680.7849731445312,681.3400268554688,533005,-0.0004873558408264,0.0006917328200395,0.0004417259208256,0.0,0.0,0.0
2026-01-02 13:10:00-05:00,680.8300170898438,681.3090209960938,680.760009765625,681.010009765625,303239,-0.0002496389547974,0.0004417259208256,0.0005346133607225,0.0,0.0,0.0
2026-01-02 13:15:00-05:00,681.4199829101562,681.52001953125,680.6400146484375,680.8300170898438,581227,0.0008661638571438,0.0005346133607225,0.0005400675800009,0.0,0.0,0.0
2026-01-02 13:20:00-05:00,681.1599731445312,681.78857421875,681.0800170898438,681.4000244140625,386336,-0.0003816433195358,0.0005400675800009,0.0005125155674786,0.0,0.0,0.0
2026-01-02 13:25:00-05:00,680.97998046875,681.27001953125,680.8200073242188,681.1599731445312,405231,-0.0002642792707921,0.0005125155674786,0.0005116100622369,0.0,0.0,0.0
2026-01-02 13:30:00-05:00,680.9199829101562,681.0900268554688,680.7999877929688,680.97998046875,353745,-8.810861332824307e-05,0.0005116100622369,0.0005201261657551,0.0,0.0,0.0
2026-01-02 13:35:00-05:00,681.0800170898438,681.3599853515625,680.75439453125,680.9299926757812,476297,0.0002349987965109,0.0005201261657551,0.0005213245706103,0.0,0.0,0.0
2026-01-02 13:40:00-05:00,681.125,681.1599731445312,680.75830078125,681.0599975585938,429080,6.604425854873963e-05,0.0005213245706103,0.0005499632484436,0.0,0.0,0.0
2026-01-02 13:45:00-05:00,680.1801147460938,681.3499755859375,680.1500244140625,681.130126953125,590337,-0.0013882051795923,0.0005499632484436,0.0005658378937564,0.0,0.0,0.0
2026-01-02 13:50:00-05:00,680.52197265625,680.5800170898438,679.8200073242188,680.1849975585938,1034117,0.0005024728344491,0.0005658378937564,0.0005628806962976,0.0,0.0,0.0
2026-01-02 13:55:00-05:00,680.5250244140625,680.5399780273438,680.0700073242188,680.530029296875,523383,4.484426796580364e-06,0.0005628806962976,0.0006056580784834,0.0,0.0,0.0
2026-01-02 14:00:00-05:00,681.0250244140625,681.0700073242188,680.3499755859375,680.5250244140625,930887,0.0007344570593001,0.0006056580784834,0.0006368933071895,0.0,0.0,0.0
2026-01-02 14:05:00-05:00,681.5999755859375,681.6699829101562,681.010009765625,681.0250244140625,958561,0.0008438876521358,0.0006368933071895,0.0006968443458732,0.0,0.0,0.0
2026-01-02 14:10:00-05:00,682.3800048828125,682.5399780273438,681.3900146484375,681.594970703125,1209636,0.0011437548836185,0.0006968443458732,0.0006752859758607,0.0,0.0,0.0
2026-01-02 14:15:00-05:00,682.1699829101562,682.5900268554688,682.0679931640625,682.3699951171875,896562,-0.0003078259883383,0.0006752859758607,0.0007070645114879,0.0,0.0,0.0
2026-01-02 14:20:00-05:00,682.8699951171875,682.8900146484375,681.9000244140625,682.1599731445312,841756,0.0010256289627583,0.0007070645114879,0.0006922755842972,0.0,0.0,0.0
2026-01-02 14:25:00-05:00,682.9500122070312,683.1199951171875,682.5999755859375,682.875,664533,0.0001171707684852,0.0006922755842972,0.0007087400182458,0.0,0.0,0.0
2026-01-02 14:30:00-05:00,683.5700073242188,683.6599731445312,682.9000244140625,682.9400024414062,1308659,0.0009074073571809,0.0007087400182458,0.0007121139844221,0.0,0.0,0.0
2026-01-02 14:35:00-05:00,683.6199951171875,683.8499755859375,683.260009765625,683.5800170898438,912296,7.312486618800732e-05,0.0007121139844221,0.0007179120017885,0.0,0.0,0.0
2026-01-02 14:40:00-05:00,683.5650024414062,683.9500122070312,683.510009765625,683.6199951171875,800031,-8.044657586082045e-05,0.0007179120017885,0.000492267248689,0.0,0.0,0.0
2026-01-02 14:45:00-05:00,683.6500244140625,683.760009765625,683.3499755859375,683.5599975585938,744461,0.0001243724960534,0.000492267248689,0.0005286400876907,0.0,0.0,0.0
2026-01-02 14:50:00-05:00,683.4749755859375,683.7100219726562,683.1699829101562,683.6699829101562,914399,-0.0002560831366285,0.0005286400876907,0.0005779962105691,0.0,0.0,0.0
2026-01-02 14:55:00-05:00,683.1300048828125,683.5599975585938,682.8900146484375,683.4749755859375,715808,-0.0005048579734194,0.0005779962105691,0.0005631808085578,0.0,0.0,0.0
2026-01-02 15:00:00-05:00,683.3599853515625,683.5900268554688,682.8499755859375,683.1300048828125,666884,0.0003366003008655,0.0005631808085578,0.0005400920530998,0.0,0.0,0.0
2026-01-02 15:05:00-05:00,683.344970703125,683.52001953125,683.1300048828125,683.3599853515625,687361,-2.197204066849872e-05,0.0005400920530998,0.0004633065119052,0.0,0.0,0.0
2026-01-02 15:10:00-05:00,683.2100219726562,683.6799926757812,683.2000122070312,683.3499755859375,902470,-0.0001975020860934,0.0004633065119052,0.0004616164986272,0.0,0.0,0.0
2026-01-02 15:15:00-05:00,683.594970703125,683.6610107421875,683.0999755859375,683.2100219726562,709862,0.0005632826082869,0.0004616164986272,0.0004008346756071,0.0,0.0,0.0
2026-01-02 15:20:00-05:00,683.330078125,683.7000122070312,683.260009765625,683.5900268554688,1024090,-0.0003875744052945,0.0004008346756071,0.0004038218042934,0.0,0.0,0.0
2026-01-02 15:25:00-05:00,683.239990234375,683.469970703125,683.0,683.3350219726562,705403,-0.0001318452567362,0.0004038218042934,0.0003051669944401,0.0,0.0,0.0
2026-01-02 15:30:00-05:00,683.0349731445312,683.4199829101562,682.9400024414062,683.239990234375,941385,-0.0003001110272495,0.0003051669944401,0.0003030383719795,0.0,0.0,0.0
2026-01-02 15:35:00-05:00,683.0399780273438,683.4199829101562,683.0,683.0399780273438,699813,7.327391236007515e-06,0.0003030383719795,0.000339551800513,0.0,0.0,0.0
2026-01-02 15:40:00-05:00,682.6298828125,683.0900268554688,682.5701293945312,683.0399780273438,930461,-0.0006005774000431,0.000339551800513,0.0003485589330251,0.0,0.0,0.0
2026-01-02 15:45:00-05:00,682.280029296875,682.72998046875,682.0700073242188,682.6099853515625,1711780,-0.0005126397283556,0.0003485589330251,0.000371885796725,0.0,0.0,0.0
2026-01-02 15:50:00-05:00,682.4849853515625,683.0599975585938,682.1400146484375,682.27001953125,2013803,0.0003003536198955,0.000371885796725,0.0004717067987596,0.0,0.0,0.0
2026-01-02 15:55:00-05:00,683.1699829101562,683.3499755859375,682.25,682.4849853515625,4625192,0.0010031781554783,0.0004717067987596,0.0017094241391781,0.0,0.0,0.0
2026-01-05 09:30:00-05:00,687.0599975585938,687.6400146484375,686.9299926757812,687.2974853515625,4436260,0.0056779156121816,0.0017094241391781,0.0017120116679151,0.0,0.0,0.0
2026-01-05 09:35:00-05:00,686.97998046875,687.2550048828125,686.5599975585938,687.0599975585938,1808955,-0.000116469813417,0.0017120116679151,0.001700422911622,0.0,0.0,0.0
2026-01-05 09:40:00-05:00,687.4000244140625,687.5449829101562,686.6799926757812,687.0,1987338,0.0006112486457871,0.001700422911622,0.0017187177653459,0.0,0.0,0.0
2026-01-05 09:45:00-05:00,687.1500244140625,687.8800048828125,686.8499755859375,687.4000244140625,1728142,-0.000363755401951,0.0017187177653459,0.0017144747832622,0.0,0.0,0.0
2026-01-05 09:50:00-05:00,686.9550170898438,687.3099975585938,686.510009765625,687.1400146484375,1162079,-0.0002838317590545,0.0017144747832622,0.0017077861616686,0.0,0.0,0.0
2026-01-05 09:55:00-05:00,687.0599975585938,687.3400268554688,686.6699829101562,686.97998046875,903669,0.0001528083286355,0.0017077861616686,0.0016935456414904,0.0,0.0,0.0
2026-01-05 10:00:00-05:00,687.6599731445312,687.7999267578125,686.6300048828125,687.0800170898438,1219778,0.0008728695833583,0.0016935456414904,0.0016929081327476,0.0,0.0,0.0
2026-01-05 10:05:00-05:00,687.6799926757812,687.9500122070312,687.1950073242188,687.6599731445312,944541,2.9112120274261645e-05,0.0016929081327476,0.0016676456319781,0.0,0.0,0.0
2026-01-05 10:10:00-05:00,687.6099853515625,687.8250122070312,687.239990234375,687.6898803710938,713056,-0.0001018073648433,0.0016676456319781,0.0016321147506466,0.0,0.0,0.0
2026-01-05 10:15:00-05:00,687.9000244140625,687.9100952148438,687.280029296875,687.6099853515625,767563,0.0004217185840005,0.0016321147506466,0.0016326458933885,0.0,0.0,0.0
2026-01-05 10:20:00-05:00,688.0900268554688,688.114990234375,687.6799926757812,687.9000244140625,800262,0.0002761683377558,0.0016326458933885,0.0016295117500463,0.0,0.0,0.0
2026-01-05 10:25:00-05:00,688.5255737304688,688.6099853515625,687.6900024414062,688.0900268554688,1219104,0.0006327792440354,0.0016295117500463,0.000386002894925,0.0,0.0,0.0
2026-01-05 10:30:00-05:00,688.6400146484375,688.8200073242188,688.405029296875,688.52001953125,1054380,0.0001661977603824,0.000386002894925,0.0004782186298632,0.0,0.0,0.0
2026-01-05 10:35:00-05:00,688.0792846679688,688.6890258789062,687.9600219726562,688.6300048828125,1082911,-0.0008145887280775,0.0004782186298632,0.0004555140636602,0.0,0.0,0.0
2026-01-05 10:40:00-05:00,688.0499877929688,688.385009765625,687.969970703125,688.0780029296875,537531,-4.257866697654546e-05,0.0004555140636602,0.0004459882727546,0.0,0.0,0.0
2026-01-05 10:45:00-05:00,688.3800048828125,688.5,688.0399780273438,688.0499877929688,1220829,0.0004795261624982,0.0004459882727546,0.0004479069021192,0.0,0.0,0.0
2026-01-05 10:50:00-05:00,688.1699829101562,688.4600219726562,688.0850219726562,688.3699951171875,634016,-0.0003051425319071,0.0004479069021192,0.0004483752363933,0.0,0.0,0.0
2026-01-05 10:55:00-05:00,688.3200073242188,688.5900268554688,688.0499877929688,688.1699829101562,585655,0.0002179811196897,0.0004483752363933,0.0003949119728226,0.0,0.0,0.0
2026-01-05 11:00:00-05:00,688.1900024414062,688.3900146484375,687.9600219726562,688.3200073242188,757797,-0.0001888905743899,0.0003949119728226,0.0004160861021844,0.0,0.0,0.0
2026-01-05 11:05:00-05:00,688.5499877929688,688.5499877929688,688.0900268554688,688.2000122070312,584429,0.0005229532988364,0.0004160861021844,0.0004268404618196,0.0,0.0,0.0
2026-01-05 11:10:00-05:00,688.3602294921875,688.719970703125,688.3599853515625,688.530029296875,708029,-0.0002756291580968,0.0004268404618196,0.0004179016827319,0.0,0.0,0.0
2026-01-05 11:15:00-05:00,688.2650146484375,688.5599975585938,688.2249755859375,688.364990234375,446038,-0.0001383308119724,0.0004179016827319,0.0004597340553101,0.0,0.0,0.0
2026-01-05 11:20:00-05:00,688.77001953125,688.8200073242188,688.260009765625,688.260009765625,475177,0.0007334670402968,0.0004597340553101,0.0004305529515001,0.0,0.0,0.0
2026-01-05 11:25:00-05:00,688.6400146484375,688.8699951171875,688.530029296875,688.760009765625,794871,-0.0001887671499009,0.0004305529515001,0.0004331039208763,0.0,0.0,0.0
2026-01-05 11:30:00-05:00,688.4799194335938,688.8599853515625,688.4434204101562,688.6300048828125,885406,-0.0002325072952657,0.0004331039208763,0.000380028669263,0.0,0.0,0.0
2026-01-05 11:35:00-05:00,688.8499755859375,688.9500122070312,688.4249877929688,688.47998046875,612146,0.0005373529792482,0.000380028669263,0.0003785271705395,0.0,0.0,0.0
2026-01-05 11:40:00-05:00,688.8599853515625,688.9155883789062,688.6500244140625,688.8599853515625,725074,1.4531020184212647e-05,0.0003785271705395,0.0003826397305813,0.0,0.0,0.0
2026-01-05 11:45:00-05:00,689.219970703125,689.25,688.7999877929688,688.8699951171875,903130,0.0005224448090534,0.0003826397305813,0.0003755176122264,0.0,0.0,0.0
2026-01-05 11:50:00-05:00,689.0650024414062,689.4299926757812,688.9949951171875,689.219970703125,1046198,-0.0002248711484073,0.0003755176122264,0.0003854006797206,0.0,0.0,0.0
2026-01-05 11:55:00-05:00,688.9099731445312,689.1099853515625,688.781982421875,689.0599975585938,1200544,-0.0002250103235193,0.0003854006797206,0.0003791221676522,0.0,0.0,0.0
2026-01-05 12:00:00-05:00,689.0800170898438,689.1300048828125,688.9000244140625,688.9099731445312,1566965,0.0002467999729762,0.0003791221676522,0.0003719383747975,0.0,0.0,0.0
2026-01-05 12:05:00-05:00,688.8699951171875,689.114990234375,688.8200073242188,689.0700073242188,496989,-0.0003048325010661,0.0003719383747975,0.000359512101695,0.0,0.0,0.0
2026-01-05 12:10:00-05:00,688.97998046875,689.0499877929688,688.7899780273438,688.8699951171875,316241,0.0001596477900278,0.000359512101695,0.0003832341898002,0.0,0.0,0.0
2026-01-05 12:15:00-05:00,688.6900024414062,689.0399780273438,688.5999755859375,688.9849853515625,413896,-0.0004209687882051,0.0003832341898002,0.0003250849825421,0.0,0.0,0.0
2026-01-05 12:20:00-05:00,688.5150146484375,688.7000122070312,688.4199829101562,688.6699829101562,452042,-0.0002541201807123,0.0003250849825421,0.0003276582366603,0.0,0.0,0.0
2026-01-05 12:25:00-05:00,688.3499755859375,688.5499877929688,688.2100219726562,688.5,580300,-0.0002397316577311,0.0003276582366603,0.0003227949750744,0.0,0.0,0.0
2026-01-05 12:30:00-05:00,688.2750244140625,688.5499877929688,688.2030029296875,688.3599243164062,480407,-0.000108891196875,0.0003227949750744,0.0002990940795274,0.0,0.0,0.0
2026-01-05 12:35:00-05:00,688.530029296875,688.6099853515625,688.25,688.2899780273438,405888,0.0003704299095084,0.0002990940795274,0.0003043438322331,0.0,0.0,0.0
2026-01-05 12:40:00-05:00,688.3599853515625,688.5999755859375,688.3049926757812,688.52001953125,372797,-0.0002469971375606,0.0003043438322331,0.0002922440985073,0.0,0.0,0.0
2026-01-05 12:45:00-05:00,688.6699829101562,688.7899780273438,688.3350219726562,688.3599853515625,344990,0.0004502408385808,0.0002922440985073,0.0002970613439947,0.0,0.0,0.0
2026-01-05 12:50:00-05:00,688.4600219726562,688.6799926757812,688.280029296875,688.6599731445312,347087,-0.0003049253714354,0.0002970613439947,0.0003008489396353,0.0,0.0,0.0
2026-01-05 12:55:00-05:00,688.5800170898438,688.6400146484375,688.3150024414062,688.4600219726562,407804,0.0001742797799444,0.0003008489396353,0.0002910314789756,0.0,0.0,0.0
2026-01-05 13:00:00-05:00,688.6500244140625,688.75,688.489990234375,688.5700073242188,294820,0.0001016639518008,0.0002910314789756,0.0002989146599119,0.0,0.0,0.0
2026-01-05 13:05:00-05:00,688.3800048828125,688.6699829101562,688.0999755859375,688.6599731445312,388842,-0.0003921766831021,0.0002989146599119,0.0002935409667254,0.0,0.0,0.0
2026-01-05 13:10:00-05:00,688.4199829101562,688.52001953125,688.3300170898438,688.3900146484375,340518,5.807383455767105e-05,0.0002935409667254,0.0003161205688631,0.0,0.0,0.0
2026-01-05 13:15:00-05:00,688.010009765625,688.4199829101562,687.6500244140625,688.4199829101562,879558,-0.0005957050614074,0.0003161205688631,0.0003280976285042,0.0,0.0,0.0
2026-01-05 13:20:00-05:00,688.2100219726562,688.22998046875,687.7849731445312,688.0098876953125,578797,0.0002906689393074,0.0003280976285042,0.0003308183171749,0.0,0.0,0.0
2026-01-05 13:25:00-05:00,688.3800048828125,688.4199829101562,688.0900268554688,688.2150268554688,516490,0.0002469622875423,0.0003308183171749,0.0003321595261771,0.0,0.0,0.0
2026-01-05 13:30:00-05:00,688.5,688.5700073242188,688.3099975585938,688.3599853515625,405906,0.0001743000364095,0.0003321595261771,0.0003140992003748,0.0,0.0,0.0
2026-01-05 13:35:00-05:00,688.489990234375,688.5599975585938,688.2999877929688,688.510009765625,376041,-1.4538617849345118e-05,0.0003140992003748,0.0003069380372083,0.0,0.0,0.0
2026-01-05 13:40:00-05:00,688.5900268554688,688.6699829101562,688.4735717773438,688.489990234375,376566,0.000145288029785,0.0003069380372083,0.0002767103684124,0.0,0.0,0.0
2026-01-05 13:45:00-05:00,688.5999755859375,688.7750244140625,688.594970703125,688.594970703125,440518,1.4447869141279798e-05,0.0002767103684124,0.0002609551599657,0.0,0.0,0.0
2026-01-05 13:50:00-05:00,688.6500244140625,688.6649780273438,688.47998046875,688.5999755859375,283186,7.267936561556266e-05,0.0002609551599657,0.0002611693841095,0.0,0.0,0.0
2026-01-05 13:55:00-05:00,688.5399780273438,688.6400146484375,688.4500122070312,688.6400146484375,253715,-0.0001598129332305,0.0002611693841095,0.000260663873278,0.0,0.0,0.0
2026-01-05 14:00:00-05:00,688.5999755859375,688.7150268554688,688.5050048828125,688.5399780273438,344450,8.713356761489966e-05,0.000260663873278,0.0002446292146638,0.0,0.0,0.0
2026-01-05 14:05:00-05:00,688.4249877929688,688.594970703125,688.344970703125,688.5900268554688,412289,-0.0002541534083468,0.0002446292146638,0.0002526207818032,0.0,0.0,0.0
2026-01-05 14:10:00-05:00,688.27001953125,688.4349975585938,688.1599731445312,688.4199829101562,451674,-0.0002251308554891,0.0002526207818032,0.0001754521950523,0.0,0.0,0.0
2026-01-05 14:15:00-05:00,688.3099975585938,688.3900146484375,688.1900024414062,688.27880859375,352350,5.808311447021061e-05,0.0001754521950523,0.0001626597360071,0.0,0.0,0.0
2026-01-05 14:20:00-05:00,688.2100830078125,688.3699951171875,688.1900024414062,688.3099975585938,411369,-0.0001451697688501,0.0001626597360071,0.000142920507966,0.0,0.0,0.0
2026-01-05 14:25:00-05:00,688.1849975585938,688.364990234375,688.1300048828125,688.219970703125,497093,-3.645094286625941e-05,0.000142920507966,0.0001289961212896,0.0,0.0,0.0
2026-01-05 14:30:00-05:00,688.1799926757812,688.2999267578125,688.1400146484375,688.1900024414062,626127,-7.272609878944953e-06,0.0001289961212896,0.0001820940451303,0.0,0.0,0.0
2026-01-05 14:35:00-05:00,687.844970703125,688.2100219726562,687.7000122070312,688.1799926757812,559211,-0.0004869417171813,0.0001820940451303,0.0001750241216053,0.0,0.0,0.0
2026-01-05 14:40:00-05:00,687.6599731445312,687.8400268554688,687.2899780273438,687.8400268554688,890578,-0.0002689885783931,0.0001750241216053,0.0001959254073764,0.0,0.0,0.0
2026-01-05 14:45:00-05:00,687.8049926757812,688.0,687.6500244140625,687.6500244140625,801341,0.0002108661949102,0.0001959254073764,0.0001949866712746,0.0,0.0,0.0
2026-01-05 14:50:00-05:00,687.6099853515625,687.809814453125,687.5599975585938,687.809814453125,406955,-0.0002835614394792,0.0001949866712746,0.0001986803307929,0.0,0.0,0.0
2026-01-05 14:55:00-05:00,687.6198120117188,687.8599853515625,687.52001953125,687.6199951171875,512164,1.429093548629376e-05,0.0001986803307929,0.0001908071953181,0.0,0.0,0.0
2026-01-05 15:00:00-05:00,687.5999755859375,687.7449951171875,687.5100708007812,687.614990234375,586412,-2.8848371673399864e-05,0.0001908071953181,0.0002607490925019,0.0,0.0,0.0
2026-01-05 15:05:00-05:00,687.9600219726562,688.02001953125,687.5800170898438,687.5999755859375,604463,0.0005234906446539,0.0002607490925019,0.0002684691412928,0.0,0.0,0.0
2026-01-05 15:10:00-05:00,688.1300048828125,688.239990234375,687.9400024414062,687.9600219726562,582134,0.0002470520208756,0.0002684691412928,0.0002750847681696,0.0,0.0,0.0
2026-01-05 15:15:00-05:00,687.9600219726562,688.2249755859375,687.8900146484375,688.1300048828125,509564,-0.0002470520208758,0.0002750847681696,0.0002733400623408,0.0,0.0,0.0
2026-01-05 15:20:00-05:00,687.9600219726562,688.0,687.780029296875,687.9500122070312,803135,0.0,0.0002733400623408,0.0002735580693674,0.0,0.0,0.0
2026-01-05 15:25:00-05:00,687.9660034179688,688.02001953125,687.8599853515625,687.9600219726562,528343,8.694428627942801e-06,0.0002735580693674,0.0002736405645786,0.0,0.0,0.0
2026-01-05 15:30:00-05:00,687.9249877929688,688.1199951171875,687.8200073242188,687.9650268554688,766750,-5.962045725152407e-05,0.0002736405645786,0.0002351946535045,0.0,0.0,0.0
2026-01-05 15:35:00-05:00,688.010009765625,688.094970703125,687.9110107421875,687.9299926757812,819664,0.0001235842869252,0.0002351946535045,0.0002376963827802,0.0,0.0,0.0
2026-01-05 15:40:00-05:00,687.8099975585938,688.0161743164062,687.7899780273438,688.010009765625,745699,-0.0002907534523055,0.0002376963827802,0.0002304181954422,0.0,0.0,0.0
2026-01-05 15:45:00-05:00,687.8499755859375,688.0399780273438,687.77001953125,687.8074951171875,1323431,5.81219605649571e-05,0.0002304181954422,0.0003184908362118,0.0,0.0,0.0
2026-01-05 15:50:00-05:00,687.3049926757812,687.97998046875,687.27001953125,687.8499755859375,2098763,-0.0007926131254525,0.0003184908362118,0.0003707446147359,0.0,0.0,0.0
2026-01-05 15:55:00-05:00,687.72998046875,687.77001953125,687.1599731445312,687.3099975585938,5872845,0.0006181483595715,0.0003707446147359,0.0005050554398917,0.0,0.0,0.0
2026-01-06 09:30:00-05:00,688.5599975585938,688.6199951171875,688.0900268554688,688.4600219726562,2029870,0.0012061661477209,0.0005050554398917,0.0005228699503517,0.0,0.0,0.0
2026-01-06 09:35:00-05:00,688.1699829101562,688.4600219726562,688.02001953125,688.030029296875,1811384,-0.0005665811951564,0.0005228699503517,0.0005359642105549,0.0,0.0,0.0
2026-01-06 09:40:00-05:00,688.5,688.5250244140625,687.780029296875,688.1799926757812,1153061,0.0004794425683166,0.0005359642105549,0.0006011785858617,0.0,0.0,0.0
2026-01-06 09:45:00-05:00,689.2349853515625,689.3900146484375,688.47998046875,688.5,1393479,0.0010669474595639,0.0006011785858617,0.0006193271957855,0.0,0.0,0.0
2026-01-06 09:50:00-05:00,689.7249755859375,689.8800048828125,689.2100219726562,689.239990234375,1560048,0.0007106663991377,0.0006193271957855,0.0006210624096739,0.0,0.0,0.0
2026-01-06 09:55:00-05:00,690.0750122070312,690.1599731445312,689.6500244140625,689.719970703125,1351656,0.0005073729985498,0.0006210624096739,0.0006161297661129,0.0,0.0,0.0
2026-01-06 10:00:00-05:00,690.125,690.3800048828125,689.989990234375,690.0750122070312,1351312,7.243557824732351e-05,0.0006161297661129,0.0006168059607229,0.0,0.0,0.0
2026-01-06 10:05:00-05:00,690.1900024414062,690.5999755859375,690.0900268554688,690.1300048828125,1266746,9.41849379879282e-05,0.0006168059607229,0.0005973574365787,0.0,0.0,0.0
2026-01-06 10:10:00-05:00,690.60498046875,690.6400146484375,690.1099853515625,690.1900024414062,1020559,0.0006010711872127,0.0005973574365787,0.000608259744526,0.0,0.0,0.0
2026-01-06 10:15:00-05:00,690.510009765625,690.6900024414062,690.2750244140625,690.6099853515625,1085119,-0.0001375275830704,0.000608259744526,0.0005032783768744,0.0,0.0,0.0
2026-01-06 10:20:00-05:00,690.610107421875,690.6513061523438,690.1199951171875,690.510009765625,615468,0.0001449514132471,0.0005032783768744,0.0005181348980982,0.0,0.0,0.0
2026-01-06 10:25:00-05:00,690.5349731445312,690.7999267578125,690.530029296875,690.7849731445312,789384,-0.0001087999783296,0.0005181348980982,0.000507810135432,0.0,0.0,0.0
2026-01-06 10:30:00-05:00,690.1099853515625,690.5549926757812,690.0499877929688,690.5549926757812,940421,-0.000615636632396,0.000507810135432,0.0004615466011382,0.0,0.0,0.0
2026-01-06 10:35:00-05:00,690.0299072265625,690.1400146484375,689.8419799804688,690.0999755859375,1122049,-0.0001160434902584,0.0004615466011382,0.0004814229775888,0.0,0.0,0.0
2026-01-06 10:40:00-05:00,689.7899780273438,689.9400024414062,689.6799926757812,689.9099731445312,1034154,-0.000347768870707,0.0004814229775888,0.0003869664903551,0.0,0.0,0.0
2026-01-06 10:45:00-05:00,689.8800048828125,689.98876953125,689.7349853515625,689.780029296875,971934,0.0001305049130758,0.0003869664903551,0.0004301450985804,0.0,0.0,0.0
2026-01-06 10:50:00-05:00,689.239990234375,689.8099975585938,689.1300048828125,689.8099975585938,1132042,-0.0009281493947577,0.0004301450985804,0.0003914819380329,0.0,0.0,0.0
2026-01-06 10:55:00-05:00,689.1599731445312,689.239990234375,688.8200073242188,689.239990234375,1183781,-0.0001161014104171,0.0003914819380329,0.0004013885128124,0.0,0.0,0.0
2026-01-06 11:00:00-05:00,688.8200073242188,689.0700073242188,688.8099975585938,688.864990234375,903485,-0.0004934263661717,0.0004013885128124,0.0003952999584955,0.0,0.0,0.0
2026-01-06 11:05:00-05:00,688.60498046875,688.7000122070312,688.4299926757812,688.6900024414062,1236137,-0.0003122157055681,0.0003952999584955,0.0003580614047314,0.0,0.0,0.0
2026-01-06 11:10:00-05:00,688.864990234375,688.97998046875,688.8300170898438,688.9478149414062,854938,0.0003775178758783,0.0003580614047314,0.000367447730624,0.0,0.0,0.0
2026-01-06 11:15:00-05:00,688.9199829101562,688.97998046875,688.8400268554688,688.864990234375,484489,7.982766089380144e-05,0.000367447730624,0.0004381457080453,0.0,0.0,0.0
2026-01-06 11:20:00-05:00,689.3900146484375,689.4450073242188,688.8250122070312,688.864990234375,501770,0.0006820406981515,0.0004381457080453,0.0004494644245825,0.0,0.0,0.0
2026-01-06 11:25:00-05:00,689.0449829101562,689.3900146484375,688.9099731445312,689.3800048828125,669864,-0.0005006137338331,0.0004494644245825,0.00044289443631,0.0,0.0,0.0
2026-01-06 11:30:00-05:00,689.219970703125,689.260009765625,688.97998046875,689.0499877929688,204465,0.0002539247529297,0.00044289443631,0.0004431099900331,0.0,0.0,0.0
2026-01-06 11:35:00-05:00,689.1799926757812,689.2550048828125,688.969970703125,689.2550048828125,1314949,-5.8006425445522894e-05,0.0004431099900331,0.0004637062121992,0.0,0.0,0.0
2026-01-06 11:40:00-05:00,688.75,689.2159423828125,688.7366943359375,689.1900024414062,521054,-0.0006241139855062,0.0004637062121992,0.0005177921155293,0.0,0.0,0.0
2026-01-06 11:45:00-05:00,689.22998046875,689.2612915039062,688.7902221679688,688.8499755859375,1627854,0.0006966436304807,0.0005177921155293,0.0004459600728975,0.0,0.0,0.0
2026-01-06 11:50:00-05:00,689.344970703125,689.5260009765625,689.2750244140625,689.280029296875,489755,0.0001668247845992,0.0004459600728975,0.0004450291138495,0.0,0.0,0.0
2026-01-06 11:55:00-05:00,689.4299926757812,689.4600219726562,689.1300048828125,689.3300170898438,479159,0.0001233297311341,0.0004450291138495,0.0004202822329521,0.0,0.0,0.0
2026-01-06 12:00:00-05:00,689.2999877929688,689.4550170898438,689.2050170898438,689.4299926757812,254787,-0.0001885864310481,0.0004202822329521,0.0004467752529701,0.0,0.0,0.0
2026-01-06 12:05:00-05:00,689.8200073242188,689.8699951171875,689.52001953125,689.52001953125,541602,0.0007541324289931,0.0004467752529701,0.0004413935284846,0.0,0.0,0.0
2026-01-06 12:10:00-05:00,689.9600219726562,689.9600219726562,689.75,689.8300170898438,246083,0.0002029521314198,0.0004413935284846,0.0004410874492637,0.0,0.0,0.0
2026-01-06 12:15:00-05:00,690.0501098632812,690.13671875,689.9849853515625,689.9949951171875,448549,0.000130561201943,0.0004410874492637,0.0004239683352728,0.0,0.0,0.0
2026-01-06 12:20:00-05:00,690.4000244140625,690.5349731445312,690.364990234375,690.3699951171875,880012,0.0005069571867709,0.0004239683352728,0.0003765667864442,0.0,0.0,0.0
2026-01-06 12:25:00-05:00,690.469970703125,690.5700073242188,690.4000244140625,690.4000244140625,550669,0.0001013075660556,0.0003765667864442,0.0003783028894862,0.0,0.0,0.0
2026-01-06 12:30:00-05:00,690.6900024414062,690.7100219726562,690.5399780273438,690.6300048828125,640248,0.000318618761651,0.0003783028894862,0.000371878777374,0.0,0.0,0.0
2026-01-06 12:35:00-05:00,690.8900146484375,690.9000244140625,690.719970703125,690.8200073242188,723445,0.0002895412584932,0.000371878777374,0.0002921122117334,0.0,0.0,0.0
2026-01-06 12:40:00-05:00,690.7872924804688,690.8499755859375,690.5999755859375,690.7899780273438,966851,-0.0001486919813013,0.0002921122117334,0.0002628272278744,0.0,0.0,0.0
2026-01-06 12:45:00-05:00,690.780029296875,690.8049926757812,690.6699829101562,690.7899780273438,439787,-1.0514411392549856e-05,0.0002628272278744,0.0002627522015576,0.0,0.0,0.0
2026-01-06 12:50:00-05:00,690.907470703125,690.9099731445312,690.7249755859375,690.780029296875,346664,0.0001844721134284,0.0002627522015576,0.0002650571170323,0.0,0.0,0.0
2026-01-06 12:55:00-05:00,690.9450073242188,690.9749755859375,690.8400268554688,690.9000244140625,374625,5.432797161748775e-05,0.0002650571170323,0.0002640887319399,0.0,0.0,0.0
2026-01-06 13:00:00-05:00,690.8200073242188,690.97998046875,690.6599731445312,690.9500122070312,408635,-0.000180928014555,0.0002640887319399,0.0002058339843194,0.0,0.0,0.0
2026-01-06 13:05:00-05:00,690.7432861328125,690.75,690.5499877929688,690.6500244140625,414025,-0.0001110643165585,0.0002058339843194,0.0002051207815267,0.0,0.0,0.0
2026-01-06 13:10:00-05:00,690.8699951171875,690.89501953125,690.760009765625,690.8099975585938,341351,0.0001834217815502,0.0002051207815267,0.0002177195451896,0.0,0.0,0.0
2026-01-06 13:15:00-05:00,691.1199951171875,691.2000122070312,691.0250244140625,691.0250244140625,724313,0.0003617971251507,0.0002177195451896,0.0001915374513782,0.0,0.0,0.0
2026-01-06 13:20:00-05:00,691.0449829101562,691.1599731445312,690.9249877929688,691.1199951171875,376239,-0.0001085430586034,0.0001915374513782,0.0002136201745444,0.0,0.0,0.0
2026-01-06 13:25:00-05:00,690.8701782226562,691.0800170898438,690.8300170898438,691.0399780273438,283929,-0.0002529890305119,0.0002136201745444,0.0002029348388314,0.0,0.0,0.0
2026-01-06 13:30:00-05:00,690.760009765625,690.989990234375,690.6771850585938,690.8800048828125,383672,-0.0001594760424642,0.0002029348388314,0.0002172875830658,0.0,0.0,0.0
2026-01-06 13:35:00-05:00,691.030029296875,691.0399780273438,690.760009765625,690.760009765625,216981,0.0003908257073126,0.0002172875830658,0.0002492415176348,0.0,0.0,0.0
2026-01-06 13:40:00-05:00,691.3699951171875,691.385009765625,691.0499877929688,691.0609741210938,634071,0.0004918486995979,0.0002492415176348,0.0002572110682017,0.0,0.0,0.0
2026-01-06 13:45:00-05:00,691.5875854492188,691.6849975585938,691.3599853515625,691.3699951171875,770893,0.000314673908852,0.0002572110682017,0.0002560393181483,0.0,0.0,0.0
2026-01-06 13:50:00-05:00,691.6199951171875,691.625,691.510009765625,691.5900268554688,379878,4.6861611272202266e-05,0.0002560393181483,0.0002575761924114,0.0,0.0,0.0
2026-01-06 13:55:00-05:00,691.6099853515625,691.6400146484375,691.5050048828125,691.530029296875,347128,-1.4473031623869229e-05,0.0002575761924114,0.0002446183544603,0.0,0.0,0.0
2026-01-06 14:00:00-05:00,691.719970703125,691.8699951171875,691.7100219726562,691.8400268554688,870778,0.0001590153546707,0.0002446183544603,0.0002349508901044,0.0,0.0,0.0
2026-01-06 14:05:00-05:00,691.780029296875,691.8400268554688,691.7050170898438,691.719970703125,441436,8.682124147129271e-05,0.0002349508901044,0.0002456130103753,0.0,0.0,0.0
2026-01-06 14:10:00-05:00,692.0399780273438,692.0399780273438,691.7899780273438,691.7899780273438,433320,0.0003756973192331,0.0002456130103753,0.0002420756398831,0.0,0.0,0.0
2026-01-06 14:15:00-05:00,691.989990234375,692.0556030273438,691.9500122070312,692.02001953125,559616,-7.223513093905425e-05,0.0002420756398831,0.0002326973318959,0.0,0.0,0.0
2026-01-06 14:20:00-05:00,692.094970703125,692.1199951171875,691.9600219726562,692.0449829101562,547371,0.0001516965676445,0.0002326973318959,0.0002285032345722,0.0,0.0,0.0
2026-01-06 14:25:00-05:00,691.9400024414062,692.1199951171875,691.9349975585938,692.0958862304688,470795,-0.0002239369168747,0.0002285032345722,0.0002102542333802,0.0,0.0,0.0
2026-01-06 14:30:00-05:00,692.010009765625,692.0800170898438,691.927978515625,691.947998046875,435547,0.000101170307686,0.0002102542333802,0.0002064514611081,0.0,0.0,0.0
2026-01-06 14:35:00-05:00,691.9450073242188,691.9749755859375,691.9000244140625,691.9400024414062,452431,-9.393721710803093e-05,0.0002064514611081,0.0001713840278218,0.0,0.0,0.0
2026-01-06 14:40:00-05:00,692.0800170898438,692.1599731445312,692.0,692.0,754090,0.0001950972903981,0.0001713840278218,0.0001626597369555,0.0,0.0,0.0
2026-01-06 14:45:00-05:00,692.010009765625,692.125,691.989990234375,692.0800170898438,341689,-0.0001011600732902,0.0001626597369555,0.0001829039834017,0.0,0.0,0.0
2026-01-06 14:50:00-05:00,691.844970703125,692.030029296875,691.8200073242188,692.0198974609375,514794,-0.0002385207490838,0.0001829039834017,0.0001829753956673,0.0,0.0,0.0
2026-01-06 14:55:00-05:00,691.9000244140625,691.9199829101562,691.8200073242188,691.840087890625,195651,7.957204710515623e-05,0.0001829753956673,0.0001961501487763,0.0,0.0,0.0
2026-01-06 15:00:00-05:00,692.1099853515625,692.1699829101562,691.905029296875,691.905029296875,843206,0.0003034095673141,0.0001961501487763,0.0001993154426834,0.0,0.0,0.0
2026-01-06 15:05:00-05:00,692.0499877929688,692.176025390625,692.0,692.1099853515625,424180,-8.669165384839809e-05,0.0001993154426834,0.0001675137944465,0.0,0.0,0.0
2026-01-06 15:10:00-05:00,692.0599975585938,692.1099853515625,691.9299926757812,691.93798828125,550654,1.4463829798275875e-05,0.0001675137944465,0.0001669789497964,0.0,0.0,0.0
2026-01-06 15:15:00-05:00,692.02001953125,692.239990234375,691.989990234375,692.0599975585938,859091,-5.776837590497261e-05,0.0001669789497964,0.0001603606443432,0.3102410137653351,0.009942213073372841,0.6798167824745178
2026-01-06 15:20:00-05:00,692.0200805664062,692.030029296875,691.969970703125,692.030029296875,115920,8.81985374697279e-08,0.0001603606443432,0.0001454099933442,0.0,0.0,0.0
2026-01-06 15:25:00-05:00,692.02001953125,692.0399780273438,691.969970703125,691.989990234375,787833,-8.819853736612641e-08,0.0001454099933442,0.0001444195057627,0.0,0.0,0.0
2026-01-06 15:30:00-05:00,691.9650268554688,691.9849853515625,691.9450073242188,691.9500122070312,495723,-7.947004334152591e-05,0.0001444195057627,0.0001672850091599,0.0,0.0,0.0
2026-01-06 15:35:00-05:00,692.1799926757812,692.219970703125,691.9600219726562,691.9600219726562,1991187,0.0003106117047093,0.0001672850091599,0.0001590636328766,0.0,0.0,0.0
2026-01-06 15:40:00-05:00,692.2100219726562,692.22998046875,692.14501953125,692.1749877929688,186122,4.338271233094519e-05,0.0001590636328766,0.0001651340708121,0.0,0.0,0.0
2026-01-06 15:45:00-05:00,692.0900268554688,692.1900024414062,692.0349731445312,692.0900268554688,1630862,-0.0001733657635707,0.0001651340708121,0.0001528723117397,0.0,0.0,0.0
2026-01-06 15:50:00-05:00,692.2249755859375,692.260009765625,692.0,692.0800170898438,2006932,0.0001949682415609,0.0001528723117397,0.000174738746224,0.0,0.0,0.0
2026-01-06 15:55:00-05:00,692.0499877929688,692.3150024414062,692.030029296875,692.22998046875,640046,-0.0002528223055825,0.000174738746224,0.0001676520347928,0.0,0.0,0.0
2026-01-07 09:30:00-05:00,691.8643798828125,692.4299926757812,691.7100219726562,692.1900024414062,2538461,-0.0002682361215467,0.0001676520347928,0.0002877814721348,0.0,0.0,0.0
2026-01-07 09:35:00-05:00,692.4099731445312,692.4199829101562,691.8699951171875,691.8699951171875,1038888,0.0007882733488157,0.0002877814721348,0.0003135539136839,0.0,0.0,0.0
2026-01-07 09:40:00-05:00,692.7412719726562,692.7949829101562,692.2512817382812,692.4199829101562,1161137,0.0004783576315009,0.0003135539136839,0.0003142464452685,0.0,0.0,0.0
2026-01-07 09:45:00-05:00,692.6900024414062,693.0900268554688,692.6300048828125,692.7421264648438,1268921,-7.401237754663651e-05,0.0003142464452685,0.0003231714699783,0.5302064418792725,0.28317704796791077,0.18661648035049438
2026-01-07 09:50:00-05:00,692.5599975585938,692.8499755859375,692.3800048828125,692.6900024414062,799412,-0.0001876988026626,0.0003231714699783,0.0003230088610093,0.0,0.0,0.0
2026-01-07 09:55:00-05:00,692.5665283203125,692.8350219726562,692.489990234375,692.5700073242188,630639,9.429841385307444e-06,0.0003230088610093,0.0004389664662224,0.0,0.0,0.0
2026-01-07 10:00:00-05:00,691.9000244140625,692.77001953125,691.594970703125,692.5999755859375,1560072,-0.0009628314334116,0.0004389664662224,0.0004292072369995,0.0,0.0,0.0
2026-01-07 10:05:00-05:00,691.969970703125,692.2999877929688,691.75,691.905029296875,1015061,0.0001010879481004,0.0004292072369995,0.0004500031897245,0.0,0.0,0.0
2026-01-07 10:10:00-05:00,691.6199951171875,692.010009765625,691.530029296875,691.969970703125,765345,-0.0005058949573895,0.0004500031897245,0.0004691871887652,0.6903713941574097,0.2614348232746124,0.048193756490945816
2026-01-07 10:15:00-05:00,691.25,691.6400146484375,691.1199951171875,691.6199951171875,1197460,-0.0005351119444673,0.0004691871887652,0.0004904492472585,0.0,0.0,0.0
2026-01-07 10:20:00-05:00,691.5700073242188,691.6799926757812,691.0999755859375,691.239990234375,961396,0.0004628329475078,0.0004904492472585,0.00049115569484,0.0,0.0,0.0
2026-01-07 10:25:00-05:00,691.6719970703125,691.9395141601562,691.260009765625,691.5800170898438,716397,0.0001474647906217,0.00049115569484,0.0005236337516389,0.3658517897129059,0.3730381727218628,0.26111000776290894
2026-01-07 10:30:00-05:00,692.1209716796875,692.1599731445312,691.4299926757812,691.6699829101562,963963,0.0006489043307323,0.0005236337516389,0.0004821022221978,0.0,0.0,0.0
2026-01-07 10:35:00-05:00,691.7999877929688,692.52001953125,690.9600219726562,692.1199951171875,2083872,-0.0004638760476564,0.0004821022221978,0.000449741427308,0.0,0.0,0.0
2026-01-07 10:40:00-05:00,691.72998046875,692.25,691.530029296875,691.8099975585938,1021749,-0.0001012010233019,0.000449741427308,0.0005469976037274,0.0,0.0,0.0
2026-01-07 10:45:00-05:00,692.3900146484375,692.4249877929688,691.6699829101562,691.72998046875,696995,0.0009537240008755,0.0005469976037274,0.0005452390838753,0.0,0.0,0.0
2026-01-07 10:50:00-05:00,692.4199829101562,692.510009765625,692.260009765625,692.4000244140625,605802,4.328140579032763e-05,0.0005452390838753,0.0005467156327199,0.0,0.0,0.0
2026-01-07 10:55:00-05:00,692.5050048828125,692.5999755859375,692.3300170898438,692.4197998046875,496535,0.0001227820618624,0.0005467156327199,0.0004613150562356,0.0,0.0,0.0
2026-01-07 11:00:00-05:00,692.719970703125,692.8250122070312,692.4400024414062,692.510009765625,629883,0.0003103695440478,0.0004613150562356,0.0004666092603156,0.0,0.0,0.0
2026-01-07 11:05:00-05:00,692.6199951171875,692.7550048828125,692.5460205078125,692.719970703125,439854,-0.0001443336488914,0.0004666092603156,0.000432018335808,0.0,0.0,0.0
2026-01-07 11:10:00-05:00,692.5850219726562,692.6599731445312,692.4199829101562,692.6400146484375,444848,-5.049526114500483e-05,0.000432018335808,0.0003819300139239,0.0,0.0,0.0
2026-01-07 11:15:00-05:00,692.6199951171875,692.7050170898438,692.5349731445312,692.5850219726562,414803,5.049526114500021e-05,0.0003819300139239,0.0003936001387981,0.0,0.0,0.0
2026-01-07 11:20:00-05:00,692.39501953125,692.6099853515625,692.3099975585938,692.6099853515625,535299,-0.0003248709732916,0.0003936001387981,0.0004030081518721,0.0,0.0,0.0
2026-01-07 11:25:00-05:00,692.25,692.4099731445312,691.9199829101562,692.3900146484375,656014,-0.0002094681737696,0.0004030081518721,0.0003610254260111,0.5058139562606812,0.38078853487968445,0.11339754611253738
2026-01-07 11:30:00-05:00,692.344970703125,692.530029296875,692.1682739257812,692.25,750163,0.0001371819272544,0.0003610254260111,0.0003265951946016,0.0,0.0,0.0
2026-01-07 11:35:00-05:00,692.4299926757812,692.4849853515625,692.27001953125,692.3699951171875,389044,0.0001227953638845,0.0003265951946016,0.0004360996312689,0.0,0.0,0.0
2026-01-07 11:40:00-05:00,693.2000732421875,693.25,692.4249877929688,692.4299926757812,785401,0.0011115241573245,0.0004360996312689,0.0003631296713383,0.0,0.0,0.0
2026-01-07 11:45:00-05:00,693.1799926757812,693.4299926757812,693.1099853515625,693.2100219726562,856358,-2.896834266631719e-05,0.0003631296713383,0.000364324176826,0.0,0.0,0.0
2026-01-07 11:50:00-05:00,693.3300170898438,693.3300170898438,693.0399780273438,693.1749877929688,530227,0.0002164058154522,0.000364324176826,0.0003666677886996,0.0,0.0,0.0
2026-01-07 11:55:00-05:00,693.5050048828125,693.5599975585938,693.3300170898438,693.3400268554688,607796,0.000252355602685,0.0003666677886996,0.0003643058658861,0.0,0.0,0.0
2026-01-07 12:00:00-05:00,693.6799926757812,693.72998046875,693.469970703125,693.52001953125,580273,0.0002522919354014,0.0003643058658861,0.0003557033566945,0.0,0.0,0.0
2026-01-07 12:05:00-05:00,693.8300170898438,693.9600219726562,693.6699829101562,693.6699829101562,600732,0.0002162498484209,0.0003557033566945,0.000363487421522,0.0,0.0,0.0
2026-01-07 12:10:00-05:00,693.710205078125,693.8599853515625,693.6199951171875,693.8300170898438,593861,-0.0001726969929985,0.000363487421522,0.0003628757107436,0.0,0.0,0.0
2026-01-07 12:15:00-05:00,693.77001953125,693.7849731445312,693.5599975585938,693.7150268554688,414759,8.622026044219229e-05,0.0003628757107436,0.0003322828351645,0.0,0.0,0.0
2026-01-07 12:20:00-05:00,693.9000244140625,693.9498901367188,693.77001953125,693.7750244140625,450502,0.0001873714630652,0.0003322828351645,0.0003488648866775,0.0,0.0,0.0
2026-01-07 12:25:00-05:00,693.6596069335938,693.905029296875,693.5999755859375,693.8944091796875,473349,-0.0003465328299312,0.0003488648866775,0.000365022269259,0.0,0.0,0.0
2026-01-07 12:30:00-05:00,693.52001953125,693.7150268554688,693.405029296875,693.6599731445312,543167,-0.000201253536531,0.000365022269259,0.0003655522988314,0.0,0.0,0.0
2026-01-07 12:35:00-05:00,693.5698852539062,693.5700073242188,693.3400268554688,693.510009765625,374305,7.189977016732526e-05,0.0003655522988314,0.000207782952038,0.0,0.0,0.0
2026-01-07 12:40:00-05:00,693.75,693.780029296875,693.4249877929688,693.5650024414062,492791,0.0002596585676024,0.000207782952038,0.0002663582965668,0.0,0.0,0.0
2026-01-07 12:45:00-05:00,693.39501953125,693.7899780273438,693.3499755859375,693.75,702694,-0.0005118145132641,0.0002663582965668,0.000293827702968,0.0,0.0,0.0
2026-01-07 12:50:00-05:00,693.0700073242188,693.4000244140625,692.780029296875,693.3900146484375,1038554,-0.0004688357898529,0.000293827702968,0.0002804317710179,0.0,0.0,0.0
2026-01-07 12:55:00-05:00,692.989990234375,693.2150268554688,692.905029296875,693.0700073242188,554737,-0.0001154597781821,0.0002804317710179,0.0002634792158949,0.0,0.0,0.0
2026-01-07 13:00:00-05:00,692.8699951171875,693.010009765625,692.7650146484375,692.989990234375,607399,-0.0001731706214995,0.0002634792158949,0.000247387735244,0.0,0.0,0.0
2026-01-07 13:05:00-05:00,692.8767700195312,692.989990234375,692.8101196289062,692.8599853515625,415797,9.777980384749568e-06,0.000247387735244,0.000246866847042,0.0,0.0,0.0
2026-01-07 13:10:00-05:00,692.7799072265625,692.875,692.5900268554688,692.875,594059,-0.0001398077817068,0.000246866847042,0.0002658466907579,0.0,0.0,0.0
2026-01-07 13:15:00-05:00,692.4099731445312,692.780029296875,692.2249755859375,692.780029296875,896775,-0.0005341276254878,0.0002658466907579,0.0002450371066788,0.0,0.0,0.0
2026-01-07 13:20:00-05:00,692.3699951171875,692.469970703125,692.1500244140625,692.405029296875,561009,-5.7739176289558734e-05,0.0002450371066788,0.0002450460750405,0.0,0.0,0.0
2026-01-07 13:25:00-05:00,692.1300048828125,692.4099731445312,692.0399780273438,692.3599853515625,633785,-0.000346681454357,0.0002450460750405,0.0003431526960426,0.0,0.0,0.0
2026-01-07 13:30:00-05:00,692.5800170898438,692.5900268554688,692.1300048828125,692.1300048828125,632612,0.0006499732301106,0.0003431526960426,0.0003382766966075,0.0,0.0,0.0
2026-01-07 13:35:00-05:00,692.510009765625,692.5999755859375,692.392578125,692.5750122070312,589532,-0.0001010870382733,0.0003382766966075,0.00034465679219,0.0,0.0,0.0
2026-01-07 13:40:00-05:00,692.72998046875,692.8400268554688,692.510009765625,692.510009765625,554566,0.0003175921956118,0.00034465679219,0.0003419634851368,0.0,0.0,0.0
2026-01-07 13:45:00-05:00,692.9450073242188,692.9500122070312,692.5823974609375,692.72998046875,571008,0.0003103568428224,0.0003419634851368,0.0003172455698203,0.0,0.0,0.0
2026-01-07 13:50:00-05:00,693.0,693.14501953125,692.9000244140625,692.9450073242188,624549,7.935765924252094e-05,0.0003172455698203,0.0003238495369279,0.0,0.0,0.0
2026-01-07 13:55:00-05:00,692.8250122070312,693.0499877929688,692.614990234375,693.0,644397,-0.0002525395231827,0.0003238495369279,0.000321520822224,0.4108709990978241,0.19911541044712067,0.39001360535621643
2026-01-07 14:00:00-05:00,692.8900146484375,692.8900146484375,692.5999755859375,692.8300170898438,611745,9.381790655959802e-05,0.000321520822224,0.0003903747017466,0.0,0.0,0.0
2026-01-07 14:05:00-05:00,692.3599853515625,692.8900146484375,692.280029296875,692.885009765625,848516,-0.0007652471723379,0.0003903747017466,0.0004170603411403,0.0,0.0,0.0
2026-01-07 14:10:00-05:00,691.9650268554688,692.375,691.719970703125,692.3599853515625,1323713,-0.0005706152866236,0.0004170603411403,0.0003940825516157,0.0,0.0,0.0
2026-01-07 14:15:00-05:00,691.9600219726562,692.02001953125,691.4500122070312,691.9650268554688,1069947,-7.2328813135812816e-06,0.0003940825516157,0.0004063783584614,0.0,0.0,0.0
2026-01-07 14:20:00-05:00,691.6849975585938,691.989990234375,691.6099853515625,691.9500122070312,555749,-0.0003975360931485,0.0004063783584614,0.0003980451121094,0.0,0.0,0.0
2026-01-07 14:25:00-05:00,691.6799926757812,691.739990234375,691.489990234375,691.7000122070312,530508,-7.2358095626475635e-06,0.0003980451121094,0.0003764675990989,0.0,0.0,0.0
2026-01-07 14:30:00-05:00,692.030029296875,692.0700073242188,691.5800170898438,691.6799926757812,612412,0.0005059392835233,0.0003764675990989,0.0003772406744539,0.0,0.0,0.0
2026-01-07 14:35:00-05:00,692.0499877929688,692.1599731445312,691.9249877929688,692.02001953125,607160,2.884008994946109e-05,0.0003772406744539,0.0003586826407647,0.0,0.0,0.0
2026-01-07 14:40:00-05:00,691.9600219726562,692.0599975585938,691.7050170898438,692.0499877929688,498103,-0.0001300074707616,0.0003586826407647,0.0003358788231863,0.0,0.0,0.0
2026-01-07 14:45:00-05:00,691.9099731445312,692.02001953125,691.8200073242188,691.9550170898438,366404,-7.233169058277058e-05,0.0003358788231863,0.0003343924483163,0.0,0.0,0.0
2026-01-07 14:50:00-05:00,691.9450073242188,691.9749755859375,691.7249755859375,691.9099731445312,602287,5.06327327493614e-05,0.0003343924483163,0.0003361221699722,0.0,0.0,0.0
2026-01-07 14:55:00-05:00,691.739990234375,691.9550170898438,691.719970703125,691.9400024414062,1597548,-0.0002963349197335,0.0003361221699722,0.0003309631531459,0.0,0.0,0.0
2026-01-07 15:00:00-05:00,691.72998046875,691.8150024414062,691.5650024414062,691.75,753245,-1.4470520990139516e-05,0.0003309631531459,0.0002834835198418,0.0,0.0,0.0
2026-01-07 15:05:00-05:00,691.4375,691.760009765625,691.3499755859375,691.719970703125,732196,-0.0004229140393182,0.0002834835198418,0.0003524894792054,0.0,0.0,0.0
2026-01-07 15:10:00-05:00,690.780029296875,691.4400024414062,690.7000122070312,691.4299926757812,1366361,-0.0009513274702065,0.0003524894792054,0.0003890612341226,0.0,0.0,0.0
2026-01-07 15:15:00-05:00,691.0800170898438,691.0999755859375,690.489990234375,690.780029296875,1204047,0.0004341797108408,0.0003890612341226,0.0004193881052034,0.0,0.0,0.0
2026-01-07 15:20:00-05:00,690.5906982421875,691.1199951171875,690.5700073242188,691.0700073242188,1236443,-0.0007083002667475,0.0004193881052034,0.0004211644416338,0.0,0.0,0.0
2026-01-07 15:25:00-05:00,690.3599853515625,690.6699829101562,690.1174926757812,690.5999755859375,1521638,-0.0003341363243633,0.0004211644416338,0.0004088261169611,0.0,0.0,0.0
2026-01-07 15:30:00-05:00,689.77001953125,690.3699951171875,689.7249755859375,690.3599853515625,1809505,-0.0008549424389881,0.0004088261169611,0.0004004625882308,0.0,0.0,0.0
2026-01-07 15:35:00-05:00,689.4500122070312,689.77001953125,689.3800048828125,689.7650146484375,1922433,-0.0004640410124521,0.0004004625882308,0.0004348589477198,0.0,0.0,0.0
2026-01-07 15:40:00-05:00,689.6500244140625,689.8380126953125,689.3200073242188,689.4600219726562,1478068,0.0002900619289715,0.0004348589477198,0.0004380598375542,0.0,0.0,0.0
2026-01-07 15:45:00-05:00,689.64501953125,689.780029296875,689.469970703125,689.6599731445312,2125949,-7.257160582886872e-06,0.0004380598375542,0.0004567865771804,0.0,0.0,0.0
2026-01-07 15:50:00-05:00,689.8300170898438,689.9600219726562,689.6199951171875,689.64501953125,2046306,0.0002682144363496,0.0004567865771804,0.0004574527698767,0.0,0.0,0.0
2026-01-07 15:55:00-05:00,689.5900268554688,689.8300170898438,689.3499755859375,689.8300170898438,4273252,-0.0003479581695942,0.0004574527698767,0.0006157819913785,0.0,0.0,0.0
2026-01-08 09:30:00-05:00,688.39501953125,689.2999877929688,688.3150024414062,688.8200073242188,3169431,-0.0017344275642534,0.0006157819913785,0.0006289732466691,0.0,0.0,0.0
2026-01-08 09:35:00-05:00,688.4249877929688,689.260009765625,688.3599853515625,688.4000244140625,1469376,4.35325773363303e-05,0.0006289732466691,0.0006226148613046,0.0,0.0,0.0
2026-01-08 09:40:00-05:00,687.8250122070312,688.7999877929688,687.5800170898438,688.4299926757812,1780701,-0.0008718991810301,0.0006226148613046,0.0007365125341972,0.0,0.0,0.0
2026-01-08 09:45:00-05:00,688.6400146484375,689.010009765625,687.489990234375,687.8300170898438,1683079,0.0011841965044465,0.0007365125341972,0.0007385464848707,0.0133461719378829,0.9533200263977051,0.03333381563425064
2026-01-08 09:50:00-05:00,688.7999877929688,689.1599731445312,688.219970703125,688.635009765625,1220183,0.0002322760264939,0.0007385464848707,0.0007544786976665,0.0,0.0,0.0
2026-01-08 09:55:00-05:00,688.280029296875,688.9500122070312,688.219970703125,688.7999877929688,988394,-0.00075516094105,0.0007544786976665,0.0007487281365363,0.0,0.0,0.0
2026-01-08 10:00:00-05:00,688.5399780273438,688.6500244140625,687.8499755859375,688.280029296875,1638965,0.0003776074318716,0.0007487281365363,0.0009286478271273,0.0,0.0,0.0
2026-01-08 10:05:00-05:00,689.7899780273438,689.8499755859375,688.3900146484375,688.5399780273438,1779001,0.0018137897057232,0.0009286478271273,0.0009267558789175,0.0,0.0,0.0
2026-01-08 10:10:00-05:00,689.6799926757812,689.8150024414062,689.3099975585938,689.7999877929688,1237650,-0.00015946030596,0.0009267558789175,0.000927826999018,0.0,0.0,0.0
2026-01-08 10:15:00-05:00,689.7899780273438,690.02001953125,689.52001953125,689.6799926757812,860584,0.00015946030596,0.000927826999018,0.0009246653866382,0.0,0.0,0.0
2026-01-08 10:20:00-05:00,689.739990234375,689.969970703125,689.5,689.7899780273438,651617,-7.24707605354044e-05,0.0009246653866382,0.0009200080372745,0.0,0.0,0.0
2026-01-08 10:25:00-05:00,689.6300048828125,689.9299926757812,689.3980102539062,689.72998046875,738825,-0.00015947186351,0.0009200080372745,0.0007506761697704,0.0,0.0,0.0
2026-01-08 10:30:00-05:00,689.4299926757812,689.8499755859375,689.2000122070312,689.6500244140625,587401,-0.0002900703505108,0.0007506761697704,0.0007510097505144,0.0,0.0,0.0
2026-01-08 10:35:00-05:00,689.4400024414062,689.5599975585938,688.719970703125,689.4249877929688,1168648,1.451879533323374e-05,0.0007510097505144,0.0006845047720836,0.0,0.0,0.0
2026-01-08 10:40:00-05:00,689.7100219726562,689.969970703125,689.260009765625,689.4349975585938,882840,0.000391573838843,0.0006845047720836,0.0006668546166219,0.23638328909873962,0.688052773475647,0.07556390762329102
2026-01-08 10:45:00-05:00,689.1900024414062,689.9299926757812,689.0499877929688,689.6950073242188,858560,-0.0007542527328971,0.0006668546166219,0.0007177209635977,0.0,0.0,0.0
2026-01-08 10:50:00-05:00,688.5800170898438,689.3499755859375,688.530029296875,689.1799926757812,810326,-0.0008854676510164,0.0007177209635977,0.0008538556277479,0.0,0.0,0.0
2026-01-08 10:55:00-05:00,689.8400268554688,689.8900146484375,688.510009765625,688.5700073242188,1265720,0.0018281947104634,0.0008538556277479,0.0008521292004566,0.0,0.0,0.0
2026-01-08 11:00:00-05:00,689.9000244140625,689.9749755859375,689.6199951171875,689.8499755859375,876554,8.696936582568622e-05,0.0008521292004566,0.0007521789772574,0.0,0.0,0.0
2026-01-08 11:05:00-05:00,689.119873046875,689.9194946289062,689.02001953125,689.89501953125,681026,-0.0011314578590966,0.0007521789772574,0.0007547189937221,0.0,0.0,0.0
2026-01-08 11:10:00-05:00,688.9099731445312,689.4600219726562,688.8499755859375,689.1199951171875,812471,-0.0003046376746442,0.0007547189937221,0.0007593070129749,0.0,0.0,0.0
2026-01-08 11:15:00-05:00,689.10498046875,689.239990234375,688.6500244140625,688.9099731445312,786486,0.0002830264287178,0.0007593070129749,0.0007605189553526,0.0,0.0,0.0
2026-01-08 11:20:00-05:00,689.1500244140625,689.5650024414062,689.0,689.1199951171875,519121,6.536373192046784e-05,0.0007605189553526,0.0007600923984823,0.0,0.0,0.0
2026-01-08 11:25:00-05:00,689.0800170898438,689.469970703125,688.8499755859375,689.1400146484375,489095,-0.0001015901876621,0.0007600923984823,0.0007580250246035,0.014852677471935749,0.9621809124946594,0.022966427728533745
2026-01-08 11:30:00-05:00,689.1500244140625,689.489990234375,688.9199829101562,689.0800170898438,599092,0.0001015901876621,0.0007580250246035,0.0007590590398044,0.0,0.0,0.0
2026-01-08 11:35:00-05:00,689.2249755859375,689.3699951171875,688.4400024414062,689.1400146484375,700030,0.0001087529474183,0.0007590590398044,0.0007679018580639,0.0,0.0,0.0
2026-01-08 11:40:00-05:00,689.5999755859375,689.7050170898438,689.1799926757812,689.22998046875,659476,0.0005439414320537,0.0007679018580639,0.0007355785070561,0.0,0.0,0.0
2026-01-08 11:45:00-05:00,689.8200073242188,690.0850219726562,689.5599975585938,689.6099853515625,641305,0.0003190206650235,0.0007355785070561,0.0007215716711052,0.0,0.0,0.0
2026-01-08 11:50:00-05:00,689.2949829101562,689.8800048828125,689.1500244140625,689.8400268554688,613133,-0.0007613932748815,0.0007215716711052,0.0005430509142537,0.0,0.0,0.0
2026-01-08 11:55:00-05:00,689.9000244140625,689.969970703125,689.22998046875,689.2999877929688,596202,0.0008773836034886,0.0005430509142537,0.0005577695395795,0.0,0.0,0.0
2026-01-08 12:00:00-05:00,689.5900268554688,689.9400024414062,689.4400024414062,689.8900146484375,453123,-0.0004494379115334,0.0005577695395795,0.0004421553549109,0.06877859681844711,0.017817743122577667,0.9134036898612976
2026-01-08 12:05:00-05:00,689.5,689.7999267578125,689.4199829101562,689.5850219726562,378218,-0.0001305597950003,0.0004421553549109,0.0004285387122337,0.0,0.0,0.0
2026-01-08 12:10:00-05:00,689.510009765625,689.594970703125,689.260009765625,689.47998046875,442073,1.4517321200503342e-05,0.0004285387122337,0.0004512665000663,0.0,0.0,0.0
2026-01-08 12:15:00-05:00,689.9199829101562,689.9600219726562,689.3900146484375,689.5,298341,0.0005944095152042,0.0004512665000663,0.0004896953486622,0.0,0.0,0.0
2026-01-08 12:20:00-05:00,689.5349731445312,690.0,689.530029296875,689.9500122070312,456568,-0.0005582056506192,0.0004896953486622,0.0004965973954151,0.0,0.0,0.0
2026-01-08 12:25:00-05:00,689.3499755859375,689.530029296875,689.1199951171875,689.530029296875,393061,-0.0002683292175667,0.0004965973954151,0.000540411303747,0.0,0.0,0.0
2026-01-08 12:30:00-05:00,689.8800048828125,689.9849853515625,689.3242797851562,689.3499755859375,425971,0.0007685872993954,0.000540411303747,0.0005404348641349,0.0,0.0,0.0
2026-01-08 12:35:00-05:00,689.9199829101562,690.0399780273438,689.780029296875,689.8599853515625,336628,5.79475687906666e-05,0.0005404348641349,0.0005227011158675,0.0,0.0,0.0
2026-01-08 12:40:00-05:00,690.059326171875,690.219970703125,689.8574829101562,689.9199829101562,477777,0.0002019497847182,0.0005227011158675,0.0005180777938843,0.0,0.0,0.0
2026-01-08 12:45:00-05:00,690.1900024414062,690.25,689.9299926757812,690.0599975585938,379579,0.000189351687717,0.0005180777938843,0.0004591925564578,0.0,0.0,0.0
2026-01-08 12:50:00-05:00,690.469970703125,690.614990234375,690.1900024414062,690.1900024414062,667303,0.0004055571552761,0.0004591925564578,0.0004356822973181,0.0,0.0,0.0
2026-01-08 12:55:00-05:00,690.0900268554688,690.52001953125,690.0399780273438,690.47998046875,392468,-0.000550419913543,0.0004356822973181,0.0004254118131261,0.0,0.0,0.0
2026-01-08 13:00:00-05:00,689.8599853515625,690.1900024414062,689.77001953125,690.0900268554688,678147,-0.0003334055639729,0.0004254118131261,0.0004363884474831,0.0,0.0,0.0
2026-01-08 13:05:00-05:00,689.6298828125,689.8499755859375,689.489990234375,689.8499755859375,617149,-0.0003336052645356,0.0004363884474831,0.0005270715896004,0.0,0.0,0.0
2026-01-08 13:10:00-05:00,688.9349975585938,689.6699829101562,688.8300170898438,689.6300048828125,726453,-0.0010081285584056,0.0005270715896004,0.0005848451479654,0.0,0.0,0.0
2026-01-08 13:15:00-05:00,689.6300048828125,689.6400146484375,688.7899780273438,688.9249877929688,587732,0.0010083055668339,0.0005848451479654,0.0005692664850157,0.0,0.0,0.0
2026-01-08 13:20:00-05:00,689.4099731445312,689.7265014648438,689.2308959960938,689.6500244140625,534535,-0.000319108573579,0.0005692664850157,0.000564764662185,0.0,0.0,0.0
2026-01-08 13:25:00-05:00,689.5,689.6300048828125,689.25,689.4099731445312,337278,0.0001305768430862,0.000564764662185,0.0005175982881654,0.0,0.0,0.0
2026-01-08 13:30:00-05:00,689.2999877929688,689.5599975585938,689.260009765625,689.5,399664,-0.0002901250510661,0.0005175982881654,0.0005162501711542,0.0,0.0,0.0
2026-01-08 13:35:00-05:00,689.280029296875,689.5599975585938,689.25,689.2999877929688,265166,-2.8955150731522204e-05,0.0005162501711542,0.0005163030217022,0.0,0.0,0.0
2026-01-08 13:40:00-05:00,689.4199829101562,689.4949951171875,689.2449951171875,689.280029296875,297028,0.0002030225756478,0.0005163030217022,0.0005232177466317,0.0,0.0,0.0
2026-01-08 13:45:00-05:00,689.635009765625,689.8049926757812,689.2401123046875,689.4099731445312,299867,0.0003118466752281,0.0005232177466317,0.0005483720437163,0.0,0.0,0.0
2026-01-08 13:50:00-05:00,689.030029296875,689.7000122070312,689.02001953125,689.6400146484375,445751,-0.0008776323333665,0.0005483720437163,0.0005357175575033,0.0,0.0,0.0
2026-01-08 13:55:00-05:00,688.8900146484375,689.1500244140625,688.760009765625,689.0,416334,-0.0002032260863533,0.0005357175575033,0.0005543087258144,0.0,0.0,0.0
2026-01-08 14:00:00-05:00,689.1699829101562,689.3300170898438,688.7000122070312,688.8900146484375,579329,0.0004063223169768,0.0005543087258144,0.0005494227052912,0.0,0.0,0.0
2026-01-08 14:05:00-05:00,689.0599975585938,689.3400268554688,689.0599975585938,689.1699829101562,366686,-0.0001596037720185,0.0005494227052912,0.0004926146640274,0.0,0.0,0.0
2026-01-08 14:10:00-05:00,688.6699829101562,689.10498046875,688.6099853515625,689.0599975585938,491165,-0.000566169952581,0.0004926146640274,0.0004020717241081,0.0,0.0,0.0
2026-01-08 14:15:00-05:00,688.969970703125,688.9949951171875,688.280029296875,688.6699829101562,747620,0.0004355097236014,0.0004020717241081,0.0003950346052681,0.0,0.0,0.0
2026-01-08 14:20:00-05:00,688.9500122070312,689.2899780273438,688.8499755859375,688.97998046875,543100,-2.896902046955899e-05,0.0003950346052681,0.0003907480613931,0.0,0.0,0.0
2026-01-08 14:25:00-05:00,688.9199829101562,688.97998046875,688.72998046875,688.9500122070312,280516,-4.3587997396176034e-05,0.0003907480613931,0.0003872870796608,0.0,0.0,0.0
2026-01-08 14:30:00-05:00,688.9949951171875,689.3300170898438,688.885009765625,688.9299926757812,565299,0.0001088778455877,0.0003872870796608,0.0003975345105989,0.0,0.0,0.0
2026-01-08 14:35:00-05:00,688.7550048828125,689.0499877929688,688.719970703125,688.989990234375,429584,-0.0003483799481796,0.0003975345105989,0.0003885777878977,0.0,0.0,0.0
2026-01-08 14:40:00-05:00,688.6900024414062,688.927978515625,688.5899047851562,688.760009765625,295561,-9.438117835396788e-05,0.0003885777878977,0.0003853336169581,0.0,0.0,0.0
2026-01-08 14:45:00-05:00,688.8800048828125,688.9099731445312,688.6500244140625,688.7000122070312,332843,0.0002758515960726,0.0003853336169581,0.0002953922757714,0.0,0.0,0.0
2026-01-08 14:50:00-05:00,688.8900146484375,689.1400146484375,688.760009765625,688.8599853515625,302655,1.4530386760111006e-05,0.0002953922757714,0.0002897813200397,0.0,0.0,0.0
2026-01-08 14:55:00-05:00,688.8599853515625,688.8900146484375,688.5700073242188,688.8900146484375,708405,-4.359179369228464e-05,0.0002897813200397,0.0002653713998564,0.0,0.0,0.0
2026-01-08 15:00:00-05:00,688.9650268554688,689.0800170898438,688.7100219726562,688.8499755859375,426982,0.0001524743754528,0.0002653713998564,0.0002634256598059,0.0,0.0,0.0
2026-01-08 15:05:00-05:00,688.8900146484375,689.010009765625,688.72998046875,688.9600219726562,456448,-0.0001088825817605,0.0002634256598059,0.000248970479054,0.0,0.0,0.0
2026-01-08 15:10:00-05:00,689.2650146484375,689.3150024414062,688.8699951171875,688.8800048828125,646737,0.0005442058422792,0.000248970479054,0.0002567988859736,0.0,0.0,0.0
2026-01-08 15:15:00-05:00,688.97998046875,689.3200073242188,688.9359741210938,689.27001953125,477869,-0.000413619036907,0.0002567988859736,0.0002621045328508,0.0,0.0,0.0
2026-01-08 15:20:00-05:00,689.1099853515625,689.2999877929688,688.8499755859375,688.97998046875,466439,0.0001886740146471,0.0002621045328508,0.0003216565666214,0.0,0.0,0.0
2026-01-08 15:25:00-05:00,689.5750122070312,689.6500244140625,689.1199951171875,689.1199951171875,773314,0.0006745948116176,0.0003216565666214,0.0003377605687029,0.0,0.0,0.0
2026-01-08 15:30:00-05:00,689.875,689.8800048828125,689.5549926757812,689.5700073242188,1079401,0.0004349382653131,0.0003377605687029,0.0003574672906956,0.0,0.0,0.0
2026-01-08 15:35:00-05:00,689.5349731445312,690.0549926757812,689.489990234375,689.8800048828125,1240518,-0.0004930033405234,0.0003574672906956,0.0003597598512823,0.0,0.0,0.0
2026-01-08 15:40:00-05:00,689.4400024414062,689.7050170898438,689.2550048828125,689.5399780273438,896324,-0.0001377410104701,0.0003597598512823,0.0003558633465065,0.0,0.0,0.0
2026-01-08 15:45:00-05:00,689.5499877929688,689.655029296875,689.344970703125,689.4299926757812,895099,0.0001595158087798,0.0003558633465065,0.0003600464744768,0.0,0.0,0.0
2026-01-08 15:50:00-05:00,689.75,689.8699951171875,689.280029296875,689.5399780273438,1283003,0.0002900198799438,0.0003600464744768,0.0003927555246614,0.0,0.0,0.0
2026-01-08 15:55:00-05:00,689.4400024414062,689.8599853515625,689.3900146484375,689.75,3221785,-0.0004495356887237,0.0003927555246614,0.0007174285305369,0.0,0.0,0.0
2026-01-09 09:30:00-05:00,690.9199829101562,691.239990234375,690.4600219726562,690.5,3814712,0.0021443406815019,0.0007174285305369,0.0007939203679377,0.0,0.0,0.0
2026-01-09 09:35:00-05:00,691.9598999023438,692.2949829101562,690.9000244140625,690.9249877929688,1849295,0.0015039877304383,0.0007939203679377,0.0008636842047147,0.0,0.0,0.0
2026-01-09 09:40:00-05:00,691.3800048828125,692.2000122070312,691.2000122070312,691.9600219726562,1348483,-0.000838398504219,0.0008636842047147,0.0008729165472065,0.0,0.0,0.0
2026-01-09 09:45:00-05:00,691.010009765625,691.8699951171875,690.510009765625,691.3699951171875,1454722,-0.0005352977410164,0.0008729165472065,0.0008783278716431,0.6606063842773438,0.1102738007903099,0.22911979258060455
2026-01-09 09:50:00-05:00,691.4199829101562,691.739990234375,690.6699829101562,690.989990234375,1283994,0.0005931195919099,0.0008783278716431,0.0008700509667423,0.0,0.0,0.0
2026-01-09 09:55:00-05:00,691.510009765625,691.6400146484375,690.6699829101562,691.4099731445312,911496,0.0001301972711167,0.0008700509667423,0.0009701742223213,0.0,0.0,0.0
2026-01-09 10:00:00-05:00,690.6199951171875,691.97998046875,690.5599975585938,691.5599975585938,1515357,-0.0012878886476848,0.0009701742223213,0.0010650789738026,0.6338320970535278,0.016822131350636482,0.3493458032608032
2026-01-09 10:05:00-05:00,689.5800170898438,690.7000122070312,689.1799926757812,690.5999755859375,2023485,-0.0015069963990217,0.0010650789738026,0.0012767288898324,0.0,0.0,0.0
2026-01-09 10:10:00-05:00,691.280029296875,691.3200073242188,689.469970703125,689.614990234375,1560416,0.0024622525220662,0.0012767288898324,0.0012771607480222,0.0,0.0,0.0
2026-01-09 10:15:00-05:00,691.530029296875,691.6199951171875,690.8900146484375,691.280029296875,1064469,0.0003615825632306,0.0012771607480222,0.0013171284682228,0.0,0.0,0.0
2026-01-09 10:20:00-05:00,692.4650268554688,692.5499877929688,691.22998046875,691.5499877929688,1175543,0.0013511575734086,0.0013171284682228,0.0013040707253113,0.0,0.0,0.0
2026-01-09 10:25:00-05:00,693.125,693.3400268554688,692.39501953125,692.47998046875,1425700,0.0009526240542292,0.0013040707253113,0.0011902491373389,0.0,0.0,0.0
2026-01-09 10:30:00-05:00,693.2000122070312,693.4500122070312,692.6199951171875,693.1300048828125,1684256,0.0001082173465008,0.0011902491373389,0.0011486102194786,0.0,0.0,0.0
2026-01-09 10:35:00-05:00,692.7626953125,693.2899780273438,692.760009765625,693.2000122070312,1004232,-0.0006310659106075,0.0011486102194786,0.0012209801684407,0.0,0.0,0.0
2026-01-09 10:40:00-05:00,691.6699829101562,692.8699951171875,691.6400146484375,692.7650146484375,1131910,-0.0015785709864291,0.0012209801684407,0.0012122026655208,0.0,0.0,0.0
2026-01-09 10:45:00-05:00,691.47998046875,692.1199951171875,691.280029296875,691.6799926757812,1246369,-0.0002747387450847,0.0012122026655208,0.0012004162774355,0.05800563097000122,0.5067799091339111,0.43521440029144287
2026-01-09 10:50:00-05:00,691.510009765625,692.1199951171875,691.4299926757812,691.47998046875,661479,4.342662939249409e-05,0.0012004162774355,0.0012125620141655,0.0,0.0,0.0
2026-01-09 10:55:00-05:00,691.9299926757812,692.0,691.2999877929688,691.510009765625,682018,0.0006071574080798,0.0012125620141655,0.0011599020666463,0.0,0.0,0.0
2026-01-09 11:00:00-05:00,692.5999755859375,692.72998046875,691.9299926757812,691.9299926757812,831694,0.000967812871964,0.0011599020666463,0.001026240732848,0.0,0.0,0.0
2026-01-09 11:05:00-05:00,693.114990234375,693.1900024414062,692.5250244140625,692.5999755859375,846519,0.000743319780552,0.001026240732848,0.0008044811499881,0.0,0.0,0.0
2026-01-09 11:10:00-05:00,693.4550170898438,693.6500244140625,692.8400268554688,693.10498046875,1289669,0.0004904575470242,0.0008044811499881,0.0008100644727762,0.0,0.0,0.0
2026-01-09 11:15:00-05:00,693.3900146484375,693.5549926757812,693.239990234375,693.4550170898438,962538,-9.374146348905007e-05,0.0008100644727762,0.0007335663099681,0.0,0.0,0.0
2026-01-09 11:20:00-05:00,693.260009765625,693.5499877929688,693.155029296875,693.385009765625,585104,-0.0001875092934835,0.0007335663099681,0.0007034062074261,0.0,0.0,0.0
2026-01-09 11:25:00-05:00,692.8599243164062,693.260009765625,692.8200073242188,693.2550048828125,541179,-0.0005772739436061,0.0007034062074261,0.0007048210660991,0.0,0.0,0.0
2026-01-09 11:30:00-05:00,692.6784057617188,693.1199951171875,692.5750122070312,692.8499755859375,477963,-0.0002620188150489,0.0007048210660991,0.0006937872273063,0.0,0.0,0.0
2026-01-09 11:35:00-05:00,692.97998046875,693.094970703125,692.5449829101562,692.6699829101562,623884,0.0004352800297528,0.0006937872273063,0.0004761427167275,0.0,0.0,0.0
2026-01-09 11:40:00-05:00,693.1649780273438,693.25,692.6900024414062,692.97998046875,410442,0.000266923828649,0.0004761427167275,0.0004758484629966,0.0,0.0,0.0
2026-01-09 11:45:00-05:00,693.6599731445312,693.7100219726562,693.1400146484375,693.1500244140625,653496,0.0007138538108784,0.0004758484629966,0.0004724596117944,0.0,0.0,0.0
2026-01-09 11:50:00-05:00,693.9500122070312,694.030029296875,693.6599731445312,693.6646118164062,959912,0.0004180411928218,0.0004724596117944,0.0004730300433098,0.0,0.0,0.0
2026-01-09 11:55:00-05:00,693.8900146484375,694.02001953125,693.780029296875,693.9500122070312,595902,-8.64617786922607e-05,0.0004730300433098,0.0004219722165243,0.0,0.0,0.0
2026-01-09 12:00:00-05:00,694.2150268554688,694.2150268554688,693.719970703125,693.8800048828125,571879,0.0004682818709719,0.0004219722165243,0.0003937899145548,0.07863645255565643,0.7457461953163147,0.1756172925233841
2026-01-09 12:05:00-05:00,694.114990234375,694.2750244140625,694.0599975585938,694.219970703125,533045,-0.000144110723006,0.0003937899145548,0.0003761314394606,0.0,0.0,0.0
2026-01-09 12:10:00-05:00,694.1799926757812,694.1900024414062,693.8699951171875,694.1300048828125,447401,9.364355883136676e-05,0.0003761314394606,0.0004129116216072,0.0,0.0,0.0
2026-01-09 12:15:00-05:00,693.8200073242188,694.1799926757812,693.760009765625,694.1699829101562,375537,-0.0005187108928444,0.0004129116216072,0.0004325784782949,0.0,0.0,0.0
2026-01-09 12:20:00-05:00,694.22998046875,694.260009765625,693.7999877929688,693.8150024414062,460900,0.0005907181442431,0.0004325784782949,0.0003775238499659,0.0,0.0,0.0
2026-01-09 12:25:00-05:00,694.219970703125,694.3800048828125,694.1649780273438,694.2301025390625,422339,-1.4418619290798064e-05,0.0003775238499659,0.0003541383687589,0.0,0.0,0.0
2026-01-09 12:30:00-05:00,694.4299926757812,694.5,694.1599731445312,694.22998046875,507773,0.0003024836780992,0.0003541383687589,0.0003601356994282,0.0,0.0,0.0
2026-01-09 12:35:00-05:00,694.3300170898438,694.4500122070312,694.239990234375,694.4299926757812,427564,-0.0001439782041637,0.0003601356994282,0.0003864033837389,0.0,0.0,0.0
2026-01-09 12:40:00-05:00,694.0900268554688,694.3200073242188,694.010009765625,694.3200073242188,308135,-0.0003457026392145,0.0003864033837389,0.0003366845098156,0.0,0.0,0.0
2026-01-09 12:45:00-05:00,694.1500244140625,694.3099975585938,694.0050048828125,694.0850219726562,461274,8.64368645410745e-05,0.0003366845098156,0.0003205908591477,0.0,0.0,0.0
2026-01-09 12:50:00-05:00,694.0549926757812,694.3900146484375,694.010009765625,694.1599731445312,464643,-0.0001369131176731,0.0003205908591477,0.000321507621892,0.0,0.0,0.0
2026-01-09 12:55:00-05:00,693.9749755859375,694.219970703125,693.9500122070312,694.0590209960938,416745,-0.0001152959111287,0.000321507621892,0.0003046313524364,0.0,0.0,0.0
2026-01-09 13:00:00-05:00,693.7098999023438,693.9600219726562,693.64501953125,693.9600219726562,539570,-0.0003820401756913,0.0003046313524364,0.0003119282174207,0.0,0.0,0.0
2026-01-09 13:05:00-05:00,693.5,694.0100708007812,693.469970703125,693.7100219726562,463509,-0.0003026216925937,0.0003119282174207,0.0003228445685682,0.0,0.0,0.0
2026-01-09 13:10:00-05:00,693.6749877929688,693.72998046875,693.4949951171875,693.5,428741,0.0002522937559239,0.0003228445685682,0.0002891276679358,0.0,0.0,0.0
2026-01-09 13:15:00-05:00,693.6300048828125,693.8599853515625,693.5999755859375,693.6699829101562,277238,-6.484934518287973e-05,0.0002891276679358,0.0002151723546421,0.0,0.0,0.0
2026-01-09 13:20:00-05:00,693.5900268554688,693.739990234375,693.5399780273438,693.6300048828125,322846,-5.763761543254513e-05,0.0002151723546421,0.000256131937571,0.0,0.0,0.0
2026-01-09 13:25:00-05:00,693.8699951171875,693.8900146484375,693.3599853515625,693.5900268554688,478477,0.0004035694882517,0.000256131937571,0.0002934594948717,0.0,0.0,0.0
2026-01-09 13:30:00-05:00,694.2510986328125,694.280029296875,693.85498046875,693.8699951171875,336422,0.0005490926215533,0.0002934594948717,0.0003483751498199,0.0,0.0,0.0
2026-01-09 13:35:00-05:00,694.7050170898438,694.7349853515625,694.22998046875,694.239990234375,682647,0.0006536109644542,0.0003483751498199,0.0003409575487449,0.0,0.0,0.0
2026-01-09 13:40:00-05:00,694.52001953125,694.889892578125,694.49951171875,694.7100219726562,693098,-0.0002663320265768,0.0003409575487449,0.0003415840380905,0.0,0.0,0.0
2026-01-09 13:45:00-05:00,694.6099853515625,694.6649780273438,694.4400024414062,694.52001953125,468387,0.0001295282948637,0.0003415840380905,0.000340863220806,0.0,0.0,0.0
2026-01-09 13:50:00-05:00,694.5250244140625,694.639892578125,694.4199829101562,694.6099853515625,410354,-0.0001223220738209,0.000340863220806,0.0003370663631082,0.0,0.0,0.0
2026-01-09 13:55:00-05:00,694.530029296875,694.6699829101562,694.4400024414062,694.530029296875,375859,7.206169113492126e-06,0.0003370663631082,0.0003090976548493,0.0,0.0,0.0
2026-01-09 14:00:00-05:00,694.5,694.5750732421875,694.3599853515625,694.52001953125,427402,-4.323779363488434e-05,0.0003090976548493,0.0002845185759785,0.0,0.0,0.0
2026-01-09 14:05:00-05:00,694.6699829101562,694.677978515625,694.4149780273438,694.4949951171875,311464,0.0002447258623433,0.0002845185759785,0.0002932195625246,0.0,0.0,0.0
2026-01-09 14:10:00-05:00,694.5700073242188,694.77001953125,694.5050048828125,694.6649780273438,398493,-0.0001439284598958,0.0002932195625246,0.0002902849984315,0.0,0.0,0.0
2026-01-09 14:15:00-05:00,694.739990234375,694.8200073242188,694.5700073242188,694.5700073242188,352993,0.0002447011988731,0.0002902849984315,0.0002852578906431,0.0,0.0,0.0
2026-01-09 14:20:00-05:00,694.780029296875,694.844970703125,694.6900024414062,694.739990234375,369206,5.763006210526628e-05,0.0002852578906431,0.000274066690204,0.0,0.0,0.0
2026-01-09 14:25:00-05:00,694.8099975585938,694.8400268554688,694.6500244140625,694.780029296875,330353,4.3132522750277926e-05,0.000274066690204,0.0002415709824087,0.0,0.0,0.0
2026-01-09 14:30:00-05:00,694.75,694.8900146484375,694.7150268554688,694.8049926757812,549946,-8.635475796139884e-05,0.0002415709824087,0.0001530949939251,0.0,0.0,0.0
2026-01-09 14:35:00-05:00,694.77001953125,694.8499755859375,694.7150268554688,694.75,483066,2.881503104659476e-05,0.0001530949939251,0.0001266366982742,0.023082904517650604,0.07046579569578171,0.9064513444900513
2026-01-09 14:40:00-05:00,694.8099975585938,694.8499755859375,694.7100219726562,694.77001953125,389897,5.753972691485836e-05,0.0001266366982742,0.0001466189819926,0.0,0.0,0.0
2026-01-09 14:45:00-05:00,695.02001953125,695.0800170898438,694.7550048828125,694.8099975585938,491244,0.0003022268502944,0.0001466189819926,0.0001363253117082,0.0,0.0,0.0
2026-01-09 14:50:00-05:00,695.0599975585938,695.22998046875,695.010009765625,695.010009765625,607120,5.751903036269943e-05,0.0001363253117082,0.0001604617071154,0.0,0.0,0.0
2026-01-09 14:55:00-05:00,694.89990234375,695.0700073242188,694.8699951171875,695.0700073242188,626420,-0.0002303594737704,0.0001604617071154,0.0001602736360055,0.0,0.0,0.0
2026-01-09 15:00:00-05:00,695.0,695.1500244140625,694.8101196289062,694.8900146484375,435233,0.0001440357773307,0.0001602736360055,0.0001554749210441,0.0,0.0,0.0
2026-01-09 15:05:00-05:00,694.9259033203125,695.0700073242188,694.8900146484375,695.0,485655,-0.0001066196112766,0.0001554749210441,0.0001568929663825,0.0,0.0,0.0
2026-01-09 15:10:00-05:00,694.8165283203125,694.9600219726562,694.760009765625,694.9299926757812,470952,-0.0001574032680238,0.0001568929663825,0.0001503837256981,0.0,0.0,0.0
2026-01-09 15:15:00-05:00,694.9459838867188,694.989990234375,694.760009765625,694.8200073242188,531218,0.0001862988325611,0.0001503837256981,0.0001845771081824,0.0,0.0,0.0
2026-01-09 15:20:00-05:00,695.219970703125,695.2750244140625,694.9500122070312,694.9600219726562,937770,0.0003941785785347,0.0001845771081824,0.0002082306090161,0.0,0.0,0.0
2026-01-09 15:25:00-05:00,695.0250244140625,695.3099975585938,695.0,695.2150268554688,793215,-0.0002804488288394,0.0002082306090161,0.0002067161040206,0.0,0.0,0.0
2026-01-09 15:30:00-05:00,695.1099243164062,695.1199951171875,694.9199829101562,695.02001953125,787828,0.0001221462743984,0.0002067161040206,0.0002415000497899,0.0,0.0,0.0
2026-01-09 15:35:00-05:00,694.8400268554688,695.1099853515625,694.8200073242188,695.0999755859375,1051279,-0.0003883556585647,0.0002415000497899,0.0002411889218345,0.0,0.0,0.0
2026-01-09 15:40:00-05:00,694.8200073242188,694.9000244140625,694.6799926757812,694.8499755859375,1536845,-2.8812127799645816e-05,0.0002411889218345,0.000224691017914,0.0,0.0,0.0
2026-01-09 15:45:00-05:00,694.7150268554688,694.9197998046875,694.6749877929688,694.8099975585938,1169125,-0.0001511015791144,0.000224691017914,0.0002295533363023,0.0,0.0,0.0
2026-01-09 15:50:00-05:00,694.5499877929688,694.8250122070312,694.3599853515625,694.7100219726562,2926213,-0.0002375919087232,0.0002295533363023,0.0003131963205233,0.0,0.0,0.0
2026-01-09 15:55:00-05:00,693.989990234375,694.5399780273438,693.9000244140625,694.5399780273438,4151366,-0.0008065991585645,0.0003131963205233,0.0008937345454195,0.0,0.0,0.0
2026-01-12 09:30:00-05:00,691.8800048828125,692.260009765625,691.2100219726562,691.3300170898438,4038158,-0.0030449998763462,0.0008937345454195,0.0009965452726657,0.0,0.0,0.0
2026-01-12 09:35:00-05:00,692.6799926757812,692.75,691.6599731445312,691.8800048828125,1776852,0.0011555842771754,0.0009965452726657,0.00100196722897,0.0,0.0,0.0
2026-01-12 09:40:00-05:00,692.7498779296875,693.22998046875,692.4000854492188,692.6799926757812,1809282,0.0001008860216577,0.00100196722897,0.0010116601701137,0.0,0.0,0.0
2026-01-12 09:45:00-05:00,693.0198974609375,693.1699829101562,692.5399780273438,692.760009765625,1247481,0.0003897033106978,0.0010116601701137,0.001024799568741,0.0,0.0,0.0
2026-01-12 09:50:00-05:00,693.4349975585938,693.75,692.8699951171875,693.02001953125,1353833,0.0005987935295267,0.001024799568741,0.0010342814559837,0.0,0.0,0.0
2026-01-12 09:55:00-05:00,693.6300048828125,693.9000244140625,693.3800048828125,693.4099731445312,1097421,0.0002811797935357,0.0010342814559837,0.0010325575854885,0.0,0.0,0.0
2026-01-12 10:00:00-05:00,693.3300170898438,693.7899780273438,693.1699829101562,693.6400146484375,1250485,-0.0004325831933066,0.0010325575854885,0.0010311525055491,0.04202922433614731,0.8504314422607422,0.1075393408536911
2026-01-12 10:05:00-05:00,693.219970703125,693.5499877929688,693.1699829101562,693.3300170898438,759458,-0.0001587341068387,0.0010311525055491,0.0010348806552749,0.0,0.0,0.0
2026-01-12 10:10:00-05:00,693.3198852539062,693.4400024414062,693.0,693.2100219726562,1121045,0.0001441207052576,0.0010348806552749,0.0010398801242015,0.0,0.0,0.0
2026-01-12 10:15:00-05:00,693.4387817382812,693.530029296875,693.0700073242188,693.3200073242188,932011,0.0001714739377461,0.0010398801242015,0.0010429406250762,0.0,0.0,0.0
2026-01-12 10:20:00-05:00,693.5399780273438,693.8099975585938,693.1801147460938,693.4500122070312,890884,0.0001459233438574,0.0010429406250762,0.0010207925164482,0.013549327850341797,0.896336019039154,0.09011465311050415
2026-01-12 10:25:00-05:00,693.5700073242188,693.6599731445312,693.3499755859375,693.5499877929688,656136,4.329764358526568e-05,0.0010207925164482,0.0004601807404902,0.0,0.0,0.0
2026-01-12 10:30:00-05:00,693.1400146484375,693.6099853515625,692.989990234375,693.5650024414062,868765,-0.000620162373891,0.0004601807404902,0.0003464942986413,0.0,0.0,0.0
2026-01-12 10:35:00-05:00,693.4000244140625,693.4349975585938,692.9600219726562,693.1300048828125,774299,0.0003750483380899,0.0003464942986413,0.0003474923894829,0.0,0.0,0.0
2026-01-12 10:40:00-05:00,693.39501953125,693.4949951171875,693.010009765625,693.4099731445312,819167,-7.217912746955127e-06,0.0003474923894829,0.0003334131574018,0.0,0.0,0.0
2026-01-12 10:45:00-05:00,693.4500122070312,693.510009765625,693.0599975585938,693.3900146484375,567610,7.930615829677832e-05,0.0003334131574018,0.0003138790557962,0.0,0.0,0.0
2026-01-12 10:50:00-05:00,693.7650146484375,693.8099975585938,693.2449951171875,693.4500122070312,591824,0.0004541508572532,0.0003138790557962,0.0003094867128082,0.0,0.0,0.0
2026-01-12 10:55:00-05:00,693.9099731445312,694.0599975585938,693.6649780273438,693.77001953125,699091,0.0002089228355288,0.0003094867128082,0.0002736905837485,0.0,0.0,0.0
2026-01-12 11:00:00-05:00,693.9000244140625,693.9600219726562,693.6599731445312,693.9149780273438,663378,-1.4337309122198482e-05,0.0002736905837485,0.0002683296479475,0.0,0.0,0.0
2026-01-12 11:05:00-05:00,694.0750122070312,694.1300048828125,693.8699951171875,693.89501953125,632935,0.0002521483301628,0.0002683296479475,0.0003022899475395,0.0,0.0,0.0
2026-01-12 11:10:00-05:00,694.47998046875,694.47998046875,694.0599975585938,694.0700073242188,750465,0.0005832945404924,0.0003022899475395,0.0003021822069352,0.0,0.0,0.0
2026-01-12 11:15:00-05:00,694.5599975585938,694.6799926757812,694.3800048828125,694.469970703125,959555,0.0001152120762513,0.0003021822069352,0.0003172782006376,0.05734499543905258,0.9115047454833984,0.031150303781032562
2026-01-12 11:20:00-05:00,694.4199829101562,694.6699829101562,694.2000122070312,694.5499877929688,914240,-0.0002016078717916,0.0003172782006376,0.0003356057323941,0.0,0.0,0.0
2026-01-12 11:25:00-05:00,694.22998046875,694.4500122070312,694.0,694.4199829101562,587928,-0.0002736505924496,0.0003356057323941,0.000253781011048,0.0,0.0,0.0
2026-01-12 11:30:00-05:00,694.3699951171875,694.4099731445312,694.0700073242188,694.239990234375,393294,0.0002016630438911,0.000253781011048,0.0002438685672846,0.0,0.0,0.0
2026-01-12 11:35:00-05:00,694.4249877929688,694.52001953125,694.3200073242188,694.3699951171875,430916,7.919480770980182e-05,0.0002438685672846,0.000252225831215,0.0,0.0,0.0
2026-01-12 11:40:00-05:00,694.3350219726562,694.5999755859375,694.27001953125,694.4400024414062,325886,-0.0001295628039483,0.000252225831215,0.000270194662481,0.0,0.0,0.0
2026-01-12 11:45:00-05:00,694.6500244140625,694.6900024414062,694.2000122070312,694.3400268554688,977584,0.0004535721210621,0.000270194662481,0.0002522524440517,0.0,0.0,0.0
2026-01-12 11:50:00-05:00,694.7000122070312,694.75,694.5499877929688,694.6599731445312,385969,7.195852977688597e-05,0.0002522524440517,0.0002654370106885,0.0,0.0,0.0
2026-01-12 11:55:00-05:00,694.5599975585938,694.8599853515625,694.530029296875,694.7100219726562,467839,-0.0002015672342504,0.0002654370106885,0.0002654362106973,0.0,0.0,0.0
2026-01-12 12:00:00-05:00,694.6900024414062,694.8399047851562,694.4400024414062,694.5599975585938,431887,0.0001871583706201,0.0002654362106973,0.0002967769047037,0.0,0.0,0.0
2026-01-12 12:05:00-05:00,694.405029296875,694.7349853515625,694.3599853515625,694.7000122070312,358030,-0.0004103004359211,0.0002967769047037,0.000255183430978,0.0,0.0,0.0
2026-01-12 12:10:00-05:00,694.5900268554688,694.67822265625,694.4000244140625,694.4000244140625,356052,0.0002663761240449,0.000255183430978,0.0002740858948995,0.0,0.0,0.0
2026-01-12 12:15:00-05:00,694.3400268554688,694.5900268554688,694.25,694.5800170898438,387739,-0.0003599893342819,0.0002740858948995,0.0002715005849327,0.0531732477247715,0.022371310740709305,0.924455463886261
2026-01-12 12:20:00-05:00,694.4299926757812,694.6400146484375,694.2899780273438,694.3499755859375,641718,0.0001295618701052,0.0002715005849327,0.0002598503987048,0.0,0.0,0.0
2026-01-12 12:25:00-05:00,694.5349731445312,694.5599975585938,694.2999877929688,694.4199829101562,423780,0.0001511635952428,0.0002598503987048,0.0002642196079844,0.0,0.0,0.0
2026-01-12 12:30:00-05:00,694.3800048828125,694.5499877929688,694.3099975585938,694.530029296875,361669,-0.0002231501061092,0.0002642196079844,0.0002765184869618,0.0,0.0,0.0
2026-01-12 12:35:00-05:00,694.1710815429688,694.4500122070312,694.1699829101562,694.385009765625,363874,-0.000300922801419,0.0002765184869618,0.0002990227036865,0.031223604455590248,0.021908314898610115,0.9468680620193481
2026-01-12 12:40:00-05:00,694.4400024414062,694.47998046875,694.0999755859375,694.172119140625,344636,0.0003873235708702,0.0002990227036865,0.0002715081531264,0.0,0.0,0.0
2026-01-12 12:45:00-05:00,694.5650024414062,694.6400146484375,694.4099731445312,694.4500122070312,319506,0.0001799849531111,0.0002715081531264,0.0002790910337937,0.0,0.0,0.0
2026-01-12 12:50:00-05:00,694.72021484375,694.75,694.4299926757812,694.5750122070312,332947,0.0002234420996616,0.0002790910337937,0.0002733645394327,0.0,0.0,0.0
2026-01-12 12:55:00-05:00,694.6600952148438,694.760009765625,694.6300048828125,694.719970703125,345568,-8.654164523357204e-05,0.0002733645394327,0.0002915314846437,0.0,0.0,0.0
2026-01-12 13:00:00-05:00,694.9349975585938,694.9450073242188,694.5850219726562,694.6699829101562,432278,0.0003956582011058,0.0002915314846437,0.0002565972872845,0.0,0.0,0.0
2026-01-12 13:05:00-05:00,694.9949951171875,695.0549926757812,694.8800048828125,694.9299926757812,483345,8.63317705887688e-05,0.0002565972872845,0.0002516901481266,0.0,0.0,0.0
2026-01-12 13:10:00-05:00,694.9450073242188,695.0250244140625,694.8900146484375,694.9949951171875,400548,-7.19279866792359e-05,0.0002516901481266,0.0002188551486901,0.0,0.0,0.0
2026-01-12 13:15:00-05:00,694.9400024414062,695.0,694.8099975585938,694.9500122070312,359340,-7.201866021108672e-06,0.0002188551486901,0.0002231467219831,0.0,0.0,0.0
2026-01-12 13:20:00-05:00,695.0999755859375,695.2000122070312,694.9299926757812,694.9450073242188,413447,0.0002301705674171,0.0002231467219831,0.0002222996864306,0.0,0.0,0.0
2026-01-12 13:25:00-05:00,695.125,695.1699829101562,694.989990234375,695.0999755859375,483666,3.60005243823294e-05,0.0002222996864306,0.0002158949136429,0.0,0.0,0.0
2026-01-12 13:30:00-05:00,695.010009765625,695.1500244140625,694.9400024414062,695.125,375588,-0.0001654375061839,0.0002158949136429,0.0001806913734497,0.0,0.0,0.0
2026-01-12 13:35:00-05:00,695.1099853515625,695.1400146484375,694.9299926757812,695.0150146484375,393191,0.0001438373470794,0.0001806913734497,0.0001617447308834,0.0,0.0,0.0
2026-01-12 13:40:00-05:00,695.094970703125,695.1599731445312,694.9949951171875,695.0999755859375,501085,-2.1600625681355437e-05,0.0001617447308834,0.0001670795084768,0.0,0.0,0.0
2026-01-12 13:45:00-05:00,695.27001953125,695.35498046875,695.0850219726562,695.0900268554688,484609,0.0002518026996931,0.0001670795084768,0.0001760248774394,0.0,0.0,0.0
2026-01-12 13:50:00-05:00,695.1500244140625,695.3900146484375,695.1500244140625,695.27001953125,384803,-0.0001726026865161,0.0001760248774394,0.0001707803327825,0.0,0.0,0.0
2026-01-12 13:55:00-05:00,695.2150268554688,695.239990234375,695.1400146484375,695.1599731445312,349936,9.350413604586784e-05,0.0001707803327825,0.0001625738828365,0.0,0.0,0.0
2026-01-12 14:00:00-05:00,695.0250244140625,695.2100219726562,694.989990234375,695.2100219726562,546245,-0.0002733376044169,0.0001625738828365,0.0001806166970295,0.0,0.0,0.0
2026-01-12 14:05:00-05:00,695.2257080078125,695.239990234375,694.9450073242188,695.02001953125,378190,0.0002887012974908,0.0001806166970295,0.0001779651073873,0.0,0.0,0.0
2026-01-12 14:10:00-05:00,695.2650146484375,695.280029296875,695.1799926757812,695.219970703125,564400,5.653635798497375e-05,0.0001779651073873,0.0001794526651642,0.0,0.0,0.0
2026-01-12 14:15:00-05:00,695.3599853515625,695.4400024414062,695.2224731445312,695.2550048828125,417893,0.0001365870788641,0.0001794526651642,0.0001703037148001,0.0,0.0,0.0
2026-01-12 14:20:00-05:00,695.3900146484375,695.4600219726562,695.3001098632812,695.3699951171875,675896,4.318432051722941e-05,0.0001703037148001,0.0001747266600092,0.0,0.0,0.0
2026-01-12 14:25:00-05:00,695.3200073242188,695.41650390625,695.2999877929688,695.3900146484375,454296,-0.0001006785356714,0.0001747266600092,0.0002117357843485,0.0,0.0,0.0
2026-01-12 14:30:00-05:00,695.6699829101562,695.864990234375,695.2949829101562,695.3200073242188,973136,0.0005032036114989,0.0002117357843485,0.0002198588685301,0.0,0.0,0.0
2026-01-12 14:35:00-05:00,695.5700073242188,695.6799926757812,695.5250244140625,695.6699829101562,436299,-0.0001437215531632,0.0002198588685301,0.0002185816784931,0.0,0.0,0.0
2026-01-12 14:40:00-05:00,695.625,695.6799926757812,695.5250244140625,695.5599975585938,407732,7.905818453972401e-05,0.0002185816784931,0.0002197212732474,0.0,0.0,0.0
2026-01-12 14:45:00-05:00,695.8099975585938,695.8099975585938,695.6199951171875,695.6300048828125,450644,0.0002659090219929,0.0002197212732474,0.0002066646853171,0.0,0.0,0.0
2026-01-12 14:50:00-05:00,695.8599853515625,695.9199829101562,695.739990234375,695.8099975585938,462068,7.183857323076761e-05,0.0002066646853171,0.0002069366680506,0.0,0.0,0.0
2026-01-12 14:55:00-05:00,695.9450073242188,696.030029296875,695.8250122070312,695.8690185546875,608990,0.0001221751225343,0.0002069366680506,0.0001943480610647,0.0,0.0,0.0
2026-01-12 15:00:00-05:00,695.8150024414062,696.0900268554688,695.780029296875,695.9450073242188,731511,-0.0001868208344518,0.0001943480610647,0.0001848722639211,0.0,0.0,0.0
2026-01-12 15:05:00-05:00,695.8400268554688,695.9299926757812,695.780029296875,695.8200073242188,535850,3.596353052788559e-05,0.0001848722639211,0.000217691672616,0.0,0.0,0.0
2026-01-12 15:10:00-05:00,695.614990234375,695.864990234375,695.530029296875,695.8300170898438,775124,-0.0003234551175451,0.000217691672616,0.0002242399921415,0.0,0.0,0.0
2026-01-12 15:15:00-05:00,695.489990234375,695.6229248046875,695.4199829101562,695.6099853515625,748120,-0.0001797132525459,0.0002242399921415,0.0002418200673227,0.0,0.0,0.0
2026-01-12 15:20:00-05:00,695.280029296875,695.5,695.1799926757812,695.489990234375,1019301,-0.0003019348075476,0.0002418200673227,0.0002409264625643,0.0,0.0,0.0
2026-01-12 15:25:00-05:00,695.3200073242188,695.4299926757812,695.22998046875,695.280029296875,860720,5.749752092912734e-05,0.0002409264625643,0.0001846255839565,0.0,0.0,0.0
2026-01-12 15:30:00-05:00,695.3699951171875,695.4500122070312,695.2449951171875,695.3200073242188,857859,7.188919587053392e-05,0.0001846255839565,0.0001819586795357,0.0,0.0,0.0
2026-01-12 15:35:00-05:00,695.3200073242188,695.3800048828125,695.22998046875,695.3800048828125,681766,-7.188919587048078e-05,0.0001819586795357,0.0001792064448378,0.0,0.0,0.0
2026-01-12 15:40:00-05:00,695.3250122070312,695.3699951171875,695.1799926757812,695.3099975585938,863737,7.197930086084037e-06,0.0001792064448378,0.0001826069158355,0.0,0.0,0.0
2026-01-12 15:45:00-05:00,695.5250244140625,695.5499877929688,695.2750244140625,695.3200073242188,2279319,0.000287611465138,0.0001826069158355,0.0001894058194524,0.0,0.0,0.0
2026-01-12 15:50:00-05:00,695.6400146484375,695.739990234375,695.1599731445312,695.52001953125,1609172,0.000165315014981,0.0001894058194524,0.0002625741876714,0.0,0.0,0.0
2026-01-12 15:55:00-05:00,695.1599731445312,695.635009765625,695.1400146484375,695.6300048828125,2943505,-0.0006903099326752,0.0002625741876714,0.0004092247585059,0.0,0.0,0.0
2026-01-13 09:30:00-05:00,695.8599243164062,695.9099731445312,695.2999877929688,695.489990234375,4040603,0.0010063856487305,0.0004092247585059,0.0004099125716372,0.0,0.0,0.0
2026-01-13 09:35:00-05:00,695.7999877929688,696.0499877929688,695.3800048828125,695.85498046875,1448743,-8.613673923213306e-05,0.0004099125716372,0.0004843092493061,0.0,0.0,0.0
2026-01-13 09:40:00-05:00,695.1500244140625,696.0900268554688,694.9000244140625,695.8099975585938,2040216,-0.0009345604378429,0.0004843092493061,0.0004995187069909,0.0,0.0,0.0
2026-01-13 09:45:00-05:00,694.8099975585938,695.2050170898438,694.4500122070312,695.1400146484375,2153395,-0.0004892613555446,0.0004995187069909,0.0005158869542781,0.0,0.0,0.0
2026-01-13 09:50:00-05:00,694.4149780273438,695.0999755859375,694.2750244140625,694.8200073242188,1399735,-0.0005686905272192,0.0005158869542781,0.0005146771243101,0.018559547141194344,0.8698440194129944,0.11159642040729523
2026-01-13 09:55:00-05:00,694.2449951171875,694.9299926757812,694.22998046875,694.4099731445312,785764,-0.0002448157422156,0.0005146771243101,0.0005331976710119,0.0,0.0,0.0
2026-01-13 10:00:00-05:00,693.7750244140625,694.510009765625,693.1699829101562,694.22998046875,1518857,-0.0006771814735689,0.0005331976710119,0.000533487088509,0.0,0.0,0.0
2026-01-13 10:05:00-05:00,693.5349731445312,694.2199096679688,693.47998046875,693.780029296875,898388,-0.0003460672414232,0.000533487088509,0.0005301618952268,0.0,0.0,0.0
2026-01-13 10:10:00-05:00,693.4598999023438,693.6699829101562,693.260009765625,693.530029296875,794500,-0.0001082530926677,0.0005301618952268,0.0005074663939203,0.0,0.0,0.0
2026-01-13 10:15:00-05:00,693.155029296875,693.4600219726562,692.739990234375,693.4600219726562,957821,-0.0004397336332696,0.0005074663939203,0.0005282864604842,0.0,0.0,0.0
2026-01-13 10:20:00-05:00,692.4400024414062,693.2000122070312,692.27001953125,693.1599731445312,1154321,-0.0010320864358793,0.0005282864604842,0.0005655607127358,0.0,0.0,0.0
2026-01-13 10:25:00-05:00,692.72998046875,692.7650146484375,692.0900268554688,692.4400024414062,1490750,0.0004186894535074,0.0005655607127358,0.0004886129947926,0.0,0.0,0.0
2026-01-13 10:30:00-05:00,693.1500244140625,693.4299926757812,692.565185546875,692.719970703125,1225072,0.0006061765184499,0.0004886129947926,0.0004982123474807,0.0,0.0,0.0
2026-01-13 10:35:00-05:00,693.2050170898438,693.760009765625,693.010009765625,693.1500244140625,979128,7.933418808851576e-05,0.0004982123474807,0.0004585355601098,0.0,0.0,0.0
2026-01-13 10:40:00-05:00,693.0850219726562,693.4099731445312,692.9600219726562,693.2000122070312,613637,-0.0001731169006571,0.0004585355601098,0.0004612581298197,0.0,0.0,0.0
2026-01-13 10:45:00-05:00,692.7100219726562,693.3900146484375,692.6400146484375,693.0850219726562,567429,-0.0005412055856191,0.0004612581298197,0.0006349917914761,0.0,0.0,0.0
2026-01-13 10:50:00-05:00,693.6300048828125,693.6500244140625,692.6500244140625,692.6799926757812,715456,0.0013272112575267,0.0006349917914761,0.0006379268651021,0.0,0.0,0.0
2026-01-13 10:55:00-05:00,693.760009765625,694.0399780273438,693.494384765625,693.6199951171875,685064,0.0001874092819182,0.0006379268651021,0.0006083001400154,0.0,0.0,0.0
2026-01-13 11:00:00-05:00,693.6799926757812,693.9299926757812,693.5399780273438,693.760009765625,621532,-0.0001153449371384,0.0006083001400154,0.0006007476834911,0.0,0.0,0.0
2026-01-13 11:05:00-05:00,693.7999877929688,693.9600219726562,693.5399780273438,693.6900024414062,407746,0.0001729684307893,0.0006007476834911,0.0005991541304933,0.0,0.0,0.0
2026-01-13 11:10:00-05:00,693.844970703125,693.989990234375,693.6900024414062,693.8049926757812,370726,6.483345742967886e-05,0.0005991541304933,0.0005802868484473,0.0,0.0,0.0
2026-01-13 11:15:00-05:00,693.989990234375,694.2800903320312,693.8300170898438,693.8400268554688,695701,0.0002089867107539,0.0005802868484473,0.0004830985645704,0.0,0.0,0.0
2026-01-13 11:20:00-05:00,693.760009765625,694.0750122070312,693.6699829101562,693.97998046875,493829,-0.0003314436618344,0.0004830985645704,0.0004983471386561,0.009415507316589355,0.9599477648735046,0.03063674457371235
2026-01-13 11:25:00-05:00,693.5,693.77001953125,692.4099731445312,693.760009765625,1092705,-0.0003748536926593,0.0004983471386561,0.0005245647673512,0.0,0.0,0.0
2026-01-13 11:30:00-05:00,694.0850219726562,694.1300048828125,693.25,693.4801025390625,724970,0.0008432232952303,0.0005245647673512,0.0005244657859717,0.0,0.0,0.0
2026-01-13 11:35:00-05:00,694.1699829101562,694.22998046875,693.780029296875,694.0900268554688,616297,0.0001223996129057,0.0005244657859717,0.0005340175323513,0.0,0.0,0.0
2026-01-13 11:40:00-05:00,694.594970703125,694.8400268554688,694.0399780273438,694.1749877929688,932077,0.0006120370551248,0.0005340175323513,0.0004832384392053,0.0,0.0,0.0
2026-01-13 11:45:00-05:00,694.739990234375,694.77001953125,694.3599853515625,694.5900268554688,445931,0.0002087610775717,0.0004832384392053,0.000354656148978,0.0,0.0,0.0
2026-01-13 11:50:00-05:00,695.0650024414062,695.125,694.7349853515625,694.739990234375,918960,0.0004677090882085,0.000354656148978,0.000371160652552,0.0,0.0,0.0
2026-01-13 11:55:00-05:00,694.9199829101562,695.2000122070312,694.8599853515625,695.0599975585938,830075,-0.000208663450763,0.000371160652552,0.0003624698841097,0.0,0.0,0.0
2026-01-13 12:00:00-05:00,695.0499877929688,695.1099853515625,694.7999877929688,694.9199829101562,525807,0.0001870614271269,0.0003624698841097,0.0004124362805854,0.0,0.0,0.0
2026-01-13 12:05:00-05:00,694.6900024414062,695.1199951171875,694.6599731445312,695.0499877929688,424899,-0.0005180614534278,0.0004124362805854,0.000414895067272,0.0,0.0,0.0
2026-01-13 12:10:00-05:00,694.8800048828125,694.9149780273438,694.5900268554688,694.6799926757812,310416,0.000273469406491,0.000414895067272,0.0005086569893278,0.0,0.0,0.0
2026-01-13 12:15:00-05:00,694.25,694.9400024414062,693.9299926757812,694.8800048828125,677890,-0.0009070496264455,0.0005086569893278,0.0005291180478229,0.0,0.0,0.0
2026-01-13 12:20:00-05:00,694.739990234375,694.8198852539062,694.1400146484375,694.22998046875,473210,0.0007055346088101,0.0005291180478229,0.0005203061547244,0.0,0.0,0.0
2026-01-13 12:25:00-05:00,694.5599975585938,694.72998046875,694.239990234375,694.72998046875,436505,-0.0002591127594756,0.0005203061547244,0.0004705145953687,0.0,0.0,0.0
2026-01-13 12:30:00-05:00,694.510009765625,694.7150268554688,693.4500122070312,694.5499877929688,1363767,-7.19730362425753e-05,0.0004705145953687,0.0004986596844681,0.0,0.0,0.0
2026-01-13 12:35:00-05:00,694.1400146484375,694.5499877929688,694.1400146484375,694.5,529260,-0.0005328846281468,0.0004986596844681,0.0004898765436993,0.0,0.0,0.0
2026-01-13 12:40:00-05:00,693.6900024414062,694.2000122070312,693.6099853515625,694.1500244140625,488532,-0.0006485120184194,0.0004898765436993,0.0005018509240875,0.0,0.0,0.0
2026-01-13 12:45:00-05:00,693.9500122070312,693.989990234375,693.5150146484375,693.7000122070312,644942,0.0003747510390636,0.0005018509240875,0.0005100718502049,0.0,0.0,0.0
2026-01-13 12:50:00-05:00,693.3699951171875,694.0800170898438,693.1799926757812,693.9400024414062,632636,-0.0008361691903472,0.0005100718502049,0.0005241044138183,0.0,0.0,0.0
2026-01-13 12:55:00-05:00,692.9400024414062,693.3800048828125,692.5250244140625,693.3800048828125,754940,-0.000620341323842,0.0005241044138183,0.0005105072555199,0.0,0.0,0.0
2026-01-13 13:00:00-05:00,692.5999755859375,692.989990234375,692.4199829101562,692.9199829101562,971390,-0.0004908221598615,0.0005105072555199,0.000521330369893,0.0,0.0,0.0
2026-01-13 13:05:00-05:00,692.7150268554688,693.1699829101562,692.5900268554688,692.5999755859375,775135,0.0001661012399244,0.000521330369893,0.0006049185039698,0.0,0.0,0.0
2026-01-13 13:10:00-05:00,693.35009765625,693.3699951171875,692.52001953125,692.719970703125,644608,0.0009163650884662,0.0006049185039698,0.0005621998021151,0.0,0.0,0.0
2026-01-13 13:15:00-05:00,693.1599731445312,693.489990234375,693.1199951171875,693.3599853515625,363418,-0.0002742490183293,0.0005621998021151,0.000498645438614,0.0,0.0,0.0
2026-01-13 13:20:00-05:00,692.9099731445312,693.2100219726562,692.6799926757812,693.1599731445312,446073,-0.0003607321598456,0.000498645438614,0.0005029195210968,0.0,0.0,0.0
2026-01-13 13:25:00-05:00,692.9199829101562,693.125,692.7249755859375,692.9199829101562,290471,1.4445878560360584e-05,0.0005029195210968,0.0005468866195245,0.0,0.0,0.0
2026-01-13 13:30:00-05:00,693.2999877929688,693.4299926757812,692.760009765625,692.9099731445312,468326,0.0005482605940796,0.0005468866195245,0.0005533503534931,0.0,0.0,0.0
2026-01-13 13:35:00-05:00,693.5800170898438,693.6500244140625,693.280029296875,693.2999877929688,326307,0.0004038262859001,0.0005533503534931,0.0005562162284009,0.0,0.0,0.0
2026-01-13 13:40:00-05:00,693.1099853515625,693.614990234375,693.0599975585938,693.5700073242188,560124,-0.0006779190092305,0.0005562162284009,0.0005383236668748,0.0,0.0,0.0
2026-01-13 13:45:00-05:00,693.0399780273438,693.3900146484375,692.9299926757812,693.125,446731,-0.000101009740833,0.0005383236668748,0.0004875250692982,0.0,0.0,0.0
2026-01-13 13:50:00-05:00,692.969970703125,693.0399780273438,692.5399780273438,693.0399780273438,530543,-0.0001010199448314,0.0004875250692982,0.0004586739196486,0.0,0.0,0.0
2026-01-13 13:55:00-05:00,692.7999877929688,693.0700073242188,692.5900268554688,692.969970703125,460593,-0.0002453263039318,0.0004586739196486,0.0004593582041658,0.0,0.0,0.0
2026-01-13 14:00:00-05:00,692.4550170898438,693.0549926757812,692.3599853515625,692.7999877929688,671340,-0.0004980609476815,0.0004593582041658,0.000456678309314,0.0,0.0,0.0
2026-01-13 14:05:00-05:00,692.3599853515625,692.739990234375,692.27001953125,692.469970703125,721728,-0.0001372482797526,0.000456678309314,0.000345061298531,0.0,0.0,0.0
2026-01-13 14:10:00-05:00,692.3699951171875,692.5599975585938,692.22998046875,692.3499755859375,613888,1.4457353803813043e-05,0.000345061298531,0.0003900091062591,0.0,0.0,0.0
2026-01-13 14:15:00-05:00,692.75,693.0499877929688,692.3400268554688,692.3800048828125,974058,0.0005486959883418,0.0003900091062591,0.0003775250116925,0.0,0.0,0.0
2026-01-13 14:20:00-05:00,692.75,693.0800170898438,692.5900268554688,692.739990234375,717190,0.0,0.0003775250116925,0.0003944413513559,0.0,0.0,0.0
2026-01-13 14:25:00-05:00,693.010009765625,693.0650024414062,692.52001953125,692.760009765625,443693,0.0003752594487412,0.0003944413513559,0.0003599910396726,0.0,0.0,0.0
2026-01-13 14:30:00-05:00,692.8599853515625,693.1599731445312,692.8400268554688,693.0050048828125,500089,-0.0002165057547635,0.0003599910396726,0.0003319231306268,0.0,0.0,0.0
2026-01-13 14:35:00-05:00,692.8800048828125,693.010009765625,692.7100219726562,692.8699951171875,428207,2.889363284958941e-05,0.0003319231306268,0.0002742410409568,0.0,0.0,0.0
2026-01-13 14:40:00-05:00,692.8599853515625,693.1400146484375,692.8200073242188,692.8900146484375,497340,-2.889363284952436e-05,0.0002742410409568,0.0002767195720714,0.0,0.0,0.0
2026-01-13 14:45:00-05:00,692.739990234375,692.8900146484375,692.5700073242188,692.8599853515625,769190,-0.0001732031172081,0.0002767195720714,0.0002997565280695,0.0,0.0,0.0
2026-01-13 14:50:00-05:00,693.0,693.0549926757812,692.719970703125,692.739990234375,471530,0.0003752648700457,0.0002997565280695,0.0002922015752797,0.0,0.0,0.0
2026-01-13 14:55:00-05:00,692.9199829101562,693.2050170898438,692.780029296875,692.9998779296875,677505,-0.0001154714426797,0.0002922015752797,0.0002687065524207,0.0,0.0,0.0
2026-01-13 15:00:00-05:00,692.6900024414062,692.9199829101562,692.52001953125,692.9199829101562,879264,-0.0003319555622335,0.0002687065524207,0.0002649895649154,0.040580760687589645,0.019996430724859238,0.9394228458404541
2026-01-13 15:05:00-05:00,692.655029296875,692.85498046875,692.5501098632812,692.6799926757812,616633,-5.049015766825342e-05,0.0002649895649154,0.0002940066571969,0.0,0.0,0.0
2026-01-13 15:10:00-05:00,692.375,692.6500244140625,692.3200073242188,692.6500244140625,811575,-0.0004043656740538,0.0002940066571969,0.0002482277433987,0.0,0.0,0.0
2026-01-13 15:15:00-05:00,692.510009765625,692.5800170898438,692.3400268554688,692.3800048828125,874012,0.0001949761389583,0.0002482277433987,0.0002521285237722,0.0,0.0,0.0
2026-01-13 15:20:00-05:00,692.3800048828125,692.52001953125,692.1699829101562,692.5,832577,-0.0001877475926885,0.0002521285237722,0.0002534032102706,0.0,0.0,0.0
2026-01-13 15:25:00-05:00,692.0,692.3900146484375,691.9400024414062,692.3699951171875,751547,-0.0005489892818681,0.0002534032102706,0.0002862319291068,0.0,0.0,0.0
2026-01-13 15:30:00-05:00,691.594970703125,692.0700073242188,691.3499755859375,692.0,1482505,-0.0005854738084785,0.0002862319291068,0.0003512698093959,0.0,0.0,0.0
2026-01-13 15:35:00-05:00,691.9849853515625,692.0150146484375,691.4000244140625,691.5999755859375,1289395,0.0005637761042446,0.0003512698093959,0.0003771487787381,0.0,0.0,0.0
2026-01-13 15:40:00-05:00,692.239990234375,692.3099975585938,691.989990234375,691.989990234375,1421167,0.0003684442777653,0.0003771487787381,0.0003800894647753,0.025161411613225937,0.9553433060646057,0.0194952841848135
2026-01-13 15:45:00-05:00,692.3300170898438,692.469970703125,692.02001953125,692.260009765625,1600551,0.0001300430532502,0.0003800894647753,0.0006004357318416,0.0,0.0,0.0
2026-01-13 15:50:00-05:00,693.4299926757812,693.4349975585938,692.1099853515625,692.3400268554688,2785280,0.0015875415789273,0.0006004357318416,0.00060886816675,0.0,0.0,0.0
2026-01-13 15:55:00-05:00,693.75,693.9600219726562,693.219970703125,693.4299926757812,4428293,0.0004613782372655,0.00060886816675,0.0011172515429534,0.0,0.0,0.0
2026-01-14 09:30:00-05:00,691.5750122070312,691.7000122070312,689.8699951171875,691.0,4011495,-0.0031400423162706,0.0011172515429534,0.0011728997447195,0.0,0.0,0.0
2026-01-14 09:35:00-05:00,690.6199951171875,691.719970703125,690.3599853515625,691.5800170898438,1599956,-0.0013818849536551,0.0011728997447195,0.001229644448682,0.0,0.0,0.0
2026-01-14 09:40:00-05:00,689.5700073242188,691.0499877929688,689.4500122070312,690.6300048828125,1891027,-0.0015215122463885,0.001229644448682,0.0012686194493331,0.0,0.0,0.0
2026-01-14 09:45:00-05:00,690.1500244140625,690.489990234375,689.10498046875,689.5599975585938,1845725,0.0008407751002656,0.0012686194493331,0.0012721463775089,0.0,0.0,0.0
2026-01-14 09:50:00-05:00,689.7100219726562,690.1799926757812,689.280029296875,690.1400146484375,1369342,-0.0006377493970808,0.0012721463775089,0.0013117266367543,0.015287159942090511,0.9310298562049866,0.05368290841579437
2026-01-14 09:55:00-05:00,688.719970703125,689.75,688.6599731445312,689.7105102539062,1427850,-0.001436491435967,0.0013117266367543,0.0013122880318966,0.0,0.0,0.0
2026-01-14 10:00:00-05:00,688.2899780273438,688.739990234375,687.6799926757812,688.719970703125,2397827,-0.0006245309849123,0.0013122880318966,0.0013343816530089,0.0,0.0,0.0
2026-01-14 10:05:00-05:00,688.8800048828125,688.9299926757812,688.0499877929688,688.260009765625,1146788,0.0008568686493193,0.0013343816530089,0.0015611196577332,0.0,0.0,0.0
2026-01-14 10:10:00-05:00,690.5900268554688,690.6342163085938,688.4500122070312,688.8900146484375,1881053,0.0024792461006373,0.0015611196577332,0.0015618300666548,0.0,0.0,0.0
2026-01-14 10:15:00-05:00,690.1599731445312,690.8499755859375,689.989990234375,690.5900268554688,1049773,-0.0006229277202158,0.0015618300666548,0.0014492083190578,0.0,0.0,0.0
2026-01-14 10:20:00-05:00,689.8599853515625,690.4000244140625,689.5900268554688,690.1699829101562,946290,-0.0004347586364197,0.0014492083190578,0.0014558187479468,0.11519070714712143,0.017334019765257835,0.8674752712249756
2026-01-14 10:25:00-05:00,688.760009765625,689.989990234375,688.72998046875,689.8699951171875,815006,-0.0015957636234116,0.0014558187479468,0.0012273443903367,0.0,0.0,0.0
2026-01-14 10:30:00-05:00,688.1199951171875,688.75,687.989990234375,688.75,1162243,-0.0009296593635801,0.0012273443903367,0.0012387051741067,0.020248454064130783,0.8362857103347778,0.14346584677696228
2026-01-14 10:35:00-05:00,688.7200927734375,688.7399291992188,687.9199829101562,688.1400146484375,1055473,0.0008717028208683,0.0012387051741067,0.0012204262866257,0.0,0.0,0.0
2026-01-14 10:40:00-05:00,687.8150024414062,689.010009765625,687.6599731445312,688.7100219726562,930256,-0.0013150270786532,0.0012204262866257,0.0012388639761198,0.0,0.0,0.0
2026-01-14 10:45:00-05:00,686.6649780273438,688.02001953125,686.594970703125,687.8099975585938,1743354,-0.0016733960461667,0.0012388639761198,0.0012687648748834,0.0,0.0,0.0
2026-01-14 10:50:00-05:00,687.0599975585938,687.0700073242188,686.510009765625,686.6699829101562,1403916,0.0005751071708792,0.0012687648748834,0.0012236876689677,0.0,0.0,0.0
2026-01-14 10:55:00-05:00,687.1599731445312,687.5050048828125,686.989990234375,687.0650024414062,1042235,0.0001455015765238,0.0012236876689677,0.0012348932402286,0.0,0.0,0.0
2026-01-14 11:00:00-05:00,687.5700073242188,687.594970703125,687.0650024414062,687.1599731445312,631935,0.0005965305153335,0.0012348932402286,0.0012039636086964,0.0,0.0,0.0
2026-01-14 11:05:00-05:00,687.1799926757812,687.6599731445312,687.010009765625,687.5800170898438,602558,-0.00056739721244,0.0012039636086964,0.0008833144724776,0.0,0.0,0.0
2026-01-14 11:10:00-05:00,687.3800048828125,687.5800170898438,686.989990234375,687.1799926757812,608216,0.0002910199755531,0.0008833144724776,0.0009091860206552,0.0,0.0,0.0
2026-01-14 11:15:00-05:00,687.6699829101562,687.7100219726562,687.2615966796875,687.3900146484375,585386,0.0004217708944645,0.0009091860206552,0.0010700402045091,0.0,0.0,0.0
2026-01-14 11:20:00-05:00,688.8200073242188,688.8800048828125,687.6699829101562,687.6699829101562,1159506,0.0016709524802964,0.0010700402045091,0.0009742494486105,0.0,0.0,0.0
2026-01-14 11:25:00-05:00,689.1500244140625,689.3300170898438,688.635009765625,688.8200073242188,990267,0.0004789902371637,0.0009742494486105,0.0009454749136576,0.0,0.0,0.0
2026-01-14 11:30:00-05:00,688.77001953125,689.469970703125,688.6199951171875,689.1599731445312,1311431,-0.0005515630520306,0.0009454749136576,0.0009267766973397,0.0,0.0,0.0
2026-01-14 11:35:00-05:00,688.3800048828125,688.7750244140625,687.989990234375,688.7750244140625,639822,-0.000566408382457,0.0009267766973397,0.0009178472366855,0.0,0.0,0.0
2026-01-14 11:40:00-05:00,687.5255737304688,688.3800048828125,687.52001953125,688.3599853515625,630998,-0.0012419911299987,0.0009178472366855,0.0008161869958662,0.0,0.0,0.0
2026-01-14 11:45:00-05:00,686.8900146484375,687.530029296875,686.77001953125,687.530029296875,998208,-0.0009248427225452,0.0008161869958662,0.0008183991031165,0.0,0.0,0.0
2026-01-14 11:50:00-05:00,686.4400024414062,686.885009765625,686.2000122070312,686.885009765625,1174105,-0.0006553591890336,0.0008183991031165,0.0008209310737774,0.0,0.0,0.0
2026-01-14 11:55:00-05:00,686.5999755859375,686.6599731445312,686.1300048828125,686.4299926757812,916803,0.0002330203749565,0.0008209310737774,0.0007946781571148,0.0,0.0,0.0
2026-01-14 12:00:00-05:00,686.5999755859375,687.1300048828125,686.3300170898438,686.5900268554688,747388,0.0,0.0007946781571148,0.0008435035170081,0.0,0.0,0.0
2026-01-14 12:05:00-05:00,687.2999267578125,687.3400268554688,686.5599975585938,686.5900268554688,508017,0.0010189260967832,0.0008435035170081,0.0008395530402705,0.0,0.0,0.0
2026-01-14 12:10:00-05:00,687.219970703125,687.3499755859375,686.9600219726562,687.2899780273438,442422,-0.0001163403380705,0.0008395530402705,0.0008678953009958,0.0,0.0,0.0
2026-01-14 12:15:00-05:00,686.5599975585938,687.219970703125,686.0399780273438,687.219970703125,657497,-0.0009608135371754,0.0008678953009958,0.000685441809231,0.0,0.0,0.0
2026-01-14 12:20:00-05:00,686.8300170898438,686.8499755859375,686.239990234375,686.5700073242188,500222,0.0003932161029994,0.000685441809231,0.0006776244243021,0.0,0.0,0.0
2026-01-14 12:25:00-05:00,687.0999145507812,687.3150024414062,686.719970703125,686.8499755859375,675721,0.000392883884678,0.0006776244243021,0.000720987796272,0.0,0.0,0.0
2026-01-14 12:30:00-05:00,686.3200073242188,687.0900268554688,686.25,687.0900268554688,674962,-0.0011357157384583,0.000720987796272,0.000737140841899,0.0,0.0,0.0
2026-01-14 12:35:00-05:00,686.5499877929688,686.7747802734375,686.2899780273438,686.3300170898438,464564,0.0003350360510743,0.000737140841899,0.0006908939173743,0.0,0.0,0.0
2026-01-14 12:40:00-05:00,686.9199829101562,686.9500122070312,686.510009765625,686.5499877929688,503830,0.0005387742492079,0.0006908939173743,0.0006458560426335,0.0,0.0,0.0
2026-01-14 12:45:00-05:00,687.1799926757812,687.4500122070312,686.8800048828125,686.9149780273438,636711,0.000378443742592,0.0006458560426335,0.000681583598696,0.0,0.0,0.0
2026-01-14 12:50:00-05:00,686.5150146484375,687.1799926757812,686.1900024414062,687.1699829101562,637662,-0.0009681597090189,0.000681583598696,0.0006801397890684,0.0,0.0,0.0
2026-01-14 12:55:00-05:00,686.6376953125,686.72998046875,686.27001953125,686.52001953125,434253,0.000178684662673,0.0006801397890684,0.0007104941475854,0.0,0.0,0.0
2026-01-14 13:00:00-05:00,687.1300048828125,687.219970703125,686.510009765625,686.6300048828125,536452,0.0007167290238626,0.0007104941475854,0.000643847317236,0.0,0.0,0.0
2026-01-14 13:05:00-05:00,687.1400146484375,687.2598876953125,686.8400268554688,687.1199951171875,399553,1.456739284547501e-05,0.000643847317236,0.0006479156567461,0.0,0.0,0.0
2026-01-14 13:10:00-05:00,687.3200073242188,687.4349975585938,686.8499755859375,687.1199951171875,440292,0.0002619103850715,0.0006479156567461,0.0005854705703498,0.0,0.0,0.0
2026-01-14 13:15:00-05:00,687.0800170898438,687.3900146484375,686.8599853515625,687.3200073242188,447183,-0.0003492290927693,0.0005854705703498,0.0005772017000129,0.0,0.0,0.0
2026-01-14 13:20:00-05:00,687.1849975585938,687.4199829101562,687.0499877929688,687.0800170898438,414098,0.0001527805304438,0.0005772017000129,0.000591839651975,0.0,0.0,0.0
2026-01-14 13:25:00-05:00,687.5999755859375,687.6500244140625,686.9400024414062,687.1799926757812,438323,0.0006036988300764,0.000591839651975,0.0006025366822176,0.0,0.0,0.0
2026-01-14 13:30:00-05:00,686.780029296875,687.8300170898438,686.6099853515625,687.5900268554688,704466,-0.0011931873039901,0.0006025366822176,0.0006130773353519,0.0,0.0,0.0
2026-01-14 13:35:00-05:00,686.4600219726562,686.9199829101562,686.260009765625,686.7899780273438,631791,-0.0004660617489496,0.0006130773353519,0.0006213507535304,0.0,0.0,0.0
2026-01-14 13:40:00-05:00,686.89501953125,686.905029296875,686.4500122070312,686.4500122070312,438839,0.0006334815979768,0.0006213507535304,0.0006169698751764,0.0,0.0,0.0
2026-01-14 13:45:00-05:00,687.094970703125,687.3599853515625,686.780029296875,686.8900146484375,596262,0.0002910518631252,0.0006169698751764,0.0006001343947391,0.0,0.0,0.0
2026-01-14 13:50:00-05:00,687.780029296875,688.02001953125,687.0599975585938,687.0999755859375,765371,0.0009965395406038,0.0006001343947391,0.0006075287219244,0.0,0.0,0.0
2026-01-14 13:55:00-05:00,688.1099853515625,688.239990234375,687.5999755859375,687.7899780273438,581642,0.0004796256350432,0.0006075287219244,0.0005940335646217,0.0,0.0,0.0
2026-01-14 14:00:00-05:00,687.9324951171875,688.2100219726562,687.8099975585938,688.1099853515625,920034,-0.0002579720290305,0.0005940335646217,0.0005974663320222,0.0,0.0,0.0
2026-01-14 14:05:00-05:00,687.8400268554688,688.010009765625,687.6300048828125,687.9199829101562,623082,-0.0001344237661112,0.0005974663320222,0.0005964168261817,0.0,0.0,0.0
2026-01-14 14:10:00-05:00,687.989990234375,688.0457763671875,687.6099853515625,687.8400268554688,474691,0.0002179969583993,0.0005964168261817,0.0005812228223422,0.0,0.0,0.0
2026-01-14 14:15:00-05:00,688.125,688.1699829101562,687.75,687.989990234375,552145,0.0001962187273829,0.0005812228223422,0.0005826926707475,0.04607805237174034,0.3940194547176361,0.5599024891853333
2026-01-14 14:20:00-05:00,688.1099853515625,688.3150024414062,687.9000244140625,688.1400146484375,569263,-2.181989064059961e-05,0.0005826926707475,0.0005619041540096,0.0,0.0,0.0
2026-01-14 14:25:00-05:00,688.125,688.2100219726562,687.8800048828125,688.1099853515625,538909,2.181989064056982e-05,0.0005619041540096,0.0004121414315243,0.0,0.0,0.0
2026-01-14 14:30:00-05:00,688.0,688.3699951171875,687.9199829101562,688.1300048828125,595882,-0.0001816695436007,0.0004121414315243,0.0003647005412416,0.0,0.0,0.0
2026-01-14 14:35:00-05:00,688.1950073242188,688.239990234375,687.6199951171875,688.0,458136,0.0002834007164479,0.0003647005412416,0.0003485537539975,0.0,0.0,0.0
2026-01-14 14:40:00-05:00,688.125,688.364990234375,688.0,688.2000122070312,996167,-0.0001017311728472,0.0003485537539975,0.0003463437812428,0.0,0.0,0.0
2026-01-14 14:45:00-05:00,688.27001953125,688.3800048828125,687.989990234375,688.1300048828125,396461,0.000210723709006,0.0003463437812428,0.0002225387279149,0.11346077919006348,0.05752846226096153,0.8290107250213623
2026-01-14 14:50:00-05:00,688.2100219726562,688.5900268554688,688.1699829101562,688.280029296875,490918,-8.717534119301375e-05,0.0002225387279149,0.0001879040053836,0.0,0.0,0.0
2026-01-14 14:55:00-05:00,688.0700073242188,688.3062744140625,687.9299926757812,688.219970703125,787727,-0.0002034682563723,0.0001879040053836,0.0002004297484044,0.0,0.0,0.0
2026-01-14 15:00:00-05:00,688.3350219726562,688.6900024414062,687.3200073242188,688.0599975585938,2039295,0.0003850823646695,0.0002004297484044,0.0003845111075809,0.0,0.0,0.0
2026-01-14 15:05:00-05:00,689.1749877929688,689.6900024414062,688.2999877929688,688.3499755859375,1917056,0.0012195423894755,0.0003845111075809,0.0004442586761781,0.0,0.0,0.0
2026-01-14 15:10:00-05:00,688.75,689.47998046875,688.6950073242188,689.1699829101562,2139937,-0.0006168518754063,0.0004442586761781,0.0004514505335971,0.0,0.0,0.0
2026-01-14 15:15:00-05:00,688.5999755859375,688.8699951171875,688.1799926757812,688.75,720856,-0.0002178450173376,0.0004514505335971,0.0004674586270716,0.0,0.0,0.0
2026-01-14 15:20:00-05:00,688.9400024414062,688.989990234375,688.3499755859375,688.6500244140625,925802,0.0004936725870728,0.0004674586270716,0.0004702602903024,0.0,0.0,0.0
2026-01-14 15:25:00-05:00,689.1500244140625,689.1710205078125,688.6799926757812,688.9400024414062,1172075,0.0003048015299283,0.0004702602903024,0.0005412812339868,0.0,0.0,0.0
2026-01-14 15:30:00-05:00,689.9349975585938,690.1699829101562,689.1199951171875,689.1500244140625,1951534,0.0011383971499916,0.0005412812339868,0.0005425648906583,0.0,0.0,0.0
2026-01-14 15:35:00-05:00,690.1900024414062,690.4400024414062,689.8350219726562,689.9400024414062,1815977,0.0003695388254172,0.0005425648906583,0.0007424102660313,0.0,0.0,0.0
2026-01-14 15:40:00-05:00,689.1400146484375,690.3599853515625,689.0999755859375,690.1799926757812,1796386,-0.0015224608799521,0.0007424102660313,0.0007755285145398,0.0,0.0,0.0
2026-01-14 15:45:00-05:00,688.6799926757812,689.239990234375,688.6199951171875,689.155029296875,1982750,-0.0006677533891282,0.0007755285145398,0.0008653478075103,0.0,0.0,0.0
2026-01-14 15:50:00-05:00,689.64501953125,689.739990234375,688.6500244140625,688.6799926757812,3108863,0.0014002894884853,0.0008653478075103,0.0008994577406594,0.0,0.0,0.0
2026-01-14 15:55:00-05:00,690.4400024414062,690.6400146484375,689.6400146484375,689.64501953125,7190585,0.001152078292902,0.0008994577406594,0.0017702947832973,0.0,0.0,0.0
2026-01-15 09:30:00-05:00,694.2899780273438,694.6900024414062,693.9749755859375,694.5700073242188,4766919,0.0055606299575128,0.0017702947832973,0.001788932731895,0.0,0.0,0.0
2026-01-15 09:35:00-05:00,694.030029296875,694.4099731445312,693.7249755859375,694.280029296875,1535280,-0.0003744795611029,0.001788932731895,0.0017585091862804,0.0,0.0,0.0
2026-01-15 09:40:00-05:00,694.0599975585938,694.469970703125,693.5399780273438,694.0499877929688,1458859,4.317913268393676e-05,0.0017585091862804,0.0017426719024236,0.0,0.0,0.0
2026-01-15 09:45:00-05:00,694.239990234375,694.5535278320312,693.7999877929688,694.0700073242188,1281209,0.0002592993998016,0.0017426719024236,0.0017667873648404,0.2601222097873688,0.694395124912262,0.04548266530036926
2026-01-15 09:50:00-05:00,694.010009765625,694.25,693.1799926757812,694.22998046875,1353592,-0.0003313242872016,0.0017667873648404,0.0017987054590319,0.0,0.0,0.0
2026-01-15 09:55:00-05:00,693.6099853515625,694.260009765625,693.6099853515625,694.02001953125,825499,-0.0005765619212054,0.0017987054590319,0.0017927914704953,0.0,0.0,0.0
2026-01-15 10:00:00-05:00,693.655029296875,694.0399780273438,693.52001953125,693.6099853515625,820251,6.49392075093699e-05,0.0017927914704953,0.0017929364069052,0.0,0.0,0.0
2026-01-15 10:05:00-05:00,693.8900146484375,693.9099731445312,693.27001953125,693.6599731445312,953865,0.0003387066313045,0.0017929364069052,0.0016877826930153,0.129045145586133,0.36760716140270233,0.5033476836979389
2026-01-15 10:10:00-05:00,694.0,694.2000122070312,693.530029296875,693.8900756835938,1000399,0.0001584928929986,0.0016877826930153,0.001651879876994,0.0,0.0,0.0
2026-01-15 10:15:00-05:00,694.030029296875,694.3200073242188,693.6699829101562,694.0,835047,4.326894410903192e-05,0.001651879876994,0.0016347248403699,0.0,0.0,0.0
2026-01-15 10:20:00-05:00,694.4650268554688,694.719970703125,693.8250122070312,694.0399780273438,848490,0.0006265741759724,0.0016347248403699,0.0016665706387099,0.0,0.0,0.0
2026-01-15 10:25:00-05:00,693.9400024414062,694.510009765625,693.614990234375,694.469970703125,925559,-0.0007562986707906,0.0016665706387099,0.0004883280350002,0.0,0.0,0.0
2026-01-15 10:30:00-05:00,694.5900268554688,694.6199951171875,693.8699951171875,693.9400024414062,794425,0.0009362771388917,0.0004883280350002,0.0004709292916408,0.0,0.0,0.0
2026-01-15 10:35:00-05:00,694.6300048828125,694.9000244140625,694.3699951171875,694.5800170898438,1323580,5.7554637050126353e-05,0.0004709292916408,0.0005698143650474,0.0,0.0,0.0
2026-01-15 10:40:00-05:00,693.9099731445312,694.8150024414062,693.864990234375,694.6300048828125,792222,-0.0010371063335783,0.0005698143650474,0.0006159662648436,0.0,0.0,0.0
2026-01-15 10:45:00-05:00,693.280029296875,694.0399780273438,693.25,693.9099731445312,1462908,-0.0009082301485016,0.0006159662648436,0.0006170941168599,0.0,0.0,0.0
2026-01-15 10:50:00-05:00,693.4000244140625,693.6290893554688,692.989990234375,693.280029296875,1152044,0.0001730682101698,0.0006170941168599,0.0007439635977,0.0,0.0,0.0
2026-01-15 10:55:00-05:00,694.4500122070312,694.5900268554688,693.0499877929688,693.39501953125,1537630,0.001513114480085,0.0007439635977,0.0007527732014453,0.0,0.0,0.0
2026-01-15 11:00:00-05:00,694.7999877929688,694.8800048828125,694.3400268554688,694.4500122070312,1015599,0.0005038338576079,0.0007527732014453,0.0007550519074637,0.0,0.0,0.0
2026-01-15 11:05:00-05:00,694.6749877929688,694.8400268554688,694.4349975585938,694.8200073242188,946461,-0.0001799240756884,0.0007550519074637,0.0007616949234748,0.0,0.0,0.0
2026-01-15 11:10:00-05:00,694.489990234375,694.6799926757812,694.3499755859375,694.6699829101562,531647,-0.0002663435410674,0.0007616949234748,0.0007745336826115,0.02046120911836624,0.12138395011425018,0.8581548929214478
2026-01-15 11:15:00-05:00,694.8699951171875,694.9299926757812,694.3599853515625,694.47998046875,713421,0.0005470215009714,0.0007745336826115,0.00075929875482,0.0,0.0,0.0
2026-01-15 11:20:00-05:00,695.0599975585938,695.1599731445312,694.6300048828125,694.8699951171875,864752,0.0002733985791959,0.00075929875482,0.0007275717525107,0.0,0.0,0.0
2026-01-15 11:25:00-05:00,694.8150024414062,695.0499877929688,694.5499877929688,695.0499877929688,543517,-0.0003525426671102,0.0007275717525107,0.0006864634751319,0.0,0.0,0.0
2026-01-15 11:30:00-05:00,694.5900268554688,695.02001953125,694.5698852539062,694.8099975585938,539572,-0.0003238444991343,0.0006864634751319,0.0006969849197822,0.0,0.0,0.0
2026-01-15 11:35:00-05:00,694.8800048828125,694.9299926757812,694.47998046875,694.5850219726562,412887,0.0004173937183674,0.0006969849197822,0.0006106476533508,0.0,0.0,0.0
2026-01-15 11:40:00-05:00,694.9550170898438,695.030029296875,694.739990234375,694.8900146484375,339887,0.0001079440450385,0.0006106476533508,0.0005166648862144,0.0,0.0,0.0
2026-01-15 11:45:00-05:00,695.0999755859375,695.1950073242188,694.7249755859375,694.9600219726562,453640,0.0002085651249527,0.0005166648862144,0.0005212524708937,0.0,0.0,0.0
2026-01-15 11:50:00-05:00,695.0850219726562,695.344970703125,694.9199829101562,695.10498046875,686754,-2.1513127113391192e-05,0.0005212524708937,0.000321687126589,0.0,0.0,0.0
2026-01-15 11:55:00-05:00,695.030029296875,695.1400146484375,694.875,695.0750122070312,435708,-7.911960345977404e-05,0.000321687126589,0.0003198923970161,0.0,0.0,0.0
2026-01-15 12:00:00-05:00,695.3699951171875,695.4299926757812,694.89501953125,695.0399169921875,552089,0.0004890187300317,0.0003198923970161,0.0003123468349948,0.0,0.0,0.0
2026-01-15 12:05:00-05:00,695.344970703125,695.4500122070312,695.2000122070312,695.3699951171875,519596,-3.598784032709291e-05,0.0003123468349948,0.0003391358635854,0.0,0.0,0.0
2026-01-15 12:10:00-05:00,695.010009765625,695.3599853515625,694.9650268554688,695.3499755859375,395399,-0.0004818351409329,0.0003391358635854,0.0003033626758587,0.0,0.0,0.0
2026-01-15 12:15:00-05:00,695.0651245117188,695.0800170898438,694.7000122070312,695.010009765625,454097,7.929750667935434e-05,0.0003033626758587,0.000305163077343,0.0,0.0,0.0
2026-01-15 12:20:00-05:00,694.8599853515625,695.094970703125,694.7999877929688,695.0499877929688,285234,-0.0002951801650175,0.000305163077343,0.0003347038695661,0.0,0.0,0.0
2026-01-15 12:25:00-05:00,694.4500122070312,694.9099731445312,694.3900146484375,694.8599853515625,650035,-0.0005901824029938,0.0003347038695661,0.000323472459274,0.0,0.0,0.0
2026-01-15 12:30:00-05:00,694.3900146484375,694.6599731445312,694.2100219726562,694.4500122070312,682430,-8.639952402139245e-05,0.000323472459274,0.0002977843841024,0.0,0.0,0.0
2026-01-15 12:35:00-05:00,694.4849853515625,694.5999755859375,694.2000122070312,694.3900146484375,480058,0.0001367591803049,0.0002977843841024,0.000316291114487,0.0,0.0,0.0
2026-01-15 12:40:00-05:00,694.7244873046875,694.739990234375,694.3800048828125,694.4849853515625,370485,0.0003448032283279,0.000316291114487,0.0003088067795737,0.0,0.0,0.0
2026-01-15 12:45:00-05:00,694.6199951171875,695.0198974609375,694.5499877929688,694.719970703125,541704,-0.0001504194086046,0.0003088067795737,0.0003154874638981,0.0,0.0,0.0
2026-01-15 12:50:00-05:00,694.4199829101562,694.7999877929688,694.3800048828125,694.6099853515625,349599,-0.0002879862517674,0.0003154874638981,0.0003537067618143,0.0,0.0,0.0
2026-01-15 12:55:00-05:00,693.97998046875,694.47998046875,693.905029296875,694.4199829101562,619436,-0.0006338266605334,0.0003537067618143,0.0004068398294153,0.0,0.0,0.0
2026-01-15 13:00:00-05:00,694.5250244140625,694.5399780273438,693.8800048828125,693.97998046875,741428,0.0007850803150016,0.0004068398294153,0.0004203882353606,0.0,0.0,0.0
2026-01-15 13:05:00-05:00,694.7100219726562,694.780029296875,694.3699951171875,694.530029296875,428508,0.0002663301075918,0.0004203882353606,0.000403234654048,0.0,0.0,0.0
2026-01-15 13:10:00-05:00,694.5700073242188,694.7999877929688,694.3800048828125,694.7050170898438,430518,-0.0002015643296656,0.000403234654048,0.0004015196414813,0.0,0.0,0.0
2026-01-15 13:15:00-05:00,694.5700073242188,694.6300048828125,694.3699951171875,694.5700073242188,472754,0.0,0.0004015196414813,0.0004013391093,0.0,0.0,0.0
2026-01-15 13:20:00-05:00,694.719970703125,694.8200073242188,694.5399780273438,694.5800170898438,390801,0.0002158849223135,0.0004013391093,0.0003631451521751,0.0,0.0,0.0
2026-01-15 13:25:00-05:00,694.885009765625,694.905029296875,694.5700073242188,694.72998046875,372705,0.0002375337820398,0.0003631451521751,0.0003662161933341,0.0,0.0,0.0
2026-01-15 13:30:00-05:00,695.0850219726562,695.14501953125,694.8400268554688,694.8800048828125,500741,0.0002877935550331,0.0003662161933341,0.0003770301065064,0.0,0.0,0.0
2026-01-15 13:35:00-05:00,694.9199829101562,695.25,694.7899780273438,695.0900268554688,420601,-0.0002374654230679,0.0003770301065064,0.0003660153728565,0.0,0.0,0.0
2026-01-15 13:40:00-05:00,694.97998046875,695.0499877929688,694.8200073242188,694.9199829101562,300309,8.633363581824028e-05,0.0003660153728565,0.00036781263483,0.0,0.0,0.0
2026-01-15 13:45:00-05:00,694.8499755859375,695.0599975585938,694.8150024414062,694.97998046875,326406,-0.0001870802721229,0.00036781263483,0.0003578640092264,0.0,0.0,0.0
2026-01-15 13:50:00-05:00,694.7650146484375,694.9199829101562,694.614990234375,694.8599853515625,377055,-0.0001222798231206,0.0003578640092264,0.0002921679273916,0.0,0.0,0.0
2026-01-15 13:55:00-05:00,694.7158203125,694.8350219726562,694.6500244140625,694.77001953125,261268,-7.080966461751051e-05,0.0002921679273916,0.000293821403329,0.0,0.0,0.0
2026-01-15 14:00:00-05:00,694.2000122070312,694.7100219726562,694.0700073242188,694.7100219726562,759390,-0.0007427492971209,0.000293821403329,0.0003090173545123,0.0,0.0,0.0
2026-01-15 14:05:00-05:00,694.47998046875,694.489990234375,693.7899780273438,694.2000122070312,622060,0.0004032149479915,0.0003090173545123,0.0003079749860013,0.0,0.0,0.0
2026-01-15 14:10:00-05:00,694.35498046875,694.6500244140625,694.2050170898438,694.47998046875,433690,-0.0001800069898199,0.0003079749860013,0.0003089813419274,0.0,0.0,0.0
2026-01-15 14:15:00-05:00,694.2723999023438,694.489990234375,694.1329956054688,694.3599853515625,525079,-0.0001189384102185,0.0003089813419274,0.0002997512140426,0.0,0.0,0.0
2026-01-15 14:20:00-05:00,694.1699829101562,694.3800048828125,693.9920043945312,694.27001953125,367625,-0.0001475278969312,0.0002997512140426,0.0003509004874567,0.0,0.0,0.0
2026-01-15 14:25:00-05:00,693.6099853515625,694.1799926757812,693.52001953125,694.1699829101562,862628,-0.0008070408880303,0.0003509004874567,0.0003407719876993,0.0,0.0,0.0
2026-01-15 14:30:00-05:00,693.2100219726562,693.614990234375,692.6300048828125,693.6099853515625,1573824,-0.0005768064894984,0.0003407719876993,0.0003748631950542,0.0,0.0,0.0
2026-01-15 14:35:00-05:00,693.4299926757812,693.469970703125,692.969970703125,693.219970703125,671351,0.0003172715378849,0.0003748631950542,0.0003678413241353,0.0,0.0,0.0
2026-01-15 14:40:00-05:00,693.3900146484375,693.7376098632812,693.260009765625,693.4199829101562,892415,-5.7654240844052215e-05,0.0003678413241353,0.0003740128666532,0.0,0.0,0.0
2026-01-15 14:45:00-05:00,693.4199829101562,693.5,693.1500244140625,693.3800048828125,698538,4.321898713769573e-05,0.0003740128666532,0.0003774628475812,0.0,0.0,0.0
2026-01-15 14:50:00-05:00,693.1699829101562,693.6199951171875,693.1300048828125,693.4299926757812,655755,-0.0003605968727187,0.0003774628475812,0.0003896736899491,0.0,0.0,0.0
2026-01-15 14:55:00-05:00,692.780029296875,693.1849975585938,692.5800170898438,693.1799926757812,787932,-0.0005627239368473,0.0003896736899491,0.0003636307601407,0.0,0.0,0.0
2026-01-15 15:00:00-05:00,692.8400268554688,693.0,692.3699951171875,692.77001953125,953775,8.660030340176419e-05,0.0003636307601407,0.0003168372692174,0.0,0.0,0.0
2026-01-15 15:05:00-05:00,692.6900024414062,693.030029296875,692.6099853515625,692.8499755859375,696818,-0.000216558878518,0.0003168372692174,0.0003179436011462,0.0,0.0,0.0
2026-01-15 15:10:00-05:00,692.469970703125,692.8900146484375,692.4099731445312,692.6799926757812,764209,-0.0003176986693203,0.0003179436011462,0.0004074898402027,0.0,0.0,0.0
2026-01-15 15:15:00-05:00,691.6900024414062,692.489990234375,691.6599731445312,692.4600219726562,1538707,-0.0011269916186069,0.0004074898402027,0.0004123554870457,0.0,0.0,0.0
2026-01-15 15:20:00-05:00,691.6599731445312,692.02001953125,691.2907104492188,691.6799926757812,1555919,-4.341532860035651e-05,0.0004123554870457,0.0004070725999134,0.0,0.0,0.0
2026-01-15 15:25:00-05:00,691.8300170898438,691.9099731445312,691.4000244140625,691.6599731445312,1143851,0.0002458188311719,0.0004070725999134,0.0003960584290663,0.0,0.0,0.0
2026-01-15 15:30:00-05:00,691.8599853515625,691.9600219726562,691.489990234375,691.8350219726562,1044459,4.331643889971006e-05,0.0003960584290663,0.0003661150235641,0.0,0.0,0.0
2026-01-15 15:35:00-05:00,691.719970703125,692.25,691.4099731445312,691.8599853515625,1442092,-0.0002023947344752,0.0003661150235641,0.0003656015300537,0.022753966972231865,0.6256739497184753,0.3515721261501312
2026-01-15 15:40:00-05:00,691.6699829101562,692.0349731445312,691.5449829101562,691.719970703125,1276673,-7.226854996303255e-05,0.0003656015300537,0.0003574234296771,0.0,0.0,0.0
2026-01-15 15:45:00-05:00,691.469970703125,691.864990234375,691.3798828125,691.6699829101562,1804487,-0.0002892147073083,0.0003574234296771,0.0004381027011792,0.0,0.0,0.0
2026-01-15 15:50:00-05:00,691.9299926757812,691.9299926757812,691.25,691.47998046875,2368775,0.000665059999696,0.0004381027011792,0.0004387323544903,0.0,0.0,0.0
2026-01-15 15:55:00-05:00,692.1699829101562,692.22998046875,691.5399780273438,691.9299926757812,3960041,0.0003467816501889,0.0004387323544903,0.0008849088877135,0.0,0.0,0.0
2026-01-16 09:30:00-05:00,693.9580078125,694.25,693.2899780273438,693.6599731445312,3342322,0.0025798857046973,0.0008849088877135,0.0008882292250102,0.0,0.0,0.0
2026-01-16 09:35:00-05:00,693.75,694.2100219726562,693.6400146484375,693.9500122070312,1054207,-0.0002997861407253,0.0008882292250102,0.0009284452491112,0.0,0.0,0.0
2026-01-16 09:40:00-05:00,693.135009765625,693.8201293945312,693.1099853515625,693.77001953125,1234556,-0.0008868655589376,0.0009284452491112,0.000848632350765,0.0,0.0,0.0
2026-01-16 09:45:00-05:00,693.3900146484375,693.8599853515625,693.1400146484375,693.1400146484375,993292,0.0003678330808281,0.000848632350765,0.0008895753430515,0.7456059455871582,0.0364789254963398,0.21791517734527588
2026-01-16 09:50:00-05:00,692.8800048828125,693.489990234375,692.6799926757812,693.4099731445312,932892,-0.0007358015126195,0.0008895753430515,0.0009846805351504,0.0,0.0,0.0
2026-01-16 09:55:00-05:00,691.9600219726562,692.885009765625,691.9299926757812,692.8699951171875,1519777,-0.0013286488369099,0.0009846805351504,0.0009862716759988,0.41792138293385506,0.27164550870656967,0.31043311953544617
2026-01-16 10:00:00-05:00,692.10498046875,692.3900146484375,691.5900268554688,691.9600219726562,1829835,0.0002094677581876,0.0009862716759988,0.0010108956027723,0.0,0.0,0.0
2026-01-16 10:05:00-05:00,692.7000122070312,692.8099975585938,692.1099853515625,692.1099853515625,1348840,0.0008593726597588,0.0010108956027723,0.0010315867351656,0.0,0.0,0.0
2026-01-16 10:10:00-05:00,692.280029296875,692.8049926757812,692.1400146484375,692.7000122070312,876286,-0.0006064822747531,0.0010315867351656,0.0010711628942734,0.0,0.0,0.0
2026-01-16 10:15:00-05:00,691.6099853515625,692.47998046875,691.5,692.27001953125,1044271,-0.0009683486268104,0.0010711628942734,0.0011274224604802,0.0,0.0,0.0
2026-01-16 10:20:00-05:00,692.5557861328125,692.5750122070312,691.5900268554688,691.6099853515625,1073141,0.0013666006600259,0.0011274224604802,0.0011906988525162,0.0,0.0,0.0
2026-01-16 10:25:00-05:00,691.6500244140625,692.5549926757812,691.594970703125,692.5499877929688,1020589,-0.0013087097903,0.0011906988525162,0.0008634127123727,0.0,0.0,0.0
2026-01-16 10:30:00-05:00,691.0999755859375,691.739990234375,690.969970703125,691.6500244140625,1228984,-0.0007955868481478,0.0008634127123727,0.0008647458209913,0.0,0.0,0.0
2026-01-16 10:35:00-05:00,690.739990234375,691.1300048828125,690.5999755859375,691.0900268554688,1388801,-0.000521023227885,0.0008647458209913,0.000851700194323,0.0,0.0,0.0
2026-01-16 10:40:00-05:00,690.6900024414062,690.739990234375,690.0999755859375,690.719970703125,1634763,-7.237108395734164e-05,0.000851700194323,0.0008781459463127,0.0,0.0,0.0
2026-01-16 10:45:00-05:00,691.1599731445312,691.2000122070312,690.4299926757812,690.7000122070312,5338069,0.0006802051301498,0.0008781459463127,0.0008777131913514,0.0,0.0,0.0
2026-01-16 10:50:00-05:00,691.3499755859375,691.4000244140625,690.7916870117188,691.1500244140625,968436,0.0002748659317453,0.0008777131913514,0.0008343853564124,0.0,0.0,0.0
2026-01-16 10:55:00-05:00,691.8599853515625,691.8800048828125,691.2100219726562,691.3599853515625,843468,0.000737429317515,0.0008343853564124,0.0008340651885527,0.0,0.0,0.0
2026-01-16 11:00:00-05:00,691.6799926757812,692.1199951171875,691.5549926757812,691.8499755859375,1042569,-0.00026019150824,0.0008340651885527,0.0008584887766754,0.0,0.0,0.0
2026-01-16 11:05:00-05:00,692.4299926757812,692.4400024414062,691.6199951171875,691.7000122070312,937054,0.0010837290119163,0.0008584887766754,0.0008416843740126,0.0,0.0,0.0
2026-01-16 11:10:00-05:00,692.2899780273438,692.6599731445312,692.0599975585938,692.4299926757812,1149498,-0.0002022281065875,0.0008416843740126,0.000784726171443,0.0,0.0,0.0
2026-01-16 11:15:00-05:00,692.4099731445312,692.469970703125,692.1300048828125,692.2899780273438,1731317,0.000173315695413,0.000784726171443,0.0006760003071437,0.0,0.0,0.0
2026-01-16 11:20:00-05:00,692.47998046875,692.8200073242188,692.4099731445312,692.4099731445312,640855,0.0001011016421856,0.0006760003071437,0.0005421263910801,0.0,0.0,0.0
2026-01-16 11:25:00-05:00,692.7150268554688,692.7999877929688,692.260009765625,692.47998046875,795605,0.0003393693851506,0.0005421263910801,0.0004611716440875,0.0,0.0,0.0
2026-01-16 11:30:00-05:00,692.7218017578125,693.0900268554688,692.6649780273438,692.719970703125,626700,9.78016781979658e-06,0.0004611716440875,0.0004022407418312,0.0,0.0,0.0
2026-01-16 11:35:00-05:00,692.9100952148438,693.0700073242188,692.6900024414062,692.7100219726562,376922,0.0002717799129792,0.0004022407418312,0.0003885828382259,0.0,0.0,0.0
2026-01-16 11:40:00-05:00,693.1500244140625,693.2100219726562,692.8300170898438,692.9149780273438,362203,0.0003462031671172,0.0003885828382259,0.0003827101573836,0.0,0.0,0.0
2026-01-16 11:45:00-05:00,693.0900268554688,693.469970703125,692.9600830078125,693.1599731445312,1126158,-8.656157146274635e-05,0.0003827101573836,0.0004169333843968,0.0,0.0,0.0
2026-01-16 11:50:00-05:00,692.8499755859375,693.4199829101562,692.6500244140625,693.0850219726562,776191,-0.0003464093272564,0.0004169333843968,0.0003952483935372,0.0,0.0,0.0
2026-01-16 11:55:00-05:00,692.6649780273438,692.8699951171875,692.1300048828125,692.8499755859375,574022,-0.0002670452010794,0.0003952483935372,0.000381410476205,0.0,0.0,0.0
2026-01-16 12:00:00-05:00,692.6500244140625,692.72998046875,692.4600219726562,692.6500244140625,433750,-2.158875527293692e-05,0.000381410476205,0.0002315199743411,0.0,0.0,0.0
2026-01-16 12:05:00-05:00,692.5999755859375,692.9600219726562,692.52001953125,692.6699829101562,371673,-7.225963276916417e-05,0.0002315199743411,0.0002255118407319,0.0,0.0,0.0
2026-01-16 12:10:00-05:00,692.739990234375,692.8200073242188,692.530029296875,692.5800170898438,264319,0.0002021376014101,0.0002255118407319,0.0002233426723457,0.0,0.0,0.0
2026-01-16 12:15:00-05:00,692.719970703125,692.9199829101562,692.5780029296875,692.75,295025,-2.8899472833353284e-05,0.0002233426723457,0.0002234816590537,0.21922120451927185,0.03761037066578865,0.7431684136390686
2026-01-16 12:20:00-05:00,692.6900024414062,692.9699096679688,692.6699829101562,692.7000122070312,565600,-4.326266203406972e-05,0.0002234816590537,0.0002122399554447,0.0,0.0,0.0
2026-01-16 12:25:00-05:00,692.52001953125,692.7550048828125,692.4301147460938,692.6900024414062,401924,-0.0002454254709584,0.0002122399554447,0.0002208154675248,0.0,0.0,0.0
2026-01-16 12:30:00-05:00,692.6500244140625,692.6900024414062,692.25,692.52001953125,500123,0.000187709637185,0.0002208154675248,0.0002026878580083,0.0,0.0,0.0
2026-01-16 12:35:00-05:00,692.5999755859375,692.9099731445312,692.5499877929688,692.6500244140625,381816,-7.225963276916417e-05,0.0002026878580083,0.0001709097570285,0.0,0.0,0.0
2026-01-16 12:40:00-05:00,692.6749877929688,692.739990234375,692.4349975585938,692.5999755859375,286853,0.0001082993760627,0.0001709097570285,0.000223797384662,0.0,0.0,0.0
2026-01-16 12:45:00-05:00,692.2899780273438,692.6699829101562,692.1799926757812,692.6699829101562,305451,-0.0005559848588874,0.000223797384662,0.000212173139372,0.0,0.0,0.0
2026-01-16 12:50:00-05:00,692.3200073242188,692.4249877929688,692.0800170898438,692.27001953125,390161,4.337582019108576e-05,0.000212173139372,0.0002515916956905,0.0,0.0,0.0
2026-01-16 12:55:00-05:00,691.9299926757812,692.5,691.8900146484375,692.3099975585938,366514,-0.0005635032093304,0.0002515916956905,0.0003183691183124,0.0,0.0,0.0
2026-01-16 13:00:00-05:00,692.3350219726562,692.421875,691.8200073242188,691.9400024414062,455786,0.0005851904138981,0.0003183691183124,0.0003543387418679,0.0,0.0,0.0
2026-01-16 13:05:00-05:00,692.6849975585938,692.6950073242188,692.2899780273438,692.3300170898438,431247,0.0005053726133209,0.0003543387418679,0.0003524211339676,0.0,0.0,0.0
2026-01-16 13:10:00-05:00,692.5650024414062,692.719970703125,692.4500122070312,692.68408203125,232317,-0.0001732468759973,0.0003524211339676,0.0003933028115253,0.0,0.0,0.0
2026-01-16 13:15:00-05:00,692.969970703125,693.02001953125,692.5599975585938,692.5650024414062,276880,0.0005845659346032,0.0003933028115253,0.0003945965391153,0.0,0.0,0.0
2026-01-16 13:20:00-05:00,693.0900268554688,693.1199951171875,692.8699951171875,692.969970703125,277274,0.0001732337025171,0.0003945965391153,0.0003881404441866,0.0,0.0,0.0
2026-01-16 13:25:00-05:00,693.0,693.2000122070312,692.9299926757812,693.0999755859375,382549,-0.0001299004449221,0.0003881404441866,0.0003919142761456,0.0,0.0,0.0
2026-01-16 13:30:00-05:00,693.1950073242188,693.25,692.9500122070312,693.0,613798,0.0002813562658569,0.0003919142761456,0.0004076914729369,0.0,0.0,0.0
2026-01-16 13:35:00-05:00,692.9600219726562,693.1950073242188,692.9401245117188,693.1900024414062,305610,-0.0003390462810392,0.0004076914729369,0.0004102833370018,0.0,0.0,0.0
2026-01-16 13:40:00-05:00,692.864990234375,693.0499877929688,692.7650146484375,692.9600219726562,317389,-0.0001371482511761,0.0004102833370018,0.0003702727877275,0.0,0.0,0.0
2026-01-16 13:45:00-05:00,692.8099975585938,693.0050048828125,692.7100219726562,692.8699951171875,220141,-7.937312327149275e-05,0.0003702727877275,0.0003727781070653,0.0,0.0,0.0
2026-01-16 13:50:00-05:00,692.75,692.8900146484375,692.6199951171875,692.7999877929688,335229,-8.660405718544732e-05,0.0003727781070653,0.000327628034143,0.0,0.0,0.0
2026-01-16 13:55:00-05:00,692.6400146484375,692.7999877929688,692.584228515625,692.739990234375,221904,-0.0001587789007148,0.000327628034143,0.0004220853905129,0.0,0.0,0.0
2026-01-16 14:00:00-05:00,693.4099731445312,693.4600219726562,692.60498046875,692.6300048828125,921736,0.0011110112652131,0.0004220853905129,0.0004099705531885,0.0,0.0,0.0
2026-01-16 14:05:00-05:00,693.3250122070312,693.7100219726562,693.2598876953125,693.4199829101562,850457,-0.0001225337768265,0.0004099705531885,0.0005371038585839,0.0,0.0,0.0
2026-01-16 14:10:00-05:00,692.5399780273438,693.3300170898438,692.4650268554688,693.3300170898438,631962,-0.0011329159321942,0.0005371038585839,0.0005216880962317,0.0,0.0,0.0
2026-01-16 14:15:00-05:00,692.1798706054688,692.6799926757812,692.0700073242188,692.5349731445312,691642,-0.0005201159358675,0.0005216880962317,0.000522394347252,0.0,0.0,0.0
2026-01-16 14:20:00-05:00,692.3099975585938,692.4600219726562,692.0700073242188,692.1699829101562,495405,0.0001879781954356,0.000522394347252,0.000529380776986,0.0,0.0,0.0
2026-01-16 14:25:00-05:00,692.0399780273438,692.3200073242188,691.9600219726562,692.3099975585938,653768,-0.0003901029933706,0.000529380776986,0.000555848031942,0.0,0.0,0.0
2026-01-16 14:30:00-05:00,692.4400024414062,692.5750122070312,692.010009765625,692.0499877929688,596944,0.0005778695695676,0.000555848031942,0.0005636454730138,0.0,0.0,0.0
2026-01-16 14:35:00-05:00,692.6849975585938,692.9149780273438,692.3300170898438,692.4400024414062,686346,0.0003537516393718,0.0005636454730138,0.0005628437840397,0.0,0.0,0.0
2026-01-16 14:40:00-05:00,692.7000122070312,693.0,692.6199951171875,692.6849975585938,531832,2.1675777249377847e-05,0.0005628437840397,0.0005639215781781,0.0,0.0,0.0
2026-01-16 14:45:00-05:00,692.7849731445312,692.8978271484375,692.7100219726562,692.7100219726562,390401,0.0001226443281663,0.0005639215781781,0.0005654077305699,0.0,0.0,0.0
2026-01-16 14:50:00-05:00,692.905029296875,692.9650268554688,692.6799926757812,692.7899780273438,472026,0.0001732799579019,0.0005654077305699,0.000572136397784,0.0,0.0,0.0
2026-01-16 14:55:00-05:00,692.6799926757812,692.9299926757812,692.5900268554688,692.905029296875,636688,-0.0003248254268107,0.000572136397784,0.0004541065623622,0.0,0.0,0.0
2026-01-16 15:00:00-05:00,692.6500244140625,692.7899780273438,692.5,692.6699829101562,501553,-4.326515899282175e-05,0.0004541065623622,0.0004559597249752,0.0,0.0,0.0
2026-01-16 15:05:00-05:00,692.6900024414062,692.75,692.5,692.6500244140625,321803,5.771583377334072e-05,0.0004559597249752,0.0003126377663601,0.0,0.0,0.0
2026-01-16 15:10:00-05:00,692.760009765625,692.8699951171875,692.5999755859375,692.6925048828125,484837,0.0001010607725453,0.0003126377663601,0.0002781456786688,0.0,0.0,0.0
2026-01-16 15:15:00-05:00,692.5819702148438,692.7899780273438,692.4713745117188,692.760009765625,451576,-0.0002570333597541,0.0002781456786688,0.0002779022223222,0.0,0.0,0.0
2026-01-16 15:20:00-05:00,692.5050048828125,692.6898803710938,692.469970703125,692.5800170898438,744184,-0.0001111342948048,0.0002779022223222,0.0002949864591868,0.0,0.0,0.0
2026-01-16 15:25:00-05:00,692.155029296875,692.5399780273438,692.155029296875,692.5,616249,-0.0005055040006226,0.0002949864591868,0.0002391172685091,0.0,0.0,0.0
2026-01-16 15:30:00-05:00,692.030029296875,692.2100219726562,691.7949829101562,692.1500244140625,1118872,-0.0001806116885364,0.0002391172685091,0.0002425184585275,0.0,0.0,0.0
2026-01-16 15:35:00-05:00,692.2899780273438,692.4099731445312,691.9099731445312,692.02001953125,1023701,0.0003755616218054,0.0002425184585275,0.000261091583739,0.0,0.0,0.0
2026-01-16 15:40:00-05:00,692.0150146484375,692.2949829101562,692.0,692.2949829101562,822654,-0.0003972583844992,0.000261091583739,0.0002530549972488,0.0,0.0,0.0
2026-01-16 15:45:00-05:00,691.9299926757812,692.030029296875,691.5999755859375,692.010009765625,1399026,-0.00012286900464,0.0002530549972488,0.0003157911855962,0.0,0.0,0.0
2026-01-16 15:50:00-05:00,692.3400268554688,692.488525390625,691.77001953125,691.9299926757812,2373985,0.0005924193775698,0.0003157911855962,0.0004309382531445,0.0,0.0,0.0
