timestamp,close,high,low,open,volume,log_return,rolling_volatility,target_volatility
2025-10-22 10:30:00-04:00,669.3599853515625,669.7899780273438,668.7899780273438,669.4500122070312,1524527,-0.00010458298229231836,0.0007777308791103758,0.0006750172282729568
2025-10-22 10:35:00-04:00,669.0499877929688,669.7000122070312,668.8400268554688,669.0399780273438,991751,-0.00046323259742122376,0.0006750172282729568,0.000627130696896772
2025-10-22 10:40:00-04:00,668.5599975585938,669.5399780273438,668.5,669.0599975585938,895111,-0.0007326354642354637,0.000627130696896772,0.0006639116703549828
2025-10-22 10:45:00-04:00,668.8699951171875,668.9600219726562,668.0900268554688,668.5700073242188,1626968,0.00046357202372156745,0.0006639116703549828,0.0006624894271380907
2025-10-22 10:50:00-04:00,669.1900024414062,669.27001953125,668.780029296875,668.8699951171875,736432,0.00047831536837476753,0.0006624894271380907,0.0008036559538544721
2025-10-22 10:55:00-04:00,670.0700073242188,670.1300048828125,668.9099731445312,669.0399780273438,871817,0.0013141660365357823,0.0008036559538544721,0.0008111609894853142
2025-10-22 11:00:00-04:00,670.2550048828125,670.4099731445312,669.7999877929688,670.0700073242188,924274,0.0002760488061980778,0.0008111609894853142,0.0008161718475885025
2025-10-22 11:05:00-04:00,669.9550170898438,670.375,669.739990234375,670.27001953125,628516,-0.0004476728170369899,0.0008161718475885025,0.0008074912706525043
2025-10-22 11:10:00-04:00,669.5698852539062,669.9500122070312,669.2255859375,669.9500122070312,644797,-0.000575027527858285,0.0008074912706525043,0.000768378376680082
2025-10-22 11:15:00-04:00,669.3900146484375,669.7999877929688,669.239990234375,669.5599975585938,472952,-0.00026867213359248367,0.000768378376680082,0.0008295918309596912
2025-10-22 11:20:00-04:00,668.3156127929688,669.510009765625,667.5999755859375,669.3699951171875,1285484,-0.0016063356009770723,0.0008295918309596912,0.0007515566219728426
2025-10-22 11:25:00-04:00,667.8499755859375,668.5399780273438,667.780029296875,668.2999877929688,705590,-0.0006969753299001748,0.0007515566219728426,0.0007591719413296285
2025-10-22 11:30:00-04:00,667.969970703125,668.47998046875,667.3900146484375,667.8599853515625,940081,0.00017965762203748785,0.0007591719413296285,0.0007716278828050611
2025-10-22 11:35:00-04:00,668.2550048828125,668.4000244140625,667.655029296875,667.989990234375,561925,0.0004266260386065678,0.0007716278828050611,0.0007607952457981048
2025-10-22 11:40:00-04:00,668.5800170898438,668.8355712890625,668.0399780273438,668.2550048828125,527493,0.0004862413208703714,0.0007607952457981048,0.0008082698967220466
2025-10-22 11:45:00-04:00,669.27001953125,669.3082275390625,668.5499877929688,668.5900268554688,727232,0.001031509487161701,0.0008082698967220466,0.0008021877162903186
2025-10-22 11:50:00-04:00,669.489990234375,669.7000122070312,669.1599731445312,669.2899780273438,615062,0.0003286185776390222,0.0008021877162903186,0.0007181894680954772
2025-10-22 11:55:00-04:00,669.010009765625,669.7650146484375,668.9000244140625,669.530029296875,552549,-0.0007171916164717582,0.0007181894680954772,0.0007378286577314884
2025-10-22 12:00:00-04:00,668.405029296875,669.2000122070312,668.0999755859375,669.0,563197,-0.0009047012219004329,0.0007378286577314884,0.0007373366229082251
2025-10-22 12:05:00-04:00,668.4099731445312,668.8599853515625,668.260009765625,668.405029296875,365409,7.396457471202831e-06,0.0007373366229082251,0.0007277401327301558
2025-10-22 12:10:00-04:00,668.2550048828125,668.4299926757812,667.8200073242188,668.3900146484375,386943,-0.00023187300477011592,0.0007277401327301558,0.0007284887071488252
2025-10-22 12:15:00-04:00,668.260009765625,668.75,668.1400146484375,668.239990234375,403620,7.489452430666756e-06,0.0007284887071488252,0.000660115533709972
2025-10-22 12:20:00-04:00,667.4600219726562,668.260009765625,667.1500244140625,668.1900024414062,596914,-0.001197837674981249,0.000660115533709972,0.0006390193548081382
2025-10-22 12:25:00-04:00,667.6199951171875,668.030029296875,667.3800048828125,667.4550170898438,416536,0.00023964577890333145,0.0006390193548081382,0.0006947491835879796
2025-10-22 12:30:00-04:00,666.9400024414062,666.97998046875,664.010009765625,665.25,5251764,-0.001019051576356274,0.0006947491835879796,0.0006942481326291945
2025-10-22 12:35:00-04:00,667.219970703125,667.5599975585938,666.4600219726562,666.9400024414062,2103040,0.00041969219803294957,0.0006942481326291945,0.0006678758846545468
2025-10-22 12:40:00-04:00,667.1900024414062,667.8300170898438,666.72998046875,667.27001953125,1207735,-4.4916123720465515e-05,0.0006678758846545468,0.0005558066153635539
2025-10-22 12:45:00-04:00,666.8099975585938,667.8200073242188,666.5999755859375,667.2000122070312,905274,-0.0005697224783974657,0.0005558066153635539,0.0007166153763658409
2025-10-22 12:50:00-04:00,667.7100219726562,667.739990234375,666.4400024414062,666.8200073242188,837245,0.0013488363416747791,0.0007166153763658409,0.0007072183597642372
2025-10-22 12:55:00-04:00,667.3499755859375,668.219970703125,667.1500244140625,667.7000122070312,879311,-0.0005393711085732808,0.0007072183597642372,0.0006991659956778067
2025-10-22 13:00:00-04:00,666.8099975585938,667.6500244140625,666.5700073242188,667.2999877929688,628095,-0.0008094652331014741,0.0006991659956778067,0.0007393229102531587
2025-10-22 13:05:00-04:00,667.239990234375,667.260009765625,666.3900146484375,666.7999877929688,471739,0.0006446425465410783,0.0007393229102531587,0.0008625285261170996
2025-10-22 13:10:00-04:00,666.1199951171875,667.364990234375,666.0900268554688,667.219970703125,725993,-0.0016799594901632914,0.0008625285261170996,0.0008588256722677305
2025-10-22 13:15:00-04:00,665.8499755859375,666.4000244140625,665.719970703125,666.1400146484375,605989,-0.00040544387769698965,0.0008588256722677305,0.0008621371005293252
2025-10-22 13:20:00-04:00,665.030029296875,665.9000244140625,664.9600219726562,665.8400268554688,667337,-0.0012321868084227373,0.0008621371005293252,0.000887434372937754
2025-10-22 13:25:00-04:00,665.4199829101562,665.5700073242188,664.72998046875,665.0900268554688,932410,0.0005861980846631102,0.000887434372937754,0.0008731867562497856
2025-10-22 13:30:00-04:00,665.6799926757812,665.75,664.8599853515625,665.4099731445312,571098,0.0003906690311785124,0.0008731867562497856,0.001000437357904587
2025-10-22 13:35:00-04:00,664.3400268554688,665.8599853515625,664.3200073242188,665.6599731445312,527292,-0.0020149565480155657,0.001000437357904587,0.001015520337580435
2025-10-22 13:40:00-04:00,663.6199951171875,664.5,663.469970703125,664.3400268554688,959803,-0.0010844178995275597,0.001015520337580435,0.0011732096837301662
2025-10-22 13:45:00-04:00,664.6849975585938,664.77001953125,663.6099853515625,663.625,1784837,0.0016035514064749773,0.0011732096837301662,0.0011400132336989986
2025-10-22 13:50:00-04:00,663.4299926757812,664.72998046875,663.2999877929688,664.6699829101562,731269,-0.001889904512164035,0.0011400132336989986,0.0013505136874857166
2025-10-22 13:55:00-04:00,664.739990234375,664.75,663.4500122070312,663.4500122070312,893089,0.0019726360334119857,0.0013505136874857166,0.001351399013402392
2025-10-22 14:00:00-04:00,664.9199829101562,665.4400024414062,664.6599731445312,664.75,909414,0.0002707348954107954,0.001351399013402392,0.0013262212517897829
2025-10-22 14:05:00-04:00,664.9349975585938,665.4299926757812,664.8499755859375,665.3099975585938,609593,2.2580880860985855e-05,0.0013262212517897829,0.0012618516291935191
2025-10-22 14:10:00-04:00,664.4600219726562,665.3599853515625,664.4500122070312,664.9500122070312,543884,-0.0007145740719200342,0.0012618516291935191,0.0012604156920079863
2025-10-22 14:15:00-04:00,664.3699951171875,664.5499877929688,663.760009765625,664.4500122070312,886365,-0.0001354979259177495,0.0012604156920079863,0.0014341359673098494
2025-10-22 14:20:00-04:00,666.0599975585938,666.1199951171875,664.3499755859375,664.3699951171875,850988,0.0025405370589896346,0.0014341359673098494,0.0014398775678920357
2025-10-22 14:25:00-04:00,665.673095703125,666.2000122070312,665.3687133789062,666.0599975585938,569549,-0.0005810501643487425,0.0014398775678920357,0.0014356132296915434
2025-10-22 14:30:00-04:00,665.6199951171875,665.8499755859375,665.0499877929688,665.6599731445312,428732,-7.977294606543902e-05,0.0014356132296915434,0.0012925970333532645
2025-10-22 14:35:00-04:00,665.9609985351562,666.1096801757812,665.3400268554688,665.5999755859375,442068,0.0005121782708657921,0.0012925970333532645,0.0012312003030161946
2025-10-22 14:40:00-04:00,665.9500122070312,666.3599853515625,665.219970703125,665.9600219726562,684422,-1.6497090326013594e-05,0.0012312003030161946,0.0011602023557667337
2025-10-22 14:45:00-04:00,666.1300048828125,666.3300170898438,665.8198852539062,665.9299926757812,617092,0.0002702430403090691,0.0011602023557667337,0.0009843015303010944
2025-10-22 14:50:00-04:00,665.8699951171875,666.1300048828125,665.3400268554688,666.1199951171875,559115,-0.00039040505844966923,0.0009843015303010944,0.0008623043142851642
2025-10-22 14:55:00-04:00,666.489990234375,666.5599975585938,665.760009765625,665.9099731445312,568314,0.0009306721437971214,0.0008623043142851642,0.0008796394588811673
2025-10-22 15:00:00-04:00,666.22998046875,666.6500244140625,665.5399780273438,666.4600219726562,2457366,-0.000390194151269077,0.0008796394588811673,0.0009528393023376545
2025-10-22 15:05:00-04:00,667.2000122070312,667.4199829101562,666.0999755859375,666.2100219726562,1334745,0.0014549423887682525,0.0009528393023376545,0.0009315425919180054
2025-10-22 15:10:00-04:00,666.8900146484375,667.5700073242188,666.75,667.2000122070312,920709,-0.0004647326011480166,0.0009315425919180054,0.0009224313390623541
2025-10-22 15:15:00-04:00,667.22998046875,667.3800048828125,666.77001953125,666.8800048828125,892203,0.0005096480510229476,0.0009224313390623541,0.0006275471773322668
2025-10-22 15:20:00-04:00,667.0499877929688,667.47998046875,666.8400268554688,667.239990234375,750715,-0.0002697974655312901,0.0006275471773322668,0.0005972340320320193
2025-10-22 15:25:00-04:00,667.4299926757812,667.6400146484375,667.0,667.1300048828125,626289,0.0005695175628640766,0.0005972340320320193,0.000590416573392401
2025-10-22 15:30:00-04:00,667.6599731445312,667.9600219726562,667.3800048828125,667.5499267578125,1237360,0.00034451681446565026,0.000590416573392401,0.0006105024072965363
2025-10-22 15:35:00-04:00,668.219970703125,668.2999877929688,667.4299926757812,667.6599731445312,1551236,0.0008383950877846369,0.0006105024072965363,0.0006882159380632813
2025-10-22 15:40:00-04:00,667.6599731445312,668.3599853515625,667.6099853515625,668.22998046875,921945,-0.0008383950877845843,0.0006882159380632813,0.0006903031275076707
2025-10-22 15:45:00-04:00,667.9299926757812,668.1199951171875,667.3900146484375,667.6699829101562,1277907,0.00040434495891567517,0.0006903031275076707,0.0006707934421035888
2025-10-22 15:50:00-04:00,667.875,668.1900024414062,667.5399780273438,667.9299926757812,1740141,-8.233638310060927e-05,0.0006707934421035888,0.0006410211150564326
2025-10-22 15:55:00-04:00,667.8099975585938,668.1500244140625,667.2999877929688,667.8800048828125,3830835,-9.733199306181925e-05,0.0006410211150564326,0.0006474481219269477
2025-10-23 09:30:00-04:00,668.4099731445312,668.6699829101562,667.7999877929688,668.1199951171875,2476414,0.0008980192474478139,0.0006474481219269477,0.0005655760440684235
2025-10-23 09:35:00-04:00,668.97998046875,669.2000122070312,668.0999755859375,668.4099731445312,925694,0.0008524175872465182,0.0005655760440684235,0.0005457452127223758
2025-10-23 09:40:00-04:00,669.5349731445312,669.5349731445312,668.780029296875,668.989990234375,994394,0.0008292663538617388,0.0005457452127223758,0.0005864182603634205
2025-10-23 09:45:00-04:00,670.260009765625,670.2899780273438,669.4000244140625,669.530029296875,1361653,0.0010823099072878146,0.0005864182603634205,0.0005537494497703791
2025-10-23 09:50:00-04:00,670.4000244140625,670.739990234375,670.0999755859375,670.27001953125,1479445,0.00020887420431264182,0.0005537494497703791,0.000630881960335378
2025-10-23 09:55:00-04:00,669.9600219726562,670.5,669.6900024414062,670.4000244140625,979736,-0.0006565436777940627,0.000630881960335378,0.0006391991873797485
2025-10-23 10:00:00-04:00,669.9299926757812,670.3699951171875,669.6599731445312,670.0,800157,-4.48235251426589e-05,0.0006391991873797485,0.0006840134430652543
2025-10-23 10:05:00-04:00,669.3900146484375,669.9949951171875,669.3499755859375,669.9299926757812,700692,-0.0008063465843090233,0.0006840134430652543,0.0006382958487754942
2025-10-23 10:10:00-04:00,669.1099853515625,669.4744262695312,668.8699951171875,669.4099731445312,759745,-0.0004184225640053649,0.0006382958487754942,0.0007455660360219542
2025-10-23 10:15:00-04:00,668.3099975585938,669.2899780273438,668.1199951171875,669.1099853515625,930302,-0.0011963151419913149,0.0007455660360219542,0.0008853628565055388
2025-10-23 10:20:00-04:00,669.4600219726562,669.4799194335938,668.1599731445312,668.3099975585938,1261443,0.0017193159968697167,0.0008853628565055388,0.0008851322728444943
2025-10-23 10:25:00-04:00,669.4000244140625,669.8400268554688,669.2899780273438,669.4500122070312,716576,-8.962483987155343e-05,0.0008851322728444943,0.000857297916557467
2025-10-23 10:30:00-04:00,669.510009765625,669.52001953125,668.989990234375,669.4000244140625,619446,0.00016429087691064941,0.000857297916557467,0.0008497775974741093
2025-10-23 10:35:00-04:00,670.010009765625,670.139892578125,669.4400024414062,669.5,606832,0.0007465360964094267,0.0008497775974741093,0.0008271961536516535
2025-10-23 10:40:00-04:00,669.8112182617188,670.1701049804688,669.6099853515625,670.010009765625,506224,-0.0002967433284479352,0.0008271961536516535,0.0007985508842981103
2025-10-23 10:45:00-04:00,670.3499755859375,670.3900146484375,669.3300170898438,669.9400024414062,847189,0.0008040187340375779,0.0007985508842981103,0.0008425775138299996
2025-10-23 10:50:00-04:00,669.7050170898438,670.3599853515625,669.6699829101562,670.3400268554688,517035,-0.0009625851915313293,0.0008425775138299996,0.0008535361740268665
2025-10-23 10:55:00-04:00,670.2050170898438,670.22998046875,669.4000244140625,669.7000122070312,457492,0.0007463187982081224,0.0008535361740268665,0.0008589417076612161
2025-10-23 11:00:00-04:00,670.0,670.3098754882812,669.7100219726562,670.2100219726562,575159,-0.00030594884936058204,0.0008589417076612161,0.0008201796508863522
2025-10-23 11:05:00-04:00,669.989990234375,670.1900024414062,669.780029296875,669.97998046875,405758,-1.4940060296204391e-05,0.0008201796508863522,0.0008227010137209189
2025-10-23 11:10:00-04:00,669.6799926757812,670.0900268554688,669.4600219726562,669.969970703125,328076,-0.0004627969098080308,0.0008227010137209189,0.0007359395622765458
2025-10-23 11:15:00-04:00,669.4450073242188,669.780029296875,669.2150268554688,669.6900024414062,438140,-0.00035095357636428316,0.0007359395622765458,0.0005539873307621584
2025-10-23 11:20:00-04:00,669.7000122070312,669.77001953125,669.09130859375,669.4550170898438,516214,0.0003808473050722892,0.0005539873307621584,0.0005688961076481415
2025-10-23 11:25:00-04:00,670.0399780273438,670.219970703125,669.5399780273438,669.6900024414062,359413,0.0005075101588181447,0.0005688961076481415,0.0005682937459581488
2025-10-23 11:30:00-04:00,670.0999755859375,670.530029296875,670.030029296875,670.2899780273438,562407,8.953924322904935e-05,0.0005682937459581488,0.0005525256110648215
2025-10-23 11:35:00-04:00,669.7249755859375,670.1799926757812,669.3800048828125,670.1099853515625,392514,-0.0005597746324459547,0.0005525256110648215,0.0006432476409700703
2025-10-23 11:40:00-04:00,668.9299926757812,669.8800048828125,668.72998046875,669.719970703125,402296,-0.0011877339904041472,0.0006432476409700703,0.0006937753175901846
2025-10-23 11:45:00-04:00,669.7000122070312,669.72998046875,668.7949829101562,668.9149780273438,362578,0.0011504592208027712,0.0006937753175901846,0.0006880564394839283
2025-10-23 11:50:00-04:00,670.3101196289062,670.3599853515625,669.5377197265625,669.7100219726562,357089,0.0009106012701518662,0.0006880564394839283,0.0006554863618088242
2025-10-23 11:55:00-04:00,670.25,670.719970703125,670.1199951171875,670.3099975585938,866304,-8.969329769890422e-05,0.0006554863618088242,0.0006554495425568204
2025-10-23 12:00:00-04:00,670.5,670.5,670.1400146484375,670.260009765625,337161,0.000372925605664429,0.0006554495425568204,0.0006602798913132363
2025-10-23 12:05:00-04:00,670.739990234375,670.9525146484375,670.4299926757812,670.510009765625,457748,0.00035786322907695645,0.0006602798913132363,0.0006417882364860856
2025-10-23 12:10:00-04:00,671.0250244140625,671.0499877929688,670.5999755859375,670.7249755859375,355477,0.00042486453419679216,0.0006417882364860856,0.000635664755851201
2025-10-23 12:15:00-04:00,670.85009765625,671.0800170898438,670.760009765625,671.02001953125,580652,-0.00026071987761951517,0.000635664755851201,0.0006553284712393343
2025-10-23 12:20:00-04:00,670.5549926757812,670.875,670.510009765625,670.8499755859375,462440,-0.0004399938353545058,0.0006553284712393343,0.0006435853840195251
2025-10-23 12:25:00-04:00,670.5399780273438,670.6749877929688,670.1699829101562,670.6599731445312,349324,-2.239162589690498e-05,0.0006435853840195251,0.0006463421349688264
2025-10-23 12:30:00-04:00,670.719970703125,670.9650268554688,670.5023193359375,670.7100219726562,341632,0.00026839342669130237,0.0006463421349688264,0.0006182598244906919
2025-10-23 12:35:00-04:00,670.969970703125,671.0399780273438,670.6199951171875,670.75,331906,0.0003726643469224816,0.0006182598244906919,0.0004525663554269657
2025-10-23 12:40:00-04:00,671.239990234375,671.2899780273438,670.9099731445312,670.9650268554688,409248,0.00040235066457719985,0.0004525663554269657,0.00037873794974816084
2025-10-23 12:45:00-04:00,671.1199951171875,671.2949829101562,670.989990234375,671.25,564466,-0.00017878232190549062,0.00037873794974816084,0.00031284634242313665
2025-10-23 12:50:00-04:00,671.4000244140625,671.4500122070312,671.094970703125,671.1199951171875,670638,0.0004171696464294149,0.00031284634242313665,0.0003061792913314099
2025-10-23 12:55:00-04:00,671.4349975585938,671.530029296875,671.2849731445312,671.4000854492188,407850,5.208852013367447e-05,0.0003061792913314099,0.0002980915168754203
2025-10-23 13:00:00-04:00,671.4901123046875,671.6500244140625,671.385009765625,671.4299926757812,381391,8.208163764290686e-05,0.0002980915168754203,0.0004420984774851452
2025-10-23 13:05:00-04:00,670.780029296875,671.52001953125,670.4000244140625,671.489990234375,1459174,-0.0010580330323167225,0.0004420984774851452,0.0005188595732902973
2025-10-23 13:10:00-04:00,671.4600219726562,671.64501953125,670.75,670.75,510351,0.0010132207473802705,0.0005188595732902973,0.0005317545028366589
2025-10-23 13:15:00-04:00,671.1599731445312,671.5899047851562,671.0706176757812,671.4600830078125,417629,-0.00044696017370720703,0.0005317545028366589,0.0005107238915769041
2025-10-23 13:20:00-04:00,671.1500244140625,671.3200073242188,671.010009765625,671.14990234375,254959,-1.482329787758385e-05,0.0005107238915769041,0.0005167116171802662
2025-10-23 13:25:00-04:00,671.010009765625,671.1749877929688,670.760009765625,671.1500244140625,427411,-0.00020864076619747846,0.0005167116171802662,0.0005370591767928347
2025-10-23 13:30:00-04:00,671.4099731445312,671.6900024414062,670.9902954101562,671.0150146484375,473446,0.0005958841433126361,0.0005370591767928347,0.0006153531340234462
2025-10-23 13:35:00-04:00,672.1799926757812,672.3300170898438,671.3499755859375,671.510009765625,1252940,0.0011462122152488638,0.0006153531340234462,0.0006113101779681015
2025-10-23 13:40:00-04:00,672.1799926757812,672.280029296875,671.9199829101562,672.1699829101562,943407,0.0,0.0006113101779681015,0.000608924636537174
2025-10-23 13:45:00-04:00,672.0999755859375,672.3599853515625,672.0599975585938,672.1900024414062,443953,-0.00011904825159557058,0.000608924636537174,0.0006065161373573109
2025-10-23 13:50:00-04:00,672.3400268554688,672.3599853515625,672.0650024414062,672.1099853515625,289123,0.00035710224576238064,0.0006065161373573109,0.0006068658055404164
2025-10-23 13:55:00-04:00,672.35498046875,672.4600830078125,672.2000122070312,672.3400268554688,328121,2.2240899535358077e-05,0.0006068658055404164,0.0006118845177911497
2025-10-23 14:00:00-04:00,672.25,672.4600219726562,672.0349731445312,672.3699951171875,571691,-0.00015615064719855102,0.0006118845177911497,0.0004960085494290275
2025-10-23 14:05:00-04:00,672.25,672.5499877929688,672.0800170898438,672.260009765625,457512,0.0,0.0004960085494290275,0.00042462883220145843
2025-10-23 14:10:00-04:00,672.2000122070312,672.280029296875,672.0999755859375,672.2449951171875,214488,-7.436169814857625e-05,0.00042462883220145843,0.00039025057843539943
2025-10-23 14:15:00-04:00,672.22998046875,672.2899780273438,671.719970703125,672.2000122070312,544746,4.4581364425143456e-05,0.00039025057843539943,0.0003890591239350113
2025-10-23 14:20:00-04:00,672.4099731445312,672.47998046875,672.219970703125,672.22998046875,794614,0.0002677187694337118,0.0003890591239350113,0.0003722541982710036
2025-10-23 14:25:00-04:00,672.489990234375,672.530029296875,672.2999877929688,672.4099731445312,365653,0.0001189933706848547,0.0003722541982710036,0.0003509285150338423
2025-10-23 14:30:00-04:00,672.5,672.6300048828125,672.4099731445312,672.4849853515625,302547,1.4884520625286975e-05,0.0003509285150338423,0.0001576304963646552
2025-10-23 14:35:00-04:00,672.4000244140625,672.52001953125,672.2899780273438,672.5001220703125,331306,-0.00014867363269657622,0.0001576304963646552,0.00015915388429789195
2025-10-23 14:40:00-04:00,672.4749755859375,672.52001953125,672.3099975585938,672.4558715820312,361690,0.0001114619157210075,0.00015915388429789195,0.0001519358471179229
2025-10-23 14:45:00-04:00,672.47998046875,672.52001953125,672.3350219726562,672.469970703125,298644,7.442454172994363e-06,0.0001519358471179229,0.0001295313106970294
2025-10-23 14:50:00-04:00,672.625,672.7100830078125,672.4600219726562,672.4749755859375,493165,0.0002156255963923649,0.0001295313106970294,0.00013772513607923986
2025-10-23 14:55:00-04:00,672.5401000976562,672.6849975585938,672.489990234375,672.625,282879,-0.00012622971328993292,0.00013772513607923986,0.00012605561058166314
2025-10-23 15:00:00-04:00,672.590087890625,672.7000732421875,672.4400024414062,672.5499877929688,547208,7.432409656416614e-05,0.00012605561058166314,0.00014748091791271742
2025-10-23 15:05:00-04:00,672.4400024414062,672.5900268554688,672.344970703125,672.5800170898438,857322,-0.00022317039733229773,0.00014748091791271742,0.0001594025976463655
2025-10-23 15:10:00-04:00,672.6199951171875,672.6900024414062,672.4199829101562,672.4400024414062,496010,0.00026763516450163726,0.0001594025976463655,0.00016756471781442477
2025-10-23 15:15:00-04:00,672.5349731445312,672.6500244140625,672.3944091796875,672.5850219726562,1363077,-0.0001264121603465907,0.00016756471781442477,0.00015112157873692123
2025-10-23 15:20:00-04:00,672.5499267578125,672.7000122070312,672.47998046875,672.5349731445312,1464337,2.2234452684672924e-05,0.00015112157873692123,0.0001543398948046271
2025-10-23 15:25:00-04:00,672.4509887695312,672.5499877929688,672.27001953125,672.5499877929688,760504,-0.00014711958529918152,0.0001543398948046271,0.0001811950855551994
2025-10-23 15:30:00-04:00,672.2249755859375,672.4500122070312,672.2000122070312,672.4500122070312,861675,-0.00033616007382182784,0.0001811950855551994,0.00018477875340722522
2025-10-23 15:35:00-04:00,672.0900268554688,672.2899780273438,671.989990234375,672.219970703125,1237864,-0.00020076950815388377,0.00018477875340722522,0.0001802056847348386
2025-10-23 15:40:00-04:00,672.0,672.2100219726562,671.9500122070312,672.0800170898438,608228,-0.00013395956194098955,0.0001802056847348386,0.00018009828859210088
2025-10-23 15:45:00-04:00,671.9099731445312,672.2799072265625,671.8599853515625,671.989990234375,1798080,-0.00013397750950948142,0.00018009828859210088,0.00015838718724013495
2025-10-23 15:50:00-04:00,671.780029296875,671.9099731445312,671.2999877929688,671.9099731445312,2656060,-0.0001934134328978605,0.00015838718724013495,0.00016408747635601723
2025-10-23 15:55:00-04:00,671.6099853515625,671.85498046875,671.489990234375,671.7899780273438,4802709,-0.0002531564837708837,0.00016408747635601723,0.0022744557332521572
2025-10-24 09:30:00-04:00,676.8206787109375,676.8300170898438,675.6500244140625,676.4600219726562,4231339,0.007728568379201252,0.0022744557332521572,0.0022625280260041842
2025-10-24 09:35:00-04:00,677.14501953125,677.75,676.7899780273438,676.8200073242188,1972206,0.0004790975531176262,0.0022625280260041842,0.002262279869346506
2025-10-24 09:40:00-04:00,677.3400268554688,677.4099731445312,676.8612060546875,677.1011962890625,1104582,0.0002879431206514275,0.002262279869346506,0.0022780957401628186
2025-10-24 09:45:00-04:00,676.9600219726562,677.7899780273438,676.8300170898438,677.25,1073450,-0.0005611827203493599,0.0022780957401628186,0.0022788952022211994
2025-10-24 09:50:00-04:00,676.9500122070312,677.25,676.4948120117188,676.9600219726562,1349668,-1.4786456075326519e-05,0.0022788952022211994,0.0022686947622729296
2025-10-24 09:55:00-04:00,677.2899780273438,677.4199829101562,676.8499755859375,676.9600219726562,722508,0.0005020761901961062,0.0022686947622729296,0.002254283265710894
2025-10-24 10:00:00-04:00,677.4099731445312,677.6300048828125,677.0399780273438,677.3599853515625,959704,0.00017715379320355667,0.002254283265710894,0.0022390397495346283
2025-10-24 10:05:00-04:00,677.7999877929688,677.9400024414062,677.3300170898438,677.4000244140625,971237,0.0005755782062508142,0.0022390397495346283,0.0022356804575063296
2025-10-24 10:10:00-04:00,677.780029296875,677.8699951171875,677.530029296875,677.8099975585938,699339,-2.9446430079513797e-05,0.0022356804575063296,0.002246732632123621
2025-10-24 10:15:00-04:00,677.5,677.7999877929688,677.3049926757812,677.7899780273438,548866,-0.0004132419792318438,0.002246732632123621,0.0022517432126751427
2025-10-24 10:20:00-04:00,677.280029296875,677.4901123046875,676.9199829101562,677.47998046875,773944,-0.0003247327245769173,0.0022517432126751427,0.0022742653620604486
2025-10-24 10:25:00-04:00,676.780029296875,677.280029296875,676.7406005859375,677.27001953125,681506,-0.0007385197126998522,0.0022742653620604486,0.00043346209844437756
2025-10-24 10:30:00-04:00,676.8099975585938,676.8499755859375,676.1400146484375,676.760009765625,1062601,4.4279672765048986e-05,0.00043346209844437756,0.0004234433284549813
2025-10-24 10:35:00-04:00,677.0599975585938,677.1400146484375,676.3099975585938,676.7999877929688,611429,0.0003693116824262244,0.0004234433284549813,0.00046823228955447535
2025-10-24 10:40:00-04:00,677.5526733398438,677.6500244140625,677.02001953125,677.0399780273438,468948,0.0007274046870487651,0.00046823228955447535,0.0004399367189756264
2025-10-24 10:45:00-04:00,677.3900146484375,677.6300048828125,677.219970703125,677.5499877929688,442932,-0.0002400967858340205,0.0004399367189756264,0.0005485363435955737
2025-10-24 10:50:00-04:00,676.6599731445312,677.4400024414062,676.47998046875,677.2949829101562,617256,-0.001078308158820773,0.0005485363435955737,0.0005230639115985699
2025-10-24 10:55:00-04:00,676.6900024414062,676.75,675.9099731445312,676.6500244140625,833703,4.437772552794447e-05,0.0005230639115985699,0.0005198170659136295
2025-10-24 11:00:00-04:00,676.75,676.9550170898438,676.4749755859375,676.6799926757812,459205,8.865935471798748e-05,0.0005198170659136295,0.0005242098248819115
2025-10-24 11:05:00-04:00,677.1649780273438,677.219970703125,676.5499877929688,676.780029296875,762852,0.0006130045786822967,0.0005242098248819115,0.0005426366669398101
2025-10-24 11:10:00-04:00,677.4400024414062,677.4500122070312,676.8300170898438,677.1599731445312,771963,0.0004060584772783126,0.0005426366669398101,0.0005418159298011594
2025-10-24 11:15:00-04:00,677.7000122070312,677.9099731445312,677.4299926757812,677.4500122070312,714405,0.0003837386041368846,0.0005418159298011594,0.0005785160564588682
2025-10-24 11:20:00-04:00,678.280029296875,678.3800048828125,677.6799926757812,677.7100219726562,1789227,0.0008554950773100696,0.0005785160564588682,0.0005234011187604106
2025-10-24 11:25:00-04:00,678.1500244140625,678.3300170898438,678.0399780273438,678.2949829101562,588520,-0.00019168682211791988,0.0005234011187604106,0.000527046627555319
2025-10-24 11:30:00-04:00,678.0999755859375,678.4199829101562,678.0999145507812,678.1900024414062,517889,-7.38047235357563e-05,0.000527046627555319,0.0005234707329476787
2025-10-24 11:35:00-04:00,678.135009765625,678.219970703125,677.719970703125,678.0999755859375,544953,5.166387841887448e-05,0.0005234707329476787,0.0005176214568248421
2025-10-24 11:40:00-04:00,677.7877197265625,678.1500244140625,677.739990234375,678.1400146484375,517976,-0.0005122563979539355,0.0005176214568248421,0.0005134592755311985
2025-10-24 11:45:00-04:00,677.9500122070312,678.0900268554688,677.469970703125,677.7899780273438,795281,0.00023941574748747435,0.0005134592755311985,0.0003663527561606416
2025-10-24 11:50:00-04:00,677.989990234375,678.239990234375,677.9000244140625,677.9500122070312,409961,5.896725118132925e-05,0.0003663527561606416,0.00037099460034778985
2025-10-24 11:55:00-04:00,677.9450073242188,678.02001953125,677.6300048828125,678.0,399061,-6.634965577809482e-05,0.00037099460034778985,0.0003737066588844497
2025-10-24 12:00:00-04:00,678.1699829101562,678.2899780273438,677.905029296875,677.9199829101562,401562,0.00033179426467733056,0.0003737066588844497,0.0003592912812176234
2025-10-24 12:05:00-04:00,678.0449829101562,678.1799926757812,677.8599853515625,678.1699829101562,596258,-0.00018433655947510985,0.0003592912812176234,0.0003534565961416204
2025-10-24 12:10:00-04:00,678.260009765625,678.2949829101562,678.0,678.0499877929688,328131,0.00031707743970790575,0.0003534565961416204,0.00034654494827561115
2025-10-24 12:15:00-04:00,678.1801147460938,678.2750244140625,678.0399780273438,678.260009765625,917754,-0.00011780102664302566,0.00034654494827561115,0.0002403355928675528
2025-10-24 12:20:00-04:00,678.1143798828125,678.4600219726562,678.0195922851562,678.1900024414062,505095,-9.693302390156373e-05,0.0002403355928675528,0.00025321911328558935
2025-10-24 12:25:00-04:00,677.885009765625,678.1300048828125,677.8300170898438,678.1199951171875,382572,-0.00033830416315241025,0.00025321911328558935,0.00026140899638692796
2025-10-24 12:30:00-04:00,677.7100219726562,678.0,677.6699829101562,677.9450073242188,346303,-0.000258171193968359,0.00026140899638692796,0.000262116229060718
2025-10-24 12:35:00-04:00,677.5850219726562,677.7449951171875,677.4650268554688,677.7000122070312,460646,-0.00018446168000515586,0.000262116229060718,0.0002416995984680917
2025-10-24 12:40:00-04:00,677.3400268554688,677.6599731445312,677.219970703125,677.5809936523438,600865,-0.0003616364168180039,0.0002416995984680917,0.00035448512290277664
2025-10-24 12:45:00-04:00,677.9310302734375,677.9500122070312,677.2100219726562,677.3300170898438,507434,0.0008721553556721441,0.00035448512290277664,0.0003572895821022006
2025-10-24 12:50:00-04:00,678.0399780273438,678.2451782226562,677.9210815429688,677.9398803710938,416537,0.0001606933385357438,0.0003572895821022006,0.0003590193883735567
2025-10-24 12:55:00-04:00,677.9500732421875,678.125,677.780029296875,678.0399780273438,281819,-0.0001326039010445792,0.0003590193883735567,0.0003467094889125898
2025-10-24 13:00:00-04:00,678.0399780273438,678.1300048828125,677.8800048828125,677.9400024414062,252203,0.00013260390104462375,0.0003467094889125898,0.00034849534001899234
2025-10-24 13:05:00-04:00,677.8900146484375,678.0499877929688,677.8386840820312,678.030029296875,212810,-0.00022119634542743213,0.00034849534001899234,0.0003340619583516065
2025-10-24 13:10:00-04:00,677.77001953125,678.0999755859375,677.7000122070312,677.9199829101562,541560,-0.000177028332289014,0.0003340619583516065,0.0003485320132730741
2025-10-24 13:15:00-04:00,677.969970703125,678.0499877929688,677.6300048828125,677.75,283926,0.0002949697947468627,0.0003485320132730741,0.0003551560670857383
2025-10-24 13:20:00-04:00,678.1256103515625,678.1256103515625,677.7550048828125,677.97998046875,533499,0.00022954082484339826,0.0003551560670857383,0.00034070494486149167
2025-10-24 13:25:00-04:00,678.0599975585938,678.22998046875,677.969970703125,678.1199951171875,181063,-9.676078648415076e-05,0.00034070494486149167,0.00033039988316127
2025-10-24 13:30:00-04:00,678.1599731445312,678.1749877929688,677.9500122070312,678.052001953125,337256,0.0001474327001197715,0.00033039988316127,0.0003227632253061136
2025-10-24 13:35:00-04:00,678.2750244140625,678.3300170898438,678.0700073242188,678.1649780273438,455424,0.00016963771948415085,0.0003227632253061136,0.00030275876460537313
2025-10-24 13:40:00-04:00,678.1599731445312,678.2899780273438,678.0700073242188,678.2750244140625,313831,-0.00016963771948416237,0.00030275876460537313,0.00018889837183018077
2025-10-24 13:45:00-04:00,678.3099975585938,678.4299926757812,678.1099853515625,678.1649780273438,317085,0.00022119828365458604,0.00018889837183018077,0.00019823448236480276
2025-10-24 13:50:00-04:00,678.1699829101562,678.3400268554688,678.1199951171875,678.3099975585938,214498,-0.0002064382091158921,0.00019823448236480276,0.00019927483309004946
2025-10-24 13:55:00-04:00,678.0701293945312,678.1699829101562,678.0599975585938,678.1649780273438,426933,-0.0001472504977540738,0.00019927483309004946,0.00019760914348605272
2025-10-24 14:00:00-04:00,678.010009765625,678.1099853515625,677.8699951171875,678.0700073242188,444571,-8.866677891602266e-05,0.00019760914348605272,0.0002020835070384004
2025-10-24 14:05:00-04:00,678.2100219726562,678.260009765625,678.0,678.0,280655,0.0002949553963229857,0.0002020835070384004,0.00019194186527144344
2025-10-24 14:10:00-04:00,678.1903076171875,678.3400268554688,678.1799926757812,678.219970703125,254802,-2.906863857239692e-05,0.00019194186527144344,0.00017780826990056395
2025-10-24 14:15:00-04:00,678.27001953125,678.2949829101562,678.0650024414062,678.1849975585938,233184,0.0001175292967421915,0.00017780826990056395,0.00016866073033569784
2025-10-24 14:20:00-04:00,678.22998046875,678.3200073242188,678.1500244140625,678.2899780273438,209827,-5.9032897178981715e-05,0.00016866073033569784,0.00016818710592430053
2025-10-24 14:25:00-04:00,678.1699829101562,678.280029296875,678.0999755859375,678.25,361028,-8.846588064395996e-05,0.00016818710592430053,0.00016414856637800016
2025-10-24 14:30:00-04:00,678.219970703125,678.280029296875,678.0700073242188,678.1599731445312,298727,7.370711182025698e-05,0.00016414856637800016,0.0001562231588941414
2025-10-24 14:35:00-04:00,678.1950073242188,678.3300170898438,678.1400146484375,678.2199096679688,264464,-3.6807878582029315e-05,0.0001562231588941414,0.00015621665091702317
2025-10-24 14:40:00-04:00,678.0800170898438,678.1900024414062,678.010009765625,678.1900024414062,408960,-0.0001695677242161485,0.00015621665091702317,0.00014228734443432582
2025-10-24 14:45:00-04:00,677.97998046875,678.094970703125,677.75,678.0900268554688,441659,-0.0001475401109910955,0.00014228734443432582,0.00013637811183075607
2025-10-24 14:50:00-04:00,678.0399780273438,678.0900268554688,677.8441772460938,677.989990234375,328199,8.849067192106295e-05,0.00013637811183075607,0.00014427069604590735
2025-10-24 14:55:00-04:00,678.1843872070312,678.2296752929688,678.0,678.030029296875,379751,0.00021295765499425333,0.00014427069604590735,0.0001571119877635788
2025-10-24 15:00:00-04:00,678.364990234375,678.3900146484375,678.1799926757812,678.1900024414062,513688,0.0002662682706787951,0.0001571119877635788,0.00013635317068992514
2025-10-24 15:05:00-04:00,678.4099731445312,678.4500122070312,678.25,678.364990234375,482107,6.63085793693718e-05,0.00013635317068992514,0.00014784380135962784
2025-10-24 15:10:00-04:00,678.2899169921875,678.4655151367188,678.2750244140625,678.4099731445312,577008,-0.0001769826230988265,0.00014784380135962784,0.00015460632041820987
2025-10-24 15:15:00-04:00,678.1599731445312,678.2999877929688,678.0800170898438,678.2899780273438,434725,-0.00019159402643419192,0.00015460632041820987,0.00017221952050135568
2025-10-24 15:20:00-04:00,678.3350219726562,678.4000244140625,678.0499877929688,678.1599731445312,543162,0.0002580899004077406,0.00017221952050135568,0.00017536818190402135
2025-10-24 15:25:00-04:00,678.2420043945312,678.469970703125,678.22998046875,678.3400268554688,469079,-0.00013713571210902337,0.00017536818190402135,0.00018139160234329418
2025-10-24 15:30:00-04:00,678.125,678.27001953125,678.0900268554688,678.239990234375,687993,-0.0001725261591330209,0.00018139160234329418,0.00018510327090621618
2025-10-24 15:35:00-04:00,678.030029296875,678.1900024414062,677.9400024414062,678.1199951171875,3129793,-0.0001400587709054479,0.00018510327090621618,0.0002188349980855394
2025-10-24 15:40:00-04:00,677.72998046875,678.0999755859375,677.72998046875,678.0399780273438,957019,-0.00044262823930864005,0.0002188349980855394,0.00021641361822606335
2025-10-24 15:45:00-04:00,677.719970703125,678.010009765625,677.6300048828125,677.72998046875,1985129,-1.4769657288403725e-05,0.00021641361822606335,0.00021324909822768674
2025-10-24 15:50:00-04:00,677.6699829101562,677.8900146484375,677.4500122070312,677.7100219726562,2128694,-7.376149256258351e-05,0.00021324909822768674,0.00029444148084023584
2025-10-24 15:55:00-04:00,677.1099853515625,677.6699829101562,676.7650146484375,677.6699829101562,6090953,-0.0008266989527540343,0.00029444148084023584,0.0024282213192874233
2025-10-27 09:30:00-04:00,682.6799926757812,683.1900024414062,682.5599975585938,682.72998046875,3903187,0.008192498205924463,0.0024282213192874233,0.0024258825912757023
2025-10-27 09:35:00-04:00,682.8350219726562,682.8900146484375,682.114990234375,682.6900024414062,1500731,0.0002270634828296471,0.0024258825912757023,0.0024245163814116794
2025-10-27 09:40:00-04:00,682.75,682.864990234375,682.280029296875,682.8099975585938,1105791,-0.00012452095094495668,0.0024245163814116794,0.0024253090242102966
2025-10-27 09:45:00-04:00,682.5999755859375,682.9000244140625,682.47998046875,682.760009765625,805238,-0.0002197596474879842,0.0024253090242102966,0.00242368191458236
2025-10-27 09:50:00-04:00,682.9550170898438,683.0,682.3300170898438,682.6099853515625,819868,0.0005199959193305302,0.00242368191458236,0.0024169955625814154
2025-10-27 09:55:00-04:00,683.0800170898438,683.22998046875,682.748779296875,682.9749755859375,801753,0.00018301141218372724,0.0024169955625814154,0.0024060016374123873
2025-10-27 10:00:00-04:00,683.364990234375,683.6099853515625,682.9199829101562,682.9299926757812,1200524,0.00041710152568927994,0.0024060016374123873,0.002401149697171961
2025-10-27 10:05:00-04:00,683.39501953125,683.5999755859375,683.35498046875,683.3599853515625,844579,4.394231125479355e-05,0.002401149697171961,0.0023934684476231653
2025-10-27 10:10:00-04:00,683.22998046875,683.4099731445312,683.02001953125,683.4000244140625,661405,-0.00024152794409923676,0.0023934684476231653,0.002434643976528442
2025-10-27 10:15:00-04:00,682.5598754882812,683.27001953125,682.530029296875,683.239990234375,842888,-0.000981271066432265,0.002434643976528442,0.0024289107907454334
2025-10-27 10:20:00-04:00,682.7050170898438,682.7999877929688,682.4000244140625,682.5349731445312,797906,0.0002126204268465653,0.0024289107907454334,0.0023872814314041288
2025-10-27 10:25:00-04:00,683.030029296875,683.0607299804688,682.572998046875,682.7000122070312,1105053,0.000475952072880478,0.0023872814314041288,0.0004116746909296634
2025-10-27 10:30:00-04:00,683.0599975585938,683.1300048828125,682.760009765625,683.030029296875,645176,4.3874504804947755e-05,0.0004116746909296634,0.0004077231669447628
2025-10-27 10:35:00-04:00,683.0800170898438,683.3300170898438,683.0399780273438,683.0599975585938,602299,2.9308169055526307e-05,0.0004077231669447628,0.000414421394259197
2025-10-27 10:40:00-04:00,683.3200073242188,683.3350219726562,683.0150146484375,683.0800170898438,592366,0.0003512737595942634,0.000414421394259197,0.0004218980554630404
2025-10-27 10:45:00-04:00,683.0999755859375,683.3599853515625,682.97998046875,683.3200073242188,466112,-0.0003220557997321359,0.0004218980554630404,0.00042354294639728086
2025-10-27 10:50:00-04:00,682.760009765625,683.1099853515625,682.5700073242188,683.094970703125,521647,-0.000497804798411442,0.00042354294639728086,0.00041886320661048616
2025-10-27 10:55:00-04:00,682.6900024414062,682.97998046875,682.594970703125,682.739990234375,498084,-0.00010254102845837677,0.00041886320661048616,0.00039765136318911854
2025-10-27 11:00:00-04:00,682.780029296875,682.9199829101562,682.610107421875,682.6900024414062,601282,0.00013186207460678592,0.00039765136318911854,0.00039843164147399977
2025-10-27 11:05:00-04:00,682.6199951171875,682.8499755859375,682.5499877929688,682.780029296875,318252,-0.00023441361880592842,0.00039843164147399977,0.00044385137948930526
2025-10-27 11:10:00-04:00,683.0399780273438,683.0499877929688,682.6199951171875,682.6199951171875,517868,0.0006150622141018616,0.00044385137948930526,0.00032792523932899945
2025-10-27 11:15:00-04:00,682.989990234375,683.0999755859375,682.864990234375,683.0399780273438,510905,-7.318696390633587e-05,0.00032792523932899945,0.0003282426798948349
2025-10-27 11:20:00-04:00,683.1400146484375,683.1400146484375,682.875,682.9959106445312,469647,0.00021963416970479315,0.0003282426798948349,0.0003128561246757494
2025-10-27 11:25:00-04:00,683.3599853515625,683.3699951171875,683.130126953125,683.130126953125,562057,0.0003219476107208461,0.0003128561246757494,0.00031364616247860034
2025-10-27 11:30:00-04:00,683.4400024414062,683.530029296875,683.3300170898438,683.3599853515625,656294,0.00011708675834037095,0.00031364616247860034,0.00031390491485618673
2025-10-27 11:35:00-04:00,683.4400024414062,683.47998046875,683.260009765625,683.4013061523438,429076,0.0,0.00031390491485618673,0.00030214142675180953
2025-10-27 11:40:00-04:00,683.5599975585938,683.5999755859375,683.4299926757812,683.4349975585938,382435,0.00017555979150806644,0.00030214142675180953,0.00029504641554389805
2025-10-27 11:45:00-04:00,683.3900146484375,683.5750122070312,683.3049926757812,683.5700073242188,389895,-0.0002487039167701365,0.00029504641554389805,0.00025652927090180215
2025-10-27 11:50:00-04:00,683.25,683.3599853515625,683.2150268554688,683.2550048828125,403381,-0.00020490348215566298,0.00025652927090180215,0.00025636563051617577
2025-10-27 11:55:00-04:00,683.4199829101562,683.4650268554688,683.2000122070312,683.2449951171875,384849,0.0002487548759515901,0.00025636563051617577,0.00027334375153958637
2025-10-27 12:00:00-04:00,683.7050170898438,683.7100219726562,683.3900146484375,683.4124145507812,496560,0.0004169833538520105,0.00027334375153958637,0.00025589792061190636
2025-10-27 12:05:00-04:00,683.6801147460938,683.780029296875,683.5499877929688,683.7086791992188,533956,-3.642330631354054e-05,0.00025589792061190636,0.00021114183637669653
2025-10-27 12:10:00-04:00,683.6199951171875,683.6900024414062,683.5399780273438,683.6900024414062,394160,-8.793918542289321e-05,0.00021114183637669653,0.00022571206437477936
2025-10-27 12:15:00-04:00,683.4600219726562,683.6300048828125,683.4600219726562,683.6199951171875,336524,-0.00023403625722210995,0.00022571206437477936,0.00022618371054989691
2025-10-27 12:20:00-04:00,683.614990234375,683.625,683.375,683.469970703125,358767,0.00022671508293068272,0.00022618371054989691,0.0002182904182509325
2025-10-27 12:25:00-04:00,683.5,683.6199951171875,683.4500122070312,683.5700073242188,356338,-0.00016822320794900283,0.0002182904182509325,0.00023036054515409145
2025-10-27 12:30:00-04:00,683.6950073242188,683.760009765625,683.5057983398438,683.510009765625,459888,0.0002852662926598369,0.00023036054515409145,0.00023850693777987452
2025-10-27 12:35:00-04:00,683.5700073242188,683.77001953125,683.551025390625,683.6900024414062,290765,-0.0001828467766074355,0.00023850693777987452,0.00023552461582364357
2025-10-27 12:40:00-04:00,683.6500244140625,683.719970703125,683.52001953125,683.5599975585938,302702,0.00011705078638065737,0.00023552461582364357,0.00022087712521885148
2025-10-27 12:45:00-04:00,683.6699829101562,683.6950073242188,683.5399780273438,683.655029296875,207885,2.9193599140194763e-05,0.00022087712521885148,0.00021393009396831667
2025-10-27 12:50:00-04:00,683.8300170898438,683.8756103515625,683.6699829101562,683.75,345996,0.0002340536459497512,0.00021393009396831667,0.00021333342359022497
2025-10-27 12:55:00-04:00,683.739990234375,683.8800048828125,683.6900024414062,683.8300170898438,374757,-0.0001316595934637687,0.00021333342359022497,0.00017740186640361743
2025-10-27 13:00:00-04:00,683.77001953125,683.7899780273438,683.6699829101562,683.75,427356,4.3918211443339375e-05,0.00017740186640361743,0.0001993512841440292
2025-10-27 13:05:00-04:00,683.560302734375,683.7899780273438,683.560302734375,683.7750244140625,351737,-0.0003067536718881447,0.0001993512841440292,0.00020021114204175433
2025-10-27 13:10:00-04:00,683.625,683.64501953125,683.4550170898438,683.489990234375,424317,9.464300931826675e-05,0.00020021114204175433,0.00020798605554297618
2025-10-27 13:15:00-04:00,683.4199829101562,683.6699829101562,683.4099731445312,683.6199951171875,336177,-0.00029994198280781107,0.00020798605554297618,0.0002094500697934687
2025-10-27 13:20:00-04:00,683.219970703125,683.4299926757812,683.2100219726562,683.4199829101562,616640,-0.00029270651414873883,0.0002094500697934687,0.00023061740675273592
2025-10-27 13:25:00-04:00,683.4398803710938,683.4450073242188,683.1699829101562,683.2100830078125,410644,0.000321820633998778,0.00023061740675273592,0.00022370886945711826
2025-10-27 13:30:00-04:00,683.5899047851562,683.6099853515625,683.3150024414062,683.4400024414062,320537,0.00021948960628927086,0.00022370886945711826,0.00023130218714223106
2025-10-27 13:35:00-04:00,683.780029296875,683.7849731445312,683.510986328125,683.5850219726562,279176,0.0002780878944390335,0.00023130218714223106,0.00023679483512725952
2025-10-27 13:40:00-04:00,683.9299926757812,683.969970703125,683.739990234375,683.77001953125,932923,0.0002192911905273412,0.00023679483512725952,0.00023786604414878358
2025-10-27 13:45:00-04:00,683.9000854492188,683.989990234375,683.8499755859375,683.9400024414062,674664,-4.372944716683816e-05,0.00023786604414878358,0.00023173084126745487
2025-10-27 13:50:00-04:00,683.8201293945312,683.9099731445312,683.780029296875,683.9099731445312,329191,-0.00011691872929978398,0.00023173084126745487,0.00023295915876134454
2025-10-27 13:55:00-04:00,683.9400024414062,683.9500122070312,683.8099975585938,683.8200073242188,464294,0.0001752837275949438,0.00023295915876134454,0.0002345103304314085
2025-10-27 14:00:00-04:00,683.8900146484375,683.9600219726562,683.760009765625,683.9299926757812,398996,-7.309065068965638e-05,0.0002345103304314085,0.0002117149668246568
2025-10-27 14:05:00-04:00,683.9000244140625,683.9400024414062,683.8099975585938,683.8900146484375,219465,1.4636406669584113e-05,0.0002117149668246568,0.00021232484040610184
2025-10-27 14:10:00-04:00,683.8699951171875,683.9298706054688,683.8300170898438,683.9099731445312,299560,-4.3909862697694405e-05,0.00021232484040610184,0.00018580830096836748
2025-10-27 14:15:00-04:00,683.875,683.9299926757812,683.8200073242188,683.864990234375,332921,7.318444345016109e-06,0.00018580830096836748,0.00015285751890051962
2025-10-27 14:20:00-04:00,683.864990234375,683.9650268554688,683.8599853515625,683.8701171875,273042,-1.4636942250215717e-05,0.00015285751890051962,0.00013421544651999443
2025-10-27 14:25:00-04:00,683.8499755859375,683.9197998046875,683.7999877929688,683.9099731445312,527398,-2.1955815083297893e-05,0.00013421544651999443,0.00013420034096848655
2025-10-27 14:30:00-04:00,684.0,684.030029296875,683.85498046875,683.85498046875,410834,0.00021935799589385812,0.00013420034096848655,0.0001136686708029011
2025-10-27 14:35:00-04:00,684.0,684.0599975585938,683.8900146484375,683.9949951171875,609136,0.0,0.0001136686708029011,9.983694204810345e-05
2025-10-27 14:40:00-04:00,684.0700073242188,684.1199951171875,683.9650268554688,684.010009765625,475983,0.00010234465181621455,9.983694204810345e-05,9.820111260305927e-05
2025-10-27 14:45:00-04:00,684.0700073242188,684.1599731445312,684.010009765625,684.125,441668,0.0,9.820111260305927e-05,8.817315876772854e-05
2025-10-27 14:50:00-04:00,684.0999755859375,684.1300048828125,683.97998046875,684.0650024414062,405349,4.3807804728763805e-05,8.817315876772854e-05,7.722183971297275e-05
2025-10-27 14:55:00-04:00,684.14501953125,684.25,684.0800170898438,684.0900268554688,610544,6.584192960977916e-05,7.722183971297275e-05,8.659080120109896e-05
2025-10-27 15:00:00-04:00,684.0499877929688,684.1599731445312,684.02001953125,684.1500244140625,404572,-0.00013891548781476025,8.659080120109896e-05,0.00010635630051662913
2025-10-27 15:05:00-04:00,684.2100219726562,684.22998046875,684.0399780273438,684.0499877929688,448022,0.0002339236391841783,0.00010635630051662913,0.00010688513549261175
2025-10-27 15:10:00-04:00,684.1749877929688,684.2999877929688,684.1199951171875,684.2000122070312,571681,-5.120514978625984e-05,0.00010688513549261175,0.0001338571952022077
2025-10-27 15:15:00-04:00,684.010009765625,684.1699829101562,684.0,684.1699829101562,645812,-0.00024116333454577568,0.0001338571952022077,0.0001423097745984673
2025-10-27 15:20:00-04:00,684.1400146484375,684.14501953125,684.0,684.010009765625,613543,0.00019004477708415942,0.0001423097745984673,0.00014375985625966937
2025-10-27 15:25:00-04:00,684.22998046875,684.239990234375,684.1199951171875,684.1400146484375,494828,0.00013149341298500565,0.00014375985625966937,0.0001388224190048413
2025-10-27 15:30:00-04:00,684.344970703125,684.3800048828125,684.1849975585938,684.22998046875,792390,0.00016804375170997808,0.0001388224190048413,0.0001912934509464479
2025-10-27 15:35:00-04:00,684.6900024414062,684.760009765625,684.3200073242188,684.3499755859375,1559000,0.0005040510320839856,0.0001912934509464479,0.00019547556301960863
2025-10-27 15:40:00-04:00,684.6500244140625,684.7100219726562,684.510009765625,684.6950073242188,1017374,-5.8390212176765674e-05,0.00019547556301960863,0.00024065988390602766
2025-10-27 15:45:00-04:00,685.0399780273438,685.1500244140625,684.6099853515625,684.64501953125,2269264,0.0005694042055094103,0.00024065988390602766,0.00028450621142761957
2025-10-27 15:50:00-04:00,685.489990234375,685.530029296875,684.989990234375,685.0499877929688,3012391,0.0006566981147801543,0.00028450621142761957,0.00033623227416567487
2025-10-27 15:55:00-04:00,685.1799926757812,685.5399780273438,685.1699829101562,685.39501953125,4649261,-0.0004523299813148786,0.00033623227416567487,0.0007166951495761228
2025-10-28 09:30:00-04:00,686.7999877929688,687.2225952148438,686.6599731445312,687.0499877929688,2838626,0.0023615444731373983,0.0007166951495761228,0.0008022934298261417
2025-10-28 09:35:00-04:00,686.1749877929688,686.8300170898438,686.1199951171875,686.7999877929688,1413674,-0.0009104318058010282,0.0008022934298261417,0.0008127083566403741
2025-10-28 09:40:00-04:00,685.97998046875,686.2899780273438,685.8599853515625,686.1799926757812,942425,-0.00028423513384739175,0.0008127083566403741,0.000826277061537843
2025-10-28 09:45:00-04:00,685.6649780273438,686.0335083007812,685.1799926757812,685.97998046875,1079237,-0.00045930609811651273,0.000826277061537843,0.000850010068409212
2025-10-28 09:50:00-04:00,685.3300170898438,685.6900024414062,685.1199951171875,685.6649780273438,1057594,-0.0004886391932250683,0.000850010068409212,0.0008537573230226925
2025-10-28 09:55:00-04:00,685.6201171875,686.3800048828125,685.2899780273438,685.3400268554688,1267691,0.00042321029005050795,0.0008537573230226925,0.0008572562754005741
2025-10-28 10:00:00-04:00,685.9199829101562,685.9301147460938,685.52099609375,685.5499877929688,525196,0.00043726862585047175,0.0008572562754005741,0.000857164876409661
2025-10-28 10:05:00-04:00,685.7999877929688,685.9600219726562,685.5,685.9199829101562,548645,-0.00017495570532826988,0.000857164876409661,0.0008560266640673728
2025-10-28 10:10:00-04:00,685.8049926757812,685.9400024414062,685.6599731445312,685.8099975585938,563368,7.297848701129365e-06,0.0008560266640673728,0.0008465585614643474
2025-10-28 10:15:00-04:00,685.7650146484375,685.9400024414062,685.6799926757812,685.7999877929688,517262,-5.82952778809005e-05,0.0008465585614643474,0.0008287024897296073
2025-10-28 10:20:00-04:00,685.9000244140625,686.1099853515625,685.6799926757812,685.77001953125,481538,0.000196855299531772,0.0008287024897296073,0.0008164128176289068
2025-10-28 10:25:00-04:00,686.1300048828125,686.158203125,685.7100219726562,685.9000244140625,516485,0.0003352411623552686,0.0008164128176289068,0.0004081119725752913
2025-10-28 10:30:00-04:00,686.0250244140625,686.2000122070312,685.7999877929688,686.1199951171875,658275,-0.00015301546357871477,0.0004081119725752913,0.00031769650430490883
2025-10-28 10:35:00-04:00,685.9600219726562,686.3699951171875,685.9299926757812,686.030029296875,692032,-9.475677832792893e-05,0.00031769650430490883,0.0003084590330980331
2025-10-28 10:40:00-04:00,685.8900146484375,686.02001953125,685.7150268554688,685.969970703125,474026,-0.0001020626488474745,0.0003084590330980331,0.00028619597733656817
2025-10-28 10:45:00-04:00,686.10498046875,686.2000122070312,685.5900268554688,685.6300048828125,563989,0.00031336239977052487,0.00028619597733656817,0.00023569369739170144
2025-10-28 10:50:00-04:00,686.0499877929688,686.2100219726562,685.8809814453125,686.0999755859375,407212,-8.015519687311526e-05,0.00023569369739170144,0.00023345077830739895
2025-10-28 10:55:00-04:00,685.8499755859375,686.114990234375,685.6849975585938,686.0449829101562,627660,-0.0002915842463553519,0.00023345077830739895,0.0001946670873698825
2025-10-28 11:00:00-04:00,685.8350219726562,686.0999755859375,685.7899780273438,685.8599853515625,413793,-2.180327598316074e-05,0.0001946670873698825,0.00022309853766365245
2025-10-28 11:05:00-04:00,686.125,686.2100219726562,685.780029296875,685.8300170898438,402558,0.00042272081841702167,0.00022309853766365245,0.0002635074820052768
2025-10-28 11:10:00-04:00,685.8200073242188,686.1199951171875,685.6651000976562,686.10498046875,293620,-0.00044461356567102815,0.0002635074820052768,0.0002632384820948787
2025-10-28 11:15:00-04:00,685.8599853515625,685.9869995117188,685.760009765625,685.8300170898438,1312467,5.829060359338856e-05,0.0002632384820948787,0.00027845401836473294
2025-10-28 11:20:00-04:00,685.5999755859375,685.8800048828125,685.510009765625,685.8699951171875,331896,-0.0003791722341823201,0.00027845401836473294,0.00025282128824833164
2025-10-28 11:25:00-04:00,685.530029296875,685.6900024414062,685.3699951171875,685.5900268554688,374800,-0.00010202721678337713,0.00025282128824833164,0.0002844197634059877
2025-10-28 11:30:00-04:00,685.1699829101562,685.530029296875,685.1599731445312,685.52001953125,405807,-0.0005253467451565593,0.0002844197634059877,0.00032467135156556167
2025-10-28 11:35:00-04:00,685.469970703125,685.4949951171875,684.8300170898438,685.1799926757812,734090,0.00043773391687291694,0.00032467135156556167,0.0003499779892960471
2025-10-28 11:40:00-04:00,685.1199951171875,685.494384765625,685.030029296875,685.47998046875,430860,-0.0005106933543532672,0.0003499779892960471,0.0003391238475595207
2025-10-28 11:45:00-04:00,685.2550048828125,685.3499755859375,685.0,685.125,440703,0.0001970406145204814,0.0003391238475595207,0.0003528723617483544
2025-10-28 11:50:00-04:00,685.4149780273438,685.4600219726562,685.25,685.25,389811,0.00023342328533088838,0.0003528723617483544,0.0003569054213938334
2025-10-28 11:55:00-04:00,685.5800170898438,685.6099853515625,685.3200073242188,685.4199829101562,306266,0.00024075808283024187,0.0003569054213938334,0.00036194374439112756
2025-10-28 12:00:00-04:00,685.7000122070312,685.89501953125,685.5800170898438,685.5800170898438,465808,0.00017501183555539338,0.00036194374439112756,0.0003619529230965014
2025-10-28 12:05:00-04:00,685.989990234375,686.02197265625,685.6649780273438,685.7050170898438,395326,0.0004228040317382059,0.0003619529230965014,0.000347376837799641
2025-10-28 12:10:00-04:00,685.7949829101562,686.0,685.7449951171875,685.989990234375,316746,-0.00028431179718397837,0.000347376837799641,0.0003472686589977681
2025-10-28 12:15:00-04:00,685.830078125,685.9500122070312,685.7000122070312,685.7899780273438,315921,5.117318988749497e-05,0.0003472686589977681,0.0003292668057844211
2025-10-28 12:20:00-04:00,685.75,685.8300170898438,685.5999755859375,685.8099975585938,270866,-0.00011676769933911371,0.0003292668057844211,0.0003701940616878814
2025-10-28 12:25:00-04:00,686.1820068359375,686.2244873046875,685.7449951171875,685.760009765625,323504,0.0006297788054560625,0.0003701940616878814,0.0003458019966564081
2025-10-28 12:30:00-04:00,686.5999755859375,687.1500244140625,686.0599975585938,687.1099853515625,2232333,0.000608936842510045,0.0003458019966564081,0.0003798314155473269
2025-10-28 12:35:00-04:00,686.280029296875,686.6400146484375,686.1599731445312,686.5850219726562,475273,-0.0004660950610640597,0.0003798314155473269,0.00035839308528259466
2025-10-28 12:40:00-04:00,686.72998046875,686.72998046875,686.2000122070312,686.280029296875,429687,0.0006554230264633493,0.00035839308528259466,0.00035839301824106527
2025-10-28 12:45:00-04:00,686.8651733398438,687.114990234375,686.6749877929688,686.7249755859375,599189,0.0001968452948534351,0.00035839301824106527,0.0003582675825137682
2025-10-28 12:50:00-04:00,686.97998046875,687.1599731445312,686.7849731445312,686.8300170898438,526829,0.00016713256054393035,0.0003582675825137682,0.00036836551470332147
2025-10-28 12:55:00-04:00,686.9000244140625,687.0341796875,686.8499755859375,686.97998046875,382412,-0.0001163945242577378,0.00036836551470332147,0.0003787332067470051
2025-10-28 13:00:00-04:00,687.218994140625,687.3699951171875,686.8599853515625,686.8800048828125,349683,0.00046425342780999135,0.0003787332067470051,0.0003894356490630633
2025-10-28 13:05:00-04:00,687.0505981445312,687.2949829101562,686.989990234375,687.219970703125,303595,-0.00024506981436812046,0.0003894356490630633,0.0003670691821099453
2025-10-28 13:10:00-04:00,687.1649780273438,687.3200073242188,686.8699951171875,687.0599975585938,527508,0.00016646570605064983,0.0003670691821099453,0.00037642179675017776
2025-10-28 13:15:00-04:00,687.0700073242188,687.3198852539062,686.9000244140625,687.1699829101562,454924,-0.00013821610465243516,0.00037642179675017776,0.00036823535592924144
2025-10-28 13:20:00-04:00,687.2650146484375,687.2999877929688,687.0499877929688,687.0599975585938,276360,0.0002837842628030824,0.00036823535592924144,0.0003714010183406163
2025-10-28 13:25:00-04:00,687.010009765625,687.27001953125,686.969970703125,687.27001953125,391222,-0.00037111186801619763,0.0003714010183406163,0.0003353159146429523
2025-10-28 13:30:00-04:00,687.0750122070312,687.1400146484375,686.875,687.02001953125,363248,9.461196420199939e-05,0.0003353159146429523,0.0002920993918512838
2025-10-28 13:35:00-04:00,687.125,687.280029296875,687.0599975585938,687.0599975585938,321793,7.275184477768316e-05,0.0002920993918512838,0.00024170029255739573
2025-10-28 13:40:00-04:00,687.2999877929688,687.3255004882812,687.114990234375,687.1300048828125,411221,0.0002546341858862214,0.00024170029255739573,0.00024203721583678097
2025-10-28 13:45:00-04:00,687.4400024414062,687.52001953125,687.1201171875,687.2999877929688,422504,0.00020369618970313358,0.00024203721583678097,0.00024749489211460426
2025-10-28 13:50:00-04:00,687.625,687.7100219726562,687.4099731445312,687.4400024414062,552936,0.0002690746392083207,0.00024749489211460426,0.00024269770858115263
2025-10-28 13:55:00-04:00,687.6016845703125,687.6799926757812,687.3699951171875,687.6199951171875,491838,-3.3907762191211423e-05,0.00024269770858115263,0.00021296705932027544
2025-10-28 14:00:00-04:00,687.7000122070312,687.7080078125,687.5399780273438,687.6099853515625,358397,0.00014299064287736764,0.00021296705932027544,0.00020171262082470165
2025-10-28 14:05:00-04:00,687.5999755859375,687.75,687.55517578125,687.7100219726562,370893,-0.0001454760738138252,0.00020171262082470165,0.00021391665997733223
2025-10-28 14:10:00-04:00,687.8250122070312,687.8599853515625,687.5850219726562,687.5999755859375,429246,0.0003272248579151707,0.00021391665997733223,0.0002702306418587918
2025-10-28 14:15:00-04:00,688.3200073242188,688.3300170898438,687.7839965820312,687.8200073242188,653032,0.000719393859673157,0.0002702306418587918,0.0002759253419993735
2025-10-28 14:20:00-04:00,688.25,688.4000244140625,688.1799926757812,688.3200073242188,593482,-0.00010171269736612426,0.0002759253419993735,0.0002634108065964521
2025-10-28 14:25:00-04:00,688.051025390625,688.2999877929688,687.97998046875,688.25,543249,-0.00028914402749182476,0.0002634108065964521,0.00026968059089086207
2025-10-28 14:30:00-04:00,688.0,688.1900024414062,687.9500122070312,688.0549926757812,417076,-7.41620618812751e-05,0.00026968059089086207,0.0002913789189857741
2025-10-28 14:35:00-04:00,687.8150024414062,688.02001953125,687.7999877929688,688.010009765625,300750,-0.0002689279581636475,0.0002913789189857741,0.0002906194439738222
2025-10-28 14:40:00-04:00,687.97998046875,688.0349731445312,687.780029296875,687.8150024414062,453307,0.00023982937891732205,0.0002906194439738222,0.00029205030127485817
2025-10-28 14:45:00-04:00,687.9149780273438,687.969970703125,687.8200073242188,687.969970703125,513234,-9.448750582776039e-05,0.00029205030127485817,0.00028950840060564903
2025-10-28 14:50:00-04:00,688.0709838867188,688.1199951171875,687.9000244140625,687.9199829101562,419821,0.00022675501692830653,0.00028950840060564903,0.00028870280608912557
2025-10-28 14:55:00-04:00,688.155029296875,688.1699829101562,687.8699951171875,688.0650024414062,308797,0.00012213896475670832,0.00028870280608912557,0.00030104232803488995
2025-10-28 15:00:00-04:00,687.9852294921875,688.1480102539062,687.8200073242188,688.1480102539062,1466605,-0.0002467768884236496,0.00030104232803488995,0.00030846776610851944
2025-10-28 15:05:00-04:00,688.22998046875,688.2352294921875,687.97998046875,687.989990234375,740284,0.0003556870718639152,0.00030846776610851944,0.0002991258606437317
2025-10-28 15:10:00-04:00,688.2100219726562,688.260009765625,688.0941772460938,688.219970703125,623818,-2.90001686375744e-05,0.0002991258606437317,0.00021132957436832814
2025-10-28 15:15:00-04:00,688.1799926757812,688.2100219726562,687.97998046875,688.2100219726562,676711,-4.3634865932155986e-05,0.00021132957436832814,0.00022029546145791825
2025-10-28 15:20:00-04:00,688.3350219726562,688.3400268554688,688.135009765625,688.1849975585938,539018,0.00022524897422939558,0.00022029546145791825,0.0002422458269663022
2025-10-28 15:25:00-04:00,688.6900024414062,688.905029296875,688.219970703125,688.3300170898438,987306,0.000515575926827321,0.0002422458269663022,0.00025838345727515345
2025-10-28 15:30:00-04:00,688.510009765625,688.7100219726562,688.4299926757812,688.7000122070312,1024104,-0.00026138930469170974,0.00025838345727515345,0.00034631721007393347
2025-10-28 15:35:00-04:00,687.969970703125,688.5599975585938,687.9500122070312,688.510009765625,1384383,-0.0007846668282450814,0.00034631721007393347,0.0003860673342544827
2025-10-28 15:40:00-04:00,687.530029296875,687.969970703125,687.4299926757812,687.969970703125,1584866,-0.0006396821828452002,0.0003860673342544827,0.00038837455975706484
2025-10-28 15:45:00-04:00,687.3900146484375,687.77001953125,687.3200073242188,687.5399780273438,1379234,-0.0002036695145119015,0.00038837455975706484,0.0003785389717615317
2025-10-28 15:50:00-04:00,687.260009765625,687.47998046875,686.905029296875,687.3800048828125,2021350,-0.0001891461548629543,0.0003785389717615317,0.00038137202381714573
2025-10-28 15:55:00-04:00,686.97998046875,687.4600219726562,686.9199829101562,687.27001953125,4044314,-0.0004075406082500835,0.00038137202381714573,0.0008989716235669742
2025-10-29 09:30:00-04:00,688.8300170898438,688.9400024414062,688.1500244140625,688.719970703125,2940995,0.0026893796955241864,0.0008989716235669742,0.0008954429750590448
2025-10-29 09:35:00-04:00,688.8699951171875,689.0800170898438,688.6599731445312,688.8400268554688,1336726,5.80358960596681e-05,0.0008954429750590448,0.0009035953875953964
2025-10-29 09:40:00-04:00,689.22998046875,689.260009765625,688.6599731445312,688.8800048828125,1082394,0.0005224372195454947,0.0009035953875953964,0.0009179097150136882
2025-10-29 09:45:00-04:00,688.9201049804688,689.3599853515625,688.719970703125,689.22998046875,1403231,-0.0004496977459495895,0.0009179097150136882,0.0009264599510902517
2025-10-29 09:50:00-04:00,689.2899780273438,689.4000244140625,688.7100219726562,688.9199829101562,1120784,0.0005367440861375943,0.0009264599510902517,0.0009226961127003799
2025-10-29 09:55:00-04:00,689.5700073242188,689.6900024414062,689.2222900390625,689.2899780273438,1015872,0.00040617510653705895,0.0009226961127003799,0.0009373213383546221
2025-10-29 10:00:00-04:00,689.1851196289062,689.7000122070312,689.0900268554688,689.5900268554688,818305,-0.0005583119116458501,0.0009373213383546221,0.0009159716137513979
2025-10-29 10:05:00-04:00,688.8499755859375,689.1900024414062,688.6799926757812,689.1799926757812,943233,-0.0004864085838455353,0.0009159716137513979,0.0008885260206617154
2025-10-29 10:10:00-04:00,688.7899780273438,689.0549926757812,688.4500122070312,688.8400268554688,1041169,-8.710194339866116e-05,0.0008885260206617154,0.0008856889587481223
2025-10-29 10:15:00-04:00,688.7100219726562,688.89599609375,688.530029296875,688.7899780273438,660118,-0.0001160886457746889,0.0008856889587481223,0.0008789208551579778
2025-10-29 10:20:00-04:00,688.8699951171875,689.0499877929688,688.5750122070312,688.719970703125,710823,0.0002322524183941328,0.0008789208551579778,0.0008585886104274337
2025-10-29 10:25:00-04:00,688.97998046875,689.010009765625,688.6400146484375,688.8499755859375,780955,0.00015964779002789278,0.0008585886104274337,0.0003826447668446703
2025-10-29 10:30:00-04:00,688.8599853515625,689.110107421875,688.739990234375,688.969970703125,777938,-0.00017417859906459438,0.0003826447668446703,0.0003845089501573858
2025-10-29 10:35:00-04:00,688.760009765625,688.9749755859375,688.6599731445312,688.8800048828125,755684,-0.00014514247247765044,0.0003845089501573858,0.00039114687747693387
2025-10-29 10:40:00-04:00,688.280029296875,688.8099975585938,688.1900024414062,688.760009765625,998693,-0.0006971191462450247,0.00039114687747693387,0.00037908863618207216
2025-10-29 10:45:00-04:00,688.1199951171875,688.5399780273438,688.0900268554688,688.2899780273438,884433,-0.00023254021733507983,0.00037908863618207216,0.00037380256458676315
2025-10-29 10:50:00-04:00,688.4650268554688,688.5999755859375,687.8099975585938,688.1199951171875,1139978,0.000501286502466878,0.00037380256458676315,0.0003381972451525436
2025-10-29 10:55:00-04:00,688.3499755859375,688.489990234375,688.2849731445312,688.469970703125,851189,-0.00016712669399302207,0.0003381972451525436,0.000325461830662289
2025-10-29 11:00:00-04:00,688.0571899414062,688.489990234375,688.0499877929688,688.3599853515625,898823,-0.0004254346479445999,0.000325461830662289,0.00034618170805978527
2025-10-29 11:05:00-04:00,688.3699951171875,688.5399780273438,688.0499877929688,688.0499877929688,1607652,0.0004545175866356947,0.00034618170805978527,0.00034643106322719113
2025-10-29 11:10:00-04:00,688.3699951171875,688.4400024414062,688.0800170898438,688.3900146484375,783417,0.0,0.00034643106322719113,0.00035694856883273384
2025-10-29 11:15:00-04:00,688.5499877929688,688.5700073242188,688.1099853515625,688.3599853515625,788152,0.0002614424643995631,0.00035694856883273384,0.0003564976498854182
2025-10-29 11:20:00-04:00,688.7050170898438,688.77001953125,688.4299926757812,688.469970703125,758432,0.00022512794940683067,0.0003564976498854182,0.00038465822318889224
2025-10-29 11:25:00-04:00,688.3099975585938,688.819580078125,688.3099975585938,688.7050170898438,921463,-0.0005737330935154458,0.00038465822318889224,0.0003893705110593178
2025-10-29 11:30:00-04:00,688.0999755859375,688.3699951171875,688.0700073242188,688.3200073242188,641745,-0.00030517357238611463,0.0003893705110593178,0.0003970902396929223
2025-10-29 11:35:00-04:00,688.22998046875,688.2999877929688,687.8900146484375,688.0900268554688,755956,0.0001889152853605136,0.0003970902396929223,0.0003434420160895032
2025-10-29 11:40:00-04:00,688.219970703125,688.3800048828125,688.1099853515625,688.2849731445312,621651,-1.4544321959097097e-05,0.0003434420160895032,0.00033754120143913746
2025-10-29 11:45:00-04:00,688.3049926757812,688.3300170898438,687.8400268554688,688.2199096679688,1974507,0.00012353131984713995,0.00033754120143913746,0.00030223194068759637
2025-10-29 11:50:00-04:00,688.3200073242188,688.3599853515625,688.030029296875,688.3099975585938,433394,2.1813708799619136e-05,0.00030223194068759637,0.0003188998746234086
2025-10-29 11:55:00-04:00,688.0499877929688,688.3300170898438,687.9000244140625,688.3300170898438,428065,-0.0003923647502808376,0.0003188998746234086,0.00034517990505056757
2025-10-29 12:00:00-04:00,687.6199951171875,688.0599975585938,687.5900268554688,688.0399780273438,505344,-0.0006251393068489308,0.00034517990505056757,0.0003418187380767587
2025-10-29 12:05:00-04:00,687.9149780273438,688.1500244140625,687.5900268554688,687.625,618993,0.0004288991853167206,0.0003418187380767587,0.00034762916016430734
2025-10-29 12:10:00-04:00,688.030029296875,688.10498046875,687.6699829101562,687.9400024414062,270624,0.00016723236639098668,0.00034762916016430734,0.000346511484884633
2025-10-29 12:15:00-04:00,688.2000122070312,688.2050170898438,687.97998046875,688.02001953125,348919,0.0002470268863408433,0.000346511484884633,0.0003612771961692773
2025-10-29 12:20:00-04:00,688.469970703125,688.510009765625,688.1849975585938,688.2100219726562,369513,0.00039219058003054464,0.0003612771961692773,0.00031791552499348125
2025-10-29 12:25:00-04:00,688.469970703125,688.530029296875,688.3400268554688,688.4600219726562,231129,0.0,0.00031791552499348125,0.00030136983095492066
2025-10-29 12:30:00-04:00,688.469970703125,688.6400146484375,688.4000244140625,688.469970703125,326790,0.0,0.00030136983095492066,0.00030040738660586704
2025-10-29 12:35:00-04:00,688.4000244140625,688.5650024414062,688.3051147460938,688.47998046875,258721,-0.0001016018787114647,0.00030040738660586704,0.0003024940523427343
2025-10-29 12:40:00-04:00,688.5050048828125,688.5750122070312,688.364990234375,688.3900146484375,310570,0.00015248759605007554,0.0003024940523427343,0.00030320502163705865
2025-10-29 12:45:00-04:00,688.4400024414062,688.780029296875,688.4149780273438,688.5050048828125,366057,-9.441545030311802e-05,0.00030320502163705865,0.00031868695385158587
2025-10-29 12:50:00-04:00,688.6849975585938,688.7249755859375,688.3200073242188,688.4400024414062,238792,0.0003558066548383442,0.00031868695385158587,0.0002986497762879266
2025-10-29 12:55:00-04:00,688.5499877929688,688.760009765625,688.5,688.6900024414062,272454,-0.0001960591583767131,0.0002986497762879266,0.00020657120308339012
2025-10-29 13:00:00-04:00,688.6099853515625,688.6400146484375,688.4000244140625,688.5499877929688,454542,8.713230096968166e-05,0.00020657120308339012,0.0002108853014070118
2025-10-29 13:05:00-04:00,688.4199829101562,688.614990234375,688.39501953125,688.6099853515625,216888,-0.0002759597786414334,0.0002108853014070118,0.0002207096480936147
2025-10-29 13:10:00-04:00,688.6300048828125,688.64501953125,688.280029296875,688.4199829101562,200113,0.0003050317361700392,0.0002207096480936147,0.00022446386911582504
2025-10-29 13:15:00-04:00,688.5057983398438,688.8099975585938,688.47998046875,688.6300048828125,242830,-0.0001803838706609656,0.00022446386911582504,0.00022928306343929054
2025-10-29 13:20:00-04:00,688.219970703125,688.5059204101562,688.1849975585938,688.5001220703125,251720,-0.00041522814093059046,0.00022928306343929054,0.0002550532480063218
2025-10-29 13:25:00-04:00,687.9299926757812,688.2100219726562,687.739990234375,688.2100219726562,487092,-0.0004214337671797887,0.0002550532480063218,0.0002551168679372761
2025-10-29 13:30:00-04:00,687.8300170898438,687.9199829101562,687.6199951171875,687.739990234375,401448,-0.000145338700651049,0.0002551168679372761,0.00026499943589776713
2025-10-29 13:35:00-04:00,687.9500122070312,688.030029296875,687.8300170898438,687.8300170898438,397884,0.0001744393942876893,0.00026499943589776713,0.00027445065055196964
2025-10-29 13:40:00-04:00,688.1300048828125,688.1599731445312,687.8499755859375,687.9500122070312,287359,0.00026160205013145795,0.00027445065055196964,0.00028295285145001607
2025-10-29 13:45:00-04:00,688.27001953125,688.3200073242188,687.8900146484375,688.1099853515625,341799,0.00020345051792642878,0.00028295285145001607,0.00025719222662161134
2025-10-29 13:50:00-04:00,688.260009765625,688.5399780273438,688.1699829101562,688.2750244140625,444134,-1.4543475859036179e-05,0.00025719222662161134,0.0002545355647865662
2025-10-29 13:55:00-04:00,688.169921875,688.2999877929688,687.8743896484375,688.260009765625,402619,-0.00013090080167944387,0.0002545355647865662,0.0002552578994313758
2025-10-29 14:00:00-04:00,688.02001953125,688.9400024414062,687.510009765625,688.1099853515625,1382755,-0.00021785124252500252,0.0002552578994313758,0.0002693893115318579
2025-10-29 14:05:00-04:00,688.239990234375,688.52001953125,687.3300170898438,688.02001953125,797706,0.0003196644579327012,0.0002693893115318579,0.00035246154518188633
2025-10-29 14:10:00-04:00,687.6099853515625,688.3599853515625,687.5449829101562,688.260009765625,619116,-0.0009158046851382679,0.00035246154518188633,0.00041448261994508846
2025-10-29 14:15:00-04:00,688.0499877929688,688.2249755859375,687.3499755859375,687.6199951171875,697476,0.0006396965311202826,0.00041448261994508846,0.0004121337466077351
2025-10-29 14:20:00-04:00,687.7855834960938,688.0599975585938,687.3900146484375,688.0599975585938,555472,-0.00038435450521497337,0.0004121337466077351,0.00040780129852160496
2025-10-29 14:25:00-04:00,688.010009765625,688.06982421875,687.4949951171875,687.7999877929688,440774,0.0003262494408631908,0.00040780129852160496,0.0004473430597818621
2025-10-29 14:30:00-04:00,688.47998046875,688.719970703125,687.8200073242188,688.0,928050,0.0006828538161861633,0.0004473430597818621,0.0021417800977511516
2025-10-29 14:35:00-04:00,683.5499877929688,685.7100219726562,683.489990234375,685.5999755859375,5519658,-0.007186452201921161,0.0021417800977511516,0.0021280546996774686
2025-10-29 14:40:00-04:00,683.2899780273438,685.0700073242188,682.8699951171875,683.5499877929688,3538334,-0.0003804538574568327,0.0021280546996774686,0.0022606435449785372
2025-10-29 14:45:00-04:00,684.739990234375,685.02001953125,683.1400146484375,683.2999877929688,2101920,0.002119855242465793,0.0022606435449785372,0.00236139076294978
2025-10-29 14:50:00-04:00,686.0700073242188,686.5499877929688,684.6500244140625,684.7000122070312,2119951,0.0019404841072919355,0.00236139076294978,0.002361976418002547
2025-10-29 14:55:00-04:00,686.0399780273438,686.9199829101562,685.530029296875,686.0499877929688,1727878,-4.3770976380009764e-05,0.002361976418002547,0.0024094523357929463
2025-10-29 15:00:00-04:00,684.72998046875,686.75,684.469970703125,686.47998046875,1525501,-0.00191133158307123,0.0024094523357929463,0.00251427698637801
2025-10-29 15:05:00-04:00,686.2000122070312,686.8300170898438,684.6799926757812,684.739990234375,1215160,0.0021445767611040175,0.00251427698637801,0.0025055898515806067
2025-10-29 15:10:00-04:00,686.0089721679688,686.719970703125,685.8099975585938,686.1900024414062,1163633,-0.00027844161125902846,0.0025055898515806067,0.002491994913643273
2025-10-29 15:15:00-04:00,685.9000244140625,686.3200073242188,684.97998046875,686.0700073242188,1291901,-0.00015882650293380342,0.002491994913643273,0.002491814448082262
2025-10-29 15:20:00-04:00,685.6699829101562,686.510009765625,685.3300170898438,685.8099975585938,1356407,-0.00033544260203250743,0.002491814448082262,0.0024850693865481567
2025-10-29 15:25:00-04:00,685.4299926757812,686.6799926757812,685.280029296875,685.6900024414062,966483,-0.00035006963912067153,0.0024850693865481567,0.0024662805612701007
2025-10-29 15:30:00-04:00,684.97998046875,685.75,684.6199951171875,685.3900146484375,863299,-0.0006567556162392108,0.0024662805612701007,0.001250254552027625
2025-10-29 15:35:00-04:00,685.4000244140625,685.5,684.0499877929688,684.9600219726562,1570877,0.0006130328185912897,0.001250254552027625,0.001236397341690149
2025-10-29 15:40:00-04:00,685.4879760742188,685.6199951171875,684.6400756835938,685.4099731445312,1252232,0.000128313414729099,0.001236397341690149,0.0011194022232301306
2025-10-29 15:45:00-04:00,686.1599731445312,686.6199951171875,685.4199829101562,685.4849853515625,2037878,0.000979839067976245,0.0011194022232301306,0.0009799577931494862
2025-10-29 15:50:00-04:00,686.47998046875,687.280029296875,686.1699829101562,686.1799926757812,2046726,0.0004662655041826688,0.0009799577931494862,0.0010342493758236655
2025-10-29 15:55:00-04:00,687.3099975585938,687.3599853515625,686.239990234375,686.469970703125,3714395,0.001208361109214687,0.0010342493758236655,0.0019989645410513736
2025-10-30 09:30:00-04:00,683.2000122070312,683.9099731445312,683.0599975585938,683.9000244140625,3972456,-0.005997763814983084,0.0019989645410513736,0.0019124049927206606
2025-10-30 09:35:00-04:00,681.8699951171875,683.2199096679688,681.3900146484375,683.1900024414062,2242538,-0.0019486436645310132,0.0019124049927206606,0.0019513576034532207
2025-10-30 09:40:00-04:00,682.4299926757812,682.77001953125,681.4600219726562,681.8699951171875,1872775,0.0008209302866731976,0.0019513576034532207,0.002101076083168868
2025-10-30 09:45:00-04:00,683.969970703125,684.3599853515625,682.219970703125,682.4199829101562,1602898,0.0022540672140603573,0.002101076083168868,0.0021969805683169203
2025-10-30 09:50:00-04:00,685.3400268554688,685.6400146484375,683.9299926757812,683.969970703125,1644592,0.0020010904937084553,0.0021969805683169203,0.0021991267549910563
2025-10-30 09:55:00-04:00,685.0050048828125,685.4600219726562,684.6699829101562,685.3499755859375,1180158,-0.0004889600379053008,0.0021991267549910563,0.0022052815028682704
2025-10-30 10:00:00-04:00,684.4099731445312,685.9400024414062,684.239990234375,685.0050048828125,1664048,-0.0008690306229693194,0.0022052815028682704,0.002196745000073794
2025-10-30 10:05:00-04:00,684.5399780273438,685.5599975585938,684.3499755859375,684.4000244140625,971134,0.00018993372707593896,0.002196745000073794,0.002200794081036117
2025-10-30 10:10:00-04:00,684.8150024414062,684.9600219726562,683.8300170898438,684.5499877929688,1035715,0.00040168462039895966,0.002200794081036117,0.0022041216478519256
2025-10-30 10:15:00-04:00,683.8499755859375,684.8800048828125,683.6900024414062,684.8400268554688,945104,-0.0014101727316492823,0.0022041216478519256,0.002191662035568557
2025-10-30 10:20:00-04:00,683.6699829101562,684.6699829101562,683.25,683.8499145507812,1050361,-0.0002632395610789712,0.002191662035568557,0.00213730613154845
2025-10-30 10:25:00-04:00,683.469970703125,684.0800170898438,683.2899780273438,683.6500244140625,655518,-0.00029259946347057637,0.00213730613154845,0.0013000749440436393
2025-10-30 10:30:00-04:00,684.4299926757812,684.56982421875,683.4099731445312,683.4600219726562,765158,0.0014036437692500235,0.0013000749440436393,0.0011246566188698414
2025-10-30 10:35:00-04:00,684.4099731445312,684.8099975585938,683.9299926757812,684.4099731445312,611255,-2.925036052618649e-05,0.0011246566188698414,0.001146284303241746
2025-10-30 10:40:00-04:00,685.2401123046875,685.719970703125,684.4500122070312,684.4500122070312,719373,0.0012121917424408259,0.001146284303241746,0.0010127492993163016
2025-10-30 10:45:00-04:00,684.709716796875,685.4400024414062,684.4400024414062,685.239990234375,694152,-0.000774328406846438,0.0010127492993163016,0.0008558138580488744
2025-10-30 10:50:00-04:00,684.030029296875,684.8699951171875,683.6400146484375,684.719970703125,599423,-0.0009931582067489403,0.0008558138580488744,0.0008721958724857925
2025-10-30 10:55:00-04:00,684.4099731445312,684.6199951171875,683.6900024414062,684.0,718209,0.0005552948711547659,0.0008721958724857925,0.0008636338871255015
2025-10-30 11:00:00-04:00,684.9299926757812,685.0599975585938,684.4000244140625,684.4099731445312,473943,0.0007595185552581901,0.0008636338871255015,0.0008630189139869203
2025-10-30 11:05:00-04:00,685.02001953125,685.1300048828125,684.469970703125,684.9199829101562,654522,0.00013143086214268605,0.0008630189139869203,0.0008627442358682855
2025-10-30 11:10:00-04:00,685.2899780273438,685.3400268554688,684.8900146484375,685.02001953125,390787,0.00039401084435967845,0.0008627442358682855,0.0007324180119655993
2025-10-30 11:15:00-04:00,685.239990234375,685.3300170898438,684.8099975585938,685.2899780273438,426885,-7.294666172721869e-05,0.0007324180119655993,0.0007242179745583789
2025-10-30 11:20:00-04:00,685.1900024414062,685.530029296875,685.030029296875,685.25,410639,-7.295198333088017e-05,0.0007242179745583789,0.0007449243544322415
2025-10-30 11:25:00-04:00,684.7999877929688,685.22998046875,684.6799926757812,685.2100219726562,348841,-0.000569368625689088,0.0007449243544322415,0.0006616683465410644
2025-10-30 11:30:00-04:00,684.385009765625,684.9099731445312,684.2150268554688,684.7999877929688,519938,-0.0006061679623868489,0.0006616683465410644,0.0007174957639552545
2025-10-30 11:35:00-04:00,683.7249755859375,684.4500122070312,683.5800170898438,684.3800048828125,526185,-0.0009648847504400761,0.0007174957639552545,0.0005902995522106836
2025-10-30 11:40:00-04:00,683.5599975585938,683.7249755859375,683.1500244140625,683.7100219726562,826706,-0.00024132208191390516,0.0005902995522106836,0.0005644837802622931
2025-10-30 11:45:00-04:00,683.3400268554688,683.77001953125,683.010009765625,683.5499877929688,845582,-0.0003218533924867099,0.0005644837802622931,0.0005113113963853569
2025-10-30 11:50:00-04:00,683.52001953125,683.5800170898438,683.234619140625,683.3400268554688,396340,0.0002633666516149901,0.0005113113963853569,0.00047355514116103833
2025-10-30 11:55:00-04:00,683.3800048828125,684.030029296875,683.3049926757812,683.52001953125,604151,-0.0002048645057083739,0.00047355514116103833,0.0005322594318052
2025-10-30 12:00:00-04:00,684.114990234375,684.1849975585938,683.219970703125,683.4000244140625,524173,0.0010749369101300172,0.0005322594318052,0.00061214622760827
2025-10-30 12:05:00-04:00,684.77001953125,684.8001098632812,683.97998046875,684.1300048828125,513037,0.0009570261083978541,0.00061214622760827,0.0006140530232821365
2025-10-30 12:10:00-04:00,685.0599975585938,685.1400146484375,684.5850219726562,684.77001953125,473505,0.0004233781243768786,0.0006140530232821365,0.0006168132464610545
2025-10-30 12:15:00-04:00,684.9013061523438,685.0999755859375,684.7899780273438,685.0800170898438,351598,-0.00023167283123971862,0.0006168132464610545,0.0006199619707144022
2025-10-30 12:20:00-04:00,685.0250244140625,685.0399780273438,684.5250244140625,684.9000244140625,374616,0.00018062031409218785,0.0006199619707144022,0.0005973257150931802
2025-10-30 12:25:00-04:00,684.9299926757812,685.1500244140625,684.739990234375,685.0399780273438,305842,-0.0001387370201914358,0.0005973257150931802,0.000699354226206877
2025-10-30 12:30:00-04:00,684.0,684.9500122070312,683.97998046875,684.9500122070312,466884,-0.001358714943538513,0.000699354226206877,0.0006370895589502036
2025-10-30 12:35:00-04:00,683.97998046875,684.0985107421875,683.5800170898438,684.0,524754,-2.9268748866605098e-05,0.0006370895589502036,0.0006408840395697665
2025-10-30 12:40:00-04:00,684.280029296875,684.3499145507812,683.7000122070312,684.0,490968,0.00043858452456862107,0.0006408840395697665,0.0006278620518057011
2025-10-30 12:45:00-04:00,684.3400268554688,684.5098876953125,684.1199951171875,684.280029296875,377007,8.767598920164313e-05,0.0006278620518057011,0.0006278316379482244
2025-10-30 12:50:00-04:00,684.3099975585938,684.510009765625,683.989990234375,684.3599853515625,349338,-4.388162984570524e-05,0.0006278316379482244,0.0006209240966463599
2025-10-30 12:55:00-04:00,684.4400024414062,684.6400146484375,684.280029296875,684.3200073242188,309455,0.0001899614731738922,0.0006209240966463599,0.0005998073147591572
2025-10-30 13:00:00-04:00,683.875,684.4199829101562,683.7449951171875,684.4199829101562,358924,-0.0008258368467924589,0.0005998073147591572,0.0005259797739831365
2025-10-30 13:05:00-04:00,683.52001953125,683.8499755859375,683.0999755859375,683.8499755859375,506866,-0.0005192069177584091,0.0005259797739831365,0.0004937726312098972
2025-10-30 13:10:00-04:00,683.3699951171875,683.5999755859375,683.0700073242188,683.510009765625,440205,-0.0002195120500657363,0.0004937726312098972,0.0005244781113220053
2025-10-30 13:15:00-04:00,683.6500244140625,683.77001953125,683.2899780273438,683.3699951171875,334176,0.0004096930502713061,0.0005244781113220053,0.0005647543343587234
2025-10-30 13:20:00-04:00,684.0800170898438,684.1300048828125,683.2799072265625,683.6300048828125,443001,0.0006287683634921729,0.0005647543343587234,0.0005890501190686645
2025-10-30 13:25:00-04:00,684.4000244140625,684.6099853515625,684.0800170898438,684.0850219726562,433877,0.0004676828603213857,0.0005890501190686645,0.00045107862691082484
2025-10-30 13:30:00-04:00,684.0800170898438,684.4099731445312,683.9199829101562,684.4000244140625,440935,-0.00046768286032135276,0.00045107862691082484,0.0004537059105999509
2025-10-30 13:35:00-04:00,683.969970703125,684.0800170898438,683.5999755859375,684.0599975585938,408382,-0.00016088065193238808,0.0004537059105999509,0.0004323493457702173
2025-10-30 13:40:00-04:00,683.97998046875,684.0100708007812,683.6300048828125,683.969970703125,417775,1.4634695686845568e-05,0.0004323493457702173,0.0004979222992804904
2025-10-30 13:45:00-04:00,684.5399780273438,684.5449829101562,683.97998046875,684.0,342138,0.0008183988642230021,0.0004979222992804904,0.000498627317113605
2025-10-30 13:50:00-04:00,684.47998046875,684.6400146484375,684.1099853515625,684.5399780273438,391810,-8.76503783014151e-05,0.000498627317113605,0.0004970717373801006
2025-10-30 13:55:00-04:00,684.3983764648438,684.52001953125,684.1400146484375,684.469970703125,260236,-0.0001192275465377665,0.0004970717373801006,0.0004871334104296502
2025-10-30 14:00:00-04:00,683.8800048828125,684.39501953125,683.8200073242188,684.39501953125,512534,-0.0007576990382918591,0.0004871334104296502,0.0004893004405362614
2025-10-30 14:05:00-04:00,683.510009765625,683.9299926757812,683.1400146484375,683.8900146484375,1012213,-0.0005411698524250357,0.0004893004405362614,0.0005412219671137959
2025-10-30 14:10:00-04:00,682.9515991210938,683.619873046875,682.8699951171875,683.510009765625,562141,-0.0008173089854617583,0.0005412219671137959,0.0005228541514592659
2025-10-30 14:15:00-04:00,682.97998046875,683.1099853515625,682.5399780273438,682.9400024414062,631115,4.155603118697137e-05,0.0005228541514592659,0.00047409437259592703
2025-10-30 14:20:00-04:00,682.7899780273438,683.260009765625,682.5800170898438,682.97998046875,850530,-0.00027823491276848664,0.00047409437259592703,0.0004491224347920431
2025-10-30 14:25:00-04:00,682.9400024414062,683.0800170898438,682.625,682.780029296875,323873,0.000219698500891806,0.0004491224347920431,0.0004419304065025983
2025-10-30 14:30:00-04:00,682.9400024414062,683.489990234375,682.8900146484375,682.9299926757812,611833,0.0,0.0004419304065025983,0.000481351850585043
2025-10-30 14:35:00-04:00,682.39501953125,682.989990234375,682.280029296875,682.9500122070312,687967,-0.0007983138648449709,0.000481351850585043,0.0004858324130567172
2025-10-30 14:40:00-04:00,682.469970703125,682.5999755859375,682.1649780273438,682.4199829101562,658361,0.0001098294299972646,0.0004858324130567172,0.0004293311012816198
2025-10-30 14:45:00-04:00,682.7999877929688,683.114990234375,682.4099731445312,682.47998046875,541577,0.0004834459210322427,0.0004293311012816198,0.00044389777996454283
2025-10-30 14:50:00-04:00,682.9298706054688,682.9600219726562,682.469970703125,682.77001953125,446604,0.00019020278731244762,0.00044389777996454283,0.00047864676401013375
2025-10-30 14:55:00-04:00,682.3699951171875,683.010009765625,682.2100219726562,682.9199829101562,918593,-0.000820150259618041,0.00047864676401013375,0.00046150379928335396
2025-10-30 15:00:00-04:00,682.0,682.4299926757812,681.8699951171875,682.3599853515625,927387,-0.0005423677266160543,0.00046150379928335396,0.00045712732683914493
2025-10-30 15:05:00-04:00,682.0399780273438,682.1599731445312,681.6199951171875,682.0,873332,5.8617090406738714e-05,0.00045712732683914493,0.0004258969516817434
2025-10-30 15:10:00-04:00,681.690185546875,682.02001953125,681.6599731445312,682.02001953125,730526,-0.0005129936955020941,0.0004258969516817434,0.0004248344287528304
2025-10-30 15:15:00-04:00,681.7000122070312,681.8150024414062,681.1649780273438,681.7000122070312,1116951,1.4415037122372393e-05,0.0004248344287528304,0.0004938214811553275
2025-10-30 15:20:00-04:00,681.0,681.6699829101562,680.3400268554688,681.6699829101562,1252764,-0.0010273901259767626,0.0004938214811553275,0.000512028077266574
2025-10-30 15:25:00-04:00,681.280029296875,681.4550170898438,680.9500122070312,681.02001953125,770542,0.0004111185582949058,0.000512028077266574,0.0005217624250346532
2025-10-30 15:30:00-04:00,681.4099731445312,681.9849853515625,681.260009765625,681.2899780273438,1251749,0.0001907166674993068,0.0005217624250346532,0.000526886945416603
2025-10-30 15:35:00-04:00,680.8344116210938,681.4400024414062,680.760009765625,681.4400024414062,1348900,-0.000845019534120122,0.000526886945416603,0.0005184283377114464
2025-10-30 15:40:00-04:00,680.6599731445312,681.0999755859375,680.5599975585938,680.8399047851562,1144322,-0.0002562456069872384,0.0005184283377114464,0.00047306603938122784
2025-10-30 15:45:00-04:00,680.6199951171875,680.8300170898438,680.1599731445312,680.6599731445312,1631893,-5.8735937187596204e-05,0.00047306603938122784,0.0004506927159605836
2025-10-30 15:50:00-04:00,680.4199829101562,681.1749877929688,680.3499755859375,680.6300048828125,2767814,-0.0002939108500852931,0.0004506927159605836,0.00043637211573188043
2025-10-30 15:55:00-04:00,679.969970703125,680.4500122070312,679.8599853515625,680.4199829101562,5345694,-0.0006615929825861612,0.00043637211573188043,0.001900713266334138
2025-10-31 09:30:00-04:00,684.1599731445312,685.0800170898438,683.989990234375,685.0399780273438,3808095,0.006143132679085765,0.001900713266334138,0.0019002161462086792
2025-10-31 09:35:00-04:00,684.239990234375,684.6300048828125,684.0499877929688,684.1599731445312,1315819,0.00011694985687860081,0.0019002161462086792,0.0019486472063356647
2025-10-31 09:40:00-04:00,683.2949829101562,684.260009765625,683.0,684.2440185546875,1373272,-0.0013820596813936747,0.0019486472063356647,0.0019478131850177993
2025-10-31 09:45:00-04:00,683.4299926757812,683.6599731445312,682.864990234375,683.27001953125,1043170,0.0001975668382094622,0.0019478131850177993,0.001908404027635379
2025-10-31 09:50:00-04:00,683.6199951171875,684.2100219726562,683.2799072265625,683.4199829101562,1113256,0.00027797438912442214,0.001908404027635379,0.0019143394851066531
2025-10-31 09:55:00-04:00,683.469970703125,683.6900024414062,683.0,683.6112060546875,777383,-0.00021947994413772318,0.0019143394851066531,0.0019628167136176264
2025-10-31 10:00:00-04:00,682.6300048828125,683.6400146484375,682.6099853515625,683.4600219726562,945944,-0.0012297283378606622,0.0019628167136176264,0.0019402689074534644
2025-10-31 10:05:00-04:00,683.030029296875,683.489990234375,682.5700073242188,682.6199951171875,796816,0.0005858330997341808,0.0019402689074534644,0.0019441011368258934
2025-10-31 10:10:00-04:00,682.760009765625,683.4199829101562,682.6699829101562,683.0250244140625,760216,-0.00039540416468891054,0.0019441011368258934,0.0019483703345726292
2025-10-31 10:15:00-04:00,683.3400268554688,683.47998046875,682.6900024414062,682.760009765625,739399,0.0008491576153253107,0.0019483703345726292,0.0019501186624757783
2025-10-31 10:20:00-04:00,683.0999755859375,683.3900146484375,682.2100219726562,683.3300170898438,1062985,-0.0003513528169137886,0.0019501186624757783,0.0019259253716037742
2025-10-31 10:25:00-04:00,683.25,683.4199829101562,683.02001953125,683.0900268554688,613855,0.00021959881047467337,0.0019259253716037742,0.0006831993040386741
2025-10-31 10:30:00-04:00,683.5599975585938,683.7750244140625,683.0900268554688,683.239990234375,779739,0.00045360739892576896,0.0006831993040386741,0.0007019136871958018
2025-10-31 10:35:00-04:00,683.905029296875,684.010009765625,683.530029296875,683.580078125,541655,0.0005046297182408354,0.0007019136871958018,0.0005853914500195996
2025-10-31 10:40:00-04:00,684.3599853515625,684.489990234375,683.72998046875,683.9149780273438,773138,0.0006650116265248698,0.0005853914500195996,0.0005860896227430337
2025-10-31 10:45:00-04:00,684.3599853515625,684.75,684.3300170898438,684.3599853515625,575534,0.0,0.0005860896227430337,0.0005837921835733719
2025-10-31 10:50:00-04:00,684.4249877929688,684.5800170898438,684.2100219726562,684.364990234375,517183,9.497830956707961e-05,0.0005837921835733719,0.0005754347012167502
2025-10-31 10:55:00-04:00,684.469970703125,684.52001953125,684.1599731445312,684.4199829101562,437645,6.572149293605164e-05,0.0005754347012167502,0.00041869810658566256
2025-10-31 11:00:00-04:00,684.260009765625,684.6699829101562,684.1599731445312,684.4500122070312,449884,-0.0003067967271016823,0.00041869810658566256,0.00040996532671928334
2025-10-31 11:05:00-04:00,684.1649780273438,684.3756103515625,683.9400024414062,684.2849731445312,521868,-0.00013889214137681054,0.00040996532671928334,0.00037501599518435677
2025-10-31 11:10:00-04:00,684.2249755859375,684.3900146484375,683.9600219726562,684.155029296875,517351,8.769073241691073e-05,0.00037501599518435677,0.00035275509191836626
2025-10-31 11:15:00-04:00,684.7050170898438,684.7449951171875,684.2150268554688,684.239990234375,477331,0.0007013383097038075,0.00035275509191836626,0.0003897085789997883
2025-10-31 11:20:00-04:00,684.2999877929688,684.7100219726562,684.2150268554688,684.7098999023438,542711,-0.0005917134082753192,0.0003897085789997883,0.0004773521506901663
2025-10-31 11:25:00-04:00,683.739990234375,684.2899780273438,683.6099853515625,684.2899780273438,614985,-0.0008186860016755997,0.0004773521506901663,0.00046439623397527384
2025-10-31 11:30:00-04:00,683.8900146484375,684.1799926757812,683.5999755859375,683.75,684206,0.00021939327760975036,0.00046439623397527384,0.0005694601221311
2025-10-31 11:35:00-04:00,683.0349731445312,683.8900146484375,682.9099731445312,683.885009765625,666446,-0.0012510439461734493,0.0005694601221311,0.0005559909191363157
2025-10-31 11:40:00-04:00,683.4099731445312,683.4400024414062,682.3699951171875,683.0250244140625,1083301,0.0005488695471160901,0.0005559909191363157,0.0006527586299581218
2025-10-31 11:45:00-04:00,682.510009765625,684.1400146484375,682.3400268554688,683.4099731445312,1456272,-0.0013177397217900826,0.0006527586299581218,0.0006610971870528154
2025-10-31 11:50:00-04:00,682.6799926757812,683.0399780273438,682.2100219726562,682.52001953125,809718,0.0002490245471043517,0.0006610971870528154,0.0006697431531143069
2025-10-31 11:55:00-04:00,682.1900024414062,682.6599731445312,682.0999755859375,682.6500244140625,555115,-0.0007180028239732898,0.0006697431531143069,0.0006699191134977629
2025-10-31 12:00:00-04:00,681.9600219726562,682.2100219726562,681.5399780273438,682.1900024414062,1003699,-0.00033717768106576864,0.0006699191134977629,0.0006811963855135418
2025-10-31 12:05:00-04:00,681.4500122070312,682.3699951171875,681.3900146484375,681.9299926757812,712848,-0.0007481385300497803,0.0006811963855135418,0.0006842421172605552
2025-10-31 12:10:00-04:00,681.5449829101562,681.719970703125,681.0900268554688,681.4299926757812,1381424,0.0001393559090370111,0.0006842421172605552,0.0006598596926627532
2025-10-31 12:15:00-04:00,680.625,681.5549926757812,680.625,681.530029296875,1269317,-0.0013507610086529564,0.0006598596926627532,0.0008046113661403123
2025-10-31 12:20:00-04:00,681.3800048828125,681.4099731445312,680.510009765625,680.6099853515625,1016303,0.0011086669394603241,0.0008046113661403123,0.0008316840287449014
2025-10-31 12:25:00-04:00,681.77001953125,682.0598754882812,681.3699951171875,681.4000244140625,768876,0.0005722255835301147,0.0008316840287449014,0.0008425099196298864
2025-10-31 12:30:00-04:00,682.0446166992188,682.4500122070312,681.7003173828125,681.760009765625,555694,0.000402689873513165,0.0008425099196298864,0.0007781342279551409
2025-10-31 12:35:00-04:00,681.969970703125,682.2999877929688,681.8200073242188,682.0499877929688,400962,-0.00010945043675876281,0.0007781342279551409,0.0008016007885760927
2025-10-31 12:40:00-04:00,681.1599731445312,681.969970703125,680.969970703125,681.9500122070312,817443,-0.0011884379146467458,0.0008016007885760927,0.0007499152961825624
2025-10-31 12:45:00-04:00,681.4299926757812,681.5700073242188,680.8599853515625,681.1400146484375,392284,0.000396332780304783,0.0007499152961825624,0.0007836203002522715
2025-10-31 12:50:00-04:00,680.7100219726562,681.4199829101562,680.6199951171875,681.4199829101562,463440,-0.0010571171280918227,0.0007836203002522715,0.000773541276830131
2025-10-31 12:55:00-04:00,680.3800048828125,680.9949951171875,680.1300048828125,680.7050170898438,679840,-0.0004849305920981317,0.000773541276830131,0.000775717161004428
2025-10-31 13:00:00-04:00,680.0750122070312,680.7999877929688,679.989990234375,680.3699951171875,1148125,-0.0004483686370507635,0.000775717161004428,0.0007894509406671586
2025-10-31 13:05:00-04:00,680.4666748046875,680.52001953125,679.760009765625,680.030029296875,762836,0.0005757451053713785,0.0007894509406671586,0.000808985594963013
2025-10-31 13:10:00-04:00,679.9099731445312,680.5999755859375,679.7100219726562,680.4099731445312,696801,-0.0008184522897709481,0.000808985594963013,0.0007330104804393116
2025-10-31 13:15:00-04:00,679.5650024414062,680.0599975585938,679.4349975585938,679.9000244140625,741979,-0.0005075057896973736,0.0007330104804393116,0.0006423225481645865
2025-10-31 13:20:00-04:00,679.7899780273438,679.8300170898438,679.239990234375,679.5499877929688,737878,0.00033100344093202984,0.0006423225481645865,0.0006000621172458506
2025-10-31 13:25:00-04:00,679.7899780273438,680.0999755859375,679.5999755859375,679.780029296875,543441,0.0,0.0006000621172458506,0.0005953648926154704
2025-10-31 13:30:00-04:00,680.030029296875,680.739990234375,679.75,679.7999877929688,742589,0.00035306330357232654,0.0005953648926154704,0.0005958381407360714
2025-10-31 13:35:00-04:00,679.969970703125,680.3400268554688,679.4299926757812,680.010009765625,510315,-8.832146145451899e-05,0.0005958381407360714,0.0006199172373445653
2025-10-31 13:40:00-04:00,680.6699829101562,680.77001953125,679.7750244140625,679.97998046875,600678,0.0010289456324322234,0.0006199172373445653,0.0006434024519460847
2025-10-31 13:45:00-04:00,681.1300048828125,681.1599731445312,680.6699829101562,680.6699829101562,554047,0.000675608744716922,0.0006434024519460847,0.0005578371853076314
2025-10-31 13:50:00-04:00,681.219970703125,681.489990234375,680.989990234375,681.1300048828125,459592,0.00013207446259123947,0.0005578371853076314,0.0005604757908083605
2025-10-31 13:55:00-04:00,680.8699951171875,681.22998046875,680.6900024414062,681.2100219726562,457434,-0.0005138802904671648,0.0005604757908083605,0.0006346055781895599
2025-10-31 14:00:00-04:00,681.739990234375,681.7501220703125,680.8099975585938,680.8599853515625,919795,0.0012769541464672826,0.0006346055781895599,0.000623700371086681
2025-10-31 14:05:00-04:00,681.85498046875,682.0399780273438,681.4400024414062,681.7349853515625,729362,0.0001686574637163856,0.000623700371086681,0.0005407896140359366
2025-10-31 14:10:00-04:00,681.989990234375,682.1799926757812,681.739990234375,681.8599853515625,483634,0.00019798403625942895,0.0005407896140359366,0.0005200746988730514
2025-10-31 14:15:00-04:00,681.7650146484375,682.0850219726562,681.5599975585938,681.97998046875,542079,-0.00032993549013249975,0.0005200746988730514,0.0005459563772645643
2025-10-31 14:20:00-04:00,682.3400268554688,682.3900146484375,681.6699829101562,681.719970703125,628168,0.0008430615291252141,0.0005459563772645643,0.000548385354921552
2025-10-31 14:25:00-04:00,682.3099975585938,682.4400024414062,682.031982421875,682.360107421875,617440,-4.4010253680625436e-05,0.000548385354921552,0.0005597750228337283
2025-10-31 14:30:00-04:00,682.25,682.47998046875,682.1400146484375,682.3200073242188,593168,-8.793685692058357e-05,0.0005597750228337283,0.0005482608554153324
2025-10-31 14:35:00-04:00,682.47998046875,682.47998046875,681.9901733398438,682.25,521664,0.00033703439393626967,0.0005482608554153324,0.0005113187764509431
2025-10-31 14:40:00-04:00,682.3800048828125,682.5900268554688,682.2000122070312,682.489990234375,425769,-0.00014649940241392268,0.0005113187764509431,0.000513368534778347
2025-10-31 14:45:00-04:00,682.1300048828125,682.4099731445312,682.0499877929688,682.3900146484375,729239,-0.00036643190743658943,0.000513368534778347,0.0005436611878083071
2025-10-31 14:50:00-04:00,681.7899780273438,682.1599731445312,681.72998046875,682.1300048828125,505113,-0.0004986023619766824,0.0005436611878083071,0.0006001509416936222
2025-10-31 14:55:00-04:00,682.614990234375,682.75,681.739990234375,681.7999877929688,793715,0.0012093364166364327,0.0006001509416936222,0.0005054378547308731
2025-10-31 15:00:00-04:00,682.489990234375,682.9099731445312,682.2899780273438,682.6199951171875,699206,-0.00018313609889023693,0.0005054378547308731,0.0005107030765725951
2025-10-31 15:05:00-04:00,682.72998046875,682.8699951171875,682.469970703125,682.489990234375,494567,0.0003515773897204599,0.0005107030765725951,0.0005109535728851535
2025-10-31 15:10:00-04:00,682.875,683.010009765625,682.6900024414062,682.72998046875,534314,0.00021238869785799558,0.0005109535728851535,0.0005002265051493659
2025-10-31 15:15:00-04:00,683.1900024414062,683.2100219726562,682.7600708007812,682.8699951171875,727402,0.00046118222255360475,0.0005002265051493659,0.000504533944544065
2025-10-31 15:20:00-04:00,683.7899780273438,683.7999877929688,683.1649780273438,683.2000122070312,1034363,0.0008778118670880953,0.000504533944544065,0.0005057972538638725
2025-10-31 15:25:00-04:00,684.1099853515625,684.280029296875,683.6799926757812,683.7899780273438,1171058,0.0004678811881332201,0.0005057972538638725,0.0005346530641754432
2025-10-31 15:30:00-04:00,684.75,684.77001953125,683.9100952148438,684.0900268554688,1417941,0.0009351061495308354,0.0005346530641754432,0.0006475697507962084
2025-10-31 15:35:00-04:00,684.0900268554688,684.7999877929688,684.0650024414062,684.739990234375,1333449,-0.0009642809718040591,0.0006475697507962084,0.0006432202225731267
2025-10-31 15:40:00-04:00,684.4299926757812,684.489990234375,684.0549926757812,684.094970703125,1856809,0.000496837199973506,0.0006432202225731267,0.0007515029141367057
2025-10-31 15:45:00-04:00,683.6099853515625,684.489990234375,683.5050048828125,684.4249877929688,2263307,-0.001198806227295159,0.0007515029141367057,0.0007812765724584327
2025-10-31 15:50:00-04:00,683.0599975585938,684.3599853515625,683.010009765625,683.6099853515625,3022391,-0.000804858275276755,0.0007812765724584327,0.0008525035282474799
2025-10-31 15:55:00-04:00,681.9749755859375,683.0999755859375,681.9299926757812,683.030029296875,9781550,-0.0015897353877574259,0.0008525035282474799,0.0014480721225321555
2025-11-03 09:30:00-05:00,684.7000122070312,685.7999877929688,684.5800170898438,685.6699829101562,3639633,0.003987839474280855,0.0014480721225321555,0.0015323202826035638
2025-11-03 09:35:00-05:00,683.6900024414062,684.7000122070312,683.6699829101562,684.6900024414062,1443907,-0.0014762018696839495,0.0015323202826035638,0.0015524441679008645
2025-11-03 09:40:00-05:00,683.1699829101562,683.7000122070312,683.0,683.7000122070312,1389067,-0.0007608965979139599,0.0015524441679008645,0.001546704539475754
2025-11-03 09:45:00-05:00,683.1400146484375,683.544677734375,682.9500122070312,683.1599731445312,1271703,-4.386744117679324e-05,0.001546704539475754,0.0015408132785323435
2025-11-03 09:50:00-05:00,682.5050048828125,683.2052001953125,682.364990234375,683.1500244140625,904044,-0.0009299778526766604,0.0015408132785323435,0.0015299112733177132
2025-11-03 09:55:00-05:00,682.530029296875,682.7000122070312,682.1749877929688,682.4949951171875,912515,3.6664867111382425e-05,0.0015299112733177132,0.0014909876160359471
2025-11-03 10:00:00-05:00,682.1099853515625,682.7000122070312,681.8800048828125,682.5499877929688,817038,-0.0006156113759954443,0.0014909876160359471,0.0015002936668125626
2025-11-03 10:05:00-05:00,682.5499877929688,682.6500244140625,681.6400146484375,682.10498046875,967776,0.0006448528795634353,0.0015002936668125626,0.0014849322536148333
2025-11-03 10:10:00-05:00,682.3200073242188,683.010009765625,682.2999877929688,682.5599975585938,889694,-0.00033699981939569473,0.0014849322536148333,0.0014565669330518626
2025-11-03 10:15:00-05:00,682.0447998046875,682.3599853515625,681.4000244140625,682.3250122070312,954263,-0.0004034221959197339,0.0014565669330518626,0.0014527423246605711
2025-11-03 10:20:00-05:00,681.5700073242188,682.1300048828125,681.4600219726562,682.0499877929688,766660,-0.0006963733411716841,0.0014527423246605711,0.0014563223439277794
2025-11-03 10:25:00-05:00,680.4600219726562,681.5599975585938,680.239990234375,681.5599975585938,1077147,-0.0016298988618702428,0.0014563223439277794,0.0006389647238556202
2025-11-03 10:30:00-05:00,680.3599853515625,680.469970703125,679.9400024414062,680.4500122070312,1091658,-0.0001470240307102355,0.0006389647238556202,0.0008311021311057477
2025-11-03 10:35:00-05:00,681.4949951171875,681.5050048828125,680.1400146484375,680.3604736328125,908849,0.0016668588721961094,0.0008311021311057477,0.0008547357433377929
2025-11-03 10:40:00-05:00,681.9400024414062,682.25,681.4400024414062,681.489990234375,806294,0.0006527738261341023,0.0008547357433377929,0.0008629265073670124
2025-11-03 10:45:00-05:00,681.5399780273438,682.1799926757812,681.4099731445312,681.9299926757812,553656,-0.0005867697821309806,0.0008629265073670124,0.0008503943130353593
2025-11-03 10:50:00-05:00,681.875,682.3699951171875,681.5399780273438,681.5399780273438,470310,0.000491445355666806,0.0008503943130353593,0.0008820222865342446
2025-11-03 10:55:00-05:00,682.375,682.7999877929688,681.8800048828125,681.8800048828125,543045,0.0007330035145863624,0.0008820222865342446,0.00086279360465176
2025-11-03 11:00:00-05:00,682.2999877929688,682.5599975585938,682.02001953125,682.3699951171875,532230,-0.00010993417154672728,0.00086279360465176,0.0008440364714801175
2025-11-03 11:05:00-05:00,682.4650268554688,682.6400146484375,682.22998046875,682.3200073242188,309160,0.00024185711317776314,0.0008440364714801175,0.000837863077705296
2025-11-03 11:10:00-05:00,682.4450073242188,682.5850219726562,681.9417724609375,682.469970703125,362330,-2.9334579935786728e-05,0.000837863077705296,0.000833551867812953
2025-11-03 11:15:00-05:00,682.719970703125,682.7698974609375,682.0499877929688,682.4450073242188,411091,0.00040282806408025725,0.000833551867812953,0.00080507004625261
2025-11-03 11:20:00-05:00,682.5499877929688,682.9000244140625,682.3200073242188,682.718017578125,338971,-0.0002490099631604636,0.00080507004625261,0.0006555877231924299
2025-11-03 11:25:00-05:00,682.0501098632812,682.6300048828125,681.8250122070312,682.5449829101562,406656,-0.0007326365473744882,0.0006555877231924299,0.0006948753653903583
2025-11-03 11:30:00-05:00,682.8049926757812,683.02001953125,681.9500122070312,682.0599975585938,495081,0.001106172938167091,0.0006948753653903583,0.0005452344760090112
2025-11-03 11:35:00-05:00,682.9199829101562,683.0599975585938,682.3599853515625,682.7999877929688,477190,0.00016839442303885597,0.0005452344760090112,0.0005313856715809665
2025-11-03 11:40:00-05:00,682.7999877929688,683.2150268554688,682.7100219726562,682.9299926757812,268439,-0.00017572433598453413,0.0005313856715809665,0.00051686699159055
2025-11-03 11:45:00-05:00,682.489990234375,683.030029296875,682.4481811523438,682.8200073242188,397512,-0.00045411241408059496,0.00051686699159055,0.0005261862558174849
2025-11-03 11:50:00-05:00,682.9099731445312,683.0,682.22998046875,682.489990234375,417205,0.0006151793388977944,0.0005261862558174849,0.0005260699568356412
2025-11-03 11:55:00-05:00,683.4099731445312,683.6099853515625,682.8400268554688,682.9000244140625,508355,0.0007318930294145308,0.0005260699568356412,0.0005812513529659415
2025-11-03 12:00:00-05:00,682.9000244140625,683.4400024414062,682.7100219726562,683.4099731445312,418886,-0.0007464612790051537,0.0005812513529659415,0.0006191859573857129
2025-11-03 12:05:00-05:00,683.4600219726562,683.5501098632812,682.8599853515625,682.89501953125,214667,0.000819692571412161,0.0006191859573857129,0.0006179296209948235
2025-11-03 12:10:00-05:00,683.614990234375,683.614990234375,683.3499755859375,683.4500122070312,368151,0.00022671508293068272,0.0006179296209948235,0.000612790528531134
2025-11-03 12:15:00-05:00,683.6500244140625,683.864990234375,683.385009765625,683.6099853515625,438336,5.1247094483926094e-05,0.000612790528531134,0.000624202259977254
2025-11-03 12:20:00-05:00,683.3599853515625,683.9000244140625,683.3200073242188,683.6599731445312,381312,-0.0004243408091823973,0.000624202259977254,0.0006454027992271629
2025-11-03 12:25:00-05:00,682.7479858398438,683.3599853515625,682.4298706054688,683.3579711914062,577680,-0.0008959753775923718,0.0006454027992271629,0.0006228858072159653
2025-11-03 12:30:00-05:00,683.3900146484375,683.530029296875,682.72998046875,682.75,364614,0.0009399180106706402,0.0006228858072159653,0.0006234908710366076
2025-11-03 12:35:00-05:00,683.530029296875,683.7747802734375,683.3198852539062,683.3817749023438,361339,0.00020486150531971647,0.0006234908710366076,0.0006193362668850764
2025-11-03 12:40:00-05:00,683.52001953125,683.760009765625,683.3800048828125,683.5250244140625,329355,-1.4644329421218111e-05,0.0006193362668850764,0.0005981306145623704
2025-11-03 12:45:00-05:00,683.75,683.8099975585938,683.47998046875,683.5499877929688,233555,0.0003364082699592995,0.0005981306145623704,0.0005816340819676622
2025-11-03 12:50:00-05:00,683.72998046875,683.8900146484375,683.5800170898438,683.739990234375,238528,-2.9279450576763195e-05,0.0005816340819676622,0.0005473541140899021
2025-11-03 12:55:00-05:00,683.8300170898438,683.9749755859375,683.6900024414062,683.739990234375,276122,0.0001462994259128527,0.0005473541140899021,0.0004865275104439472
2025-11-03 13:00:00-05:00,683.8800048828125,683.9149780273438,683.6199951171875,683.8499755859375,363790,7.309706324867882e-05,0.0004865275104439472,0.0004387109582265707
2025-11-03 13:05:00-05:00,684.0750122070312,684.1300048828125,683.8300170898438,683.8900146484375,306946,0.00028510780413612357,0.0004387109582265707,0.000436376738720918
2025-11-03 13:10:00-05:00,684.0800170898438,684.2100219726562,683.9749755859375,684.0800170898438,246823,7.316251017336647e-06,0.000436376738720918,0.0004370860321475331
2025-11-03 13:15:00-05:00,684.0599975585938,684.1400146484375,683.8499755859375,684.0850219726562,194472,-2.926532524027791e-05,0.0004370860321475331,0.00043157958767954085
2025-11-03 13:20:00-05:00,683.8099975585938,684.0900268554688,683.6300048828125,684.0599975585938,316169,-0.00036553181760840426,0.00043157958767954085,0.00033202123874701716
2025-11-03 13:25:00-05:00,683.6300048828125,683.9099731445312,683.530517578125,683.8200073242188,224388,-0.0002632549530500483,0.00033202123874701716,0.00025376355722160447
2025-11-03 13:30:00-05:00,684.010009765625,684.1699829101562,683.635009765625,683.6400146484375,255254,0.0005557089417121232,0.00025376355722160447,0.00025047636422905736
2025-11-03 13:35:00-05:00,684.0549926757812,684.17578125,683.8800048828125,684.0050048828125,167301,6.576136381263395e-05,0.00025047636422905736,0.0002510608282576893
2025-11-03 13:40:00-05:00,684.1749877929688,684.22998046875,683.905029296875,684.0499877929688,266695,0.00017540197073317618,0.0002510608282576893,0.0002999849171334159
2025-11-03 13:45:00-05:00,683.780029296875,684.2100219726562,683.780029296875,684.1799926757812,248521,-0.0005774437055811698,0.0002999849171334159,0.0003033432663283741
2025-11-03 13:50:00-05:00,683.6751708984375,683.9193115234375,683.4000244140625,683.77001953125,381593,-0.0001533628284539274,0.0003033432663283741,0.00030099304232357856
2025-11-03 13:55:00-05:00,683.5900268554688,683.9099731445312,683.5599975585938,683.6699829101562,201876,-0.00012454649356790428,0.00030099304232357856,0.0003465428158214805
2025-11-03 14:00:00-05:00,683.1500244140625,683.8800048828125,683.0800170898438,683.5900268554688,775178,-0.0006438714607046418,0.0003465428158214805,0.00037188712448448544
2025-11-03 14:05:00-05:00,683.489990234375,683.6400146484375,683.135009765625,683.1599731445312,573832,0.0004975206692049525,0.00037188712448448544,0.0003716960000528249
2025-11-03 14:10:00-05:00,683.385009765625,683.6749877929688,683.27001953125,683.47998046875,246049,-0.00015360653893948427,0.0003716960000528249,0.0003736202501937294
2025-11-03 14:15:00-05:00,683.2249755859375,683.614990234375,683.1500244140625,683.3800048828125,321229,-0.00023420607508276242,0.0003736202501937294,0.0003659877723501762
2025-11-03 14:20:00-05:00,683.255615234375,683.4354858398438,683.1099853515625,683.239990234375,317313,4.484461564753619e-05,0.0003659877723501762,0.0003611282738795935
2025-11-03 14:25:00-05:00,683.260009765625,683.4500122070312,683.0800170898438,683.2449951171875,316836,6.431732165567165e-06,0.0003611282738795935,0.0003356714823417445
2025-11-03 14:30:00-05:00,683.510009765625,683.5499877929688,683.22998046875,683.25,372301,0.00036582599737429433,0.0003356714823417445,0.0003392999714315458
2025-11-03 14:35:00-05:00,683.3099975585938,683.594970703125,683.2899780273438,683.510009765625,316309,-0.0002926679553813038,0.0003392999714315458,0.00033275988766250455
2025-11-03 14:40:00-05:00,683.1099853515625,683.3300170898438,682.5800170898438,683.2999877929688,738098,-0.00029275363498966874,0.00033275988766250455,0.0003114927147690718
2025-11-03 14:45:00-05:00,683.2349853515625,683.35498046875,683.0800170898438,683.1099853515625,457180,0.0001829698985672257,0.0003114927147690718,0.00033931098865874114
2025-11-03 14:50:00-05:00,683.52001953125,683.5496215820312,683.1500244140625,683.22998046875,378006,0.00041709623568441534,0.00033931098865874114,0.0003410701616667282
2025-11-03 14:55:00-05:00,683.4000244140625,683.6400146484375,683.3300170898438,683.510009765625,385965,-0.00017557006062971455,0.0003410701616667282,0.00028348910488945644
2025-11-03 15:00:00-05:00,683.5349731445312,683.5900268554688,683.3499755859375,683.4000244140625,766851,0.00019744718095330156,0.00028348910488945644,0.0002687080029631578
2025-11-03 15:05:00-05:00,683.280029296875,683.655029296875,683.22998046875,683.5349731445312,544257,-0.0003730480718421776,0.0002687080029631578,0.0002657376576157409
2025-11-03 15:10:00-05:00,683.2849731445312,683.389892578125,683.030029296875,683.27001953125,782292,7.2354372421258195e-06,0.0002657376576157409,0.00026130228766953943
2025-11-03 15:15:00-05:00,683.4099731445312,683.4799194335938,683.1500244140625,683.2849731445312,480964,0.00018292304466031428,0.00026130228766953943,0.00029201841730468257
2025-11-03 15:20:00-05:00,683.114990234375,683.5,683.0999755859375,683.3900146484375,361526,-0.00043172707801642223,0.00029201841730468257,0.00029216702626966534
2025-11-03 15:25:00-05:00,683.1300048828125,683.2999877929688,683.030029296875,683.114990234375,838511,2.197943779008842e-05,0.00029216702626966534,0.00033110850426636845
2025-11-03 15:30:00-05:00,682.6300048828125,683.1599731445312,682.5800170898438,683.1400146484375,982581,-0.0007321930921429692,0.00033110850426636845,0.00037993104120708616
2025-11-03 15:35:00-05:00,683.030029296875,683.0394287109375,682.47998046875,682.6300048828125,1013919,0.0005858330997341808,0.00037993104120708616,0.00037560309953024517
2025-11-03 15:40:00-05:00,683.1599731445312,683.2000122070312,682.885009765625,683.030029296875,678114,0.00019022807635241608,0.00037560309953024517,0.0004238987684029719
2025-11-03 15:45:00-05:00,682.6699829101562,683.2100219726562,682.5100708007812,683.1599731445312,846184,-0.0007174981822936843,0.0004238987684029719,0.0004154457050538531
2025-11-03 15:50:00-05:00,682.89501953125,682.9949951171875,682.4500122070312,682.6799926757812,1710684,0.00032958756665339586,0.0004154457050538531,0.00046911215761114765
2025-11-03 15:55:00-05:00,683.3699951171875,683.3800048828125,682.731201171875,682.8900146484375,4556832,0.0006952905914736147,0.00046911215761114765,0.003598467716649519
2025-11-04 09:30:00-05:00,674.9600219726562,676.4600219726562,674.8300170898438,676.1099853515625,5715260,-0.012382971004782644,0.003598467716649519,0.0036200951482054863
2025-11-04 09:35:00-05:00,675.2587890625,675.8099975585938,674.6699829101562,674.9600219726562,1792955,0.0004425461892221973,0.0036200951482054863,0.00375613233285781
2025-11-04 09:40:00-05:00,676.989990234375,677.1699829101562,674.9600219726562,675.239990234375,1637622,0.0025604787287667454,0.00375613233285781,0.003756690000738825
2025-11-04 09:45:00-05:00,677.1300048828125,677.3599853515625,676.4899291992188,676.989990234375,1429720,0.00020679799344414592,0.003756690000738825,0.0038221412489299693
2025-11-04 09:50:00-05:00,678.260009765625,678.3499755859375,676.989990234375,677.1300048828125,1253820,0.0016674243316137456,0.0038221412489299693,0.003835581786891689
2025-11-04 09:55:00-05:00,678.7000122070312,678.8150024414062,678.10498046875,678.3099975585938,1130210,0.0006485120411838499,0.003835581786891689,0.0038449499298583018
2025-11-04 10:00:00-05:00,678.989990234375,679.0800170898438,678.52001953125,678.6817016601562,794345,0.00042716383155451664,0.0038449499298583018,0.003831582000477742
2025-11-04 10:05:00-05:00,678.75,679.2000122070312,678.3099975585938,679.0,1031287,-0.000353514279023203,0.003831582000477742,0.003832244103624884
2025-11-04 10:10:00-05:00,678.905029296875,679.219970703125,678.3499755859375,678.7550048828125,845124,0.00022837804037618037,0.003832244103624884,0.0038452092097201007
2025-11-04 10:15:00-05:00,679.3200073242188,679.4400024414062,678.8900146484375,678.9099731445312,778083,0.0006110593297390352,0.0038452092097201007,0.0038389474916023384
2025-11-04 10:20:00-05:00,679.1799926757812,679.4500122070312,678.989990234375,679.3300170898438,578498,-0.00020613124612919276,0.0038389474916023384,0.0038282098007769855
2025-11-04 10:25:00-05:00,679.3200073242188,679.64501953125,679.1300048828125,679.1900024414062,687702,0.00020613124612930172,0.0038282098007769855,0.0008092215744456655
2025-11-04 10:30:00-05:00,679.4349975585938,679.4517822265625,678.9299926757812,679.3200073242188,462906,0.00016925823159627047,0.0008092215744456655,0.0008093282964824656
2025-11-04 10:35:00-05:00,679.72998046875,679.7999877929688,679.1900024414062,679.4299926757812,463441,0.0004340649142033547,0.0008093282964824656,0.0005537689711814811
2025-11-04 10:40:00-05:00,679.4400024414062,679.9600219726562,679.3200073242188,679.72998046875,656180,-0.00042669869904366403,0.0005537689711814811,0.000677360925352278
2025-11-04 10:45:00-05:00,678.72998046875,679.4498901367188,678.7100219726562,679.4400024414062,674138,-0.001045556957189214,0.000677360925352278,0.0005190686847309055
2025-11-04 10:50:00-05:00,678.4000244140625,678.9199829101562,678.375,678.739990234375,619481,-0.00048625564242439444,0.0005190686847309055,0.00048645364529973154
2025-11-04 10:55:00-05:00,678.1799926757812,678.4099731445312,677.6300048828125,678.3900146484375,853775,-0.0003243918345233659,0.00048645364529973154,0.00048257949961119016
2025-11-04 11:00:00-05:00,678.4400024414062,678.8200073242188,678.1199951171875,678.1799926757812,690771,0.0003833199713176724,0.00048257949961119016,0.0004998215799522621
2025-11-04 11:05:00-05:00,678.0399780273438,678.4500122070312,677.9400024414062,678.4299926757812,541901,-0.0005897977580478073,0.0004998215799522621,0.0004933813446070995
2025-11-04 11:10:00-05:00,678.0999755859375,678.1900024414062,677.6699829101562,678.030029296875,511013,8.848284201510057e-05,0.0004933813446070995,0.0004479243487716488
2025-11-04 11:15:00-05:00,677.7899780273438,678.4000244140625,677.7100219726562,678.0900268554688,735744,-0.00045726065477367237,0.0004479243487716488,0.0004528053620858126
2025-11-04 11:20:00-05:00,677.8200073242188,678.02001953125,677.5800170898438,677.780029296875,483312,4.4303741053065225e-05,0.0004528053620858126,0.0004894251984011818
2025-11-04 11:25:00-05:00,678.2000122070312,678.3300170898438,677.5599975585938,677.8200073242188,448288,0.0005604709182558575,0.0004894251984011818,0.00047988874198422513
2025-11-04 11:30:00-05:00,678.1099853515625,678.4849853515625,677.8800048828125,678.2100219726562,634206,-0.00013275262405060718,0.00047988874198422513,0.000507359064576492
2025-11-04 11:35:00-05:00,678.5499877929688,678.6300048828125,677.9400024414062,678.1099853515625,528997,0.0006486554708534481,0.000507359064576492,0.0005115572461109461
2025-11-04 11:40:00-05:00,678.2100219726562,678.60498046875,677.9099731445312,678.5401000976562,521729,-0.0005011436436518832,0.0005115572461109461,0.0004835526088162523
2025-11-04 11:45:00-05:00,677.6298828125,678.3900146484375,677.5700073242188,678.2100219726562,449082,-0.0008557635654670459,0.0004835526088162523,0.0005664901046062588
2025-11-04 11:50:00-05:00,678.2999877929688,678.3699951171875,677.4400024414062,677.6300048828125,515286,0.0009884066271426846,0.0005664901046062588,0.0005602663260251108
2025-11-04 11:55:00-05:00,678.1900024414062,678.3200073242188,677.52001953125,678.3099975585938,421571,-0.00016216168581457478,0.0005602663260251108,0.0005930982969080807
2025-11-04 12:00:00-05:00,677.6300048828125,678.2050170898438,677.540771484375,678.1900024414062,548620,-0.0008260647982962307,0.0005930982969080807,0.0005870056839291003
2025-11-04 12:05:00-05:00,677.2899780273438,677.6649780273438,677.1300048828125,677.6099853515625,541732,-0.0005019143077020027,0.0005870056839291003,0.0005936114119381515
2025-11-04 12:10:00-05:00,676.969970703125,677.2899780273438,676.9400024414062,677.2899780273438,529065,-0.0004725936560033443,0.0005936114119381515,0.0006988297404040535
2025-11-04 12:15:00-05:00,676.0,677.1699829101562,675.989990234375,676.97998046875,715635,-0.0014338394647455679,0.0006988297404040535,0.000843823539786615
2025-11-04 12:20:00-05:00,676.9600219726562,677.0,675.6799926757812,676.0,1198324,0.0014191433866280402,0.000843823539786615,0.0008180796262856935
2025-11-04 12:25:00-05:00,676.9299926757812,677.530029296875,676.7999877929688,676.9600219726562,757433,-4.4360024159994306e-05,0.0008180796262856935,0.0008190042819071111
2025-11-04 12:30:00-05:00,676.72998046875,677.1099853515625,676.5700073242188,676.9299926757812,389017,-0.00029551321964881635,0.0008190042819071111,0.0007838219552008295
2025-11-04 12:35:00-05:00,676.3300170898438,676.8499755859375,676.27001953125,676.7249755859375,441996,-0.0005911983079499359,0.0007838219552008295,0.0007805348221412014
2025-11-04 12:40:00-05:00,676.1500244140625,676.385009765625,675.79638671875,676.3300170898438,758951,-0.0002661668510002136,0.0007805348221412014,0.000810001912328672
2025-11-04 12:45:00-05:00,676.6900024414062,676.8900146484375,676.1400146484375,676.1599731445312,532418,0.0007982881128592183,0.000810001912328672,0.0007422613234828113
2025-11-04 12:50:00-05:00,676.2498779296875,677.25,676.2000122070312,676.6749877929688,570351,-0.0006506194896459086,0.0007422613234828113,0.000742218597272579
2025-11-04 12:55:00-05:00,676.010009765625,676.260009765625,675.7249755859375,676.2349853515625,465045,-0.00035476637111097345,0.000742218597272579,0.0007228922848529064
2025-11-04 13:00:00-05:00,675.7449951171875,676.1256103515625,675.6300048828125,675.97998046875,399562,-0.00039210456166336377,0.0007228922848529064,0.0007180399124566739
2025-11-04 13:05:00-05:00,675.639892578125,675.9400024414062,675.530029296875,675.72998046875,332592,-0.00015554789791032592,0.0007180399124566739,0.0007285483102429664
2025-11-04 13:10:00-05:00,675.869384765625,675.9299926757812,675.530029296875,675.6199951171875,408566,0.000339608752308052,0.0007285483102429664,0.0006726720712173418
2025-11-04 13:15:00-05:00,675.1599731445312,676.0599975585938,675.1400146484375,675.8599853515625,595274,-0.0010501795273946833,0.0006726720712173418,0.0005356148995901348
2025-11-04 13:20:00-05:00,675.5900268554688,676.0549926757812,675.0399780273438,675.1500244140625,554136,0.0006367628731720656,0.0005356148995901348,0.000542270601907581
2025-11-04 13:25:00-05:00,675.25,675.6500244140625,674.97998046875,675.5900268554688,570849,-0.0005034302447221147,0.000542270601907581,0.0005415581167185258
2025-11-04 13:30:00-05:00,675.1199951171875,675.6699829101562,674.989990234375,675.25,682493,-0.00019254705552437042,0.0005415581167185258,0.0005328448426666119
2025-11-04 13:35:00-05:00,674.8300170898438,675.2999877929688,674.7899780273438,675.114990234375,635548,-0.000429612991861388,0.0005328448426666119,0.0007158656862571594
2025-11-04 13:40:00-05:00,675.8300170898438,675.8499755859375,674.7100219726562,674.8300170898438,949784,0.0014807577886578804,0.0007158656862571594,0.0006755452117382204
2025-11-04 13:45:00-05:00,675.47998046875,676.02001953125,675.3800048828125,675.8250122070312,610715,-0.0005180700646856502,0.0006755452117382204,0.0007599627988991262
2025-11-04 13:50:00-05:00,676.3049926757812,676.4199829101562,675.469970703125,675.47998046875,666869,0.0012206265432085576,0.0007599627988991262,0.0007553816127097705
2025-11-04 13:55:00-05:00,676.1500244140625,676.3400268554688,675.7999877929688,676.3200073242188,504357,-0.0002291658656868347,0.0007553816127097705,0.0007658933197804595
2025-11-04 14:00:00-05:00,676.6099853515625,676.6799926757812,676.02001953125,676.1099853515625,873727,0.0006800333420637521,0.0007658933197804595,0.0008563983619218606
2025-11-04 14:05:00-05:00,675.780029296875,676.614990234375,675.7000122070312,676.6099853515625,810927,-0.0012273917285563788,0.0008563983619218606,0.0008592167600334745
2025-11-04 14:10:00-05:00,676.0599975585938,676.3599853515625,675.6599731445312,675.760009765625,728466,0.00041420324914143934,0.0008592167600334745,0.0007953019010584001
2025-11-04 14:15:00-05:00,675.9249877929688,676.3400268554688,675.9080200195312,676.0499877929688,478386,-0.00019972080686777953,0.0007953019010584001,0.0007985984833562918
2025-11-04 14:20:00-05:00,676.3900756835938,676.5,675.8400268554688,675.9400024414062,634614,0.000687839574553447,0.0007985984833562918,0.0007803926991763715
2025-11-04 14:25:00-05:00,676.2949829101562,676.5900268554688,676.135009765625,676.4000244140625,551136,-0.00014059854212181242,0.0007803926991763715,0.0007974876651400651
2025-11-04 14:30:00-05:00,675.9500122070312,676.375,675.4600219726562,676.2899780273438,656075,-0.0005102192455573296,0.0007974876651400651,0.0008844076550693718
2025-11-04 14:35:00-05:00,675.0750122070312,675.97998046875,674.8800048828125,675.9500122070312,813018,-0.0012953129757484144,0.0008844076550693718,0.0007583188030973808
2025-11-04 14:40:00-05:00,674.9149780273438,675.4199829101562,674.5800170898438,675.0700073242188,646850,-0.00023708943265481752,0.0007583188030973808,0.0007475089852909656
2025-11-04 14:45:00-05:00,674.8599853515625,675.2000122070312,674.739990234375,674.8900146484375,549865,-8.148421374477474e-05,0.0007475089852909656,0.0006302913900948784
2025-11-04 14:50:00-05:00,674.9000244140625,675.2249755859375,674.7100219726562,674.8499755859375,608283,5.93276763602238e-05,0.0006302913900948784,0.0006510422532454473
2025-11-04 14:55:00-05:00,675.1699829101562,675.4000244140625,674.8699951171875,674.9099731445312,630695,0.00039991777941460416,0.0006510422532454473,0.0006032112547418164
2025-11-04 15:00:00-05:00,675.1799926757812,675.4500122070312,675.02001953125,675.1900024414062,668741,1.4825439043357794e-05,0.0006032112547418164,0.0005197602318107082
2025-11-04 15:05:00-05:00,675.4199829101562,675.6400146484375,675.1300048828125,675.1799926757812,561726,0.0003553831500651636,0.0005197602318107082,0.0005570585467437162
2025-11-04 15:10:00-05:00,675.9400024414062,676.0598754882812,675.239990234375,675.4099731445312,747632,0.0007696240269878727,0.0005570585467437162,0.0005546255120116398
2025-11-04 15:15:00-05:00,675.8800048828125,676.22998046875,675.72998046875,675.9400024414062,929614,-8.876560238507401e-05,0.0005546255120116398,0.000562045044610675
2025-11-04 15:20:00-05:00,675.280029296875,675.9000244140625,675.0700073242188,675.8800048828125,911455,-0.0008880896565821065,0.000562045044610675,0.0006517402339514214
2025-11-04 15:25:00-05:00,675.9600219726562,675.97998046875,675.260009765625,675.280029296875,1541414,0.0010064721402303568,0.0006517402339514214,0.0006597690646614201
2025-11-04 15:30:00-05:00,675.5399780273438,676.0599975585938,675.3200073242188,675.969970703125,1052248,-0.000621596683444024,0.0006597690646614201,0.0005380625863274497
2025-11-04 15:35:00-05:00,675.7899780273438,676.2000122070312,675.5050048828125,675.5549926757812,1041602,0.0003700058623462236,0.0005380625863274497,0.0005552046939738725
2025-11-04 15:40:00-05:00,676.27001953125,676.4099731445312,675.719970703125,675.7899780273438,1012447,0.0007100890862002123,0.0005552046939738725,0.000698277202197982
2025-11-04 15:45:00-05:00,675.3900146484375,676.5349731445312,675.3499755859375,676.27001953125,1537087,-0.0013021099757280828,0.000698277202197982,0.0007204157237654337
2025-11-04 15:50:00-05:00,675.02001953125,675.5499877929688,674.739990234375,675.3900146484375,3481223,-0.0005479744923113494,0.0007204157237654337,0.0007243202923627717
2025-11-04 15:55:00-05:00,675.3400268554688,675.3599853515625,674.614990234375,675.02001953125,5917014,0.0004739585284168368,0.0007243202923627717,0.0008122850087883993
2025-11-05 09:30:00-05:00,674.4949951171875,675.3394165039062,674.4600219726562,674.97998046875,3405300,-0.0012520520432756737,0.0008122850087883993,0.0008341448383122934
2025-11-05 09:35:00-05:00,674.9600219726562,675.3200073242188,674.1699829101562,674.489990234375,1407954,0.000689206928704033,0.0008341448383122934,0.000811783669992815
2025-11-05 09:40:00-05:00,674.4600219726562,675.0700073242188,674.2100219726562,674.9400024414062,867256,-0.0007410591314771754,0.000811783669992815,0.0011032795971315395
2025-11-05 09:45:00-05:00,676.0800170898438,676.27001953125,674.4099731445312,674.469970703125,1185065,0.002399034234162948,0.0011032795971315395,0.0011569931096842533
2025-11-05 09:50:00-05:00,677.2116088867188,677.2899780273438,675.97998046875,676.0700073242188,1132268,0.0016723550768919162,0.0011569931096842533,0.0011315679475731413
2025-11-05 09:55:00-05:00,677.280029296875,677.5999755859375,676.8699951171875,677.2100219726562,905955,0.00010102743831812873,0.0011315679475731413,0.001118611120903611
2025-11-05 10:00:00-05:00,677.0198974609375,677.4600219726562,676.47998046875,677.0999755859375,1380385,-0.0003841569123604642,0.001118611120903611,0.0011378500099579452
2025-11-05 10:05:00-05:00,677.6400146484375,678.0900268554688,676.8099975585938,677.010009765625,1232416,0.0009155319726698108,0.0011378500099579452,0.0011924639809768216
2025-11-05 10:10:00-05:00,676.85498046875,677.6599731445312,676.8300170898438,677.6500244140625,912193,-0.0011591541798494723,0.0011924639809768216,0.0011113611765052336
2025-11-05 10:15:00-05:00,676.9400024414062,677.3900146484375,676.655029296875,676.8599853515625,1528253,0.0001256053890600188,0.0011113611765052336,0.0010984224681816783
2025-11-05 10:20:00-05:00,677.489990234375,677.530029296875,675.4000244140625,676.9400024414062,1671458,0.0008121317841039308,0.0010984224681816783,0.0011021091411088746
2025-11-05 10:25:00-05:00,677.4400024414062,678.0399780273438,677.0,677.47998046875,900636,-7.378653253183452e-05,0.0011021091411088746,0.0009942604740656273
2025-11-05 10:30:00-05:00,677.6699829101562,677.969970703125,677.2213134765625,677.4349975585938,533627,0.00033942701838834,0.0009942604740656273,0.000992374079834236
2025-11-05 10:35:00-05:00,677.75,677.9299926757812,677.47998046875,677.6300048828125,517942,0.00011806981001542283,0.000992374079834236,0.000938776853707669
2025-11-05 10:40:00-05:00,677.780029296875,678.2781982421875,677.6799926757812,677.739990234375,652503,4.430635431302009e-05,0.000938776853707669,0.000707393574689375
2025-11-05 10:45:00-05:00,677.6799926757812,678.2349853515625,677.5700073242188,677.7899780273438,668610,-0.00014760541757592846,0.000707393574689375,0.000535965876051683
2025-11-05 10:50:00-05:00,677.5999755859375,677.7100219726562,677.1900024414062,677.6699829101562,661810,-0.00011808200786644104,0.000535965876051683,0.0005462615596461913
2025-11-05 10:55:00-05:00,677.8800048828125,677.9099731445312,676.9500122070312,677.5900268554688,1219094,0.00041318102058871003,0.0005462615596461913,0.000545112757086125
2025-11-05 11:00:00-05:00,677.6300048828125,678.0,677.1199951171875,677.8699951171875,718997,-0.00036886485681919426,0.000545112757086125,0.0004766122487096983
2025-11-05 11:05:00-05:00,677.6099853515625,678.1099853515625,677.260009765625,677.5900268554688,532174,-2.954389096497954e-05,0.0004766122487096983,0.00041947862343852263
2025-11-05 11:10:00-05:00,677.010009765625,677.6699829101562,676.8200073242188,677.6199951171875,520461,-0.0008858213038823379,0.00041947862343852263,0.00041814398709818075
2025-11-05 11:15:00-05:00,677.010009765625,677.3499755859375,676.780029296875,677.02001953125,520463,0.0,0.00041814398709818075,0.0005090058630100348
2025-11-05 11:20:00-05:00,677.8699951171875,677.8800048828125,676.760009765625,676.9942016601562,428816,0.0012694636631359207,0.0005090058630100348,0.0005328578879235006
2025-11-05 11:25:00-05:00,678.2899780273438,678.3984985351562,677.7849731445312,677.8699951171875,779728,0.0006193707702619359,0.0005328578879235006,0.0005328444565832852
2025-11-05 11:30:00-05:00,678.52001953125,678.5800170898438,678.0850219726562,678.27001953125,582703,0.00033909170263249957,0.0005328444565832852,0.0005328610957491555
2025-11-05 11:35:00-05:00,678.6041870117188,678.6599731445312,678.1400146484375,678.530029296875,421598,0.00012403799176352164,0.0005328610957491555,0.0005553751548109114
2025-11-05 11:40:00-05:00,679.0499877929688,679.1099853515625,678.5999755859375,678.6199951171875,679546,0.0006567221690846131,0.0005553751548109114,0.0005617699434529041
2025-11-05 11:45:00-05:00,679.4749755859375,679.625,678.9099731445312,679.0399780273438,778334,0.0006256606514984677,0.0005617699434529041,0.0005519617741898024
2025-11-05 11:50:00-05:00,679.6951293945312,679.75,679.3800048828125,679.47998046875,667802,0.00032395328548273514,0.0005519617741898024,0.0005864173195263977
2025-11-05 11:55:00-05:00,679.3800048828125,679.7249755859375,679.3099975585938,679.6900024414062,719497,-0.0004637337692644701,0.0005864173195263977,0.0005732912653479127
2025-11-05 12:00:00-05:00,679.25,679.7000122070312,679.2050170898438,679.3699951171875,556025,-0.00019137643470561752,0.0005732912653479127,0.0005770438370588269
2025-11-05 12:05:00-05:00,679.1699829101562,679.530029296875,679.0700073242188,679.25,335049,-0.00011780905896989017,0.0005770438370588269,0.0004677812896136748
2025-11-05 12:10:00-05:00,679.4400024414062,679.5800170898438,679.030029296875,679.1599731445312,414095,0.0003974938175291963,0.0004677812896136748,0.00046005764533885185
2025-11-05 12:15:00-05:00,679.5650024414062,679.5900268554688,679.260009765625,679.4299926757812,285539,0.00018395811627394917,0.00046005764533885185,0.0003481443312530009
2025-11-05 12:20:00-05:00,679.6950073242188,679.7886962890625,679.5,679.5499877929688,441000,0.000191287733435763,0.0003481443312530009,0.00033863160332427166
2025-11-05 12:25:00-05:00,680.0458984375,680.0999755859375,679.6699829101562,679.6900024414062,593957,0.00051611467976502,0.00033863160332427166,0.000341984877137941
2025-11-05 12:30:00-05:00,680.3300170898438,680.4000244140625,679.9400024414062,680.0499877929688,948330,0.00041770609613396006,0.000341984877137941,0.0003534681682139303
2025-11-05 12:35:00-05:00,680.7100219726562,680.8599243164062,680.25,680.3400268554688,673053,0.0005584036939112491,0.0003534681682139303,0.0003392476535905981
2025-11-05 12:40:00-05:00,680.6799926757812,680.7349853515625,680.4299926757812,680.7050170898438,470971,-4.4115641449889204e-05,0.0003392476535905981,0.0003721523608617427
2025-11-05 12:45:00-05:00,680.3099975585938,680.7100219726562,680.260009765625,680.6749877929688,532141,-0.0005437146914486246,0.0003721523608617427,0.00036606911464001185
2025-11-05 12:50:00-05:00,680.3200073242188,680.4500122070312,680.1900024414062,680.3099975585938,443500,1.4713427734586446e-05,0.00036606911464001185,0.0003335471104346513
2025-11-05 12:55:00-05:00,680.219970703125,680.3200073242188,680.0050048828125,680.3200073242188,453950,-0.00014705429151607425,0.0003335471104346513,0.0003211602903920727
2025-11-05 13:00:00-05:00,680.3599853515625,680.4550170898438,680.0599975585938,680.2100219726562,599574,0.00020581612761341953,0.0003211602903920727,0.00033270612247969793
2025-11-05 13:05:00-05:00,680.1900024414062,680.4000854492188,680.1400146484375,680.35498046875,490365,-0.00024987381950801967,0.00033270612247969793,0.00032525066358238177
2025-11-05 13:10:00-05:00,680.375,680.4099731445312,680.0198974609375,680.1950073242188,305260,0.00027194225840279277,0.00032525066358238177,0.00032669110298632486
2025-11-05 13:15:00-05:00,680.3599853515625,680.70849609375,680.3400268554688,680.3599853515625,492771,-2.2068438894731247e-05,0.00032669110298632486,0.0003347354517631714
2025-11-05 13:20:00-05:00,680.2349853515625,680.4099731445312,680.1500244140625,680.364990234375,336254,-0.00018374314626067013,0.0003347354517631714,0.00031057002567282235
2025-11-05 13:25:00-05:00,680.4099731445312,680.469970703125,680.0700073242188,680.22998046875,333774,0.0002572130118747538,0.00031057002567282235,0.0002875778731436036
2025-11-05 13:30:00-05:00,680.4343872070312,680.489990234375,680.22998046875,680.4000244140625,194233,3.588075640973711e-05,0.0002875778731436036,0.0002968236509329797
2025-11-05 13:35:00-05:00,680.8499755859375,680.8599853515625,680.4000244140625,680.4299926757812,468928,0.0006105827748801506,0.0002968236509329797,0.000316866425324521
2025-11-05 13:40:00-05:00,680.5999755859375,680.85498046875,680.5599975585938,680.85498046875,345051,-0.000367255516950489,0.000316866425324521,0.0002747330792890431
2025-11-05 13:45:00-05:00,680.489990234375,680.6699829101562,680.4520263671875,680.6099853515625,264715,-0.0001616136398971598,0.0002747330792890431,0.0002814847809968108
2025-11-05 13:50:00-05:00,680.6500244140625,680.719970703125,680.47998046875,680.489990234375,297198,0.00023514727170258578,0.0002814847809968108,0.0002755401824129002
2025-11-05 13:55:00-05:00,680.6580200195312,680.7199096679688,680.52001953125,680.6500244140625,264375,1.1746945155556212e-05,0.0002755401824129002,0.00033551031286662244
2025-11-05 14:00:00-05:00,680.219970703125,680.6400146484375,680.1099853515625,680.6400146484375,639432,-0.0006437745845277574,0.00033551031286662244,0.00036363347319964004
2025-11-05 14:05:00-05:00,679.8499755859375,680.3099975585938,679.739990234375,680.219970703125,543690,-0.0005440824971162298,0.00036363347319964004,0.00040661655980554247
2025-11-05 14:10:00-05:00,680.2899780273438,680.2999877929688,679.8499755859375,679.8599853515625,697128,0.0006469958559576884,0.00040661655980554247,0.00041011963322101704
2025-11-05 14:15:00-05:00,680.4099731445312,680.5286865234375,680.239990234375,680.2899780273438,507266,0.00017637263438606893,0.00041011963322101704,0.00040579577768580055
2025-11-05 14:20:00-05:00,680.4420776367188,680.4500122070312,680.2000122070312,680.4099731445312,410629,4.718292804124223e-05,0.00040579577768580055,0.00041143674962642706
2025-11-05 14:25:00-05:00,680.2100219726562,680.47998046875,680.1500854492188,680.4498901367188,337309,-0.0003410947829780017,0.00041143674962642706,0.00042058226375680835
2025-11-05 14:30:00-05:00,680.4000244140625,680.510009765625,680.1400146484375,680.2100219726562,344481,0.00027929007748535463,0.00042058226375680835,0.0003745781413661534
2025-11-05 14:35:00-05:00,680.4299926757812,680.52001953125,680.3400268554688,680.3900146484375,702015,4.404409271867776e-05,0.0003745781413661534,0.0003670359877653271
2025-11-05 14:40:00-05:00,680.260009765625,680.4299926757812,680.25,680.4299926757812,237411,-0.00024984810755648075,0.0003670359877653271,0.00036917606145973355
2025-11-05 14:45:00-05:00,680.1099853515625,680.3699951171875,680.1099853515625,680.27001953125,484252,-0.00022056413359484309,0.00036917606145973355,0.0003801722947360449
2025-11-05 14:50:00-05:00,680.3599853515625,680.4000244140625,680.0999755859375,680.1099853515625,621906,0.00036752006026976995,0.0003801722947360449,0.0003823829527102611
2025-11-05 14:55:00-05:00,680.22998046875,680.4400024414062,680.219970703125,680.364990234375,403808,-0.00019110075257652444,0.0003823829527102611,0.0003380955176971681
2025-11-05 15:00:00-05:00,680.35498046875,680.52001953125,680.2100219726562,680.22998046875,460969,0.00018374449805119055,0.0003380955176971681,0.0002917089865767495
2025-11-05 15:05:00-05:00,680.2966918945312,680.4099731445312,680.1199951171875,680.3599853515625,437409,-8.56774374196243e-05,0.0002917089865767495,0.00022771627231327017
2025-11-05 15:10:00-05:00,680.3900146484375,680.4199829101562,680.25,680.2999877929688,782474,0.00013717008272927803,0.00022771627231327017,0.00022994757718861685
2025-11-05 15:15:00-05:00,680.2449951171875,680.47998046875,680.1799926757812,680.4000244140625,394049,-0.0002131644868142931,0.00022994757718861685,0.00023969676553478402
2025-11-05 15:20:00-05:00,680.0599975585938,680.35498046875,680.0399780273438,680.239990234375,433610,-0.0002719942376604274,0.00023969676553478402,0.00025228385839923826
2025-11-05 15:25:00-05:00,679.760009765625,680.0899047851562,679.6699829101562,680.0499877929688,843390,-0.0004412169202093857,0.00025228385839923826,0.0002399569364686675
2025-11-05 15:30:00-05:00,679.5349731445312,679.8200073242188,679.4600219726562,679.760009765625,949792,-0.0003311078551440502,0.0002399569364686675,0.00023878993115518783
2025-11-05 15:35:00-05:00,679.5499877929688,679.77001953125,679.4550170898438,679.5349731445312,914557,2.209523152661078e-05,0.00023878993115518783,0.00023880744250444442
2025-11-05 15:40:00-05:00,679.3800048828125,679.864990234375,679.1799926757812,679.5399780273438,1204842,-0.0002501716967893291,0.00023880744250444442,0.0002799425824263041
2025-11-05 15:45:00-05:00,678.9600219726562,679.47998046875,678.9099731445312,679.3800048828125,1987728,-0.0006183767175168409,0.0002799425824263041,0.00023863945158330812
2025-11-05 15:50:00-05:00,678.6799926757812,679.139892578125,678.6599731445312,678.9500122070312,1952585,-0.00041252364076599526,0.00023863945158330812,0.0005027058829238299
2025-11-05 15:55:00-05:00,677.5,678.7000122070312,677.4000244140625,678.6849975585938,6984808,-0.001740171629023941,0.0005027058829238299,0.0004824956664589196
2025-11-06 09:30:00-05:00,677.0477905273438,677.3800048828125,676.3300170898438,676.469970703125,3012347,-0.0006676907121604161,0.0004824956664589196,0.0004736300551489298
2025-11-06 09:35:00-05:00,676.8499755859375,677.3400268554688,676.5800170898438,677.0305786132812,1084076,-0.00029221548002363257,0.0004736300551489298,0.0004981101748766632
2025-11-06 09:40:00-05:00,675.97998046875,676.8599853515625,675.6950073242188,676.8499755859375,856136,-0.0012861856484297257,0.0004981101748766632,0.0005421086298081077
2025-11-06 09:45:00-05:00,676.1500244140625,677.010009765625,675.9400024414062,675.97998046875,890458,0.00025152011359096235,0.0005421086298081077,0.0006596627384602997
2025-11-06 09:50:00-05:00,674.9000244140625,676.530029296875,674.8599853515625,676.1500244140625,1257065,-0.0018504131031324147,0.0006596627384602997,0.0006709377881639607
2025-11-06 09:55:00-05:00,674.140380859375,675.1900024414062,674.0900268554688,674.9099731445312,1071545,-0.0011261984919168832,0.0006709377881639607,0.0008005278786718237
2025-11-06 10:00:00-05:00,672.5999755859375,674.14501953125,672.52001953125,674.1300048828125,2063078,-0.0022876064236564972,0.0008005278786718237,0.0009536358104118837
2025-11-06 10:05:00-05:00,673.3400268554688,673.6400146484375,672.5250244140625,672.5999755859375,1531942,0.001099679544061839,0.0009536358104118837,0.0009501236483028404
2025-11-06 10:10:00-05:00,673.1199951171875,674.260009765625,673.030029296875,673.3300170898438,1449729,-0.0003268299639784761,0.0009501236483028404,0.0012038788327711446
2025-11-06 10:15:00-05:00,674.3200073242188,674.6400146484375,672.780029296875,673.1400146484375,1258058,0.001781173962652514,0.0012038788327711446,0.0013078794948186419
2025-11-06 10:20:00-05:00,675.125,675.3699951171875,674.3244018554688,674.3244018554688,1023362,0.001193072362192035,0.0013078794948186419,0.0012519183116485968
2025-11-06 10:25:00-05:00,674.5399169921875,675.2249755859375,674.4500122070312,675.0604248046875,931148,-0.0008670048944693851,0.0012519183116485968,0.001290837259495096
2025-11-06 10:30:00-05:00,673.5449829101562,674.6699829101562,673.3800048828125,674.5399780273438,770233,-0.001476070628413497,0.001290837259495096,0.0014099290940091213
2025-11-06 10:35:00-05:00,671.9199829101562,673.5698852539062,671.72998046875,673.5599975585938,1666611,-0.0024155230071439045,0.0014099290940091213,0.001405045872755434
2025-11-06 10:40:00-05:00,671.1380004882812,672.0800170898438,670.9000244140625,671.9199829101562,1831568,-0.0011644806403090396,0.001405045872755434,0.001413233373546017
2025-11-06 10:45:00-05:00,671.4000244140625,671.8400268554688,670.9000244140625,671.1199951171875,1451544,0.0003903411661315886,0.001413233373546017,0.001383515327005621
2025-11-06 10:50:00-05:00,671.719970703125,671.9000244140625,671.0599975585938,671.3900146484375,1320877,0.0004764225032422727,0.001383515327005621,0.0013845247468661183
2025-11-06 10:55:00-05:00,670.9500122070312,671.9000244140625,670.760009765625,671.7100219726562,1146111,-0.0011469066714739457,0.0013845247468661183,0.0012906522057318651
2025-11-06 11:00:00-05:00,671.5499877929688,671.5700073242188,670.859619140625,670.9500122070312,965744,0.0008938184370673374,0.0012906522057318651,0.001231809997757772
2025-11-06 11:05:00-05:00,671.47998046875,672.02001953125,671.0449829101562,671.5499877929688,845039,-0.00010425281034167923,0.001231809997757772,0.0012316972036999607
2025-11-06 11:10:00-05:00,671.3900146484375,671.6199951171875,670.9299926757812,671.4600219726562,567811,-0.0001339903650751284,0.0012316972036999607,0.0010604406112986692
2025-11-06 11:15:00-05:00,671.010009765625,671.8201904296875,670.5399780273438,671.3900146484375,796210,-0.0005661574583608489,0.0010604406112986692,0.0009329120126593058
2025-11-06 11:20:00-05:00,670.5770263671875,671.5399780273438,670.4000244140625,671.02001953125,743366,-0.0006454794237114077,0.0009329120126593058,0.0010603430436867643
2025-11-06 11:25:00-05:00,671.4099731445312,671.5222778320312,670.219970703125,670.5399780273438,913477,0.00124136356702396,0.0010603430436867643,0.0010131713140567769
2025-11-06 11:30:00-05:00,670.8900146484375,671.4099731445312,670.6699829101562,671.4099731445312,476974,-0.0007747277461506897,0.0010131713140567769,0.0008338873459830416
2025-11-06 11:35:00-05:00,670.0599975585938,670.9000244140625,669.7728881835938,670.8800048828125,965841,-0.0012379539703792817,0.0008338873459830416,0.0007803527987189558
2025-11-06 11:40:00-05:00,669.9600219726562,670.2899780273438,669.3599853515625,670.0399780273438,804336,-0.00014921506345546326,0.0007803527987189558,0.0007666529627474916
2025-11-06 11:45:00-05:00,669.6300048828125,669.97998046875,669.375,669.9699096679688,559908,-0.0004927135763989225,0.0007666529627474916,0.0008306472838254368
2025-11-06 11:50:00-05:00,670.3400268554688,670.47998046875,669.4500122070312,669.6300048828125,852070,0.001059758087554569,0.0008306472838254368,0.0008934818801538309
2025-11-06 11:55:00-05:00,669.239990234375,670.3200073242188,669.010009765625,670.3200073242188,866441,-0.0016423608210411101,0.0008934818801538309,0.0009560589380160745
2025-11-06 12:00:00-05:00,670.1599731445312,670.219970703125,669.22998046875,669.239990234375,751431,0.0013737241749832406,0.0009560589380160745,0.0009727766686911625
2025-11-06 12:05:00-05:00,670.4600219726562,670.5,669.5,670.1400146484375,636339,0.0004476269699510247,0.0009727766686911625,0.0009815015026418666
2025-11-06 12:10:00-05:00,670.0723266601562,671.1300048828125,670.0499877929688,670.4600219726562,838231,-0.0005784199444417173,0.0009815015026418666,0.0009733547647285735
2025-11-06 12:15:00-05:00,669.9600219726562,670.2849731445312,669.5399780273438,670.0800170898438,621818,-0.0001676148906069734,0.0009733547647285735,0.0010065948828633388
2025-11-06 12:20:00-05:00,669.2000122070312,669.9500122070312,668.97998046875,669.9500122070312,784791,-0.001135054553337213,0.0010065948828633388,0.0009376067460325781
2025-11-06 12:25:00-05:00,669.5850219726562,669.6300048828125,668.719970703125,669.2000122070312,715410,0.0005751629520938136,0.0009376067460325781,0.0009308349502458152
2025-11-06 12:30:00-05:00,669.77001953125,670.4000244140625,669.280029296875,669.5800170898438,590678,0.00027624872276221183,0.0009308349502458152,0.0008644779966418246
2025-11-06 12:35:00-05:00,669.7999877929688,670.4299926757812,669.7899780273438,669.7899780273438,770325,4.474310645943088e-05,0.0008644779966418246,0.0009390221419583948
2025-11-06 12:40:00-05:00,670.6409912109375,670.6649780273438,669.739990234375,669.780029296875,474688,0.001254816200777294,0.0009390221419583948,0.000936179070337184
2025-11-06 12:45:00-05:00,671.1199951171875,671.3599853515625,670.5599975585938,670.6099853515625,695842,0.0007139929264301169,0.000936179070337184,0.0008984382732237326
2025-11-06 12:50:00-05:00,671.3800048828125,671.5599975585938,671.0499877929688,671.1400146484375,677737,0.00038735161098842345,0.0008984382732237326,0.0007297548067295457
2025-11-06 12:55:00-05:00,671.1300048828125,671.5800170898438,670.89501953125,671.3800048828125,506644,-0.00037243670597792827,0.0007297548067295457,0.000736611137041014
2025-11-06 13:00:00-05:00,670.35302734375,671.4400024414062,670.260009765625,671.0999755859375,928694,-0.0011583860656898253,0.000736611137041014,0.000848106472191078
2025-11-06 13:05:00-05:00,669.3200073242188,670.4199829101562,669.260009765625,670.3699951171875,812769,-0.001542197532593497,0.000848106472191078,0.0008510325198606855
2025-11-06 13:10:00-05:00,669.6099853515625,669.780029296875,669.1300048828125,669.3200073242188,776679,0.00043314890765564266,0.0008510325198606855,0.0008510568885684407
2025-11-06 13:15:00-05:00,669.6599731445312,669.9299926757812,669.3400268554688,669.5900268554688,434644,7.464931573342023e-05,0.0008510568885684407,0.0008667111557336926
2025-11-06 13:20:00-05:00,670.5900268554688,670.6199951171875,669.532470703125,669.6500244140625,383812,0.0013878811568405454,0.0008667111557336926,0.0008657428843580321
2025-11-06 13:25:00-05:00,670.9600219726562,671.3099975585938,670.530029296875,670.5900268554688,587225,0.0005515934748640253,0.0008657428843580321,0.0008767912617157296
2025-11-06 13:30:00-05:00,671.4000244140625,671.489990234375,670.9099731445312,670.9400024414062,411721,0.0006555654846088003,0.0008767912617157296,0.0008826682560271469
2025-11-06 13:35:00-05:00,671.8090209960938,672.010009765625,671.239990234375,671.3900146484375,687125,0.0006089842769729976,0.0008826682560271469,0.000824081767733902
2025-11-06 13:40:00-05:00,671.9500122070312,672.2100219726562,671.6900024414062,671.7999877929688,579655,0.0002098459738259118,0.000824081767733902,0.0008099396732981247
2025-11-06 13:45:00-05:00,671.8300170898438,672.010009765625,671.3300170898438,671.969970703125,648258,-0.00017859339310050937,0.0008099396732981247,0.0008055633151557669
2025-11-06 13:50:00-05:00,671.969970703125,672.0800170898438,671.5700073242188,671.8300170898438,383880,0.0002082953044479214,0.0008055633151557669,0.000827263590628072
2025-11-06 13:55:00-05:00,671.5,672.0098876953125,671.0599975585938,671.9600219726562,566876,-0.0006996371077049316,0.000827263590628072,0.0007873169299202585
2025-11-06 14:00:00-05:00,672.260009765625,672.3099975585938,671.280029296875,671.510009765625,941036,0.0011311690199745524,0.0007873169299202585,0.0005650278958797348
2025-11-06 14:05:00-05:00,672.260009765625,673.010009765625,672.1300048828125,672.22998046875,774006,0.0,0.0005650278958797348,0.0005799432113755662
2025-11-06 14:10:00-05:00,672.8099975585938,672.9149780273438,672.27001953125,672.27001953125,401717,0.0008177831943692543,0.0005799432113755662,0.0006240693109239974
2025-11-06 14:15:00-05:00,672.510009765625,672.9400024414062,672.1849975585938,672.8099975585938,486872,-0.000445972402562444,0.0006240693109239974,0.0005323914318447002
2025-11-06 14:20:00-05:00,672.6799926757812,672.760009765625,672.3701171875,672.489990234375,348793,0.0002527269913581385,0.0005323914318447002,0.0005773734213977274
2025-11-06 14:25:00-05:00,673.4000244140625,673.5250244140625,672.6950073242188,672.7000122070312,690188,0.0010698202154606278,0.0005773734213977274,0.0005738170973447672
2025-11-06 14:30:00-05:00,673.3699951171875,673.5698852539062,672.9000244140625,673.3900146484375,569298,-4.459454315809514e-05,0.0005738170973447672,0.0005750579286018798
2025-11-06 14:35:00-05:00,673.22998046875,673.7000122070312,673.2050170898438,673.3800048828125,686998,-0.00020795284639916903,0.0005750579286018798,0.0006177045563116718
2025-11-06 14:40:00-05:00,672.8200073242188,673.22998046875,672.1900024414062,673.219970703125,906520,-0.0006091499735171733,0.0006177045563116718,0.0006408783013262525
2025-11-06 14:45:00-05:00,672.4600219726562,672.9600219726562,672.1500244140625,672.8400268554688,537526,-0.0005351827906684098,0.0006408783013262525,0.0006400076420236882
2025-11-06 14:50:00-05:00,672.5599975585938,672.7000122070312,672.030029296875,672.4500122070312,820553,0.00014866036887169497,0.0006400076420236882,0.0006089868355598388
2025-11-06 14:55:00-05:00,672.989990234375,673.4180297851562,672.4600219726562,672.5449829101562,637969,0.0006391329854997286,0.0006089868355598388,0.0005450853816233104
2025-11-06 15:00:00-05:00,672.77001953125,673.14501953125,672.489990234375,672.97998046875,468974,-0.00032690926091985545,0.0005450853816233104,0.0005477294580027987
2025-11-06 15:05:00-05:00,672.9500122070312,673.1599731445312,672.7000122070312,672.7899780273438,416595,0.00026750389770466564,0.0005477294580027987,0.0004969525648105795
2025-11-06 15:10:00-05:00,672.989990234375,673.3099975585938,672.7050170898438,672.9318237304688,574976,5.940536321534823e-05,0.0004969525648105795,0.00047467755590194363
2025-11-06 15:15:00-05:00,673.010009765625,673.1199951171875,672.4000244140625,672.989990234375,686962,2.974670319674426e-05,0.00047467755590194363,0.00047523261823854566
2025-11-06 15:20:00-05:00,673.1900024414062,673.280029296875,672.7999877929688,673.02001953125,629402,0.0002674085206085719,0.00047523261823854566,0.0005085880602399024
2025-11-06 15:25:00-05:00,672.3200073242188,673.3499755859375,672.239990234375,673.1801147460938,728049,-0.0012931828557436308,0.0005085880602399024,0.0005234086481639719
2025-11-06 15:30:00-05:00,672.52001953125,672.6900024414062,671.6599731445312,672.3099975585938,1144718,0.00029745130203116793,0.0005234086481639719,0.0005707932033714439
2025-11-06 15:35:00-05:00,671.9199829101562,672.719970703125,671.8800048828125,672.52001953125,922590,-0.0008926194695859549,0.0005707932033714439,0.0005857622320958727
2025-11-06 15:40:00-05:00,671.3900146484375,672.2000122070312,671.3400268554688,671.9099731445312,1131570,-0.0007890483807585071,0.0005857622320958727,0.0007011127635645593
2025-11-06 15:45:00-05:00,670.3599853515625,671.5599975585938,670.3400268554688,671.3900146484375,1816466,-0.0015353523371958691,0.0007011127635645593,0.0007068292718951316
2025-11-06 15:50:00-05:00,670.5250244140625,671.0599975585938,670.3300170898438,670.375,2664544,0.0002461643796917188,0.0007068292718951316,0.0006491983269997136
2025-11-06 15:55:00-05:00,670.239990234375,670.6099853515625,669.530029296875,670.5250244140625,6961658,-0.0004251814163815627,0.0006491983269997136,0.0017335833138759972
2025-11-07 09:30:00-05:00,666.2899780273438,667.97998046875,666.1900024414062,667.9099731445312,5164547,-0.005910864404674993,0.0017335833138759972,0.001776709290200406
2025-11-07 09:35:00-05:00,664.5,666.4000244140625,664.385009765625,666.280029296875,2547323,-0.0026901000704091845,0.001776709290200406,0.0018913461233878348
2025-11-07 09:40:00-05:00,665.4302978515625,665.7899780273438,664.3499755859375,664.5,2206168,0.0013990176850633244,0.0018913461233878348,0.0018673038873763745
2025-11-07 09:45:00-05:00,664.875,666.0800170898438,664.864990234375,665.4500122070312,1658926,-0.0008348427758817663,0.0018673038873763745,0.002013895774481649
2025-11-07 09:50:00-05:00,666.094970703125,666.4199829101562,664.780029296875,664.8900146484375,1795507,0.0018332059650267836,0.002013895774481649,0.0020337139312744078
2025-11-07 09:55:00-05:00,666.25,666.8350219726562,665.7100219726562,666.0750122070312,1166830,0.00023271645254589393,0.0020337139312744078,0.0020282428286912796
2025-11-07 10:00:00-05:00,665.0,666.4600219726562,664.8599853515625,666.1599731445312,1295642,-0.0018779348242002089,0.0020282428286912796,0.002116719403573458
2025-11-07 10:05:00-05:00,665.77001953125,665.8455810546875,663.969970703125,665.02001953125,1696591,0.00115725423008526,0.002116719403573458,0.0021869822743032286
2025-11-07 10:10:00-05:00,666.530029296875,666.6400146484375,665.6400146484375,665.77001953125,1015312,0.001140898926983372,0.0021869822743032286,0.0021701456129879816
2025-11-07 10:15:00-05:00,666.4400024414062,667.219970703125,665.97998046875,666.5399780273438,1359030,-0.00013507708869974703,0.0021701456129879816,0.002169511399082311
2025-11-07 10:20:00-05:00,665.5499877929688,667.0399780273438,665.4500122070312,666.4400024414062,1061093,-0.0013363685724634246,0.002169511399082311,0.0021965504303858826
2025-11-07 10:25:00-05:00,665.9299926757812,666.8499755859375,665.52001953125,665.5700073242188,1015662,0.0005708007611144746,0.0021965504303858826,0.0014267160160039332
2025-11-07 10:30:00-05:00,665.27001953125,666.3099975585938,665.22998046875,665.9149780273438,1061196,-0.0009915462628472854,0.0014267160160039332,0.0012069755268597979
2025-11-07 10:35:00-05:00,664.719970703125,666.0499877929688,664.6300048828125,665.2550048828125,1171239,-0.000827147367310344,0.0012069755268597979,0.0011414194001952516
2025-11-07 10:40:00-05:00,664.239990234375,665.1599731445312,664.1500244140625,664.7000122070312,1204287,-0.0007223400308938189,0.0011414194001952516,0.0011253495905189088
2025-11-07 10:45:00-05:00,663.9500122070312,664.4000244140625,663.5599975585938,664.239990234375,1612467,-0.0004366514300184691,0.0011253495905189088,0.0009486909490844885
2025-11-07 10:50:00-05:00,663.989990234375,664.739990234375,663.75,663.9600219726562,1135530,6.021059277126554e-05,0.0009486909490844885,0.0009564168012187825
2025-11-07 10:55:00-05:00,663.3300170898438,663.97998046875,663.2899780273438,663.969970703125,1086352,-0.0009944447386882732,0.0009564168012187825,0.0008623008333771115
2025-11-07 11:00:00-05:00,663.719970703125,664.030029296875,663.219970703125,663.3200073242188,1334184,0.0005876999782858949,0.0008623008333771115,0.0007666163606046842
2025-11-07 11:05:00-05:00,663.2399291992188,664.0,663.1199951171875,663.7100219726562,1155190,-0.0007235207708728553,0.0007666163606046842,0.0006189369559958358
2025-11-07 11:10:00-05:00,662.760009765625,663.5,662.6300048828125,663.239990234375,1338706,-0.000723860447420332,0.0006189369559958358,0.0007030216202939436
2025-11-07 11:15:00-05:00,663.22998046875,663.2899780273438,662.25,662.739990234375,1551148,0.0007088601366006292,0.0007030216202939436,0.0006398845994963037
2025-11-07 11:20:00-05:00,663.114990234375,663.8300170898438,663.0800170898438,663.22998046875,1161574,-0.00017339415793483058,0.0006398845994963037,0.0005775241346323095
2025-11-07 11:25:00-05:00,662.8250122070312,663.1900024414062,662.6799926757812,663.1199951171875,736974,-0.0004373923879404438,0.0005775241346323095,0.0006190064499333576
2025-11-07 11:30:00-05:00,663.2750244140625,663.3400268554688,662.6599731445312,662.8200073242188,1031119,0.0006787002667644355,0.0006190064499333576,0.0006449236153940632
2025-11-07 11:35:00-05:00,662.5549926757812,663.3699951171875,662.3800048828125,663.280029296875,722667,-0.0010861600654501111,0.0006449236153940632,0.0007208623934422059
2025-11-07 11:40:00-05:00,663.2100219726562,663.2949829101562,662.1900024414062,662.5499877929688,1028862,0.0009881530179747648,0.0007208623934422059,0.0007580860518442174
2025-11-07 11:45:00-05:00,662.5599975585938,663.3499755859375,662.3099975585938,663.2000122070312,776813,-0.0009805991334448831,0.0007580860518442174,0.0007545818324311764
2025-11-07 11:50:00-05:00,662.4600219726562,663.3300170898438,662.4199829101562,662.5599975585938,753092,-0.00015090426507302672,0.0007545818324311764,0.000732735443140452
2025-11-07 11:55:00-05:00,661.9749755859375,662.6099853515625,661.3300170898438,662.4600219726562,1185079,-0.0007324578545541734,0.000732735443140452,0.0006975153083149843
2025-11-07 12:00:00-05:00,661.6300048828125,662.1900024414062,661.5700073242188,661.969970703125,877633,-0.0005212593122970731,0.0006975153083149843,0.0006960635413818773
2025-11-07 12:05:00-05:00,661.7999877929688,662.030029296875,661.2050170898438,661.6599731445312,1055457,0.00025688236178986835,0.0006960635413818773,0.0007692344847109662
2025-11-07 12:10:00-05:00,662.5599975585938,662.6898803710938,661.4299926757812,661.7899780273438,1048298,0.0011477390701345295,0.0007692344847109662,0.0007606538292255156
2025-11-07 12:15:00-05:00,662.9600219726562,663.125,662.4849853515625,662.5700073242188,631606,0.0006035735715980233,0.0007606538292255156,0.0008532499696048197
2025-11-07 12:20:00-05:00,663.8400268554688,664.169921875,662.7100219726562,662.97998046875,748118,0.0013265073552408363,0.0008532499696048197,0.0008511732389988088
2025-11-07 12:25:00-05:00,663.5750122070312,664.2750244140625,663.3900146484375,663.8300170898438,834527,-0.00039929433396462973,0.0008511732389988088,0.0008331903800457204
2025-11-07 12:30:00-05:00,663.739990234375,664.0499877929688,663.4199829101562,663.52001953125,569052,0.0002485891109342092,0.0008331903800457204,0.0007978334053942768
2025-11-07 12:35:00-05:00,663.22998046875,663.9249877929688,662.9199829101562,663.7449951171875,626942,-0.0007686832437773634,0.0007978334053942768,0.0007469845248101202
2025-11-07 12:40:00-05:00,663.1199951171875,663.4199829101562,662.7000122070312,663.2000122070312,782855,-0.0001658466526015895,0.0007469845248101202,0.0007698523329497676
2025-11-07 12:45:00-05:00,662.3499755859375,663.47998046875,662.2899780273438,663.1099853515625,617798,-0.0011618816493695794,0.0007698523329497676,0.0008040453903643721
2025-11-07 12:50:00-05:00,662.8800048828125,662.9400024414062,662.010009765625,662.3656005859375,828246,0.0007999054246403724,0.0008040453903643721,0.0008753806035664623
2025-11-07 12:55:00-05:00,663.9400024414062,664.010009765625,662.8300170898438,662.8699951171875,668100,0.0015978019298086633,0.0008753806035664623,0.0008421998509646254
2025-11-07 13:00:00-05:00,664.0599975585938,664.3400268554688,663.8300170898438,663.9400024414062,530290,0.00018071553842486255,0.0008421998509646254,0.0008420644734303145
2025-11-07 13:05:00-05:00,664.260009765625,664.530029296875,663.5800170898438,664.0399780273438,583176,0.0003011506375572837,0.0008420644734303145,0.0008006554566514922
2025-11-07 13:10:00-05:00,664.510009765625,664.6749877929688,664.0499877929688,664.260009765625,604481,0.00037628784405893017,0.0008006554566514922,0.0007932491027710167
2025-11-07 13:15:00-05:00,664.5800170898438,664.6799926757812,664.0,664.510009765625,507278,0.0001053462487399528,0.0007932491027710167,0.0007428187874139338
2025-11-07 13:20:00-05:00,665.1500244140625,665.1599731445312,664.4400024414062,664.5900268554688,703057,0.0008573279407714364,0.0007428187874139338,0.0007213404214936641
2025-11-07 13:25:00-05:00,665.3099975585938,665.5750122070312,665.0598754882812,665.1599731445312,696641,0.00024047794395952487,0.0007213404214936641,0.0007256259572510392
2025-11-07 13:30:00-05:00,665.27001953125,665.6599731445312,665.22998046875,665.2999877929688,704093,-6.009112844374523e-05,0.0007256259572510392,0.0006969320930654201
2025-11-07 13:35:00-05:00,665.9749755859375,666.0,664.9600219726562,665.2899780273438,611464,0.0010590929891457787,0.0006969320930654201,0.0007126422738662341
2025-11-07 13:40:00-05:00,665.72998046875,666.0900268554688,665.6099853515625,665.97998046875,495499,-0.0003679420412721716,0.0007126422738662341,0.0007466719272115174
2025-11-07 13:45:00-05:00,664.8411865234375,665.9299926757812,664.6900024414062,665.72998046875,930390,-0.0013359587214171874,0.0007466719272115174,0.0007340801827684833
2025-11-07 13:50:00-05:00,664.8588256835938,664.864990234375,664.219970703125,664.864990234375,615983,2.6531037069124728e-05,0.0007340801827684833,0.0006659273345301868
2025-11-07 13:55:00-05:00,665.614990234375,666.02001953125,664.8200073242188,664.8499755859375,592065,0.0011366847256238097,0.0006659273345301868,0.0006687635060658304
2025-11-07 14:00:00-05:00,665.9000244140625,666.25,665.2000122070312,665.6099853515625,510705,0.0004281351406564336,0.0006687635060658304,0.0006685148207691384
2025-11-07 14:05:00-05:00,666.02001953125,666.3200073242188,665.7100219726562,665.9000244140625,524633,0.0001801836650144445,0.0006685148207691384,0.0006688242159183435
2025-11-07 14:10:00-05:00,666.280029296875,666.3385009765625,665.780029296875,666.030029296875,846213,0.0003903171348747066,0.0006688242159183435,0.0006969088682313987
2025-11-07 14:15:00-05:00,665.9749755859375,666.5499877929688,665.9099731445312,666.2899780273438,586002,-0.0004579509405493411,0.0006969088682313987,0.0007029982285206379
2025-11-07 14:20:00-05:00,666.5900268554688,666.6799926757812,665.9749755859375,665.97998046875,1095529,0.000923108909628654,0.0007029982285206379,0.0007114674727330805
2025-11-07 14:25:00-05:00,666.4500122070312,666.5900268554688,666.1099853515625,666.5900268554688,1171319,-0.00021006818227438726,0.0007114674727330805,0.0008331519121095132
2025-11-07 14:30:00-05:00,667.5700073242188,667.6599731445312,666.47998046875,666.47998046875,1003378,0.001679128294837112,0.0008331519121095132,0.0008471369950388241
2025-11-07 14:35:00-05:00,668.3800048828125,668.52001953125,667.3699951171875,667.5700073242188,1359354,0.0012126167153665066,0.0008471369950388241,0.0008818589475503726
2025-11-07 14:40:00-05:00,669.3699951171875,669.5800170898438,668.3800048828125,668.3800048828125,1920704,0.0014800828482175081,0.0008818589475503726,0.0007445668922986642
2025-11-07 14:45:00-05:00,669.0700073242188,669.3900146484375,667.6699829101562,669.3699951171875,2363293,-0.00044826484182309423,0.0007445668922986642,0.0007346712080371174
2025-11-07 14:50:00-05:00,669.6900024414062,669.7100219726562,668.8300170898438,669.0900268554688,1456074,0.0009262230078414372,0.0007346712080371174,0.0007190299361630247
2025-11-07 14:55:00-05:00,669.8900146484375,669.97998046875,669.0499877929688,669.6900024414062,985958,0.0002986192776330864,0.0007190299361630247,0.0007747660511886193
2025-11-07 15:00:00-05:00,669.5798950195312,670.030029296875,669.3699951171875,669.9000244140625,1206410,-0.0004630483032266133,0.0007747660511886193,0.0007823653115262526
2025-11-07 15:05:00-05:00,669.5800170898438,669.6599731445312,668.6500244140625,669.5800170898438,1918302,1.8230879143167595e-07,0.0007823653115262526,0.0008001190096351921
2025-11-07 15:10:00-05:00,669.489990234375,669.9199829101562,669.3099975585938,669.5800170898438,848330,-0.00013446176094155627,0.0008001190096351921,0.0008302137376458601
2025-11-07 15:15:00-05:00,669.0,669.655029296875,668.5800170898438,669.47998046875,1209879,-0.0007321537849938589,0.0008302137376458601,0.0008938709509262904
2025-11-07 15:20:00-05:00,668.35498046875,669.0941772460938,668.2249755859375,668.97998046875,970345,-0.0009646198514015443,0.0008938709509262904,0.0008854987532002005
2025-11-07 15:25:00-05:00,668.6649780273438,669.1400146484375,667.9199829101562,668.3599853515625,1108902,0.0004637141909196073,0.0008854987532002005,0.000774156416813251
2025-11-07 15:30:00-05:00,669.0,669.4299926757812,668.6599731445312,668.6599731445312,884495,0.0005009056604818715,0.000774156416813251,0.0007314078254339381
2025-11-07 15:35:00-05:00,669.530029296875,669.5800170898438,668.969970703125,669.0,767320,0.0007919573158266514,0.0007314078254339381,0.0006322300528087715
2025-11-07 15:40:00-05:00,670.02001953125,670.10498046875,669.0499877929688,669.5399780273438,1049301,0.0007315743919493487,0.0006322300528087715,0.0008510481546181435
2025-11-07 15:45:00-05:00,668.72998046875,670.0399780273438,668.6849975585938,670.010009765625,1776633,-0.0019272298215352647,0.0008510481546181435,0.000940608552716475
2025-11-07 15:50:00-05:00,669.8099975585938,670.0900268554688,668.719970703125,668.72998046875,2299005,0.0016137244190624251,0.000940608552716475,0.0010527300521563185
2025-11-07 15:55:00-05:00,670.9199829101562,671.0800170898438,669.6500244140625,669.77001953125,4637080,0.0016557929207694968,0.0010527300521563185,0.003072717698123941
2025-11-10 09:30:00-05:00,677.8001098632812,678.1300048828125,677.030029296875,677.2349853515625,5054319,0.010202541906688052,0.003072717698123941,0.0030578070831916234
2025-11-10 09:35:00-05:00,678.7999877929688,678.853515625,677.8200073242188,677.8200073242188,1971441,0.0014740941158302107,0.0030578070831916234,0.003054495446789889
2025-11-10 09:40:00-05:00,678.77001953125,679.0900268554688,678.489990234375,678.7999877929688,1593748,-4.414985829372774e-05,0.003054495446789889,0.003031908536402158
2025-11-10 09:45:00-05:00,678.5800170898438,679.2000122070312,678.5050048828125,678.780029296875,1498821,-0.00027996086126791023,0.003031908536402158,0.0029913144204372507
2025-11-10 09:50:00-05:00,678.4299926757812,678.6295166015625,678.0399780273438,678.5800170898438,1521280,-0.00022111025503731855,0.0029913144204372507,0.0029995116877956154
2025-11-10 09:55:00-05:00,678.5449829101562,679.0399780273438,678.219970703125,678.4450073242188,875416,0.00016948025824957871,0.0029995116877956154,0.003004809743585377
2025-11-10 10:00:00-05:00,678.739990234375,678.8400268554688,678.3099975585938,678.5399780273438,925353,0.0002873491262616504,0.003004809743585377,0.0030248725646354626
2025-11-10 10:05:00-05:00,678.7100219726562,678.9650268554688,678.510009765625,678.7349853515625,760024,-4.415376102853212e-05,0.0030248725646354626,0.003047712811825306
2025-11-10 10:10:00-05:00,678.5800170898438,679.1799926757812,678.47998046875,678.7100219726562,908642,-0.00019156536844527788,0.003047712811825306,0.0029402408984652638
2025-11-10 10:15:00-05:00,678.3300170898438,678.9600219726562,678.1599731445312,678.5900268554688,703575,-0.0003684842716634928,0.0029402408984652638,0.0029373302452466083
2025-11-10 10:20:00-05:00,679.0399780273438,679.0499877929688,678.239990234375,678.3300170898438,670665,0.0010460832415565427,0.0029373302452466083,0.0029589568503089704
2025-11-10 10:25:00-05:00,678.8599853515625,679.219970703125,678.77001953125,679.0399780273438,725588,-0.0002651044726262371,0.0029589568503089704,0.0005761385461868847
2025-11-10 10:30:00-05:00,678.7100219726562,678.989990234375,678.530029296875,678.8699951171875,745409,-0.00022092912882157016,0.0005761385461868847,0.000455072370247645
2025-11-10 10:35:00-05:00,678.1300048828125,678.9699096679688,678.0499877929688,678.7100219726562,744104,-0.0008549528517639458,0.000455072370247645,0.00047450044548921186
2025-11-10 10:40:00-05:00,677.7550048828125,678.1799926757812,677.739990234375,678.1199951171875,774537,-0.0005531442664542067,0.00047450044548921186,0.0004719938553746913
2025-11-10 10:45:00-05:00,677.6900024414062,678.1099853515625,677.530029296875,677.760009765625,769136,-9.591306339222357e-05,0.0004719938553746913,0.0005625322061039084
2025-11-10 10:50:00-05:00,676.9000244140625,677.7000122070312,676.385009765625,677.7000122070312,1343585,-0.0011663722620730585,0.0005625322061039084,0.0005926626825163712
2025-11-10 10:55:00-05:00,676.239990234375,676.9000244140625,676.1500244140625,676.9000244140625,800430,-0.000975559402411255,0.0005926626825163712,0.0005730826816498471
2025-11-10 11:00:00-05:00,675.7849731445312,676.280029296875,675.6099853515625,676.25,879276,-0.00067308980136784,0.0005730826816498471,0.0006162343986808105
2025-11-10 11:05:00-05:00,676.0999755859375,676.3300170898438,675.239990234375,675.780029296875,1149578,0.0004660196082558115,0.0006162343986808105,0.0006574386910835282
2025-11-10 11:10:00-05:00,676.4199829101562,676.8200073242188,676.0999755859375,676.0999755859375,1061977,0.0004732016384378509,0.0006574386910835282,0.000658422015283543
2025-11-10 11:15:00-05:00,676.3599853515625,676.6799926757812,675.9600219726562,676.4299926757812,896124,-8.870261245833277e-05,0.000658422015283543,0.0005348411575584608
2025-11-10 11:20:00-05:00,675.8099975585938,676.4949951171875,675.5349731445312,676.3499755859375,658696,-0.0008134891770267353,0.0005348411575584608,0.0005332973621042688
2025-11-10 11:25:00-05:00,675.5549926757812,676.0244140625,675.52001953125,675.8049926757812,576336,-0.00037740342199488495,0.0005332973621042688,0.0005881011598659087
2025-11-10 11:30:00-05:00,675.864990234375,676.2899780273438,675.5499877929688,675.5499877929688,565129,0.0004587730948944472,0.0005881011598659087,0.0005667690020400161
2025-11-10 11:35:00-05:00,675.5999755859375,675.9400024414062,675.489990234375,675.8800048828125,564820,-0.0003921887115638784,0.0005667690020400161,0.0005853022272024398
2025-11-10 11:40:00-05:00,675.7899780273438,675.8200073242188,675.030029296875,675.6300048828125,596763,0.00028119558259286136,0.0005853022272024398,0.0005873152509573427
2025-11-10 11:45:00-05:00,675.7741088867188,675.8599853515625,675.3699951171875,675.780029296875,449502,-2.348263138889517e-05,0.0005873152509573427,0.0005103486157360384
2025-11-10 11:50:00-05:00,675.5850830078125,676.0700073242188,675.4600219726562,675.760009765625,578010,-0.00027975667945700675,0.0005103486157360384,0.0006459129152052443
2025-11-10 11:55:00-05:00,676.6300048828125,676.6699829101562,675.52001953125,675.5800170898438,496746,0.0015454968552646635,0.0006459129152052443,0.000690724682525546
2025-11-10 12:00:00-05:00,677.489990234375,677.5599975585938,676.4500122070312,676.6199951171875,699350,0.0012701761591066116,0.000690724682525546,0.0006999701340881675
2025-11-10 12:05:00-05:00,677.2899780273438,677.8499755859375,677.1900024414062,677.4849853515625,771733,-0.00029526891918994265,0.0006999701340881675,0.0007425162545668748
2025-11-10 12:10:00-05:00,676.739990234375,677.3599853515625,676.6599731445312,677.2849731445312,486822,-0.0008123717142269082,0.0007425162545668748,0.0007520495449247842
2025-11-10 12:15:00-05:00,677.0700073242188,677.219970703125,676.560302734375,676.77001953125,403516,0.0004875382763841656,0.0007520495449247842,0.0006965991322821024
2025-11-10 12:20:00-05:00,677.2150268554688,677.52001953125,676.989990234375,677.0599975585938,393852,0.000214163973084234,0.0006965991322821024,0.0006759986063409488
2025-11-10 12:25:00-05:00,677.4650268554688,677.7999877929688,677.1900024414062,677.2000122070312,580891,0.00036909084496122136,0.0006759986063409488,0.000689520038255114
2025-11-10 12:30:00-05:00,677.969970703125,678.0449829101562,677.4650268554688,677.4650268554688,484468,0.0007450654172638404,0.000689520038255114,0.0006587086689886216
2025-11-10 12:35:00-05:00,678.239990234375,678.2899780273438,677.89501953125,677.97998046875,269975,0.0003981972446674747,0.0006587086689886216,0.000658565534060814
2025-11-10 12:40:00-05:00,678.4600219726562,678.8400268554688,678.2000122070312,678.260009765625,715709,0.00032436314326030193,0.000658565534060814,0.0006534304448799199
2025-11-10 12:45:00-05:00,678.8800048828125,678.9949951171875,678.4600219726562,678.4600219726562,324062,0.0006188322973603672,0.0006534304448799199,0.0006305948102265947
2025-11-10 12:50:00-05:00,679.4600219726562,679.47998046875,678.8900146484375,678.8900146484375,1003989,0.0008540087365879422,0.0006305948102265947,0.0005480468361684481
2025-11-10 12:55:00-05:00,679.4199829101562,679.75,679.3599853515625,679.469970703125,769655,-5.89295042501593e-05,0.0005480468361684481,0.00046488348660279276
2025-11-10 13:00:00-05:00,679.52001953125,679.77001953125,679.3400268554688,679.4199829101562,413239,0.0001472274288705985,0.00046488348660279276,0.0004323949849436359
2025-11-10 13:05:00-05:00,679.6849975585938,679.7999877929688,679.4500122070312,679.52001953125,848900,0.00024275664977628045,0.0004323949849436359,0.0002760658625106622
2025-11-10 13:10:00-05:00,679.7100219726562,679.8250122070312,679.5999755859375,679.6900024414062,378566,3.681698653552413e-05,0.0002760658625106622,0.000274441268840959
2025-11-10 13:15:00-05:00,679.8930053710938,680.0499877929688,679.719970703125,679.719970703125,661303,0.00026917180362541514,0.000274441268840959,0.00028929870710436465
2025-11-10 13:20:00-05:00,679.9000244140625,679.9166870117188,679.6400146484375,679.9000244140625,510328,1.0323693113581621e-05,0.00028929870710436465,0.00039873592189957664
2025-11-10 13:25:00-05:00,679.4749755859375,679.9650268554688,679.39501953125,679.8900146484375,431622,-0.000625359215782424,0.00039873592189957664,0.00039849626791924145
2025-11-10 13:30:00-05:00,679.97998046875,680.1400146484375,679.4949951171875,679.5,384069,0.000742952024695827,0.00039849626791924145,0.00039753522666892345
2025-11-10 13:35:00-05:00,680.22998046875,680.2999877929688,679.9749755859375,679.97998046875,388908,0.00036759031325239234,0.00039753522666892345,0.0004041151369372736
2025-11-10 13:40:00-05:00,680.2098999023438,680.3900146484375,680.0900268554688,680.239990234375,361089,-2.9520696500329276e-05,0.0004041151369372736,0.0003890762084606568
2025-11-10 13:45:00-05:00,680.4849853515625,680.489990234375,680.114990234375,680.2100219726562,444771,0.0004043308399959557,0.0003890762084606568,0.000352168479797418
2025-11-10 13:50:00-05:00,680.2849731445312,680.5399780273438,680.2100219726562,680.489990234375,419247,-0.0002939691712369794,0.000352168479797418,0.00040558858255235577
2025-11-10 13:55:00-05:00,679.875,680.2849731445312,679.8350219726562,680.2849731445312,608741,-0.0006028307920265839,0.00040558858255235577,0.00042992561023282803
2025-11-10 14:00:00-05:00,680.25,680.260009765625,679.8400268554688,679.8800048828125,381664,0.0005514199202308884,0.00042992561023282803,0.00042728012324881837
2025-11-10 14:05:00-05:00,680.3200073242188,680.469970703125,680.1799926757812,680.239990234375,517687,0.00010290881601639876,0.00042728012324881837,0.0004386190953017598
2025-11-10 14:10:00-05:00,680.1400146484375,680.3900146484375,679.9400024414062,680.3200073242188,704177,-0.00026460560975614196,0.0004386190953017598,0.00044054381552919913
2025-11-10 14:15:00-05:00,680.35009765625,680.4099731445312,680.0250244140625,680.135009765625,310756,0.0003088343054935892,0.00044054381552919913,0.00044030906628865274
2025-11-10 14:20:00-05:00,680.3900146484375,680.4398803710938,680.2651977539062,680.3499755859375,235742,5.8669531144198045e-05,0.00044030906628865274,0.00040543115765864107
2025-11-10 14:25:00-05:00,680.781494140625,680.9555053710938,680.3800048828125,680.3800048828125,572536,0.0005752096638133598,0.00040543115765864107,0.00037725724994558683
2025-11-10 14:30:00-05:00,680.5999755859375,680.8800048828125,680.5599975585938,680.780029296875,580946,-0.0002666681746441324,0.00037725724994558683,0.00037186616266075443
2025-11-10 14:35:00-05:00,680.7899780273438,680.7999877929688,680.5399780273438,680.5999755859375,505075,0.00027913007898385585,0.00037186616266075443,0.00037362561920270695
2025-11-10 14:40:00-05:00,680.9550170898438,681.0449829101562,680.7550048828125,680.780029296875,646593,0.00024239349349527742,0.00037362561920270695,0.00036050414507053435
2025-11-10 14:45:00-05:00,681.02001953125,681.0994873046875,680.885009765625,680.9500122070312,478816,9.545320539340794e-05,0.00036050414507053435,0.0003903898100844483
2025-11-10 14:50:00-05:00,681.530029296875,681.6300048828125,680.9500122070312,681.02001953125,849185,0.0007486107242547141,0.0003903898100844483,0.0003490657983303444
2025-11-10 14:55:00-05:00,681.2999877929688,681.6699829101562,681.1799926757812,681.5390014648438,685682,-0.00033759383519057,0.0003490657983303444,0.0003482740136870033
2025-11-10 15:00:00-05:00,681.6702270507812,681.7000122070312,681.2550048828125,681.2899780273438,557994,0.0005432829901737298,0.0003482740136870033,0.00034978602283737645
2025-11-10 15:05:00-05:00,681.7000122070312,681.8101196289062,681.530029296875,681.6749877929688,466771,4.369342295598469e-05,0.00034978602283737645,0.00032892083204043104
2025-11-10 15:10:00-05:00,682.0,682.0800170898438,681.6849975585938,681.7100219726562,1028378,0.0004399615679730227,0.00032892083204043104,0.00041356014373843635
2025-11-10 15:15:00-05:00,681.5549926757812,682.0,681.4199829101562,682.0,1147160,-0.0006527163809428935,0.00041356014373843635,0.00042828145211715245
2025-11-10 15:20:00-05:00,681.3900146484375,681.614990234375,681.1500244140625,681.5599975585938,906456,-0.0002420905132091819,0.00042828145211715245,0.00040789543790851535
2025-11-10 15:25:00-05:00,681.3099975585938,681.6699829101562,681.3099975585938,681.3900146484375,730769,-0.0001174390389945071,0.00040789543790851535,0.00039973254066557706
2025-11-10 15:30:00-05:00,681.2199096679688,681.3864135742188,681.030029296875,681.2999877929688,1148450,-0.00013223620307853157,0.00039973254066557706,0.0004616958311331464
2025-11-10 15:35:00-05:00,681.8250122070312,681.97998046875,681.1649780273438,681.2100219726562,861308,0.0008878688722611907,0.0004616958311331464,0.00046612404244786065
2025-11-10 15:40:00-05:00,681.72998046875,681.8300170898438,681.5499877929688,681.8200073242188,1029174,-0.0001393882006161141,0.00046612404244786065,0.00047943415530737855
2025-11-10 15:45:00-05:00,682.0595703125,682.114990234375,681.5800170898438,681.7349853515625,1446498,0.00048334414936343555,0.00047943415530737855,0.0004409913733372303
2025-11-10 15:50:00-05:00,681.97998046875,682.1799926757812,681.47998046875,682.0499877929688,2225670,-0.00011669726701796881,0.0004409913733372303,0.0005221350327418301
2025-11-10 15:55:00-05:00,681.3200073242188,682.0,681.1300048828125,681.97998046875,4638251,-0.0009681995188090217,0.0005221350327418301,0.0007160428520639471
2025-11-11 09:30:00-05:00,680.0650024414062,680.52001953125,679.9000244140625,679.9500122070312,2168047,-0.0018437183152761798,0.0007160428520639471,0.0007318459592872094
2025-11-11 09:35:00-05:00,680.3150024414062,680.5,679.969970703125,680.0700073242188,807210,0.0003675443654228336,0.0007318459592872094,0.0007079230314565497
2025-11-11 09:40:00-05:00,680.0468139648438,680.3400268554688,679.739990234375,680.3150024414062,769590,-0.00039428992611024083,0.0007079230314565497,0.0006971218665616741
2025-11-11 09:45:00-05:00,679.8099975585938,680.4400024414062,679.7750244140625,680.0449829101562,659427,-0.0003482960950553431,0.0006971218665616741,0.0007053237316105686
2025-11-11 09:50:00-05:00,679.9199829101562,680.0,679.4199829101562,679.8099975585938,813680,0.0001617752838904975,0.0007053237316105686,0.0008031186029369374
2025-11-11 09:55:00-05:00,680.7000122070312,680.844970703125,679.6799926757812,679.9299926757812,910238,0.001146579331671457,0.0008031186029369374,0.0008329852941256883
2025-11-11 10:00:00-05:00,680.1300048828125,680.6900024414062,680.0700073242188,680.6799926757812,605799,-0.0008377348388795929,0.0008329852941256883,0.0007699987516564517
2025-11-11 10:05:00-05:00,679.85888671875,680.2550048828125,679.1300048828125,680.1300048828125,933786,-0.00039870644433687526,0.0007699987516564517,0.000774446648900735
2025-11-11 10:10:00-05:00,679.47998046875,680.0349731445312,679.2899780273438,679.8599853515625,570752,-0.0005574860970426186,0.000774446648900735,0.000750373116962485
2025-11-11 10:15:00-05:00,678.9099731445312,679.4849853515625,678.85498046875,679.4600219726562,619978,-0.0008392396545017915,0.000750373116962485,0.0008236678004297225
2025-11-11 10:20:00-05:00,679.4550170898438,679.5599975585938,678.8200073242188,678.9099731445312,563619,0.0008025000327333508,0.0008236678004297225,0.0008003260589605618
2025-11-11 10:25:00-05:00,679.4550170898438,679.8900146484375,679.22900390625,679.4500122070312,527788,0.0,0.0008003260589605618,0.0006366213941298201
2025-11-11 10:30:00-05:00,679.0386962890625,679.6300048828125,678.7999877929688,679.4500122070312,531668,-0.0006129153336732617,0.0006366213941298201,0.0006378498220236891
2025-11-11 10:35:00-05:00,679.2999877929688,679.3400268554688,678.7899780273438,679.030029296875,548357,0.0003847221759801332,0.0006378498220236891,0.0006371827154793226
2025-11-11 10:40:00-05:00,679.4199829101562,679.6898803710938,679.0651245117188,679.2949829101562,492761,0.000176629651564378,0.0006371827154793226,0.0006344032062711678
2025-11-11 10:45:00-05:00,679.239990234375,679.6099853515625,678.8800048828125,679.4099731445312,442397,-0.0002649561779870875,0.0006344032062711678,0.0006321938949748818
2025-11-11 10:50:00-05:00,679.0599975585938,679.239990234375,678.7899780273438,679.239990234375,405563,-0.00026502639836913685,0.0006321938949748818,0.000503659503097773
2025-11-11 10:55:00-05:00,679.1400146484375,679.260009765625,678.72998046875,679.0499877929688,437208,0.00011782813903285882,0.000503659503097773,0.000480316806567737
2025-11-11 11:00:00-05:00,679.3699951171875,679.6500244140625,679.0499877929688,679.1400146484375,500043,0.0003385775140319374,0.000480316806567737,0.00047097855282191486
2025-11-11 11:05:00-05:00,679.280029296875,679.7000122070312,679.25,679.3900146484375,376017,-0.00013243413510077842,0.00047097855282191486,0.00045816911983391435
2025-11-11 11:10:00-05:00,679.5150146484375,679.9199829101562,679.280029296875,679.2899780273438,406206,0.00034587313951747983,0.00045816911983391435,0.0004732090704855087
2025-11-11 11:15:00-05:00,680.2550048828125,680.2899780273438,679.4500122070312,679.5150146484375,498873,0.0010884050932099766,0.0004732090704855087,0.0004396811431505428
2025-11-11 11:20:00-05:00,680.5599975585938,680.739990234375,680.030029296875,680.260009765625,594639,0.0004482500271395262,0.0004396811431505428,0.0007178920576003886
2025-11-11 11:25:00-05:00,679.3200073242188,680.6099853515625,679.280029296875,680.5599975585938,675836,-0.0018236764620194294,0.0007178920576003886,0.0007052525733237987
2025-11-11 11:30:00-05:00,679.655029296875,679.719970703125,678.760009765625,679.3599853515625,816893,0.0004930509691719447,0.0007052525733237987,0.0006987906285779818
2025-11-11 11:35:00-05:00,679.6400146484375,680.010009765625,679.4600219726562,679.6500244140625,345925,-2.2091816644169533e-05,0.0006987906285779818,0.0006987890780151103
2025-11-11 11:40:00-05:00,679.760009765625,679.9899291992188,679.2799072265625,679.6599731445312,353287,0.0001765412907814448,0.0006987890780151103,0.0007017021780810548
2025-11-11 11:45:00-05:00,680.0800170898438,680.1696166992188,679.635009765625,679.760009765625,322432,0.0004706543767004418,0.0007017021780810548,0.0006927552262541444
2025-11-11 11:50:00-05:00,680.0999755859375,680.219970703125,679.7100219726562,680.0850219726562,257702,2.9346845568531097e-05,0.0006927552262541444,0.0007161066524669274
2025-11-11 11:55:00-05:00,679.760009765625,680.260009765625,679.6400146484375,680.0999755859375,274941,-0.000500001222268848,0.0007161066524669274,0.0007317554539499659
2025-11-11 12:00:00-05:00,680.2000122070312,680.27001953125,679.6900024414062,679.739990234375,341186,0.0006470814577636339,0.0007317554539499659,0.0007427046509617663
2025-11-11 12:05:00-05:00,680.6300048828125,680.8300170898438,680.2100219726562,680.2100219726562,517879,0.0006319565040331827,0.0007427046509617663,0.0007406270395413041
2025-11-11 12:10:00-05:00,680.760009765625,680.8099975585938,680.3099975585938,680.6500244140625,327397,0.00019098844829000793,0.0007406270395413041,0.0007002043022321275
2025-11-11 12:15:00-05:00,681.2050170898438,681.22998046875,680.75,680.75,700655,0.0006534783658613174,0.0007002043022321275,0.0006923914308435768
2025-11-11 12:20:00-05:00,681.280029296875,681.3900146484375,681.010009765625,681.2000122070312,406651,0.00011011087028939968,0.0006923914308435768,0.00038705246308862775
2025-11-11 12:25:00-05:00,681.0305786132812,681.3099975585938,680.75,681.2899780273438,478193,-0.0003662170505511029,0.00038705246308862775,0.0003767566372749119
2025-11-11 12:30:00-05:00,681.1799926757812,681.27001953125,681.010009765625,681.0499877929688,307159,0.00021936999498945567,0.0003767566372749119,0.0003825256496954642
2025-11-11 12:35:00-05:00,681.0999755859375,681.2899780273438,680.9500122070312,681.1799926757812,392647,-0.00011747525002207972,0.0003825256496954642,0.0003911729776539492
2025-11-11 12:40:00-05:00,681.4149780273438,681.4199829101562,680.9600219726562,681.0999755859375,381446,0.00046238383833238205,0.0003911729776539492,0.0003825119628459209
2025-11-11 12:45:00-05:00,681.5850219726562,681.7249755859375,681.22998046875,681.4099731445312,321418,0.000249514227725149,0.0003825119628459209,0.00038614403794356566
2025-11-11 12:50:00-05:00,681.8900146484375,682.0999755859375,681.4500122070312,681.5800170898438,523227,0.0004473755260293514,0.00038614403794356566,0.0003127805214688754
2025-11-11 12:55:00-05:00,682.0850219726562,682.25,681.885009765625,681.8900146484375,388152,0.0002859397280913941,0.0003127805214688754,0.00029542916018544227
2025-11-11 13:00:00-05:00,682.3743896484375,682.5900268554688,682.030029296875,682.0700073242188,775797,0.0004241499272971534,0.00029542916018544227,0.0002939188265745395
2025-11-11 13:05:00-05:00,682.27001953125,682.5800170898438,682.239990234375,682.3699951171875,437598,-0.000152963096743598,0.0002939188265745395,0.00029476615391956645
2025-11-11 13:10:00-05:00,682.3541870117188,682.5499877929688,682.1900024414062,682.260009765625,357993,0.00012335627665381596,0.00029476615391956645,0.0003331039040300646
2025-11-11 13:15:00-05:00,682.9600219726562,682.989990234375,682.260009765625,682.3599853515625,491096,0.0008874660451252151,0.0003331039040300646,0.0003617893279534493
2025-11-11 13:20:00-05:00,682.77001953125,683.239990234375,682.6199951171875,682.969970703125,726240,-0.00027824304490340176,0.0003617893279534493,0.0003180255170361216
2025-11-11 13:25:00-05:00,682.9099731445312,683.0305786132812,682.47998046875,682.77001953125,448113,0.000204958137370019,0.0003180255170361216,0.0003539176629449585
2025-11-11 13:30:00-05:00,682.7000122070312,683.0999755859375,682.5999755859375,682.9099731445312,397237,-0.00030749766244623535,0.0003539176629449585,0.000356896079764303
2025-11-11 13:35:00-05:00,682.594970703125,682.7000122070312,682.1599731445312,682.6900024414062,620826,-0.00015387371290216027,0.000356896079764303,0.00035788847469453715
2025-11-11 13:40:00-05:00,682.9199829101562,682.97998046875,682.5899047851562,682.5999755859375,701214,0.00047602878651550304,0.00035788847469453715,0.00035737634546661583
2025-11-11 13:45:00-05:00,683.0599975585938,683.1400146484375,682.8300170898438,682.9199829101562,374416,0.00020500249041688107,0.00035737634546661583,0.0003552425386126618
2025-11-11 13:50:00-05:00,682.989990234375,683.2899780273438,682.8399047851562,683.0700073242188,557733,-0.00010249599195587345,0.0003552425386126618,0.0003564571415026698
2025-11-11 13:55:00-05:00,683.2050170898438,683.3099975585938,682.9500122070312,683.0,464108,0.00031478208614658964,0.0003564571415026698,0.0003689130857990888
2025-11-11 14:00:00-05:00,682.969970703125,683.2100219726562,682.6099853515625,683.2000122070312,490681,-0.00034409411845194105,0.0003689130857990888,0.0004038882620893751
2025-11-11 14:05:00-05:00,682.6099853515625,683.0549926757812,682.4500122070312,682.97998046875,530919,-0.0005272270705279476,0.0004038882620893751,0.00042473213020795156
2025-11-11 14:10:00-05:00,682.9500122070312,683.0797729492188,682.5499877929688,682.5900268554688,550850,0.0004980035488796247,0.00042473213020795156,0.0003384995601860613
2025-11-11 14:15:00-05:00,682.9400024414062,683.3200073242188,682.8900146484375,682.969970703125,666907,-1.465676667646749e-05,0.0003384995601860613,0.00032959754510084505
2025-11-11 14:20:00-05:00,683.0499877929688,683.0999755859375,682.7999877929688,682.9500122070312,313948,0.00016103390593843878,0.00032959754510084505,0.0003264201958049163
2025-11-11 14:25:00-05:00,683.1300048828125,683.3099975585938,682.9600219726562,683.0599975585938,346514,0.00011713989425155396,0.0003264201958049163,0.0003089774158167613
2025-11-11 14:30:00-05:00,683.1649780273438,683.3400268554688,683.0643920898438,683.1400146484375,554996,5.11941344677709e-05,0.0003089774158167613,0.0003064941554515002
2025-11-11 14:35:00-05:00,683.0900268554688,683.239990234375,682.9000244140625,683.1599731445312,288677,-0.00010971769059551744,0.0003064941554515002,0.00028801933032491714
2025-11-11 14:40:00-05:00,682.9199829101562,683.2100219726562,682.8900146484375,683.0800170898438,332183,-0.0002489644218931896,0.00028801933032491714,0.00031023614194348705
2025-11-11 14:45:00-05:00,683.2199096679688,683.3699951171875,682.7100219726562,682.9299926757812,1167306,0.00043908645704695697,0.00031023614194348705,0.00030854776653343346
2025-11-11 14:50:00-05:00,683.2899780273438,683.3200073242188,683.0900268554688,683.219970703125,357872,0.00010255082684334343,0.00030854776653343346,0.00030325884470978843
2025-11-11 14:55:00-05:00,683.1400146484375,683.4199829101562,682.9600219726562,683.2949829101562,576014,-0.0002194966157244663,0.00030325884470978843,0.0002925474334295566
2025-11-11 15:00:00-05:00,683.3198852539062,683.3599853515625,683.0800170898438,683.1500244140625,1443985,0.00026326510791940615,0.0002925474334295566,0.00024124998331484352
2025-11-11 15:05:00-05:00,683.219970703125,683.4600219726562,683.2000122070312,683.3200073242188,728812,-0.00014622998447314718,0.00024124998331484352,0.00020685349675646336
2025-11-11 15:10:00-05:00,683.3599853515625,683.5499877929688,683.1799926757812,683.219970703125,920357,0.00020491248727474122,0.00020685349675646336,0.00022384978518671646
2025-11-11 15:15:00-05:00,683.1900024414062,683.4149780273438,683.1300048828125,683.3699951171875,458620,-0.00024877671881945104,0.00022384978518671646,0.00022872820767014327
2025-11-11 15:20:00-05:00,683.0549926757812,683.280029296875,682.8049926757812,683.2000122070312,735572,-0.00019763624613006853,0.00022872820767014327,0.00023428833985842418
2025-11-11 15:25:00-05:00,682.9000244140625,683.2000122070312,682.780029296875,683.0499877929688,733666,-0.0002269009746950366,0.00023428833985842418,0.00023359467653294696
2025-11-11 15:30:00-05:00,682.8350830078125,683.0499877929688,682.4970092773438,682.9000244140625,991827,-9.510102793146677e-05,0.00023359467653294696,0.00023262266790976624
2025-11-11 15:35:00-05:00,682.7999877929688,682.9000244140625,682.655029296875,682.8300170898438,717701,-5.139764729523013e-05,0.00023262266790976624,0.0002585710742082882
2025-11-11 15:40:00-05:00,683.0999755859375,683.1099853515625,682.6400146484375,682.7999877929688,1702921,0.0004392529553190115,0.0002585710742082882,0.00023445374000384778
2025-11-11 15:45:00-05:00,682.915771484375,683.1500244140625,682.8200073242188,683.0900268554688,1092440,-0.0002696954307797176,0.00023445374000384778,0.0002815449940478816
2025-11-11 15:50:00-05:00,683.2650146484375,683.5700073242188,682.8800048828125,682.9099731445312,1635461,0.0005112693359692492,0.0002815449940478816,0.00032267137603496295
2025-11-11 15:55:00-05:00,682.8699951171875,683.260009765625,682.2949829101562,683.260009765625,4252355,-0.0005783023485017508,0.00032267137603496295,0.0006674136926086879
2025-11-12 09:30:00-05:00,684.22998046875,684.8699951171875,683.9349975585938,684.7899780273438,2304835,0.0019895923114213137,0.0006674136926086879,0.0006931004612150752
2025-11-12 09:35:00-05:00,684.8049926757812,684.9600219726562,684.1900024414062,684.22998046875,1161035,0.0008400256415995564,0.0006931004612150752,0.0007665563002520644
2025-11-12 09:40:00-05:00,684.1599731445312,684.9149780273438,684.0800170898438,684.8150024414062,981297,-0.0009423463639857948,0.0007665563002520644,0.0008539768082439714
2025-11-12 09:45:00-05:00,683.3200073242188,684.52001953125,683.1799926757812,684.1599731445312,1436062,-0.0012284873459909634,0.0008539768082439714,0.0008551349402828747
2025-11-12 09:50:00-05:00,683.5349731445312,683.9400024414062,683.1599731445312,683.2999877929688,1229560,0.00031454078912023507,0.0008551349402828747,0.000852516203153403
2025-11-12 09:55:00-05:00,683.7349853515625,683.7999877929688,683.1199951171875,683.5399780273438,754490,0.00029257164207412975,0.000852516203153403,0.0008519766331276827
2025-11-12 10:00:00-05:00,683.9450073242188,684.27001953125,683.5599975585938,683.72998046875,932543,0.00030712151297351755,0.0008519766331276827,0.0008499463904344315
2025-11-12 10:05:00-05:00,684.0449829101562,684.1400146484375,683.489990234375,683.9400024414062,676985,0.00014616420709104882,0.0008499463904344315,0.0009430307433810969
2025-11-12 10:10:00-05:00,683.1400146484375,684.1500244140625,683.0499877929688,684.0399780273438,727927,-0.0013238419021597675,0.0009430307433810969,0.0009396722088440304
2025-11-12 10:15:00-05:00,683.0800170898438,683.4000244140625,682.9299926757812,683.1400146484375,752728,-8.783000869336351e-05,0.0009396722088440304,0.0009276007017126873
2025-11-12 10:20:00-05:00,682.9749755859375,683.3900146484375,682.9400024414062,683.0800170898438,434926,-0.00015378810469048664,0.0009276007017126873,0.0009160365171460196
2025-11-12 10:25:00-05:00,683.1950073242188,683.47998046875,682.8099975585938,683.010009765625,715970,0.0003221147337976591,0.0009160365171460196,0.0007192316730338379
2025-11-12 10:30:00-05:00,682.5449829101562,683.2598876953125,682.52001953125,683.2000122070312,754692,-0.0009519007538675001,0.0007192316730338379,0.000658835690924502
2025-11-12 10:35:00-05:00,682.7150268554688,682.7650146484375,681.7954711914062,682.5499877929688,967996,0.0002491011894810446,0.000658835690924502,0.0006315914350591726
2025-11-12 10:40:00-05:00,682.8400268554688,683.0900268554688,682.5999755859375,682.7150268554688,592312,0.00018307573906953592,0.0006315914350591726,0.0005410922447983711
2025-11-12 10:45:00-05:00,682.5999755859375,683.1300048828125,682.4650268554688,682.8499755859375,489714,-0.00035161013530458386,0.0005410922447983711,0.0005494508867280233
2025-11-12 10:50:00-05:00,682.1400146484375,682.739990234375,682.080322265625,682.5999755859375,414743,-0.0006740638630172736,0.0005494508867280233,0.0005506293708774528
2025-11-12 10:55:00-05:00,682.3499755859375,682.6400146484375,681.9199829101562,682.1599731445312,564014,0.000307750061429317,0.0005506293708774528,0.0005349824376877911
2025-11-12 11:00:00-05:00,682.030029296875,682.489990234375,682.0009765625,682.3300170898438,517945,-0.0004689988035328287,0.0005349824376877911,0.0005214405263089362
2025-11-12 11:05:00-05:00,681.844970703125,682.3200073242188,681.8200073242188,682.02001953125,487060,-0.00027137178243704594,0.0005214405263089362,0.0004168686361492224
2025-11-12 11:10:00-05:00,681.4650268554688,681.8900146484375,681.1400146484375,681.8599853515625,819905,-0.0005573843926521139,0.0004168686361492224,0.0005057142299682046
2025-11-12 11:15:00-05:00,682.0,682.0900268554688,681.4605102539062,681.4605102539062,578808,0.0007847259173457846,0.0005057142299682046,0.0005121236540268935
2025-11-12 11:20:00-05:00,681.719970703125,682.2098999023438,681.6599731445312,682.02001953125,397833,-0.0004106844613655445,0.0005121236540268935,0.0006012393603144204
2025-11-12 11:25:00-05:00,682.4099731445312,682.52001953125,681.7000122070312,681.72998046875,546665,0.0010116374959212235,0.0006012393603144204,0.000537579741055623
2025-11-12 11:30:00-05:00,682.4299926757812,682.9400024414062,682.0900268554688,682.4000244140625,683392,2.933608591887647e-05,0.000537579741055623,0.0005347274190440984
2025-11-12 11:35:00-05:00,682.5499877929688,683.010009765625,682.3800048828125,682.4400024414062,500705,0.00017581960060022238,0.0005347274190440984,0.0005576729595751608
2025-11-12 11:40:00-05:00,682.1199951171875,682.7113037109375,682.0800170898438,682.5700073242188,381219,-0.0006301782781128056,0.0005576729595751608,0.0006398653416562212
2025-11-12 11:45:00-05:00,681.3099975585938,682.510009765625,680.9450073242188,682.1199951171875,659963,-0.0011881763761083756,0.0006398653416562212,0.0006305560443479022
2025-11-12 11:50:00-05:00,681.52001953125,682.029296875,681.2999877929688,681.2999877929688,587846,0.0003082144826357388,0.0006305560443479022,0.0006331316790726088
2025-11-12 11:55:00-05:00,681.760009765625,682.25,681.489990234375,681.52001953125,447662,0.00035207768278965187,0.0006331316790726088,0.0006266820530347588
2025-11-12 12:00:00-05:00,681.9400024414062,681.969970703125,681.5399780273438,681.760009765625,442245,0.0002639769380586523,0.0006266820530347588,0.0006277000957322075
2025-11-12 12:05:00-05:00,682.1599731445312,682.5,681.9400024414062,681.9600219726562,462022,0.00032251405170965943,0.0006277000957322075,0.000604181537676353
2025-11-12 12:10:00-05:00,682.409912109375,682.4500732421875,681.760009765625,682.1500244140625,441642,0.000366326371906153,0.000604181537676353,0.0005990538356823576
2025-11-12 12:15:00-05:00,681.9849853515625,682.7999877929688,681.7899780273438,682.4000244140625,645852,-0.0006228794498452146,0.0005990538356823576,0.0006140823971863171
2025-11-12 12:20:00-05:00,682.4500122070312,682.760009765625,681.9500122070312,681.989990234375,1100904,0.0006816402017047134,0.0006140823971863171,0.0005410707603850539
2025-11-12 12:25:00-05:00,682.469970703125,682.6900024414062,682.22998046875,682.469970703125,240835,2.9244932076741564e-05,0.0005410707603850539,0.0005494339791950091
2025-11-12 12:30:00-05:00,682.7000122070312,682.75,682.3800048828125,682.469970703125,388159,0.0003370151834033576,0.0005494339791950091,0.000638347745963019
2025-11-12 12:35:00-05:00,683.489990234375,683.6400146484375,682.6544189453125,682.6950073242188,577705,0.0011564688864308236,0.000638347745963019,0.0006033530362071757
2025-11-12 12:40:00-05:00,683.3599853515625,683.8499755859375,683.3200073242188,683.4849853515625,595796,-0.00019022553393068762,0.0006033530362071757,0.00048344958847533915
2025-11-12 12:45:00-05:00,683.030029296875,683.6900024414062,682.9400024414062,683.3800048828125,561985,-0.00048296029327459406,0.00048344958847533915,0.0004848048366196929
2025-11-12 12:50:00-05:00,683.0548095703125,683.155029296875,682.5900268554688,683.02001953125,407309,3.62792598748613e-05,0.0004848048366196929,0.0005192999384902659
2025-11-12 12:55:00-05:00,683.6300048828125,683.77001953125,682.9400024414062,683.0650024414062,347202,0.0008417381101754272,0.0005192999384902659,0.0005199905681420398
2025-11-12 13:00:00-05:00,683.7150268554688,683.8099975585938,683.52001953125,683.6400146484375,438594,0.00012436067092405067,0.0005199905681420398,0.0006028645476582446
2025-11-12 13:05:00-05:00,683.1300048828125,683.72998046875,683.1099853515625,683.7003173828125,368371,-0.0008560180485654668,0.0006028645476582446,0.000630489066398163
2025-11-12 13:10:00-05:00,683.6699829101562,683.7249755859375,683.0499877929688,683.1400146484375,276995,0.0007901347091882371,0.000630489066398163,0.0005812053280391573
2025-11-12 13:15:00-05:00,683.7999877929688,683.9299926757812,683.5800170898438,683.6699829101562,560044,0.00019013928786642176,0.0005812053280391573,0.0005867764677020842
2025-11-12 13:20:00-05:00,683.530029296875,683.7999877929688,683.3699951171875,683.7999877929688,333356,-0.0003948695577911653,0.0005867764677020842,0.000588512831911086
2025-11-12 13:25:00-05:00,683.4949951171875,683.760009765625,683.1300048828125,683.5399780273438,458699,-5.1256091248536164e-05,0.000588512831911086,0.0005863207025759243
2025-11-12 13:30:00-05:00,683.6699829101562,683.8200073242188,683.4000244140625,683.5,463618,0.0002559863611732366,0.0005863207025759243,0.0004992174792164429
2025-11-12 13:35:00-05:00,683.9494018554688,683.9600219726562,683.5499877929688,683.6799926757812,538302,0.0004086209252558161,0.0004992174792164429,0.0005189895447617019
2025-11-12 13:40:00-05:00,683.6199951171875,684.14990234375,683.5800170898438,683.9400024414062,454693,-0.00048174044458873104,0.0005189895447617019,0.0005099755728625286
2025-11-12 13:45:00-05:00,683.364990234375,683.6900024414062,683.260009765625,683.6199951171875,311840,-0.0003730909827147004,0.0005099755728625286,0.0005173975073526074
2025-11-12 13:50:00-05:00,683.5999755859375,683.760009765625,683.3200073242188,683.3699951171875,248400,0.0003438059639461181,0.0005173975073526074,0.0004563840481314091
2025-11-12 13:55:00-05:00,683.6300048828125,683.8049926757812,683.530029296875,683.6099853515625,250849,4.392720655458086e-05,0.0004563840481314091,0.00045505063621604103
2025-11-12 14:00:00-05:00,683.5800170898438,683.7999877929688,683.4149780273438,683.6400146484375,563228,-7.312379544867582e-05,0.00045505063621604103,0.00037098515890508153
2025-11-12 14:05:00-05:00,683.5700073242188,683.5999755859375,683.125,683.5800170898438,370509,-1.46432585252629e-05,0.00037098515890508153,0.00037685644228880146
2025-11-12 14:10:00-05:00,682.989990234375,683.5599975585938,682.9500122070312,683.5499877929688,476770,-0.0008488718032274023,0.00037685644228880146,0.0003673770293875483
2025-11-12 14:15:00-05:00,682.9600219726562,683.0499877929688,682.739990234375,682.97998046875,680067,-4.387900209484765e-05,0.0003673770293875483,0.0003568130389776652
2025-11-12 14:20:00-05:00,682.8400268554688,683.219970703125,682.719970703125,682.9600219726562,447183,-0.00017571403310350517,0.0003568130389776652,0.0003573019366248835
2025-11-12 14:25:00-05:00,682.72998046875,683.22998046875,682.47998046875,682.8499755859375,421896,-0.00016117282360731463,0.0003573019366248835,0.00033995437831485075
2025-11-12 14:30:00-05:00,682.6500244140625,682.8099975585938,682.239990234375,682.739990234375,834771,-0.00011711912360357945,0.00033995437831485075,0.00035809563447524817
2025-11-12 14:35:00-05:00,683.010009765625,683.1199951171875,682.5499877929688,682.6500244140625,477149,0.0005271961555445311,0.00035809563447524817,0.0003396937482447516
2025-11-12 14:40:00-05:00,682.9000244140625,683.2000122070312,682.7501220703125,683.0,413689,-0.00016104333235427904,0.0003396937482447516,0.0003279870286611139
2025-11-12 14:45:00-05:00,682.8200073242188,683.2000122070312,682.780029296875,682.8900146484375,426629,-0.00011717934580413146,0.0003279870286611139,0.0003359656362411515
2025-11-12 14:50:00-05:00,683.0999755859375,683.1199951171875,682.5900268554688,682.8200073242188,569769,0.00040993362589631955,0.0003359656362411515,0.00034961328127547316
2025-11-12 14:55:00-05:00,682.8099975585938,683.2550048828125,682.510009765625,683.0999755859375,651687,-0.0004245931831548132,0.00034961328127547316,0.00035259407838043427
2025-11-12 15:00:00-05:00,682.6300048828125,682.8900146484375,682.3400268554688,682.7999877929688,522926,-0.0002636405503016636,0.00035259407838043427,0.00035120355831005635
2025-11-12 15:05:00-05:00,682.530029296875,682.6599731445312,682.0919799804688,682.6300048828125,1180651,-0.00014646720327750248,0.00035120355831005635,0.0002752603673874498
2025-11-12 15:10:00-05:00,682.6400146484375,682.7050170898438,682.4199829101562,682.5399780273438,524930,0.00016113062587069546,0.0002752603673874498,0.00032285416185358205
2025-11-12 15:15:00-05:00,683.010009765625,683.02001953125,682.4199829101562,682.6300048828125,530555,0.0005418593631252199,0.00032285416185358205,0.0003191286843752921
2025-11-12 15:20:00-05:00,682.9550170898438,683.0800170898438,682.77001953125,683.010009765625,746672,-8.051842430772554e-05,0.0003191286843752921,0.00035004029221179624
2025-11-12 15:25:00-05:00,683.3400268554688,683.409912109375,682.8599853515625,682.9450073242188,557144,0.0005635821889597795,0.00035004029221179624,0.0003881736894071596
2025-11-12 15:30:00-05:00,683.8250122070312,683.9600219726562,683.1300048828125,683.3400268554688,1040910,0.0007094759711503184,0.0003881736894071596,0.0004318156661669067
2025-11-12 15:35:00-05:00,683.3674926757812,683.875,683.0999755859375,683.8049926757812,1001399,-0.0006692832892141546,0.0004318156661669067,0.0004441972177538049
2025-11-12 15:40:00-05:00,683.7000122070312,683.760009765625,683.3699951171875,683.3699951171875,785325,0.0004864712775631528,0.0004441972177538049,0.0004715531417194635
2025-11-12 15:45:00-05:00,683.3724975585938,683.7249755859375,683.219970703125,683.7000122070312,1229206,-0.00047914745174650004,0.0004715531417194635,0.0004607167717421067
2025-11-12 15:50:00-05:00,683.489990234375,684.0700073242188,683.3800048828125,683.3800048828125,1915775,0.0001719158688162742,0.0004607167717421067,0.0004503972608362312
2025-11-12 15:55:00-05:00,683.2849731445312,683.5900268554688,682.66162109375,683.5,4903450,-0.0003000012392303752,0.0004503972608362312,0.001458479570975702
2025-11-13 09:30:00-05:00,680.0599975585938,680.7100219726562,679.780029296875,680.5,3099060,-0.004730983970176277,0.001458479570975702,0.0015159510060756042
2025-11-13 09:35:00-05:00,678.85498046875,680.2100219726562,678.760009765625,680.0700073242188,1724491,-0.0017734993361218697,0.0015159510060756042,0.0015364962533971514
2025-11-13 09:40:00-05:00,677.77001953125,678.97998046875,677.6900024414062,678.8446044921875,1545798,-0.0015995004792243096,0.0015364962533971514,0.0015408303955823
2025-11-13 09:45:00-05:00,678.1799926757812,678.655029296875,677.530029296875,677.780029296875,1380838,0.0006047024644465895,0.0015408303955823,0.0015672915735382542
2025-11-13 09:50:00-05:00,678.52001953125,679.2000122070312,678.1300048828125,678.1799926757812,1091987,0.0005012557817187609,0.0015672915735382542,0.001558176977316087
2025-11-13 09:55:00-05:00,678.7999877929688,679.3900146484375,678.4199829101562,678.5399780273438,690104,0.0004125309642213318,0.001558176977316087,0.001508233750201553
2025-11-13 10:00:00-05:00,678.1699829101562,679.4500122070312,677.969970703125,678.780029296875,1022388,-0.0009285466026220545,0.001508233750201553,0.0017862533645088734
2025-11-13 10:05:00-05:00,679.9500122070312,680.0101928710938,678.1400146484375,678.1699829101562,1053442,0.002621315233607014,0.0017862533645088734,0.0017974262462919289
2025-11-13 10:10:00-05:00,680.4299926757812,680.5999755859375,679.6199951171875,679.969970703125,1077204,0.0007056564885463843,0.0017974262462919289,0.0017978927434699748
2025-11-13 10:15:00-05:00,680.0499877929688,680.8599853515625,680.001708984375,680.4400024414062,986323,-0.0005586335677853726,0.0017978927434699748,0.001788662097600767
2025-11-13 10:20:00-05:00,679.7244873046875,680.3499755859375,679.2899780273438,680.0499877929688,795660,-0.00047875658862494994,0.001788662097600767,0.001798687410045716
2025-11-13 10:25:00-05:00,678.9400024414062,679.72998046875,678.760009765625,679.7100219726562,730479,-0.0011547883327783204,0.001798687410045716,0.0012982315690512028
2025-11-13 10:30:00-05:00,677.7899780273438,679.030029296875,677.72998046875,678.9500122070312,1042092,-0.0016952889757716715,0.0012982315690512028,0.0012100517440307586
2025-11-13 10:35:00-05:00,677.7423095703125,678.1900024414062,677.2050170898438,677.7899780273438,1295034,-7.03317176389005e-05,0.0012100517440307586,0.0011382305167323766
2025-11-13 10:40:00-05:00,677.25,678.010009765625,677.1300048828125,677.719970703125,1078168,-0.0007266603485471435,0.0011382305167323766,0.0011905364473193956
2025-11-13 10:45:00-05:00,676.2100219726562,677.3099975585938,675.9749755859375,677.260009765625,1474425,-0.0015367697828281672,0.0011905364473193956,0.0011803642450303577
2025-11-13 10:50:00-05:00,675.5900268554688,676.3900146484375,675.47998046875,676.2100219726562,1112261,-0.0009172882649292511,0.0011803642450303577,0.0012603220505967715
2025-11-13 10:55:00-05:00,676.47998046875,676.5394897460938,675.3400268554688,675.5999755859375,1660729,0.0013164314524896463,0.0012603220505967715,0.0012618745048755882
2025-11-13 11:00:00-05:00,675.8300170898438,676.8099975585938,675.7899780273438,676.47998046875,1035721,-0.0009612639559396696,0.0012618745048755882,0.0008993128356844798
2025-11-13 11:05:00-05:00,676.010009765625,676.0599975585938,675.25,675.8300170898438,1010408,0.00026629286493833927,0.0008993128356844798,0.0008256391726347111
2025-11-13 11:10:00-05:00,675.8800048828125,676.010009765625,675.4099731445312,676.010009765625,815597,-0.00019233056210868208,0.0008256391726347111,0.0008266959545096841
2025-11-13 11:15:00-05:00,675.5999755859375,676.2899780273438,675.0900268554688,675.8900146484375,769255,-0.0004144039200422589,0.0008266959545096841,0.000826478072851863
2025-11-13 11:20:00-05:00,675.25,676.2100219726562,675.2100219726562,675.6099853515625,857666,-0.0005181561240595415,0.000826478072851863,0.0008763788801681827
2025-11-13 11:25:00-05:00,675.72998046875,675.969970703125,674.9600219726562,675.25,918603,0.0007105663975551815,0.0008763788801681827,0.0008515127882459554
2025-11-13 11:30:00-05:00,676.3699951171875,676.510009765625,675.4500122070312,675.719970703125,804458,0.0009466972972328455,0.0008515127882459554,0.00104642189520505
2025-11-13 11:35:00-05:00,674.8200073242188,676.6199951171875,674.77001953125,676.375,1151383,-0.002294256869938813,0.00104642189520505,0.0010407403847535251
2025-11-13 11:40:00-05:00,674.510009765625,674.989990234375,674.219970703125,674.8200073242188,820757,-0.0004594836846753922,0.0010407403847535251,0.001007967192465277
2025-11-13 11:45:00-05:00,674.9974975585938,675.0900268554688,674.3099975585938,674.510009765625,695112,0.0007224677321571838,0.001007967192465277,0.0009807475083221564
2025-11-13 11:50:00-05:00,674.7899780273438,675.4000244140625,674.469970703125,674.989990234375,667148,-0.00030748475095306954,0.0009807475083221564,0.0009051445559151676
2025-11-13 11:55:00-05:00,675.1900024414062,675.4000244140625,674.3900146484375,674.7899780273438,651454,0.0005926375673092002,0.0009051445559151676,0.0008891244382162896
2025-11-13 12:00:00-05:00,675.5700073242188,675.60498046875,674.6400146484375,675.1950073242188,635928,0.0005626534544853536,0.0008891244382162896,0.0009495707336126913
2025-11-13 12:05:00-05:00,674.719970703125,676.0,674.6500244140625,675.5700073242188,845970,-0.001259043238437864,0.0009495707336126913,0.0009496287336398744
2025-11-13 12:10:00-05:00,674.5800170898438,675.0599975585938,674.3300170898438,674.72998046875,617684,-0.00020744625368608014,0.0009496287336398744,0.0009841948906949534
2025-11-13 12:15:00-05:00,675.1199951171875,675.5900268554688,674.5499877929688,674.5499877929688,1988728,0.000800145293427299,0.0009841948906949534,0.0010091481444604565
2025-11-13 12:20:00-05:00,675.72998046875,675.9400024414062,675.0499877929688,675.1300048828125,716116,0.0009031134530794057,0.0010091481444604565,0.0009914087477739364
2025-11-13 12:25:00-05:00,675.9199829101562,676.1699829101562,675.280029296875,675.75,815180,0.000281141490482931,0.0009914087477739364,0.0009548850282032868
2025-11-13 12:30:00-05:00,676.1506958007812,676.5,675.8699951171875,675.9000244140625,752198,0.00034127342083052154,0.0009548850282032868,0.0006367330438996479
2025-11-13 12:35:00-05:00,676.135009765625,676.219970703125,675.3699951171875,676.1699829101562,598753,-2.319929152901631e-05,0.0006367330438996479,0.000783542253568708
2025-11-13 12:40:00-05:00,675.1199951171875,676.1699829101562,675.0900268554688,676.1400146484375,491538,-0.0015023290728639624,0.000783542253568708,0.0007664094017524309
2025-11-13 12:45:00-05:00,674.844970703125,675.1799926757812,674.3099975585938,675.1300048828125,858758,-0.00040745415596811843,0.0007664094017524309,0.0007611915755780485
2025-11-13 12:50:00-05:00,674.8099975585938,675.0900268554688,674.4600219726562,674.8543701171875,666891,-5.182531144845327e-05,0.0007611915755780485,0.0007851942641569656
2025-11-13 12:55:00-05:00,674.1500244140625,674.8400268554688,673.969970703125,674.8300170898438,663965,-0.0009784918551160107,0.0007851942641569656,0.0007574909878345921
2025-11-13 13:00:00-05:00,674.1799926757812,674.530029296875,674.0800170898438,674.1599731445312,671714,4.445241349486818e-05,0.0007574909878345921,0.0006756775045998331
2025-11-13 13:05:00-05:00,674.1400146484375,674.760009765625,673.969970703125,674.2000122070312,693852,-5.9300503053106154e-05,0.0006756775045998331,0.0006936649644360909
2025-11-13 13:10:00-05:00,674.47998046875,674.659912109375,673.77001953125,674.0999755859375,525955,0.0005041684518167636,0.0006936649644360909,0.0007265092154771098
2025-11-13 13:15:00-05:00,673.6400146484375,674.6099853515625,673.5900268554688,674.489990234375,871467,-0.0012461293238718379,0.0007265092154771098,0.0006416726944788919
2025-11-13 13:20:00-05:00,673.52001953125,674.030029296875,673.3400268554688,673.6500244140625,679250,-0.00017814530487897742,0.0006416726944788919,0.0006498585730572425
2025-11-13 13:25:00-05:00,672.8300170898438,673.5399780273438,672.594970703125,673.510009765625,1701482,-0.0010249971895105942,0.0006498585730572425,0.000609373127030871
2025-11-13 13:30:00-05:00,672.4600219726562,672.8900146484375,672.4199829101562,672.8200073242188,937745,-0.0005500600105154548,0.000609373127030871,0.0006098168510592069
2025-11-13 13:35:00-05:00,671.8049926757812,672.6199951171875,671.6400146484375,672.4600219726562,1163785,-0.0009745538886756364,0.0006098168510592069,0.0006948380197514319
2025-11-13 13:40:00-05:00,672.5549926757812,672.5599975585938,671.52001953125,671.7899780273438,1534988,0.0011157726888354784,0.0006948380197514319,0.0006969577945106578
2025-11-13 13:45:00-05:00,672.489990234375,672.89501953125,672.1300048828125,672.5399780273438,800167,-9.66546729407088e-05,0.0006969577945106578,0.0006930836711985117
2025-11-13 13:50:00-05:00,672.3200073242188,672.875,672.239990234375,672.5,1246672,-0.0002527984047859634,0.0006930836711985117,0.000699114490236218
2025-11-13 13:55:00-05:00,672.6900024414062,672.8098754882812,672.1500244140625,672.3300170898438,750757,0.0005501745322845955,0.000699114490236218,0.0007212465405516695
2025-11-13 14:00:00-05:00,672.1099853515625,672.8699951171875,671.8099975585938,672.6799926757812,884987,-0.0008626072740543852,0.0007212465405516695,0.0007250041249435017
2025-11-13 14:05:00-05:00,672.1500244140625,672.4600219726562,671.6859130859375,672.0800170898438,801830,5.9570413790343475e-05,0.0007250041249435017,0.0006918047468854019
2025-11-13 14:10:00-05:00,671.719970703125,672.3499755859375,671.5900268554688,672.1500244140625,662557,-0.00064002281051031,0.0006918047468854019,0.000652828415779833
2025-11-13 14:15:00-05:00,671.9400024414062,672.4299926757812,671.5800170898438,671.739990234375,516761,0.00032751104393340965,0.000652828415779833,0.000752836640994265
2025-11-13 14:20:00-05:00,672.6699829101562,672.8699951171875,671.8499755859375,671.9500122070312,866836,0.001085787772542519,0.000752836640994265,0.0007916941095534226
2025-11-13 14:25:00-05:00,673.5399780273438,673.5499877929688,672.6500244140625,672.6699829101562,1863442,0.0012925104754064256,0.0007916941095534226,0.0007793844943498087
2025-11-13 14:30:00-05:00,673.2999877929688,673.6300048828125,672.8800048828125,673.510009765625,1206206,-0.00035637528289237714,0.0007793844943498087,0.0007590351709593916
2025-11-13 14:35:00-05:00,672.760009765625,673.5,672.3300170898438,673.2899780273438,1247599,-0.0008023090460877386,0.0007590351709593916,0.0007098490060215144
2025-11-13 14:40:00-05:00,672.4000244140625,672.760009765625,671.8599853515625,672.760009765625,700163,-0.000535230531697787,0.0007098490060215144,0.0007466292778577402
2025-11-13 14:45:00-05:00,671.8499755859375,672.6599731445312,671.6400146484375,672.4099731445312,741868,-0.0008183728604409323,0.0007466292778577402,0.000766941368343
2025-11-13 14:50:00-05:00,671.3800048828125,672.47998046875,671.3699951171875,671.8699951171875,975377,-0.0006997621094466839,0.000766941368343,0.0007603404512446477
2025-11-13 14:55:00-05:00,671.6900024414062,671.9500122070312,670.52001953125,671.3900146484375,1283917,0.00046162532467884963,0.0007603404512446477,0.0007422639894616002
2025-11-13 15:00:00-05:00,671.27001953125,671.9600219726562,671.2249755859375,671.6799926757812,1120119,-0.0006254585646275975,0.0007422639894616002,0.0007960678071941796
2025-11-13 15:05:00-05:00,671.8699951171875,671.9600219726562,670.969970703125,671.280029296875,774276,0.0008933925269145218,0.0007960678071941796,0.0007821023806839915
2025-11-13 15:10:00-05:00,671.6054077148438,672.030029296875,671.2449951171875,671.8800048828125,879165,-0.00039388500184936123,0.0007821023806839915,0.0007926051279370453
2025-11-13 15:15:00-05:00,671.1849975585938,672.0599975585938,671.1300048828125,671.6199951171875,1426879,-0.0006261739260805452,0.0007926051279370453,0.000704442065975294
2025-11-13 15:20:00-05:00,671.22998046875,671.2899780273438,670.530029296875,671.1699829101562,1448371,6.701789075571631e-05,0.000704442065975294,0.0005918914888169018
2025-11-13 15:25:00-05:00,671.6300048828125,671.6699829101562,670.77001953125,671.239990234375,1085599,0.0005957797987260008,0.0005918914888169018,0.0006364821164381912
2025-11-13 15:30:00-05:00,672.030029296875,672.0855712890625,671.4000244140625,671.6199951171875,1091802,0.0005954250564952943,0.0006364821164381912,0.0006685356638822167
2025-11-13 15:35:00-05:00,672.635009765625,672.780029296875,671.9600219726562,672.0,1315108,0.0008998233641769767,0.0006685356638822167,0.0006622613017753903
2025-11-13 15:40:00-05:00,672.3400268554688,673.02001953125,672.030029296875,672.6599731445312,2007851,-0.0004386444459624609,0.0006622613017753903,0.000709558556430862
2025-11-13 15:45:00-05:00,671.5449829101562,672.6199951171875,671.5449829101562,672.3350219726562,1974524,-0.0011832024798076066,0.000709558556430862,0.0007492064210007724
2025-11-13 15:50:00-05:00,670.8200073242188,672.4099731445312,670.760009765625,671.5499877929688,2728166,-0.0010801468478370817,0.0007492064210007724,0.0009220116466311973
2025-11-13 15:55:00-05:00,672.0499877929688,672.0800170898438,670.8099975585938,670.8150024414062,6169634,0.001831868784291111,0.0009220116466311973,0.003786692009560776
2025-11-14 09:30:00-05:00,663.6099853515625,665.8800048828125,663.2650146484375,665.3800048828125,7262559,-0.01263811890553351,0.003786692009560776,0.003978990383240007
2025-11-14 09:35:00-05:00,665.97998046875,666.469970703125,663.5449829101562,663.60498046875,2822026,0.0035650052846163236,0.003978990383240007,0.004014216428623936
2025-11-14 09:40:00-05:00,666.719970703125,666.8599853515625,665.4550170898438,665.969970703125,1940179,0.001110512999978703,0.004014216428623936,0.0040687617602051356
2025-11-14 09:45:00-05:00,667.8499755859375,668.3699951171875,666.4500122070312,666.7000122070312,2257917,0.0016934371345620875,0.0040687617602051356,0.004072052367421611
2025-11-14 09:50:00-05:00,668.0599975585938,668.47998046875,667.1799926757812,667.8499755859375,1850945,0.0003144253409413606,0.004072052367421611,0.004080940661262436
2025-11-14 09:55:00-05:00,668.6900024414062,668.844970703125,667.9000244140625,668.0499877929688,1669483,0.0009425920021815722,0.004080940661262436,0.0040849974418985845
2025-11-14 10:00:00-05:00,667.5700073242188,668.75,667.4099731445312,668.6799926757812,1527760,-0.0016763135486663402,0.0040849974418985845,0.004096106633166485
2025-11-14 10:05:00-05:00,668.3800048828125,668.9199829101562,667.3099975585938,667.5900268554688,1222459,0.0012126167153665066,0.004096106633166485,0.004101069302438048
2025-11-14 10:10:00-05:00,667.5499877929688,668.780029296875,666.9199829101562,668.3599853515625,1576370,-0.0012426058269439466,0.004101069302438048,0.0041297163448550805
2025-11-14 10:15:00-05:00,668.3900146484375,669.1699829101562,667.4299926757812,667.52001953125,1317106,0.0012575818744000506,0.0041297163448550805,0.0041240705824787905
2025-11-14 10:20:00-05:00,668.2100219726562,669.1699829101562,667.9412231445312,668.4000244140625,1101448,-0.0002693291514853978,0.0041240705824787905,0.004151999634758343
2025-11-14 10:25:00-05:00,669.7899780273438,669.9600219726562,667.5399780273438,668.2100219726562,1395197,0.0023616693408602166,0.004151999634758343,0.0014690766437503628
2025-11-14 10:30:00-05:00,669.77001953125,670.1099853515625,669.1599731445312,669.780029296875,1657069,-2.9798584806344492e-05,0.0014690766437503628,0.00122610992505878
2025-11-14 10:35:00-05:00,670.9199829101562,671.0,669.5,669.7550048828125,1447691,0.0017154803255463975,0.00122610992505878,0.0012202994447539407
2025-11-14 10:40:00-05:00,671.0700073242188,671.2288818359375,670.5499877929688,670.9099731445312,1248441,0.00022358499806880895,0.0012202994447539407,0.0012299301047424016
2025-11-14 10:45:00-05:00,672.280029296875,672.8200073242188,670.8699951171875,671.0399780273438,1816854,0.0018014996343772138,0.0012299301047424016,0.0012370937813809594
2025-11-14 10:50:00-05:00,672.3099975585938,672.780029296875,672.0319213867188,672.27001953125,947001,4.4576058315436974e-05,0.0012370937813809594,0.0012421310542314531
2025-11-14 10:55:00-05:00,672.239990234375,672.3499755859375,671.47998046875,672.3099975585938,3277134,-0.00010413495209189499,0.0012421310542314531,0.0011927641807823993
2025-11-14 11:00:00-05:00,671.340087890625,672.5700073242188,671.1799926757812,672.25,1219473,-0.0013395591270937174,0.0011927641807823993,0.0011705261301374983
2025-11-14 11:05:00-05:00,671.719970703125,671.72998046875,670.8900146484375,671.3499755859375,1071988,0.00056569744621597,0.0011705261301374983,0.0010476545026092254
2025-11-14 11:10:00-05:00,672.1199951171875,672.5499877929688,671.510009765625,671.719970703125,1214009,0.0005953453328553265,0.0010476545026092254,0.001048028951216141
2025-11-14 11:15:00-05:00,672.969970703125,673.1199951171875,672.1199951171875,672.1300048828125,721320,0.0012638198494830755,0.001048028951216141,0.0010398726297714664
2025-11-14 11:20:00-05:00,673.9400024414062,673.97998046875,672.469970703125,672.9600219726562,1015120,0.0014403812063650482,0.0010398726297714664,0.0009013137833299741
2025-11-14 11:25:00-05:00,674.39501953125,674.8699951171875,673.8699951171875,673.9400024414062,1256503,0.0006749318228803443,0.0009013137833299741,0.0009829314137895378
2025-11-14 11:30:00-05:00,673.7999877929688,674.47998046875,672.760009765625,674.4000244140625,988045,-0.00088270876792275,0.0009829314137895378,0.000945570568004971
2025-11-14 11:35:00-05:00,674.7000122070312,674.8499755859375,673.6900024414062,673.8099975585938,654060,0.0013348528701573638,0.000945570568004971,0.0010555937087736872
2025-11-14 11:40:00-05:00,673.9199829101562,675.02001953125,673.75,674.72998046875,722404,-0.0011567815792169669,0.0010555937087736872,0.0009521276072340233
2025-11-14 11:45:00-05:00,674.1099853515625,674.1699829101562,673.1699829101562,673.9299926757812,746772,0.00028189646690038794,0.0009521276072340233,0.000956225029793808
2025-11-14 11:50:00-05:00,674.52001953125,674.6300048828125,674.0800170898438,674.10498046875,645185,0.0006080751441644385,0.000956225029793808,0.0009488162350728749
2025-11-14 11:55:00-05:00,674.739990234375,674.8200073242188,674.1912231445312,674.52001953125,823366,0.00032606125354909605,0.0009488162350728749,0.0007994138909893912
2025-11-14 12:00:00-05:00,674.8350219726562,674.8800048828125,674.2050170898438,674.7150268554688,573455,0.00014083209540603878,0.0007994138909893912,0.0008019744175329285
2025-11-14 12:05:00-05:00,674.9400024414062,675.0900268554688,674.4500122070312,674.8200073242188,536199,0.00015555254329469205,0.0008019744175329285,0.0008000298561287176
2025-11-14 12:10:00-05:00,675.260009765625,675.6400146484375,674.9400024414062,674.9400024414062,673438,0.00047401470495837735,0.0008000298561287176,0.0007558109568247981
2025-11-14 12:15:00-05:00,675.27001953125,675.4299926757812,674.719970703125,675.280029296875,511132,1.4823462504416703e-05,0.0007558109568247981,0.0006782120159214696
2025-11-14 12:20:00-05:00,675.0499877929688,675.4199829101562,674.9600219726562,675.2890014648438,528330,-0.00032589569736839267,0.0006782120159214696,0.0006572193690457896
2025-11-14 12:25:00-05:00,675.0499877929688,675.1699829101562,674.3400268554688,675.030029296875,704267,0.0,0.0006572193690457896,0.0006171774378233815
2025-11-14 12:30:00-05:00,674.6900024414062,675.0900268554688,674.2000122070312,675.0549926757812,634524,-0.0005334143801067059,0.0006171774378233815,0.000589871537041166
2025-11-14 12:35:00-05:00,675.4849853515625,675.6599731445312,674.6900024414062,674.7000122070312,701489,0.0011775999543961954,0.000589871537041166,0.0005605462066752577
2025-11-14 12:40:00-05:00,674.8099975585938,675.5,674.5700073242188,675.4849853515625,592327,-0.0009997635446091773,0.0005605462066752577,0.0006838075703795342
2025-11-14 12:45:00-05:00,673.9500122070312,675.219970703125,673.9199829101562,674.780029296875,733352,-0.0012752238528394386,0.0006838075703795342,0.0006648742738937582
2025-11-14 12:50:00-05:00,674.1701049804688,674.3300170898438,673.1300048828125,673.9600219726562,1279605,0.00032651804922555867,0.0006648742738937582,0.0006553765943908557
2025-11-14 12:55:00-05:00,674.0449829101562,674.3800048828125,673.7000122070312,674.1699829101562,797394,-0.0001856114381088685,0.0006553765943908557,0.0008809822700326057
2025-11-14 13:00:00-05:00,672.5900268554688,674.0700073242188,672.4500122070312,674.0499877929688,1355745,-0.0021608774616475894,0.0008809822700326057,0.0009544616861146423
2025-11-14 13:05:00-05:00,673.2899169921875,673.2899780273438,672.2100219726562,672.5900268554688,899033,0.0010400484872478864,0.0009544616861146423,0.0010585716289766523
2025-11-14 13:10:00-05:00,674.2899780273438,674.3599853515625,672.9400024414062,673.2899780273438,876837,0.0014842329162708724,0.0010585716289766523,0.0011669392311255578
2025-11-14 13:15:00-05:00,673.0507202148438,674.2899780273438,672.8800048828125,674.260009765625,559414,-0.001839561684117753,0.0011669392311255578,0.0011717184236931042
2025-11-14 13:20:00-05:00,672.6199951171875,673.1400146484375,672.1400146484375,673.0499877929688,722259,-0.0006401642057872989,0.0011717184236931042,0.0012092201338894067
2025-11-14 13:25:00-05:00,673.1300048828125,673.1749877929688,672.2899780273438,672.6400146484375,593121,0.0007579562177843862,0.0012092201338894067,0.0012166768323605948
2025-11-14 13:30:00-05:00,673.3699951171875,673.64501953125,672.7949829101562,673.1099853515625,785497,0.00035646526092283226,0.0012166768323605948,0.0012099818506273708
2025-11-14 13:35:00-05:00,672.239990234375,673.4500122070312,672.0709838867188,673.3499755859375,637221,-0.001679543345763612,0.0012099818506273708,0.0012039456756450931
2025-11-14 13:40:00-05:00,671.6699829101562,672.3099975585938,671.530029296875,672.22998046875,1174282,-0.0008482820572655363,0.0012039456756450931,0.0011828721855634149
2025-11-14 13:45:00-05:00,671.8499755859375,672.010009765625,671.489990234375,671.6599731445312,719415,0.00026794194715131333,0.0011828721855634149,0.0014249343094049933
2025-11-14 13:50:00-05:00,673.5399780273438,673.600830078125,671.8800048828125,671.8800048828125,860396,0.0025122877211188133,0.0014249343094049933,0.0014283687762007245
2025-11-14 13:55:00-05:00,673.25,673.780029296875,672.9400024414062,673.5399780273438,916539,-0.0004306210122672075,0.0014283687762007245,0.0012804748349420877
2025-11-14 14:00:00-05:00,672.969970703125,673.5700073242188,672.8400268554688,673.25,703461,-0.00041602309727670856,0.0012804748349420877,0.001248848385114065
2025-11-14 14:05:00-05:00,672.6300048828125,673.219970703125,672.27001953125,672.989990234375,932551,-0.0005052999906574267,0.001248848385114065,0.0011731975327744944
2025-11-14 14:10:00-05:00,673.0499877929688,673.0999755859375,672.3699951171875,672.6199951171875,751840,0.0006241943494414396,0.0011731975327744944,0.0010474135425792405
2025-11-14 14:15:00-05:00,673.1699829101562,673.52001953125,672.9500122070312,673.0999755859375,672686,0.000178269703490651,0.0010474135425792405,0.001128110565665856
2025-11-14 14:20:00-05:00,674.3099975585938,674.4400024414062,673.1500244140625,673.1599731445312,783814,0.001692069547540007,0.001128110565665856,0.0011277067694908565
2025-11-14 14:25:00-05:00,674.0198974609375,674.3400268554688,673.5999755859375,674.3099975585938,725432,-0.0004303102722920498,0.0011277067694908565,0.001129303665070832
2025-11-14 14:30:00-05:00,673.8499755859375,674.3499755859375,673.6199951171875,674.02001953125,648949,-0.00025213394749456396,0.001129303665070832,0.0009922682647938337
2025-11-14 14:35:00-05:00,674.219970703125,674.375,673.6900024414062,673.8499755859375,463219,0.000548925710415293,0.0009922682647938337,0.0009414217217346643
2025-11-14 14:40:00-05:00,674.1199951171875,674.3300170898438,673.8400268554688,674.22998046875,564329,-0.000148294330295113,0.0009414217217346643,0.0009428552041713705
2025-11-14 14:45:00-05:00,674.2025756835938,674.9000244140625,674.030029296875,674.1400146484375,658013,0.00012249378345784094,0.0009428552041713705,0.0006387630670135477
2025-11-14 14:50:00-05:00,674.4749755859375,674.72998046875,674.1099853515625,674.2000122070312,1267184,0.0004039511235155923,0.0006387630670135477,0.0006157670158014772
2025-11-14 14:55:00-05:00,674.6500244140625,674.7999877929688,674.1649780273438,674.489990234375,636322,0.0002594997929877005,0.0006157670158014772,0.000587174914458725
2025-11-14 15:00:00-05:00,674.8150024414062,675.1199951171875,674.469970703125,674.6400146484375,735495,0.00024450878664138484,0.000587174914458725,0.0007007704807578344
2025-11-14 15:05:00-05:00,673.969970703125,674.8699951171875,673.739990234375,674.8099975585938,978555,-0.0012530267843580832,0.0007007704807578344,0.0007022794646100659
2025-11-14 15:10:00-05:00,673.7000122070312,674.399169921875,673.5999755859375,673.989990234375,596244,-0.0004006299808230285,0.0007022794646100659,0.0007714496870150446
2025-11-14 15:15:00-05:00,673.0,673.8699951171875,672.8709716796875,673.7100219726562,778184,-0.0010395964412735817,0.0007714496870150446,0.0005602761555284423
2025-11-14 15:20:00-05:00,672.6500244140625,673.1500244140625,672.2100219726562,673.010009765625,1210666,-0.0005201584178335454,0.0005602761555284423,0.0005581383641219096
2025-11-14 15:25:00-05:00,672.64501953125,672.9149780273438,672.3244018554688,672.6400146484375,794247,-7.440572735408376e-06,0.0005581383641219096,0.0005726435971038858
2025-11-14 15:30:00-05:00,672.8400268554688,673.0599975585938,672.260009765625,672.6400146484375,754017,0.0002898691830248492,0.0005726435971038858,0.0005345494779415149
2025-11-14 15:35:00-05:00,672.5900268554688,673.1099853515625,672.3099975585938,672.8499755859375,920154,-0.000371628390770242,0.0005345494779415149,0.0005587856857798647
2025-11-14 15:40:00-05:00,672.0700073242188,672.5900268554688,671.9149780273438,672.5800170898438,1141265,-0.0007734587835681563,0.0005587856857798647,0.0006146865256676066
2025-11-14 15:45:00-05:00,671.219970703125,672.489990234375,671.2000122070312,672.0599975585938,1717178,-0.0012656042231544086,0.0006146865256676066,0.000646878517912279
2025-11-14 15:50:00-05:00,671.6599731445312,672.1599731445312,671.2000122070312,671.2000122070312,1696648,0.0006553116816855468,0.000646878517912279,0.0006632978838723772
2025-11-14 15:55:00-05:00,671.9500122070312,671.9600219726562,671.1699829101562,671.6699829101562,4346492,0.0004317310382731891,0.0006632978838723772,0.0006802224088651358
2025-11-17 09:30:00-05:00,671.1400146484375,671.1400146484375,668.9199829101562,669.7000122070312,3973464,-0.0012061703096583108,0.0006802224088651358,0.0009780202706797046
2025-11-17 09:35:00-05:00,672.6199951171875,672.64501953125,671.0800170898438,671.1400146484375,1475572,0.0022027461100360248,0.0009780202706797046,0.0010021333787453436
2025-11-17 09:40:00-05:00,671.9849853515625,672.6699829101562,671.6699829101562,672.6099853515625,1214428,-0.000944529913333047,0.0010021333787453436,0.0010399682897866106
2025-11-17 09:45:00-05:00,672.780029296875,673.1300048828125,671.8400268554688,671.989990234375,1022219,0.0011824282001447087,0.0010399682897866106,0.0010722238013675012
2025-11-17 09:50:00-05:00,673.5,673.6699829101562,672.7999877929688,672.7999877929688,1033704,0.0010695706035795944,0.0010722238013675012,0.0011275567745816374
2025-11-17 09:55:00-05:00,672.760009765625,673.7100219726562,672.5700073242188,673.5,927576,-0.001099327475423235,0.0011275567745816374,0.0012354161877015856
2025-11-17 10:00:00-05:00,671.5599975585938,673.1500244140625,671.3900146484375,672.760009765625,929334,-0.001785307842223457,0.0012354161877015856,0.0012595498896620773
2025-11-17 10:05:00-05:00,670.875,672.25,670.469970703125,671.5499877929688,1131361,-0.001020530035779073,0.0012595498896620773,0.0013155111979375681
2025-11-17 10:10:00-05:00,671.739990234375,672.0250244140625,670.8200073242188,670.8900146484375,877362,0.0012885158594880502,0.0013155111979375681,0.0013326718149740061
2025-11-17 10:15:00-05:00,670.7625732421875,672.1300048828125,670.5999755859375,671.739990234375,798713,-0.0014561121765828047,0.0013326718149740061,0.0013430082338879987
2025-11-17 10:20:00-05:00,671.3300170898438,671.8499755859375,670.5499877929688,670.760009765625,781758,0.0008456106315716726,0.0013430082338879987,0.0013768526841815036
2025-11-17 10:25:00-05:00,672.0599975585938,672.3200073242188,670.8300170898438,671.3300170898438,720021,0.0010867738075125517,0.0013768526841815036,0.0014136441483696555
2025-11-17 10:30:00-05:00,670.97998046875,672.3699951171875,670.4299926757812,672.0399780273438,786352,-0.0016083174593736589,0.0014136441483696555,0.001232571843959926
2025-11-17 10:35:00-05:00,670.5900268554688,671.47998046875,670.5,670.969970703125,820805,-0.000581339210230657,0.001232571843959926,0.0013246283503281096
2025-11-17 10:40:00-05:00,671.7000122070312,671.7100219726562,670.1400146484375,670.5900268554688,1104919,0.0016538684967787665,0.0013246283503281096,0.0012830286557998778
2025-11-17 10:45:00-05:00,671.14501953125,672.0900268554688,670.8699951171875,671.6900024414062,760095,-0.0008265923383026759,0.0012830286557998778,0.001222820614602648
2025-11-17 10:50:00-05:00,671.1599731445312,671.4600219726562,670.6199951171875,671.1799926757812,629849,2.22805001299097e-05,0.001222820614602648,0.001203368258099845
2025-11-17 10:55:00-05:00,670.7050170898438,671.47998046875,670.3300170898438,671.1599731445312,1311790,-0.000678095151794546,0.001203368258099845,0.0011133275742228623
2025-11-17 11:00:00-05:00,670.27001953125,670.97998046875,669.760009765625,670.7050170898438,962620,-0.0006487780338519254,0.0011133275742228623,0.0011595494015433478
2025-11-17 11:05:00-05:00,669.2349853515625,670.3499755859375,668.9000244140625,670.280029296875,994843,-0.0015453983104332504,0.0011595494015433478,0.0010699974983508604
2025-11-17 11:10:00-05:00,668.6699829101562,669.5700073242188,668.5250244140625,669.22998046875,1185519,-0.0008446077836574065,0.0010699974983508604,0.00102863500804448
2025-11-17 11:15:00-05:00,668.094970703125,668.6699829101562,667.77001953125,668.6699829101562,1202987,-0.0008603041857762225,0.00102863500804448,0.0010195548579093974
2025-11-17 11:20:00-05:00,668.5999755859375,668.7365112304688,667.8150024414062,668.0999755859375,1104181,0.0007556023283270584,0.0010195548579093974,0.0013147738408356502
2025-11-17 11:25:00-05:00,670.4749755859375,670.530029296875,668.2999877929688,668.6099853515625,995318,0.0028004425349697822,0.0013147738408356502,0.0012499281702932977
2025-11-17 11:30:00-05:00,670.8400268554688,671.27001953125,670.3720092773438,670.47998046875,1257997,0.0005443184902577774,0.0012499281702932977,0.001248410487242252
2025-11-17 11:35:00-05:00,671.25,671.3699951171875,670.469970703125,670.8499755859375,653790,0.0006109473270491536,0.001248410487242252,0.0011669289303597732
2025-11-17 11:40:00-05:00,671.719970703125,672.0800170898438,671.1900024414062,671.239990234375,750926,0.0006998975890187799,0.0011669289303597732,0.0011460269489897237
2025-11-17 11:45:00-05:00,672.0999755859375,672.2899780273438,671.5599975585938,671.72998046875,555252,0.0005655592387816228,0.0011460269489897237,0.0011545946660352045
2025-11-17 11:50:00-05:00,672.52001953125,672.719970703125,672.0900268554688,672.0900268554688,522661,0.0006247772017393074,0.0011545946660352045,0.0011291053381978914
2025-11-17 11:55:00-05:00,672.9500122070312,672.97998046875,671.9949951171875,672.5,573822,0.0006391709666916486,0.0011291053381978914,0.0011274965322485438
2025-11-17 12:00:00-05:00,672.5281982421875,673.0,672.405029296875,672.9400024414062,435356,-0.0006270097507150337,0.0011274965322485438,0.0009752712220737545
2025-11-17 12:05:00-05:00,672.5900268554688,672.719970703125,672.0999755859375,672.530029296875,398026,9.193037782283068e-05,0.0009752712220737545,0.0009190351773707444
2025-11-17 12:10:00-05:00,672.4199829101562,672.655029296875,671.9749755859375,672.5900268554688,364153,-0.00025285156985282135,0.0009190351773707444,0.00087123965334157
2025-11-17 12:15:00-05:00,672.1199951171875,672.5499877929688,671.7050170898438,672.4299926757812,399254,-0.0004462311316123464,0.00087123965334157,0.0008731753789585361
2025-11-17 12:20:00-05:00,672.2100219726562,672.4500122070312,671.8099975585938,672.0999755859375,438097,0.00013393564743599553,0.0008731753789585361,0.0004632200104150348
2025-11-17 12:25:00-05:00,672.3101196289062,672.344970703125,671.7999877929688,672.22998046875,380098,0.00014889722115385125,0.0004632200104150348,0.0004547766744951947
2025-11-17 12:30:00-05:00,672.3350219726562,672.510009765625,671.864990234375,672.3300170898438,452374,3.7039279706471454e-05,0.0004547766744951947,0.0005856197103921803
2025-11-17 12:35:00-05:00,671.52001953125,672.5900268554688,671.3699951171875,672.3300170898438,471804,-0.0012129322228292972,0.0005856197103921803,0.0006012777525784286
2025-11-17 12:40:00-05:00,670.9199829101562,671.530029296875,670.8400268554688,671.5255126953125,649658,-0.0008939493161142897,0.0006012777525784286,0.0005639458635087114
2025-11-17 12:45:00-05:00,670.77001953125,670.969970703125,670.0900268554688,670.9199829101562,859810,-0.0002235440068239936,0.0005639458635087114,0.0006326412754369866
2025-11-17 12:50:00-05:00,669.72998046875,670.8699951171875,669.6500244140625,670.780029296875,624968,-0.0015517184202706697,0.0006326412754369866,0.0005592305699508233
2025-11-17 12:55:00-05:00,669.219970703125,669.8900146484375,669.1500244140625,669.719970703125,543733,-0.0007618056072131387,0.0005592305699508233,0.0005781273550166149
2025-11-17 13:00:00-05:00,668.5599975585938,669.280029296875,668.3499755859375,669.239990234375,902884,-0.0009866692785511287,0.0005781273550166149,0.0005714350149729066
2025-11-17 13:05:00-05:00,668.5700073242188,669.0079956054688,668.219970703125,668.5599975585938,614125,1.4972015568708186e-05,0.0005714350149729066,0.0006574845319714174
2025-11-17 13:10:00-05:00,668.9954833984375,669.47998046875,668.4400024414062,668.5700073242188,799661,0.0006361947755389987,0.0006574845319714174,0.0006773749357628
2025-11-17 13:15:00-05:00,669.0900268554688,669.3300170898438,668.52001953125,669.0,463299,0.00014131153272946599,0.0006773749357628,0.0006581276799759359
2025-11-17 13:20:00-05:00,668.780029296875,669.4299926757812,668.6099853515625,669.0900268554688,411005,-0.0004634195417051997,0.0006581276799759359,0.0006418494185202046
2025-11-17 13:25:00-05:00,668.7100219726562,669.0,668.4600219726562,668.760009765625,330457,-0.00010468462807064794,0.0006418494185202046,0.0006235043018870115
2025-11-17 13:30:00-05:00,668.4000244140625,668.739990234375,668.1500244140625,668.7000122070312,553961,-0.0004636829481397088,0.0006235043018870115,0.000595880410398911
2025-11-17 13:35:00-05:00,668.4299926757812,668.739990234375,668.1900024414062,668.3900146484375,448159,4.483481271454858e-05,0.000595880410398911,0.0006343283580465781
2025-11-17 13:40:00-05:00,668.8300170898438,668.8900146484375,668.0449829101562,668.4400024414062,475000,0.0005982747155722746,0.0006343283580465781,0.000665355995000516
2025-11-17 13:45:00-05:00,669.1199951171875,669.9099731445312,668.7899780273438,668.8099975585938,825953,0.00043346616725370527,0.000665355995000516,0.0006511841874604356
2025-11-17 13:50:00-05:00,668.1348266601562,669.4949951171875,668.10498046875,669.1199951171875,565536,-0.0014734194548685544,0.0006511841874604356,0.000894681123934173
2025-11-17 13:55:00-05:00,666.5599975585938,668.1400146484375,666.5,668.1400146484375,1314286,-0.0023598350781239424,0.000894681123934173,0.0008757267931274852
2025-11-17 14:00:00-05:00,666.1599731445312,666.9000244140625,665.5999755859375,666.5700073242188,1342145,-0.0006003127961903522,0.0008757267931274852,0.0008934886974127224
2025-11-17 14:05:00-05:00,666.4099731445312,666.6199951171875,665.77001953125,666.155029296875,1235243,0.00037521483000456596,0.0008934886974127224,0.0008513926643065464
2025-11-17 14:10:00-05:00,665.969970703125,666.72998046875,665.8099975585938,666.4000244140625,1084827,-0.0006604759542247543,0.0008513926643065464,0.000835762234317642
2025-11-17 14:15:00-05:00,665.72998046875,666.1599731445312,665.4600219726562,665.97998046875,973056,-0.00036042689160103964,0.000835762234317642,0.0008448419193810452
2025-11-17 14:20:00-05:00,665.739990234375,665.9500122070312,665.510009765625,665.75,740153,1.503566110451811e-05,0.0008448419193810452,0.0008554786801889356
2025-11-17 14:25:00-05:00,665.8394775390625,665.9000244140625,664.969970703125,665.72998046875,1042529,0.00014942751413688646,0.0008554786801889356,0.0009037519752990166
2025-11-17 14:30:00-05:00,664.9312744140625,666.1414794921875,664.6599731445312,665.8300170898438,1043037,-0.001364928203701233,0.0009037519752990166,0.0009265458181916667
2025-11-17 14:35:00-05:00,664.030029296875,665.2999877929688,663.990478515625,664.9199829101562,1167792,-0.0013563152709279288,0.0009265458181916667,0.0009505112906671464
2025-11-17 14:40:00-05:00,664.5599975585938,664.6400146484375,663.72998046875,664.030029296875,1392940,0.000797790558585103,0.0009505112906671464,0.0009004178085218352
2025-11-17 14:45:00-05:00,664.1300048828125,664.6099853515625,663.510009765625,664.52001953125,1022044,-0.00064724305895629,0.0009004178085218352,0.0008604999309092459
2025-11-17 14:50:00-05:00,663.8499755859375,664.4149780273438,663.75,664.1199951171875,932353,-0.0004217372327054042,0.0008604999309092459,0.0007322714708339683
2025-11-17 14:55:00-05:00,662.7899780273438,663.9249877929688,662.72998046875,663.8699951171875,1393758,-0.0015980187861519004,0.0007322714708339683,0.0007366306845081271
2025-11-17 15:00:00-05:00,662.6900024414062,662.9199829101562,662.1699829101562,662.77001953125,1538480,-0.00015085189908598795,0.0007366306845081271,0.0007309316587928161
2025-11-17 15:05:00-05:00,662.8997802734375,663.3699951171875,662.5800170898438,662.6799926757812,1301341,0.00031650490448528425,0.0007309316587928161,0.0007299543254335157
2025-11-17 15:10:00-05:00,662.7550048828125,663.6500244140625,662.7045288085938,662.8699951171875,1402304,-0.00021842095366256687,0.0007299543254335157,0.000778907710273459
2025-11-17 15:15:00-05:00,663.1099853515625,663.985595703125,662.5599975585938,662.77001953125,1388697,0.0005354700212261825,0.000778907710273459,0.0008433899444067014
2025-11-17 15:20:00-05:00,663.655029296875,663.8400268554688,662.9500122070312,663.1099853515625,1159385,0.000821613428083734,0.0008433899444067014,0.0008424637453258165
2025-11-17 15:25:00-05:00,663.739990234375,664.0499877929688,663.405029296875,663.6599731445312,1423599,0.00012801153592699634,0.0008424637453258165,0.000780363315109553
2025-11-17 15:30:00-05:00,663.3099975585938,664.27001953125,663.094970703125,663.760009765625,1403650,-0.0006480429445535627,0.000780363315109553,0.0006922835377345766
2025-11-17 15:35:00-05:00,663.3499755859375,664.1900024414062,663.1799926757812,663.3099975585938,1261186,6.0268687026190325e-05,0.0006922835377345766,0.0007221195746099839
2025-11-17 15:40:00-05:00,664.0349731445312,664.0549926757812,663.1400146484375,663.3400268554688,1311491,0.001032100929056989,0.0007221195746099839,0.0007929258093578998
2025-11-17 15:45:00-05:00,664.8900146484375,665.030029296875,663.9600830078125,664.030029296875,2361299,0.001286816983274258,0.0007929258093578998,0.0007838653518957365
2025-11-17 15:50:00-05:00,664.72998046875,665.6199951171875,664.4000244140625,664.8900146484375,2758053,-0.00024072168145482508,0.0007838653518957365,0.0006637229928472905
2025-11-17 15:55:00-05:00,665.6900024414062,665.77001953125,664.6699829101562,664.72998046875,5375737,0.0014431865901219556,0.0006637229928472905,0.001478402586007191
2025-11-18 09:30:00-05:00,662.9000244140625,664.260009765625,660.9550170898438,662.094970703125,6019238,-0.004199914303204959,0.001478402586007191,0.0014795856702677134
2025-11-18 09:35:00-05:00,663.1500244140625,663.8300170898438,662.489990234375,662.9000244140625,2402248,0.0003770596791318432,0.0014795856702677134,0.001588030200735831
2025-11-18 09:40:00-05:00,661.8499755859375,663.4550170898438,661.5399780273438,663.1400146484375,2045661,-0.0019623384834831876,0.001588030200735831,0.0016107808528764832
2025-11-18 09:45:00-05:00,660.9600219726562,663.4500122070312,660.7490234375,661.8499755859375,2661923,-0.0013455503801693726,0.0016107808528764832,0.0016248297037898653
2025-11-18 09:50:00-05:00,659.7899780273438,661.1400146484375,659.5599975585938,660.969970703125,2646887,-0.0017717876227886073,0.0016248297037898653,0.001649215472881484
2025-11-18 09:55:00-05:00,658.6500854492188,659.8900146484375,658.6099853515625,659.7899780273438,2273380,-0.0017291538595086168,0.001649215472881484,0.0017270799952796175
2025-11-18 10:00:00-05:00,657.0599975585938,659.4500122070312,656.9600219726562,658.6500244140625,2432211,-0.002417080609634856,0.0017270799952796175,0.0020026751887076673
2025-11-18 10:05:00-05:00,658.8800048828125,659.1599731445312,656.7999877929688,657.0499877929688,2719306,0.0027660964501304143,0.0020026751887076673,0.001946593827260866
2025-11-18 10:10:00-05:00,658.8150024414062,659.4600219726562,657.6099853515625,658.8699951171875,1950254,-9.866082985466131e-05,0.001946593827260866,0.001851163524057657
2025-11-18 10:15:00-05:00,658.010009765625,658.8800048828125,657.0700073242188,658.7999877929688,1775309,-0.0012226268009724597,0.001851163524057657,0.002021758575678695
2025-11-18 10:20:00-05:00,659.3099975585938,660.3099975585938,657.8699951171875,657.969970703125,1962938,0.0019736862838833076,0.002021758575678695,0.0019139671557138304
2025-11-18 10:25:00-05:00,659.0850219726562,660.2899780273438,658.969970703125,659.3099975585938,1193552,-0.00034128707221782386,0.0019139671557138304,0.0015935997649222584
2025-11-18 10:30:00-05:00,658.6400146484375,660.2000122070312,658.3900146484375,659.0800170898438,3389452,-0.000675417600438314,0.0015935997649222584,0.0015685472078358052
2025-11-18 10:35:00-05:00,658.3699951171875,658.719970703125,657.4229736328125,658.6900024414062,1830589,-0.0004100493284504534,0.0015685472078358052,0.0015111791947436694
2025-11-18 10:40:00-05:00,658.239990234375,659.030029296875,657.5999755859375,658.3599853515625,1221464,-0.00019748427352277365,0.0015111791947436694,0.0014853218424844964
2025-11-18 10:45:00-05:00,657.9199829101562,658.3300170898438,657.5999755859375,658.219970703125,1032975,-0.00048627421750264017,0.0014853218424844964,0.0014245038339619986
2025-11-18 10:50:00-05:00,658.019775390625,658.510009765625,657.1199951171875,657.9299926757812,1152133,0.00015166724773010365,0.0014245038339619986,0.001382299513333941
2025-11-18 10:55:00-05:00,657.219970703125,658.739990234375,657.1599731445312,658.030029296875,1025182,-0.0012162113994238243,0.001382299513333941,0.0012188416518569575
2025-11-18 11:00:00-05:00,656.6296997070312,657.6099853515625,655.8599853515625,657.22998046875,2054159,-0.0008985366425114301,0.0012188416518569575,0.0011815118969838478
2025-11-18 11:05:00-05:00,658.3300170898438,658.4199829101562,656.260009765625,656.6300048828125,1146649,0.0025861147056220127,0.0011815118969838478,0.0012044466113259223
2025-11-18 11:10:00-05:00,658.8200073242188,659.530029296875,658.219970703125,658.3400268554688,1452167,0.0007440158643980573,0.0012044466113259223,0.0011563455693188477
2025-11-18 11:15:00-05:00,659.3198852539062,659.5499877929688,658.0900268554688,658.8200073242188,1021278,0.0007584596391709167,0.0011563455693188477,0.0010790487000055485
2025-11-18 11:20:00-05:00,660.2100219726562,660.4299926757812,659.1599731445312,659.219970703125,1117322,0.001349172684755353,0.0010790487000055485,0.0012033004672258175
2025-11-18 11:25:00-05:00,661.5750122070312,661.8699951171875,660.2000122070312,660.260009765625,1511723,0.0020653747535434846,0.0012033004672258175,0.001176766983020465
2025-11-18 11:30:00-05:00,661.4199829101562,662.1513061523438,661.3699951171875,661.5599975585938,1433451,-0.00023436112480656248,0.001176766983020465,0.0011693100562688691
2025-11-18 11:35:00-05:00,661.239990234375,662.3699951171875,661.1500244140625,661.4299926757812,1296079,-0.0002721677234465678,0.0011693100562688691,0.001168181403929534
2025-11-18 11:40:00-05:00,661.9000854492188,662.0499877929688,660.9500122070312,661.219970703125,740616,0.00099777080558264,0.001168181403929534,0.0011890838874550791
2025-11-18 11:45:00-05:00,661.4099731445312,662.2899780273438,660.780029296875,661.8900146484375,970315,-0.0007407369481016981,0.0011890838874550791,0.0011976826615281108
2025-11-18 11:50:00-05:00,661.3300170898438,661.8400268554688,660.719970703125,661.4299926757812,823103,-0.00012089459058495962,0.0011976826615281108,0.0011063636272509191
2025-11-18 11:55:00-05:00,661.1699829101562,662.0399780273438,660.8800048828125,661.3319702148438,537634,-0.0002420176642247507,0.0011063636272509191,0.0010302361633970692
2025-11-18 12:00:00-05:00,661.1799926757812,661.8599853515625,660.97998046875,661.1400146484375,553409,1.5139359186385872e-05,0.0010302361633970692,0.000891597092353998
2025-11-18 12:05:00-05:00,660.5999755859375,661.2899780273438,660.25,661.1699829101562,861098,-0.0008776303787318716,0.000891597092353998,0.0009521122127762374
2025-11-18 12:10:00-05:00,659.9299926757812,661.0198974609375,659.8701782226562,660.5399780273438,605083,-0.001014718308173947,0.0009521122127762374,0.0009323021274519887
2025-11-18 12:15:00-05:00,660.0399780273438,660.6400146484375,659.5599975585938,659.9199829101562,954807,0.0001666482636092932,0.0009323021274519887,0.0008530417944039859
2025-11-18 12:20:00-05:00,659.739990234375,660.8900146484375,659.6599731445312,660.0700073242188,617714,-0.00045460274492606676,0.0008530417944039859,0.0006740516231758741
2025-11-18 12:25:00-05:00,658.6199951171875,660.19580078125,658.5599975585938,659.739990234375,845764,-0.0016990736962136889,0.0006740516231758741,0.0007181357407328494
2025-11-18 12:30:00-05:00,658.9400024414062,659.0499877929688,657.9099731445312,658.6099853515625,1003961,0.00048575750797557574,0.0007181357407328494,0.0012786026633229359
2025-11-18 12:35:00-05:00,661.14990234375,661.2000122070312,658.7999877929688,658.9400024414062,978964,0.003348108274619822,0.0012786026633229359,0.0014475263573967745
2025-11-18 12:40:00-05:00,662.7999877929688,663.02001953125,661.1300048828125,661.1300048828125,1308836,0.002492671838866553,0.0014475263573967745,0.0014250830335370565
2025-11-18 12:45:00-05:00,663.1300048828125,663.280029296875,661.739990234375,662.8099975585938,1136737,0.0004977896246127842,0.0014250830335370565,0.001425827829589728
2025-11-18 12:50:00-05:00,663.5599975585938,663.6699829101562,662.3800048828125,663.1199951171875,868121,0.00064821878516679,0.001425827829589728,0.0014170746383143488
2025-11-18 12:55:00-05:00,663.6699829101562,664.375,663.0499877929688,663.530029296875,1060895,0.00016573668984686015,0.0014170746383143488,0.00141557883388422
2025-11-18 13:00:00-05:00,663.739990234375,664.22998046875,663.3200073242188,663.719970703125,939871,0.00010547958159127935,0.00141557883388422,0.0013653360538427104
2025-11-18 13:05:00-05:00,663.9000244140625,664.4000244140625,663.5700073242188,663.739990234375,911222,0.00024108068255977017,0.0013653360538427104,0.0013038332066226256
2025-11-18 13:10:00-05:00,663.8099975585938,664.4600219726562,663.6500244140625,663.9099731445312,723936,-0.00013561222573728893,0.0013038332066226256,0.001301391508574831
2025-11-18 13:15:00-05:00,664.0098876953125,664.0921630859375,663.25,663.8400268554688,814081,0.0003010801998805141,0.001301391508574831,0.0012752926948548184
2025-11-18 13:20:00-05:00,664.0499267578125,664.22998046875,663.0999755859375,663.97998046875,1573053,6.029707709918231e-05,0.0012752926948548184,0.001186347640881885
2025-11-18 13:25:00-05:00,663.3300170898438,664.3800048828125,663.260009765625,664.0800170898438,563906,-0.0010847078741728778,0.001186347640881885,0.0012200183480004568
2025-11-18 13:30:00-05:00,664.3900146484375,664.6099853515625,663.3499755859375,663.3499755859375,559545,0.0015967188239410872,0.0012200183480004568,0.0009324237027893308
2025-11-18 13:35:00-05:00,664.02001953125,664.6099853515625,663.0999755859375,664.3900146484375,818933,-0.0005570495814321969,0.0009324237027893308,0.000656252686015454
2025-11-18 13:40:00-05:00,663.8800048828125,665.1199951171875,663.469970703125,664.0399780273438,1191035,-0.00021088131091517252,0.000656252686015454,0.0006717660915239639
2025-11-18 13:45:00-05:00,664.3699951171875,664.4492797851562,663.5800170898438,663.864990234375,828798,0.0007377982406956212,0.0006717660915239639,0.0006536193754230632
2025-11-18 13:50:00-05:00,664.4500122070312,664.9400024414062,664.0999755859375,664.3800048828125,515881,0.00012043330097300828,0.0006536193754230632,0.000926683057136288
2025-11-18 13:55:00-05:00,663.010009765625,664.4500122070312,662.7000122070312,664.4299926757812,1159475,-0.002169561391546611,0.000926683057136288,0.0009254598830204522
2025-11-18 14:00:00-05:00,663.0250244140625,664.22998046875,662.8499755859375,663.0499877929688,962536,2.2645930237356696e-05,0.0009254598830204522,0.0009779087945384255
2025-11-18 14:05:00-05:00,663.7100219726562,663.8400268554688,662.969970703125,663.0399780273438,619145,0.0010326065047059913,0.0009779087945384255,0.0009837484039980672
2025-11-18 14:10:00-05:00,663.9600219726562,664.25,663.1900024414062,663.72998046875,567225,0.0003765995988157216,0.0009837484039980672,0.000980585630674737
2025-11-18 14:15:00-05:00,664.0499877929688,664.0900268554688,662.9099731445312,663.969970703125,662823,0.00013548967219915282,0.000980585630674737,0.0010691142444320418
2025-11-18 14:20:00-05:00,663.0700073242188,664.239990234375,662.7000122070312,664.0499877929688,607387,-0.001476853111210405,0.0010691142444320418,0.001026577543649588
2025-11-18 14:25:00-05:00,662.9299926757812,663.5599975585938,662.5700073242188,663.0700073242188,685928,-0.00021118348259103117,0.001026577543649588,0.0008864022922331958
2025-11-18 14:30:00-05:00,662.72998046875,663.1799926757812,662.4340209960938,662.9299926757812,684948,-0.0003017549184569284,0.0008864022922331958,0.0012362975190913813
2025-11-18 14:35:00-05:00,664.6099853515625,664.6799926757812,662.64501953125,662.760009765625,891379,0.002832742459938598,0.0012362975190913813,0.0013416305022810335
2025-11-18 14:40:00-05:00,663.4600219726562,664.9600219726562,663.2000122070312,664.5999755859375,1042801,-0.0017317816982023312,0.0013416305022810335,0.0013573185635069995
2025-11-18 14:45:00-05:00,664.1199951171875,664.8699951171875,663.4400024414062,663.469970703125,859982,0.0009942499742427175,0.0013573185635069995,0.0014014801569753328
2025-11-18 14:50:00-05:00,663.280029296875,664.239990234375,663.1950073242188,664.1099853515625,902527,-0.0012655807096242173,0.0014014801569753328,0.0013392704421918815
2025-11-18 14:55:00-05:00,664.4199829101562,664.47998046875,662.969970703125,663.25,837525,0.001717185934952198,0.0013392704421918815,0.0013863766253213278
2025-11-18 15:00:00-05:00,663.7150268554688,664.9400024414062,663.6500244140625,664.4299926757812,1326251,-0.001061572981221782,0.0013863766253213278,0.0013677958318285986
2025-11-18 15:05:00-05:00,663.27001953125,663.7899780273438,663.0499877929688,663.7000122070312,820036,-0.000670704379242952,0.0013677958318285986,0.0013612044649705074
2025-11-18 15:10:00-05:00,663.155517578125,663.5,662.8099975585938,663.239990234375,836842,-0.00017264738985489772,0.0013612044649705074,0.0013656067274909797
2025-11-18 15:15:00-05:00,662.77001953125,663.52001953125,662.6599731445312,663.1500244140625,980373,-0.0005814776877701985,0.0013656067274909797,0.0013037087730080282
2025-11-18 15:20:00-05:00,662.5570068359375,663.489990234375,662.3834228515625,662.77001953125,776292,-0.00032144926181822033,0.0013037087730080282,0.0013036648696541035
2025-11-18 15:25:00-05:00,662.4199829101562,662.5800170898438,661.5,662.5700073242188,1340225,-0.0002068321598490429,0.0013036648696541035,0.0013285681028787804
2025-11-18 15:30:00-05:00,661.780029296875,662.780029296875,661.6500244140625,662.4199829101562,1040023,-0.0009665513626391881,0.0013285681028787804,0.0010215396810691188
2025-11-18 15:35:00-05:00,662.3900146484375,662.719970703125,661.6400146484375,661.7899780273438,1268509,0.000921309763045172,0.0010215396810691188,0.0009553824031107523
2025-11-18 15:40:00-05:00,661.6500244140625,662.5399780273438,661.5900268554688,662.389892578125,1133813,-0.001117776335443321,0.0009553824031107523,0.000902471198731514
2025-11-18 15:45:00-05:00,660.9149780273438,661.9199829101562,660.875,661.6500244140625,1836587,-0.001111546821582674,0.000902471198731514,0.0008983254024092519
2025-11-18 15:50:00-05:00,661.2899780273438,662.3599853515625,660.9149780273438,660.9199829101562,3208738,0.000567234313163993,0.0008983254024092519,0.0007525425087146256
2025-11-18 15:55:00-05:00,660.1400146484375,661.6799926757812,660.0,661.2899780273438,7909475,-0.0017404836814317037,0.0007525425087146256,0.00100912852537344
2025-11-19 09:30:00-05:00,661.4000244140625,661.6099853515625,660.1099853515625,660.780029296875,3566783,0.0019068815324315904,0.00100912852537344,0.0010875649056131334
2025-11-19 09:35:00-05:00,662.1994018554688,662.3900146484375,661.2999877929688,661.4000244140625,1829881,0.0012078843836450348,0.0010875649056131334,0.001156399124178628
2025-11-19 09:40:00-05:00,663.0150146484375,663.3200073242188,661.719970703125,662.1799926757812,1276313,0.0012309146139563556,0.001156399124178628,0.0011634415696191555
2025-11-19 09:45:00-05:00,663.5399780273438,663.780029296875,662.6799926757812,663.0,1447546,0.0007914687430356823,0.0011634415696191555,0.0012176979969065291
2025-11-19 09:50:00-05:00,664.510009765625,664.5900268554688,662.989990234375,663.5399780273438,1247397,0.0014608364439667389,0.0012176979969065291,0.0012804657142924806
2025-11-19 09:55:00-05:00,665.6699829101562,665.8400268554688,664.260009765625,664.5,1578627,0.0017440849282882088,0.0012804657142924806,0.0012061301806940302
2025-11-19 10:00:00-05:00,666.1400146484375,666.2150268554688,665.4199829101562,665.6699829101562,1630036,0.0007058540762694039,0.0012061301806940302,0.0012074715035440631
2025-11-19 10:05:00-05:00,666.1799926757812,666.4400024414062,665.9450073242188,666.1500244140625,1397604,6.001265031824358e-05,0.0012074715035440631,0.0010984542334151884
2025-11-19 10:10:00-05:00,666.5499877929688,666.760009765625,665.6900024414062,666.1799926757812,1310881,0.000555243946058696,0.0010984542334151884,0.0009736865695176265
2025-11-19 10:15:00-05:00,666.6199951171875,667.3400268554688,666.52001953125,666.5549926757812,1416274,0.00010502385319268623,0.0009736865695176265,0.0009983438053082997
2025-11-19 10:20:00-05:00,666.5858764648438,667.0399780273438,666.0900268554688,666.6099853515625,1017556,-5.1182871420594476e-05,0.0009983438053082997,0.0007637893452088016
2025-11-19 10:25:00-05:00,666.25,666.6599731445312,665.9099731445312,666.5800170898438,1271444,-0.000504002747651906,0.0007637893452088016,0.0007126911552518139
2025-11-19 10:30:00-05:00,666.1599731445312,666.5545043945312,665.85498046875,666.27001953125,993735,-0.0001351338663328178,0.0007126911552518139,0.0007853895795621544
2025-11-19 10:35:00-05:00,665.6400146484375,666.3200073242188,665.530029296875,666.1599731445312,813638,-0.0007808357520318072,0.0007853895795621544,0.0007601120708717838
2025-11-19 10:40:00-05:00,665.52001953125,665.75,665.0800170898438,665.6400146484375,781159,-0.0001802865387053023,0.0007601120708717838,0.0008601583146274302
2025-11-19 10:45:00-05:00,664.7100219726562,665.52001953125,664.6900024414062,665.52001953125,836253,-0.0012178309516867622,0.0008601583146274302,0.0008128112543374147
2025-11-19 10:50:00-05:00,664.030029296875,664.7100219726562,663.7000122070312,664.7100219726562,1120609,-0.001023515072784909,0.0008128112543374147,0.0007035602475526594
2025-11-19 10:55:00-05:00,662.969970703125,664.0599975585938,662.5999755859375,664.0399780273438,1394212,-0.0015976771955383596,0.0007035602475526594,0.000642182556725453
2025-11-19 11:00:00-05:00,663.0499877929688,663.530029296875,662.760009765625,662.969970703125,1487432,0.00012068761020999814,0.000642182556725453,0.0006444294982211243
2025-11-19 11:05:00-05:00,662.4199829101562,663.280029296875,662.0479736328125,663.030029296875,1238991,-0.0009506136603323164,0.0006444294982211243,0.000567482209770889
2025-11-19 11:10:00-05:00,662.2899780273438,662.530029296875,661.8800048828125,662.4099731445312,866139,-0.00019627675047882367,0.000567482209770889,0.0005772698633924654
2025-11-19 11:15:00-05:00,662.4194946289062,662.6699829101562,662.0399780273438,662.2899780273438,976545,0.00019553963287577587,0.0005772698633924654,0.0005831325140898631
2025-11-19 11:20:00-05:00,661.6500244140625,663.1300048828125,661.5700073242188,662.4000244140625,1208144,-0.0011622808174344276,0.0005831325140898631,0.0006734492404378378
2025-11-19 11:25:00-05:00,662.010009765625,662.4199829101562,661.280029296875,661.6409912109375,1027012,0.0005439241967608087,0.0006734492404378378,0.0006807309042582819
2025-11-19 11:30:00-05:00,662.0,662.2999877929688,661.6199951171875,662.02001953125,633121,-1.5120377567230198e-05,0.0006807309042582819,0.0007014222697253465
2025-11-19 11:35:00-05:00,661.2399291992188,662.030029296875,660.989990234375,661.989990234375,697373,-0.0011488028249465182,0.0007014222697253465,0.0007685026171983184
2025-11-19 11:40:00-05:00,661.6199951171875,661.989990234375,660.780029296875,661.2249755859375,1030967,0.0005746125064944239,0.0007685026171983184,0.0007335176771536892
2025-11-19 11:45:00-05:00,661.3499755859375,662.0899047851562,661.030029296875,661.6099853515625,1042291,-0.000408202061995301,0.0007335176771536892,0.0007747648895877883
2025-11-19 11:50:00-05:00,661.8244018554688,662.0198974609375,661.0479736328125,661.3099975585938,683777,0.0007171031996240476,0.0007747648895877883,0.0007388491917678066
2025-11-19 11:55:00-05:00,662.5100708007812,662.5897216796875,661.3599853515625,661.8300170898438,861631,0.0010354921973816011,0.0007388491917678066,0.0009544227769981044
2025-11-19 12:00:00-05:00,661.0700073242188,662.97998046875,661.0599975585938,662.5150146484375,996929,-0.0021760134782803156,0.0009544227769981044,0.0009292124376734617
2025-11-19 12:05:00-05:00,661.030029296875,661.6055297851562,660.5850219726562,661.0800170898438,956705,-6.0476554343224815e-05,0.0009292124376734617,0.0009313622335837563
2025-11-19 12:10:00-05:00,660.77001953125,661.27001953125,660.5,661.0100708007812,617153,-0.0003934177021844475,0.0009313622335837563,0.0009283318586791245
2025-11-19 12:15:00-05:00,660.8400268554688,661.4600219726562,660.6199951171875,660.760009765625,596033,0.00010594248201363769,0.0009283318586791245,0.0008790209770070252
2025-11-19 12:20:00-05:00,660.8900146484375,661.4400024414062,660.5800170898438,660.8400268554688,553481,7.563994374476558e-05,0.0008790209770070252,0.0008717127646008545
2025-11-19 12:25:00-05:00,661.1699829101562,661.4600219726562,660.22998046875,660.9199829101562,962557,0.00042353337431112287,0.0008717127646008545,0.0009622133660047229
2025-11-19 12:30:00-05:00,660.1599731445312,661.3699951171875,660.010009765625,661.1799926757812,923229,-0.0015287778161841626,0.0009622133660047229,0.0010098127158512838
2025-11-19 12:35:00-05:00,659.0999755859375,660.1699829101562,658.7449951171875,660.1599731445312,1580441,-0.0016069581854853108,0.0010098127158512838,0.0013566690316788312
2025-11-19 12:40:00-05:00,661.030029296875,661.5499877929688,658.760009765625,659.0800170898438,1592858,0.0029240379037843885,0.0013566690316788312,0.0013668617718180561
2025-11-19 12:45:00-05:00,660.5499877929688,661.260009765625,659.969970703125,661.010009765625,862395,-0.000726466076681822,0.0013668617718180561,0.0014097240171877543
2025-11-19 12:50:00-05:00,661.4199829101562,661.7000122070312,660.4099731445312,660.52001953125,734183,0.001316210295342413,0.0014097240171877543,0.0013676820731139106
2025-11-19 12:55:00-05:00,661.3599853515625,661.9299926757812,661.0399780273438,661.4099731445312,693298,-9.071434414554848e-05,0.0013676820731139106,0.001246172563952309
2025-11-19 13:00:00-05:00,662.0800170898438,662.1500244140625,661.0599975585938,661.3400268554688,593550,0.0010881215740746243,0.001246172563952309,0.0012472568635194879
2025-11-19 13:05:00-05:00,661.9949951171875,662.2100219726562,661.1400146484375,662.0499877929688,809179,-0.00012842470704343254,0.0012472568635194879,0.0012384784702551238
2025-11-19 13:10:00-05:00,662.260009765625,662.6199951171875,661.5501098632812,662.010009765625,877397,0.0004002471593434468,0.0012384784702551238,0.0012905506102976092
2025-11-19 13:15:00-05:00,661.5549926757812,662.4700927734375,661.1599731445312,662.280029296875,716561,-0.0010651294254817908,0.0012905506102976092,0.0013150596762101668
2025-11-19 13:20:00-05:00,662.1950073242188,662.5599975585938,661.52001953125,661.5499877929688,706014,0.0009669721598598135,0.0013150596762101668,0.0014243824800403738
2025-11-19 13:25:00-05:00,661.0200805664062,662.4722290039062,660.9400024414062,662.1950073242188,1047548,-0.0017758670942400062,0.0014243824800403738,0.0013633331137569411
2025-11-19 13:30:00-05:00,661.6400146484375,661.739990234375,660.8200073242188,661.010009765625,777476,0.000937405051638241,0.0013633331137569411,0.0012830127953284871
2025-11-19 13:35:00-05:00,662.6199951171875,663.3300170898438,661.530029296875,661.6599731445312,1179098,0.0014800426508581347,0.0012830127953284871,0.0011394460681922241
2025-11-19 13:40:00-05:00,661.5900268554688,662.780029296875,661.3099975585938,662.6199951171875,905983,-0.0015555968499385414,0.0011394460681922241,0.0011486947020748091
2025-11-19 13:45:00-05:00,661.02001953125,661.6699829101562,660.760009765625,661.5999755859375,582887,-0.0008619431873609742,0.0011486947020748091,0.0012258664510513433
2025-11-19 13:50:00-05:00,662.3200073242188,662.4099731445312,661.0399780273438,661.0499877929688,695642,0.0019647077618120167,0.0012258664510513433,0.001225331831049758
2025-11-19 13:55:00-05:00,662.5291748046875,662.97998046875,662.1799926757812,662.3099975585938,737548,0.000315760442816014,0.001225331831049758,0.0012192926595184428
2025-11-19 14:00:00-05:00,661.9500122070312,662.7899780273438,661.6799926757812,662.5499877929688,1324065,-0.0008745515071125082,0.0012192926595184428,0.0012211942782906508
2025-11-19 14:05:00-05:00,661.77001953125,662.1699829101562,661.489990234375,661.9299926757812,893345,-0.0002719497666801941,0.0012211942782906508,0.0012145693498909341
2025-11-19 14:10:00-05:00,661.8300170898438,661.8499755859375,661.219970703125,661.75,637550,9.065813988340079e-05,0.0012145693498909341,0.0012005093493005184
2025-11-19 14:15:00-05:00,661.260009765625,662.0355834960938,660.969970703125,661.7999877929688,540986,-0.0008616304981729552,0.0012005093493005184,0.0011626540084266539
2025-11-19 14:20:00-05:00,660.9400024414062,661.3800048828125,660.6900024414062,661.2606201171875,493226,-0.00048405283241969595,0.0011626540084266539,0.0011564589019100113
2025-11-19 14:25:00-05:00,659.7999877929688,660.9299926757812,659.47998046875,660.9299926757812,978295,-0.0017263275739208212,0.0011564589019100113,0.0011075688826264625
2025-11-19 14:30:00-05:00,659.8300170898438,660.3099975585938,659.4500122070312,659.7899780273438,743424,4.551169156355035e-05,0.0011075688826264625,0.0009688823420589071
2025-11-19 14:35:00-05:00,659.489990234375,660.1790161132812,659.3699951171875,659.8800048828125,590539,-0.0005154577526448937,0.0009688823420589071,0.0009173333577309066
2025-11-19 14:40:00-05:00,659.735595703125,659.9500122070312,659.3300170898438,659.489990234375,608332,0.0003723479505032788,0.0009173333577309066,0.0009070476502170332
2025-11-19 14:45:00-05:00,659.9450073242188,660.030029296875,659.3699951171875,659.739990234375,851987,0.00031736713015406237,0.0009070476502170332,0.0009748810949901209
2025-11-19 14:50:00-05:00,661.4498291015625,661.510009765625,659.9299926757812,659.9400024414062,832415,0.002277627226010328,0.0009748810949901209,0.000966657952969586
2025-11-19 14:55:00-05:00,661.25,662.010009765625,660.780029296875,661.4199829101562,937959,-0.00030215336644983564,0.000966657952969586,0.0009599095902719174
2025-11-19 15:00:00-05:00,661.6300048828125,661.77001953125,661.0,661.25,712713,0.0005745115080158386,0.0009599095902719174,0.0009583955843054406
2025-11-19 15:05:00-05:00,661.72998046875,661.8980102539062,661.469970703125,661.5900268554688,600110,0.00015109356068548094,0.0009583955843054406,0.000991767876640278
2025-11-19 15:10:00-05:00,662.3099975585938,662.4199829101562,661.6500244140625,661.75,774093,0.0008761323473177906,0.000991767876640278,0.001180306986481328
2025-11-19 15:15:00-05:00,664.02001953125,664.2000122070312,662.3300170898438,662.3300170898438,1371465,0.002578578329867404,0.001180306986481328,0.0012171493646763903
2025-11-19 15:20:00-05:00,663.3900146484375,664.4000244140625,662.8599853515625,664.02001953125,1719352,-0.0009492242997938503,0.0012171493646763903,0.0010391479859528413
2025-11-19 15:25:00-05:00,663.5,663.739990234375,662.989990234375,663.4000244140625,810046,0.00016577915366039787,0.0010391479859528413,0.0010449614784133043
2025-11-19 15:30:00-05:00,663.4387817382812,663.6599731445312,662.9600219726562,663.5,1034652,-9.22699111739819e-05,0.0010449614784133043,0.0010027644096794776
2025-11-19 15:35:00-05:00,663.989990234375,664.760009765625,663.4000244140625,663.4400024414062,1469090,0.0008304905534871798,0.0010027644096794776,0.0010551357304091078
2025-11-19 15:40:00-05:00,663.6099853515625,664.0700073242188,663.0665893554688,664.010009765625,1118348,-0.0005724689668252403,0.0010551357304091078,0.0013248228760110322
2025-11-19 15:45:00-05:00,662.0999755859375,663.6599731445312,662.0549926757812,663.625,1617278,-0.0022780403906287583,0.0013248228760110322,0.0012207849884694813
2025-11-19 15:50:00-05:00,663.0,663.280029296875,661.739990234375,662.0999755859375,2224403,0.0013584251287412656,0.0012207849884694813,0.0012308472117894017
2025-11-19 15:55:00-05:00,662.6500244140625,663.5800170898438,662.3499755859375,663.010009765625,3104983,-0.0005280060161021596,0.0012308472117894017,0.004736098326335217
2025-11-20 09:30:00-05:00,673.3300170898438,673.864990234375,672.469970703125,672.9099731445312,6344913,0.01598859243115862,0.004736098326335217,0.004728584719890249
2025-11-20 09:35:00-05:00,673.6599731445312,674.0,673.1099853515625,673.3499755859375,2187913,0.0004899161295618042,0.004728584719890249,0.004746658000011619
2025-11-20 09:40:00-05:00,673.635009765625,674.1500244140625,672.6900024414062,673.6599731445312,1988439,-3.705703535718142e-05,0.004746658000011619,0.004736120430121335
2025-11-20 09:45:00-05:00,674.0800170898438,674.7000122070312,672.9600219726562,673.6199951171875,1902151,0.0006603878884244494,0.004736120430121335,0.004699507310932886
2025-11-20 09:50:00-05:00,674.2000122070312,674.6199951171875,673.9199829101562,674.0900268554688,1388505,0.00017799732236167736,0.004699507310932886,0.004686198592508343
2025-11-20 09:55:00-05:00,674.9099731445312,675.02001953125,674.0900268554688,674.239990234375,1219358,0.0010524879524217389,0.004686198592508343,0.004681660242851242
2025-11-20 10:00:00-05:00,674.9573974609375,675.4099731445312,674.6599731445312,674.9199829101562,1335646,7.026514968583146e-05,0.004681660242851242,0.004816657080411665
2025-11-20 10:05:00-05:00,673.280029296875,674.969970703125,673.0999755859375,674.9500122070312,1438249,-0.0024882398251255293,0.004816657080411665,0.00480473209441891
2025-11-20 10:10:00-05:00,673.1699829101562,673.8599853515625,672.7899780273438,673.27001953125,1406651,-0.000163461526185279,0.00480473209441891,0.004679490891086985
2025-11-20 10:15:00-05:00,674.0,674.219970703125,672.81689453125,673.1799926757812,1306422,0.0012322382556006278,0.004679490891086985,0.004680633873756085
2025-11-20 10:20:00-05:00,674.75,674.9199829101562,673.5900268554688,674.030029296875,1061371,0.0011121409858069705,0.004680633873756085,0.004659291529635912
2025-11-20 10:25:00-05:00,674.8300170898438,675.0155029296875,674.3800048828125,674.7550048828125,1074454,0.00011858072722516363,0.004659291529635912,0.000979537460866746
2025-11-20 10:30:00-05:00,674.655029296875,675.2000732421875,674.3099975585938,674.8300170898438,933108,-0.00025934010075629414,0.000979537460866746,0.0010025731284225362
2025-11-20 10:35:00-05:00,675.2999267578125,675.5599975585938,674.5800170898438,674.6500244140625,901271,0.0009554355974668641,0.0010025731284225362,0.0010040020650206446
2025-11-20 10:40:00-05:00,675.2349853515625,675.4349975585938,674.8300170898438,675.2899780273438,647065,-9.617138471252116e-05,0.0010040020650206446,0.0011281995537480442
2025-11-20 10:45:00-05:00,674.0900268554688,675.3200073242188,674.010009765625,675.22998046875,1701870,-0.0016970837426631862,0.0011281995537480442,0.0011660619867890942
2025-11-20 10:50:00-05:00,673.3800048828125,674.3200073242188,673.3699951171875,674.094970703125,816464,-0.001053859487255565,0.0011660619867890942,0.0011270460297615422
2025-11-20 10:55:00-05:00,672.760009765625,673.6400146484375,672.739990234375,673.3800048828125,1109628,-0.0009211451324232134,0.0011270460297615422,0.0011813734793467534
2025-11-20 11:00:00-05:00,671.7000122070312,672.8200073242188,671.6400146484375,672.780029296875,1474205,-0.001576837928838576,0.0011813734793467534,0.0010032278315403548
2025-11-20 11:05:00-05:00,671.0800170898438,672.2000122070312,671.02001953125,671.6799926757812,1739174,-0.0009234500777779498,0.0010032278315403548,0.0010829280456382399
2025-11-20 11:10:00-05:00,669.9400024414062,671.1649780273438,669.8499755859375,671.0700073242188,1374417,-0.001700220587998017,0.0010829280456382399,0.0010679895189593832
2025-11-20 11:15:00-05:00,668.4550170898438,669.969970703125,668.1400146484375,669.9400024414062,2817837,-0.0022190548220163047,0.0010679895189593832,0.0009063783279337453
2025-11-20 11:20:00-05:00,668.0,669.1099853515625,667.5800170898438,668.4500122070312,2182861,-0.0006809314217188278,0.0009063783279337453,0.0008836685835489126
2025-11-20 11:25:00-05:00,667.9000244140625,669.3599853515625,667.4199829101562,667.989990234375,2754770,-0.00014967525158626722,0.0008836685835489126,0.0008722017265339743
2025-11-20 11:30:00-05:00,667.0,668.1699829101562,666.6699829101562,667.8900146484375,2052080,-0.001348452369435697,0.0008722017265339743,0.0006621498634487508
2025-11-20 11:35:00-05:00,665.7999877929688,667.1699829101562,664.7899780273438,667.010009765625,2342756,-0.0018007391090809352,0.0006621498634487508,0.0006088027021422083
2025-11-20 11:40:00-05:00,664.4400024414062,665.8200073242188,664.1300048828125,665.7999877929688,2896856,-0.00204472250928492,0.0006088027021422083,0.0007322246730470279
2025-11-20 11:45:00-05:00,664.5399780273438,665.2650146484375,663.6300048828125,664.4199829101562,2775706,0.00015045461571344733,0.0007322246730470279,0.0008177071138935712
2025-11-20 11:50:00-05:00,662.9000244140625,665.7899780273438,662.5399780273438,664.5399780273438,3008001,-0.002470852836447526,0.0008177071138935712,0.0011309738564546732
2025-11-20 11:55:00-05:00,660.2000122070312,662.969970703125,659.3900146484375,662.9299926757812,3815751,-0.004081348167532486,0.0011309738564546732,0.0015592717729563173
2025-11-20 12:00:00-05:00,661.6199951171875,662.3800048828125,659.5599975585938,660.1900024414062,3953623,0.0021485277095647385,0.0015592717729563173,0.0015739053074357854
2025-11-20 12:05:00-05:00,660.219970703125,661.8499755859375,659.0800170898438,661.5800170898438,2573814,-0.002118297182378586,0.0015739053074357854,0.0015717425460763591
2025-11-20 12:10:00-05:00,659.5,660.3800048828125,658.030029296875,660.25,2914752,-0.0010910962788082416,0.0015717425460763591,0.0015801631977973483
2025-11-20 12:15:00-05:00,657.9400024414062,659.47998046875,657.1900024414062,659.47998046875,3260900,-0.002368226689346564,0.0015801631977973483,0.0016447990509600263
2025-11-20 12:20:00-05:00,658.1699829101562,659.22998046875,656.5999755859375,657.9450073242188,3037101,0.00034948518535753636,0.0016447990509600263,0.001703714569854482
2025-11-20 12:25:00-05:00,658.5700073242188,659.4099731445312,657.1199951171875,658.1300048828125,2727651,0.000607598203648276,0.001703714569854482,0.0017096858103826304
2025-11-20 12:30:00-05:00,657.4600219726562,659.5399780273438,657.1900024414062,658.5499877929688,2262211,-0.0016868697371040394,0.0017096858103826304,0.001818127020184394
2025-11-20 12:35:00-05:00,658.1799926757812,658.4299926757812,655.4500122070312,657.47998046875,2731302,0.001094479898724607,0.001818127020184394,0.00187942675674377
2025-11-20 12:40:00-05:00,656.280029296875,658.5499877929688,656.239990234375,658.1799926757812,1850593,-0.0028908672311521804,0.00187942675674377,0.0018489566634750283
2025-11-20 12:45:00-05:00,655.8900146484375,656.5999755859375,655.489990234375,656.280029296875,1977369,-0.000594457496911185,0.0018489566634750283,0.0018397856013921843
2025-11-20 12:50:00-05:00,656.1500244140625,657.6599731445312,655.6699829101562,655.8800048828125,1823370,0.00039634425975987737,0.0018397856013921843,0.0016651938949617958
2025-11-20 12:55:00-05:00,657.260009765625,657.8800048828125,655.9199829101562,656.1400146484375,1606181,0.0016902347125965693,0.0016651938949617958,0.0016151481693919792
2025-11-20 13:00:00-05:00,658.4199829101562,658.780029296875,656.719970703125,657.2899780273438,2535532,0.0017633063534330763,0.0016151481693919792,0.0016916482475878793
2025-11-20 13:05:00-05:00,659.9412231445312,660.010009765625,658.1500244140625,658.4500122070312,2103258,0.00230777559676956,0.0016916482475878793,0.0018428471816881633
2025-11-20 13:10:00-05:00,661.8200073242188,661.8499755859375,659.3200073242188,659.9500122070312,1836556,0.002842851494973182,0.0018428471816881633,0.0018599465150776545
2025-11-20 13:15:00-05:00,660.1699829101562,661.969970703125,659.3153076171875,661.8200073242188,2151235,-0.0024962749840465796,0.0018599465150776545,0.001942598478574655
2025-11-20 13:20:00-05:00,659.0700073242188,660.8599853515625,658.9901123046875,660.1599731445312,1209251,-0.0016675902019136638,0.001942598478574655,0.0019470179598900979
2025-11-20 13:25:00-05:00,659.5800170898438,659.9500122070312,658.72998046875,659.0800170898438,950138,0.0007735332068600293,0.0019470179598900979,0.0019164964706323436
2025-11-20 13:30:00-05:00,658.72998046875,660.0,657.7100219726562,659.5499877929688,1093965,-0.0012895855155025144,0.0019164964706323436,0.0020274566510729
2025-11-20 13:35:00-05:00,657.1300048828125,658.8499755859375,656.8400268554688,658.75,1268128,-0.0024318337699229917,0.0020274566510729,0.001872166148014951
2025-11-20 13:40:00-05:00,656.3300170898438,657.219970703125,656.239990234375,657.0999755859375,1020201,-0.0012181381671438703,0.001872166148014951,0.001890834929183161
2025-11-20 13:45:00-05:00,655.6300048828125,656.4000244140625,655.510009765625,656.3099975585938,1139695,-0.0010671243966827982,0.001890834929183161,0.0019590746615099556
2025-11-20 13:50:00-05:00,654.3800048828125,655.6400146484375,654.1300048828125,655.6300048828125,1842457,-0.0019083829437164135,0.0019590746615099556,0.0019095633218810958
2025-11-20 13:55:00-05:00,655.0599975585938,655.8599853515625,654.1199951171875,654.3599853515625,1650646,0.0010386008303376027,0.0019095633218810958,0.0018043888308993908
2025-11-20 14:00:00-05:00,654.4099731445312,655.5999755859375,654.2000122070312,655.0399780273438,1272174,-0.0009928054586933416,0.0018043888308993908,0.0016742035509798273
2025-11-20 14:05:00-05:00,655.219970703125,655.3699951171875,653.8599853515625,654.3900146484375,1420522,0.0012369870827752987,0.0016742035509798273,0.0013168205472002313
2025-11-20 14:10:00-05:00,655.3599853515625,655.8499755859375,654.5499877929688,655.2100219726562,2449685,0.00021366822882245401,0.0013168205472002313,0.0012546870901408594
2025-11-20 14:15:00-05:00,655.7100219726562,656.5900268554688,654.8499755859375,655.3400268554688,948360,0.000533970920630262,0.0012546870901408594,0.001205921477942564
2025-11-20 14:20:00-05:00,655.3499755859375,656.5700073242188,655.239990234375,655.719970703125,841558,-0.0005492447278392461,0.001205921477942564,0.0014522185418859922
2025-11-20 14:25:00-05:00,657.010009765625,657.5399780273438,655.219970703125,655.3599853515625,1018639,0.0025298471205852657,0.0014522185418859922,0.0014833011991650016
2025-11-20 14:30:00-05:00,655.8800048828125,656.989990234375,655.35498046875,656.97998046875,1171072,-0.0017214011063264626,0.0014833011991650016,0.0013334119251512603
2025-11-20 14:35:00-05:00,655.642822265625,656.6400146484375,655.4600219726562,655.8800048828125,1095838,-0.0003616904179836554,0.0013334119251512603,0.0013719106572760696
2025-11-20 14:40:00-05:00,656.6199951171875,656.7899780273438,655.2100219726562,655.6500244140625,1473917,0.0014892947041284313,0.0013719106572760696,0.0013954090128959406
2025-11-20 14:45:00-05:00,655.72998046875,656.7697143554688,655.2999877929688,656.5999755859375,612430,-0.0013563680442624452,0.0013954090128959406,0.001320216769368974
2025-11-20 14:50:00-05:00,656.7673950195312,657.0599975585938,655.6099853515625,655.739990234375,824410,0.0015808256628896606,0.001320216769368974,0.0014003689406890648
2025-11-20 14:55:00-05:00,658.1099853515625,658.25,656.5499877929688,656.760009765625,2839059,0.002042153616250129,0.0014003689406890648,0.001657199431100068
2025-11-20 15:00:00-05:00,656.2000122070312,658.1300048828125,656.0,658.1199951171875,1832864,-0.0029064292177546137,0.001657199431100068,0.0016264442947246135
2025-11-20 15:05:00-05:00,656.3049926757812,657.1099853515625,656.0499877929688,656.2000122070312,1243273,0.00015996962843309496,0.0016264442947246135,0.001626875681059678
2025-11-20 15:10:00-05:00,656.2899780273438,656.52001953125,655.719970703125,656.3099975585938,1148047,-2.2877808879737067e-05,0.001626875681059678,0.0016287711934636921
2025-11-20 15:15:00-05:00,656.6900024414062,657.1300048828125,656.030029296875,656.2899780273438,1539140,0.0006093381961495977,0.0016287711934636921,0.001653428346054427
2025-11-20 15:20:00-05:00,656.0050048828125,657.530029296875,655.9299926757812,656.6799926757812,1070598,-0.0010436508357952417,0.001653428346054427,0.0014683523095345057
2025-11-20 15:25:00-05:00,656.2000122070312,656.3200073242188,655.3499755859375,656.010009765625,1926855,0.0002972208200923528,0.0014683523095345057,0.001458132144329305
2025-11-20 15:30:00-05:00,655.1400146484375,656.5599975585938,655.0900268554688,656.2000122070312,1582730,-0.0016166635163316248,0.001458132144329305,0.0015421556200872822
2025-11-20 15:35:00-05:00,653.9400024414062,655.22998046875,653.760009765625,655.1199951171875,2291485,-0.0018333677506224553,0.0015421556200872822,0.001453186893606441
2025-11-20 15:40:00-05:00,653.3599853515625,654.2899780273438,653.1300048828125,653.9500122070312,2591598,-0.0008873512327975103,0.001453186893606441,0.001510084209909285
2025-11-20 15:45:00-05:00,652.0,653.6480102539062,651.97998046875,653.3699951171875,3757045,-0.0020836947032043785,0.001510084209909285,0.001504163148633859
2025-11-20 15:50:00-05:00,653.0,653.7899780273438,651.969970703125,652.0,3525917,0.0015325673497782106,0.001504163148633859,0.0012774778162356647
2025-11-20 15:55:00-05:00,652.530029296875,653.9650268554688,651.8900146484375,653.0,6592008,-0.0007199692276386726,0.0012774778162356647,0.001793226296470973
2025-11-21 09:30:00-05:00,655.4500122070312,656.4400024414062,654.3300170898438,655.0499877929688,7452033,0.004464881218919627,0.001793226296470973,0.001823479159221297
2025-11-21 09:35:00-05:00,654.5999755859375,656.2100219726562,654.5399780273438,655.4550170898438,2294868,-0.0012977164967866934,0.001823479159221297,0.0018230622898765141
2025-11-21 09:40:00-05:00,654.3400268554688,656.010009765625,654.030029296875,654.6099853515625,1726131,-0.00039718968539639,0.0018230622898765141,0.0018182364320578894
2025-11-21 09:45:00-05:00,654.6599731445312,655.4500122070312,653.1300048828125,654.3499755859375,2133448,0.0004888407875230221,0.0018182364320578894,0.0019330457961258343
2025-11-21 09:50:00-05:00,656.1300048828125,656.469970703125,654.239990234375,654.6599731445312,1891106,0.002242971611355691,0.0019330457961258343,0.0020561690278938657
2025-11-21 09:55:00-05:00,654.52001953125,656.1799926757812,654.280029296875,656.1400146484375,1198356,-0.002456775083143073,0.0020561690278938657,0.0020240281878015427
2025-11-21 10:00:00-05:00,653.8900146484375,655.7100219726562,653.1500244140625,654.5700073242188,1881223,-0.0009630084072163376,0.0020240281878015427,0.0019644208640418
2025-11-21 10:05:00-05:00,654.3400268554688,655.5700073242188,653.52001953125,653.9199829101562,1534471,0.0006879710914807472,0.0019644208640418,0.0019643973038631648
2025-11-21 10:10:00-05:00,653.760009765625,654.3200073242188,653.219970703125,654.3099975585938,1451734,-0.0008868085186418477,0.0019643973038631648,0.0018522304044841739
2025-11-21 10:15:00-05:00,654.27001953125,654.4600219726562,652.6300048828125,653.719970703125,1926750,0.0007798135823293154,0.0018522304044841739,0.001836106521769386
2025-11-21 10:20:00-05:00,655.0800170898438,655.1199951171875,652.3400268554688,654.260009765625,2100026,0.001237251520627899,0.001836106521769386,0.0020604328357956368
2025-11-21 10:25:00-05:00,653.0800170898438,655.9400024414062,652.719970703125,655.1099853515625,1563824,-0.0030577322438101635,0.0020604328357956368,0.001527981010712868
2025-11-21 10:30:00-05:00,652.7100219726562,654.0599975585938,652.52001953125,653.0900268554688,1397782,-0.00056669926407934,0.001527981010712868,0.0015768205386030036
2025-11-21 10:35:00-05:00,651.4299926757812,652.75,650.8499755859375,652.739990234375,2344265,-0.0019630249720784775,0.0015768205386030036,0.0017441861648459433
2025-11-21 10:40:00-05:00,652.8499755859375,653.3200073242188,650.9400024414062,651.4099731445312,2073291,0.0021774212680420336,0.0017441861648459433,0.0017859430398611228
2025-11-21 10:45:00-05:00,653.6799926757812,654.1400146484375,652.3800048828125,652.8699951171875,1122573,0.0012705674139399086,0.0017859430398611228,0.00164935797950462
2025-11-21 10:50:00-05:00,654.125,654.3900146484375,652.6300048828125,653.1799926757812,1325884,0.0006805408205136096,0.00164935797950462,0.0016059956700672806
2025-11-21 10:55:00-05:00,652.77001953125,654.3900146484375,652.7000122070312,654.1400146484375,1420656,-0.002073588060262705,0.0016059956700672806,0.0016259052602233062
2025-11-21 11:00:00-05:00,651.8900146484375,653.280029296875,651.4199829101562,652.719970703125,830978,-0.001349018124590961,0.0016259052602233062,0.0016861710972321637
2025-11-21 11:05:00-05:00,652.8800048828125,652.9099731445312,651.0800170898438,651.8699951171875,1096031,0.001517494132351066,0.0016861710972321637,0.0016856412266950508
2025-11-21 11:10:00-05:00,653.2899780273438,653.7999877929688,652.4199829101562,652.8699951171875,1216782,0.0006277485524219351,0.0016856412266950508,0.001718161040885676
2025-11-21 11:15:00-05:00,652.239990234375,654.0399780273438,651.97998046875,653.2899780273438,768384,-0.0016085238100771954,0.001718161040885676,0.002066084883590472
2025-11-21 11:20:00-05:00,654.7899780273438,654.97998046875,652.0999755859375,652.239990234375,1072429,0.0039019626026212503,0.002066084883590472,0.001884585000058145
2025-11-21 11:25:00-05:00,655.9299926757812,655.969970703125,654.52001953125,654.7899780273438,1200476,0.0017395247823904906,0.001884585000058145,0.0018710151833864737
2025-11-21 11:30:00-05:00,655.7999877929688,656.3599853515625,655.219970703125,655.9299926757812,1575402,-0.00019821897063249143,0.0018710151833864737,0.0017494294043492373
2025-11-21 11:35:00-05:00,656.9550170898438,657.3499755859375,655.6900024414062,655.7899780273438,1925207,0.0017597032052894762,0.0017494294043492373,0.00168677897275416
2025-11-21 11:40:00-05:00,657.3499755859375,657.6699829101562,656.927490234375,656.97998046875,884013,0.0006010150006028632,0.00168677897275416,0.0016726302687618808
2025-11-21 11:45:00-05:00,657.6199951171875,658.1400146484375,656.6699829101562,657.3499755859375,815134,0.0004106854773281593,0.0016726302687618808,0.0017055547801957676
2025-11-21 11:50:00-05:00,658.7100830078125,659.0999755859375,657.3400268554688,657.6300048828125,3618768,0.0016562534852498777,0.0017055547801957676,0.0016055247643018474
2025-11-21 11:55:00-05:00,660.6400146484375,660.6950073242188,658.7000122070312,658.719970703125,1814665,0.0029255813458173205,0.0016055247643018474,0.001512744678823745
2025-11-21 12:00:00-05:00,660.280029296875,660.864990234375,659.3599853515625,660.6300048828125,1623098,-0.000545052461160912,0.001512744678823745,0.0015060413570142138
2025-11-21 12:05:00-05:00,660.9500732421875,661.1500244140625,659.8699951171875,660.2899780273438,1105947,0.0010142729891896498,0.0015060413570142138,0.001574645889458252
2025-11-21 12:10:00-05:00,660.5599975585938,661.1900024414062,660.2100219726562,660.9500122070312,1319579,-0.000590348425700888,0.001574645889458252,0.0014952199986904406
2025-11-21 12:15:00-05:00,659.8900146484375,660.760009765625,659.77001953125,660.5700073242188,1003519,-0.001014779751534718,0.0014952199986904406,0.0011924155648760661
2025-11-21 12:20:00-05:00,660.7999877929688,660.9600219726562,659.4600219726562,659.8599853515625,1137290,0.0013780270719839147,0.0011924155648760661,0.0012122681786250835
2025-11-21 12:25:00-05:00,660.3800048828125,660.9924926757812,659.7650146484375,660.7899780273438,768075,-0.0006357694282854046,0.0012122681786250835,0.001188416923289214
2025-11-21 12:30:00-05:00,660.760009765625,661.0800170898438,660.2899780273438,660.3825073242188,718251,0.0005752681609500601,0.001188416923289214,0.0011504023275713843
2025-11-21 12:35:00-05:00,660.6599731445312,661.5117797851562,660.3800048828125,660.780029296875,878408,-0.00015140776222341077,0.0011504023275713843,0.0011525842971522688
2025-11-21 12:40:00-05:00,661.1500244140625,661.3212890625,660.1300048828125,660.6599731445312,663119,0.0007414852253937614,0.0011525842971522688,0.001160908149055072
2025-11-21 12:45:00-05:00,661.1500244140625,661.47998046875,660.4299926757812,661.1599731445312,781666,0.0,0.001160908149055072,0.001163828070929838
2025-11-21 12:50:00-05:00,660.4796142578125,661.1599731445312,659.7100219726562,661.1300048828125,691259,-0.001014520549683537,0.001163828070929838,0.0008051247831666476
2025-11-21 12:55:00-05:00,660.1599731445312,661.0499877929688,659.75,660.5,887269,-0.00048407017716560865,0.0008051247831666476,0.0010530754109729598
2025-11-21 13:00:00-05:00,658.5599975585938,660.4600219726562,658.4849853515625,660.2100219726562,1080648,-0.0024265597042025747,0.0010530754109729598,0.0009794827003460668
2025-11-21 13:05:00-05:00,658.4099731445312,658.8900146484375,657.97998046875,658.5499877929688,1385878,-0.0002278327039322669,0.0009794827003460668,0.0010172288469762238
2025-11-21 13:10:00-05:00,657.5599975585938,658.4500122070312,657.4699096679688,658.4099731445312,1354723,-0.001291785866025986,0.0010172288469762238,0.000997516630605412
2025-11-21 13:15:00-05:00,657.3900146484375,657.7379760742188,656.8800048828125,657.5499877929688,816773,-0.00025853897034122176,0.000997516630605412,0.0008797170182967301
2025-11-21 13:20:00-05:00,657.655029296875,658.4199829101562,657.27001953125,657.3800048828125,776085,0.0004030503034787118,0.0008797170182967301,0.0009709886541045418
2025-11-21 13:25:00-05:00,658.3599853515625,658.4299926757812,657.3900756835938,657.6500244140625,485323,0.0010713496643565785,0.0009709886541045418,0.0010944353877706317
2025-11-21 13:30:00-05:00,659.4400024414062,659.7899780273438,658.0,658.3499755859375,993595,0.0016391217812366102,0.0010944353877706317,0.0012255273187820883
2025-11-21 13:35:00-05:00,660.5900268554688,660.8012084960938,659.260009765625,659.4550170898438,1492557,0.0017424220351026536,0.0012255273187820883,0.0012065766281846206
2025-11-21 13:40:00-05:00,660.7650146484375,660.8699951171875,660.02001953125,660.5800170898438,636611,0.00026486112890989754,0.0012065766281846206,0.0015746052145792842
2025-11-21 13:45:00-05:00,663.0499877929688,663.5800170898438,660.280029296875,660.77001953125,2034506,0.003452106841958282,0.0015746052145792842,0.0015669960039697743
2025-11-21 13:50:00-05:00,662.4500122070312,664.0900268554688,662.260009765625,663.0399780273438,1652876,-0.0009052819719540977,0.0015669960039697743,0.0015601263328037678
2025-11-21 13:55:00-05:00,662.25,663.1300048828125,661.6500244140625,662.469970703125,948187,-0.00030197358905111683,0.0015601263328037678,0.0013313187256639167
2025-11-21 14:00:00-05:00,663.1300048828125,663.25,662.1099853515625,662.2352294921875,909445,0.0013279286074736642,0.0013313187256639167,0.0013078762175118192
2025-11-21 14:05:00-05:00,663.6699829101562,663.9600219726562,662.8200073242188,663.1199951171875,1347835,0.0008139554750137916,0.0013078762175118192,0.0012268733531326092
2025-11-21 14:10:00-05:00,663.27001953125,664.030029296875,662.97998046875,663.7000122070312,1003521,-0.0006028356825221037,0.0012268733531326092,0.001189997176712053
2025-11-21 14:15:00-05:00,663.6300048828125,663.8800048828125,662.9500122070312,663.239990234375,822986,0.0005425960566296298,0.001189997176712053,0.0011839847210862178
2025-11-21 14:20:00-05:00,664.219970703125,664.530029296875,663.47802734375,663.614990234375,1095859,0.000888603185570968,0.0011839847210862178,0.0012033333710008492
2025-11-21 14:25:00-05:00,664.22998046875,664.5499877929688,663.9199829101562,664.219970703125,679227,1.5069842287021787e-05,0.0012033333710008492,0.0013714300107185089
2025-11-21 14:30:00-05:00,663.02001953125,664.52001953125,662.8499755859375,664.2100219726562,1759772,-0.0018232605352228408,0.0013714300107185089,0.0013496360987758356
2025-11-21 14:35:00-05:00,663.989990234375,664.2100219726562,662.97998046875,663.0599975585938,877289,0.0014618893131659147,0.0013496360987758356,0.0015475023376422736
2025-11-21 14:40:00-05:00,662.5399780273438,664.2899780273438,662.260009765625,663.969970703125,876172,-0.00218617418261852,0.0015475023376422736,0.0011678716880048625
2025-11-21 14:45:00-05:00,662.3699951171875,663.010009765625,661.885009765625,662.5599975585938,934715,-0.00025659541332534057,0.0011678716880048625,0.0011915614744989788
2025-11-21 14:50:00-05:00,661.5599975585938,662.8200073242188,660.9500122070312,662.4099731445312,902873,-0.0012236261194165496,0.0011915614744989788,0.0011951555619170513
2025-11-21 14:55:00-05:00,661.75,661.989990234375,661.1099853515625,661.5599975585938,1131611,0.00028716240799575956,0.0011951555619170513,0.001113452379280474
2025-11-21 15:00:00-05:00,661.7550048828125,662.2000122070312,661.510009765625,661.72998046875,1056407,7.563073496706747e-06,0.001113452379280474,0.0010706718685726316
2025-11-21 15:05:00-05:00,661.7100219726562,661.9500122070312,661.3699951171875,661.760009765625,743251,-6.797748223158641e-05,0.0010706718685726316,0.0010660951417586428
2025-11-21 15:10:00-05:00,661.6900024414062,662.1599731445312,661.2849731445312,661.72998046875,867170,-3.0254693792094127e-05,0.0010660951417586428,0.001044480966341446
2025-11-21 15:15:00-05:00,661.72998046875,661.9600219726562,661.3800048828125,661.6799926757812,1298056,6.041623652680577e-05,0.001044480966341446,0.001026677485621312
2025-11-21 15:20:00-05:00,660.8200073242188,661.9500122070312,660.469970703125,661.72998046875,1118551,-0.0013760890651023493,0.001026677485621312,0.0010876759763842492
2025-11-21 15:25:00-05:00,659.6300048828125,661.1199951171875,659.6199951171875,660.7999877929688,1511646,-0.0018024200122235643,0.0010876759763842492,0.001055843698857112
2025-11-21 15:30:00-05:00,659.989990234375,660.25,659.02001953125,659.5999755859375,1595369,0.0005455894300239517,0.001055843698857112,0.0009661807747534826
2025-11-21 15:35:00-05:00,660.530029296875,661.25,659.9199829101562,659.97998046875,1336667,0.000817918826854967,0.0009661807747534826,0.0008070319402893485
2025-11-21 15:40:00-05:00,660.010009765625,660.6799926757812,659.739990234375,660.5,1340078,-0.0007875862037466031,0.0008070319402893485,0.0008574762985640885
2025-11-21 15:45:00-05:00,660.4600219726562,661.1400146484375,659.8800048828125,660.02001953125,2029147,0.0006815939985561982,0.0008574762985640885,0.0010073911291426246
2025-11-21 15:50:00-05:00,658.9600219726562,660.8900146484375,658.9099731445312,660.4400024414062,3391977,-0.0022737272381342377,0.0010073911291426246,0.0010019985418155042
2025-11-21 15:55:00-05:00,659.0800170898438,659.1799926757812,658.22998046875,658.9600219726562,5899581,0.00018208114163879708,0.0010019985418155042,0.002876820813453575
2025-11-24 09:30:00-05:00,665.0258178710938,665.0700073242188,662.3900146484375,662.6900024414062,4095395,0.008980914649456159,0.002876820813453575,0.002944680642944889
2025-11-24 09:35:00-05:00,663.8400268554688,665.530029296875,663.77001953125,665.0399780273438,1747726,-0.0017846667292456106,0.002944680642944889,0.0029851103063352692
2025-11-24 09:40:00-05:00,662.8900146484375,664.3800048828125,662.7100219726562,663.8599853515625,1367156,-0.0014321110394436025,0.0029851103063352692,0.0030003075018919636
2025-11-24 09:45:00-05:00,662.3001708984375,663.9600219726562,662.2100219726562,662.8800048828125,1127743,-0.0008902024711402919,0.0030003075018919636,0.0029712355069460693
2025-11-24 09:50:00-05:00,662.8599853515625,663.6630249023438,661.5900268554688,662.3099975585938,1104335,0.0008449008729805729,0.0029712355069460693,0.0029250798183222183
2025-11-24 09:55:00-05:00,664.0399780273438,664.0599975585938,662.5,662.8300170898438,1163417,0.0017785711348333572,0.0029250798183222183,0.0029446527566429305
2025-11-24 10:00:00-05:00,665.1900024414062,665.3499755859375,663.9299926757812,664.0399780273438,1507078,0.0017303622667354439,0.0029446527566429305,0.0029628704695060944
2025-11-24 10:05:00-05:00,664.8499755859375,665.760009765625,664.7100219726562,665.2000122070312,1074217,-0.0005113032216984522,0.0029628704695060944,0.002933456016296252
2025-11-24 10:10:00-05:00,665.4000244140625,665.5599975585938,663.989990234375,664.8599853515625,1255074,0.0008269856936265981,0.002933456016296252,0.002957138226973995
2025-11-24 10:15:00-05:00,664.989990234375,665.7000122070312,664.8300170898438,665.4199829101562,861908,-0.0006164120117498689,0.002957138226973995,0.0028328683260007786
2025-11-24 10:20:00-05:00,664.8800048828125,665.7100219726562,664.6199951171875,665.0,780456,-0.00016540767476083457,0.0028328683260007786,0.0028279181728283528
2025-11-24 10:25:00-05:00,665.5449829101562,665.780029296875,664.3599853515625,664.8651733398438,898163,0.000999647614590672,0.0028279181728283528,0.001184457631404446
2025-11-24 10:30:00-05:00,665.9299926757812,665.9600219726562,664.9500122070312,665.510009765625,865945,0.0005783207096119052,0.001184457631404446,0.0010319411736226134
2025-11-24 10:35:00-05:00,666.4400024414062,666.52001953125,665.6799926757812,665.9400024414062,711868,0.000765567811348988,0.0010319411736226134,0.0008709198142287296
2025-11-24 10:40:00-05:00,666.780029296875,666.8900146484375,666.0999755859375,666.4400024414062,1572675,0.0005100836392292416,0.0008709198142287296,0.0007578817364001533
2025-11-24 10:45:00-05:00,667.0399780273438,667.2000122070312,666.719970703125,666.7899780273438,837562,0.000389780828496211,0.0007578817364001533,0.0007995461340399409
2025-11-24 10:50:00-05:00,666.8049926757812,667.1799926757812,666.5800170898438,667.0499877929688,682393,-0.0003523428271722744,0.0007995461340399409,0.0007264874913559329
2025-11-24 10:55:00-05:00,666.530029296875,666.8200073242188,666.219970703125,666.7899780273438,644682,-0.00041244455185362794,0.0007264874913559329,0.0006971748691130262
2025-11-24 11:00:00-05:00,667.5700073242188,667.6199951171875,666.530029296875,666.5399780273438,664448,0.0015590708484411906,0.0006971748691130262,0.0006638947160803935
2025-11-24 11:05:00-05:00,668.1417846679688,668.219970703125,667.4149780273438,667.5700073242188,868749,0.0008561388498666855,0.0006638947160803935,0.000662149463785531
2025-11-24 11:10:00-05:00,668.1099853515625,668.3900146484375,667.8400268554688,668.1411743164062,743408,-4.759479781532742e-05,0.000662149463785531,0.0005967746034498343
2025-11-24 11:15:00-05:00,668.1851196289062,668.3699951171875,667.9099731445312,668.1300048828125,616521,0.00011245162411040908,0.0005967746034498343,0.0005912252944694994
2025-11-24 11:20:00-05:00,668.1199951171875,668.3599853515625,667.9849853515625,668.1799926757812,690101,-9.74695240655358e-05,0.0005912252944694994,0.0005848955168461635
2025-11-24 11:25:00-05:00,667.969970703125,668.3300170898438,667.77001953125,668.1199951171875,653973,-0.00022457232451544027,0.0005848955168461635,0.0005914700023061215
2025-11-24 11:30:00-05:00,667.8699951171875,668.0999145507812,667.3900146484375,667.9600219726562,657519,-0.0001496819808992275,0.0005914700023061215,0.0005808270342274795
2025-11-24 11:35:00-05:00,667.719970703125,667.9600219726562,667.4500122070312,667.8800048828125,431160,-0.00022465639684759485,0.0005808270342274795,0.0005873173370504259
2025-11-24 11:40:00-05:00,668.130615234375,668.2700805664062,667.5,667.75,386871,0.0006148060995858405,0.0005873173370504259,0.0005835836703766162
2025-11-24 11:45:00-05:00,668.17919921875,668.4896850585938,668.0800170898438,668.1400146484375,487549,7.27136534820826e-05,0.0005835836703766162,0.000575670294260254
2025-11-24 11:50:00-05:00,668.02001953125,668.2000122070312,667.7100219726562,668.1799926757812,513072,-0.00023825741853363534,0.000575670294260254,0.0006236613097561192
2025-11-24 11:55:00-05:00,667.4650268554688,668.02001953125,667.2000122070312,668.010009765625,445386,-0.0008311477679697619,0.0006236613097561192,0.000434854951832221
2025-11-24 12:00:00-05:00,667.27001953125,667.9099731445312,667.0800170898438,667.469970703125,614868,-0.00029220379899994525,0.000434854951832221,0.00033359749518075977
2025-11-24 12:05:00-05:00,667.10498046875,667.60498046875,666.989990234375,667.27001953125,404063,-0.0002473653408398092,0.00033359749518075977,0.00035060711412283235
2025-11-24 12:10:00-05:00,667.27001953125,667.3599853515625,666.9000244140625,667.0800170898438,329026,0.00024736534083980336,0.00035060711412283235,0.0004995852701683822
2025-11-24 12:15:00-05:00,668.0250244140625,668.0700073242188,667.1500244140625,667.27001953125,438925,0.001130843653909806,0.0004995852701683822,0.0004989963680598212
2025-11-24 12:20:00-05:00,668.010009765625,668.3599243164062,667.8900146484375,668.030029296875,702945,-2.247642921636327e-05,0.0004989963680598212,0.0005001087514067479
2025-11-24 12:25:00-05:00,668.1856079101562,668.3200073242188,667.760009765625,668.02001953125,365424,0.00026283299124650855,0.0005001087514067479,0.0005009026733991151
2025-11-24 12:30:00-05:00,668.0700073242188,668.3900146484375,668.0399780273438,668.1799926757812,355119,-0.0001730216657769943,0.0005009026733991151,0.0005429649160704177
2025-11-24 12:35:00-05:00,668.6199951171875,668.6199951171875,667.9400024414062,668.0900268554688,486088,0.0008229100584294228,0.0005429649160704177,0.0005292432728152088
2025-11-24 12:40:00-05:00,668.9000244140625,669.0,668.5549926757812,668.6300048828125,680962,0.00041872913582967396,0.0005292432728152088,0.0005452220329484302
2025-11-24 12:45:00-05:00,669.269775390625,669.31982421875,668.8699951171875,668.9199829101562,571440,0.0005526219258966307,0.0005452220329484302,0.0005388403974783
2025-11-24 12:50:00-05:00,669.1900024414062,669.3800048828125,668.9550170898438,669.27001953125,541273,-0.00011920111554253252,0.0005388403974783,0.0004571189939909803
2025-11-24 12:55:00-05:00,669.0800170898438,669.1900024414062,668.8800048828125,669.1900024414062,386971,-0.0001643694474283249,0.0004571189939909803,0.0004329176292783938
2025-11-24 13:00:00-05:00,669.363525390625,669.4400024414062,669.0700073242188,669.0700073242188,532815,0.0004236387953964482,0.0004329176292783938,0.0004265464556584051
2025-11-24 13:05:00-05:00,669.239990234375,669.4400024414062,669.1199951171875,669.3599853515625,437803,-0.0001845731841560863,0.0004265464556584051,0.00043698633271962913
2025-11-24 13:10:00-05:00,669.6400146484375,669.75,669.1900024414062,669.239990234375,465494,0.000597550825326609,0.00043698633271962913,0.0003763140405691512
2025-11-24 13:15:00-05:00,669.4600830078125,669.7399291992188,669.2301025390625,669.6400146484375,410781,-0.0002687351632977433,0.0003763140405691512,0.0003709380921657924
2025-11-24 13:20:00-05:00,669.594970703125,669.6901245117188,669.3400268554688,669.469970703125,369643,0.0002014669903151624,0.0003709380921657924,0.00043593888393764365
2025-11-24 13:25:00-05:00,669.1900024414062,669.5850219726562,669.1599731445312,669.5800170898438,338952,-0.0006049788161560792,0.00043593888393764365,0.00043730258862354767
2025-11-24 13:30:00-05:00,669.0599975585938,669.3599853515625,668.780029296875,669.1799926757812,473149,-0.00019429087722242834,0.00043730258862354767,0.0003855844961814467
2025-11-24 13:35:00-05:00,669.2791137695312,669.3480834960938,668.8900146484375,669.0599975585938,367057,0.0003274449816800838,0.0003855844961814467,0.0003707291655239929
2025-11-24 13:40:00-05:00,669.3099975585938,669.3499755859375,669.0,669.280029296875,323517,4.614379245514202e-05,0.0003707291655239929,0.000336194778630694
2025-11-24 13:45:00-05:00,669.260009765625,669.4500122070312,668.9600219726562,669.3200073242188,316645,-7.468835058080287e-05,0.000336194778630694,0.00034547926269296427
2025-11-24 13:50:00-05:00,669.469970703125,669.469970703125,669.1799926757812,669.2515258789062,256560,0.0003136718267084686,0.00034547926269296427,0.0003591978553430641
2025-11-24 13:55:00-05:00,669.2349853515625,669.510009765625,669.1699829101562,669.469970703125,353638,-0.00035106369467469503,0.0003591978553430641,0.00036422195867715727
2025-11-24 14:00:00-05:00,669.5499877929688,669.72998046875,669.2119750976562,669.239990234375,499057,0.0004705795979758072,0.00036422195867715727,0.0003587584318829941
2025-11-24 14:05:00-05:00,669.6204223632812,669.8099975585938,669.52001953125,669.5499877929688,431443,0.00010519134808131729,0.0003587584318829941,0.0003279814864615154
2025-11-24 14:10:00-05:00,669.4000244140625,669.719970703125,669.3699951171875,669.6199951171875,395513,-0.0003291928091755422,0.0003279814864615154,0.00032010405162554703
2025-11-24 14:15:00-05:00,669.3400268554688,669.5700073242188,669.02001953125,669.4099731445312,462324,-8.963287320344847e-05,0.00032010405162554703,0.0003363509179773147
2025-11-24 14:20:00-05:00,669.030029296875,669.3300170898438,669.0,669.3300170898438,403782,-0.0004632464133704492,0.0003363509179773147,0.0002954184060630074
2025-11-24 14:25:00-05:00,668.89990234375,669.1400146484375,668.6900024414062,669.02001953125,579499,-0.0001945198331510668,0.0002954184060630074,0.000341977053806237
2025-11-24 14:30:00-05:00,668.469970703125,669.0,668.3250122070312,668.9000244140625,892689,-0.0006429510101886439,0.000341977053806237,0.0003544625516241083
2025-11-24 14:35:00-05:00,668.760009765625,668.8599853515625,668.1400146484375,668.489990234375,726630,0.0004337908531582917,0.0003544625516241083,0.0003653111393505725
2025-11-24 14:40:00-05:00,668.489990234375,668.989990234375,668.489990234375,668.760009765625,430516,-0.000403843013527436,0.0003653111393505725,0.00036887087710844993
2025-11-24 14:45:00-05:00,668.2999877929688,668.5599975585938,668.2382202148438,668.489990234375,393276,-0.0002842667072744985,0.00036887087710844993,0.00034428569240408394
2025-11-24 14:50:00-05:00,668.27001953125,668.6400146484375,667.8699951171875,668.2999877929688,743441,-4.484353465894196e-05,0.00034428569240408394,0.00034217731986175464
2025-11-24 14:55:00-05:00,668.2999877929688,668.6599731445312,668.1799926757812,668.260009765625,884315,4.4843534658975544e-05,0.00034217731986175464,0.000529207874448094
2025-11-24 15:00:00-05:00,669.2150268554688,669.219970703125,668.1900024414062,668.2999877929688,810072,0.0013682675637081028,0.000529207874448094,0.0005296423091412192
2025-11-24 15:05:00-05:00,669.0599975585938,669.219970703125,669.0,669.2100219726562,565565,-0.00023168525862064267,0.0005296423091412192,0.0005251116937112547
2025-11-24 15:10:00-05:00,669.1300048828125,669.3599853515625,668.8699951171875,669.0599975585938,613003,0.00010462987192387805,0.0005251116937112547,0.0005277609236079091
2025-11-24 15:15:00-05:00,669.239990234375,669.489990234375,669.02001953125,669.1199951171875,584479,0.0001643571691107015,0.0005277609236079091,0.0005195425707504357
2025-11-24 15:20:00-05:00,669.010009765625,669.280029296875,668.9400024414062,669.239990234375,456831,-0.00034370330060005456,0.0005195425707504357,0.0005171651597115844
2025-11-24 15:25:00-05:00,668.9400024414062,669.0355834960938,668.530029296875,669.010009765625,609655,-0.00010464863955142578,0.0005171651597115844,0.0004945240730446748
2025-11-24 15:30:00-05:00,669.2999877929688,669.3300170898438,668.7501220703125,668.9299926757812,798331,0.0005379982108923945,0.0004945240730446748,0.0004843721708729646
2025-11-24 15:35:00-05:00,669.280029296875,669.4650268554688,669.0800170898438,669.3200073242188,597582,-2.9820400484766375e-05,0.0004843721708729646,0.0004613706319813914
2025-11-24 15:40:00-05:00,669.3402709960938,669.4400024414062,668.9400024414062,669.280029296875,856444,9.000565619133746e-05,0.0004613706319813914,0.0005134498730143294
2025-11-24 15:45:00-05:00,668.8400268554688,669.5964965820312,668.6798706054688,669.3400268554688,1203900,-0.0007476483770240739,0.0005134498730143294,0.0006500830003589036
2025-11-24 15:50:00-05:00,669.8200073242188,669.9099731445312,668.6099853515625,668.8699951171875,3410904,0.0014641217617466728,0.0006500830003589036,0.0008158981693069955
2025-11-24 15:55:00-05:00,668.8099975585938,670.0599975585938,668.739990234375,669.8200073242188,7295308,-0.0015090203470745286,0.0008158981693069955,0.0007671642212079691
2025-11-25 09:30:00-05:00,669.4749755859375,669.739990234375,668.1799926757812,668.6300048828125,3235671,0.0009937765056248992,0.0007671642212079691,0.0007632885291197626
2025-11-25 09:35:00-05:00,669.4400024414062,669.97998046875,669.3150024414062,669.4500122070312,1398290,-5.2241023684319036e-05,0.0007632885291197626,0.0011799605263688416
2025-11-25 09:40:00-05:00,667.3842163085938,669.4600219726562,667.1900024414062,669.4500122070312,1698932,-0.0030756291284020436,0.0011799605263688416,0.0015275999257414257
2025-11-25 09:45:00-05:00,664.9600219726562,667.3699951171875,664.8599243164062,667.364990234375,2443714,-0.0036389950006015387,0.0015275999257414257,0.0019600908914388687
2025-11-25 09:50:00-05:00,667.4299926757812,667.5999755859375,664.47998046875,664.9600219726562,2223772,0.003707583373271405,0.0019600908914388687,0.0020749697406282947
2025-11-25 09:55:00-05:00,668.8699951171875,669.010009765625,667.239990234375,667.4400024414062,1401343,0.0021552091775091453,0.0020749697406282947,0.0023060615038369213
2025-11-25 10:00:00-05:00,666.469970703125,668.9000244140625,665.9199829101562,668.8599853515625,1779652,-0.0035946306705316377,0.0023060615038369213,0.0024951112001021817
2025-11-25 10:05:00-05:00,668.4299926757812,668.760009765625,666.030029296875,666.4500122070312,1482485,0.0029365846654462687,0.0024951112001021817,0.002509504282601803
2025-11-25 10:10:00-05:00,667.7100219726562,668.8800048828125,667.4000244140625,668.4450073242188,1454486,-0.0010776876149408972,0.002509504282601803,0.0025146024915638247
2025-11-25 10:15:00-05:00,668.1500244140625,668.4500122070312,667.27001953125,667.719970703125,967439,0.0006587553217245257,0.0025146024915638247,0.0024857085329955575
2025-11-25 10:20:00-05:00,667.2899780273438,668.4099731445312,666.780029296875,668.1599731445312,899906,-0.0012880346613104534,0.0024857085329955575,0.0025334649777726593
2025-11-25 10:25:00-05:00,668.5800170898438,668.6199951171875,667.2000122070312,667.280029296875,873820,0.0019313847428701553,0.0025334649777726593,0.0025550807632539327
2025-11-25 10:30:00-05:00,669.5700073242188,669.7100219726562,668.4400024414062,668.5399780273438,1019804,0.0014796403944719462,0.0025550807632539327,0.0025569542568029233
2025-11-25 10:35:00-05:00,669.35009765625,669.6099853515625,668.6300048828125,669.5700073242188,825876,-0.0003284881138585369,0.0025569542568029233,0.002398759293193618
2025-11-25 10:40:00-05:00,670.4199829101562,670.4500122070312,669.0999755859375,669.3599853515625,1007044,0.0015971180381556837,0.002398759293193618,0.0020815746284093563
2025-11-25 10:45:00-05:00,669.9349975585938,671.0700073242188,669.594970703125,670.4299926757812,1226587,-0.000723667058047871,0.0020815746284093563,0.0018770874145869797
2025-11-25 10:50:00-05:00,669.3099975585938,669.9299926757812,668.9600219726562,669.9299926757812,857763,-0.0009333617786915503,0.0018770874145869797,0.001787745339998799
2025-11-25 10:55:00-05:00,669.8049926757812,670.1300048828125,668.6400146484375,669.3599853515625,909123,0.0007392869818381564,0.001787745339998799,0.0013663259322744725
2025-11-25 11:00:00-05:00,669.6649780273438,669.8800048828125,669.0599975585938,669.8049926757812,604070,-0.00020905978037558204,0.0013663259322744725,0.0011367551469541198
2025-11-25 11:05:00-05:00,669.189697265625,669.9199829101562,669.030029296875,669.6599731445312,936657,-0.0007099811360473554,0.0011367551469541198,0.0010802868505910925
2025-11-25 11:10:00-05:00,669.0800170898438,669.72998046875,669.0582885742188,669.1900024414062,657233,-0.00016391340975629504,0.0010802868505910925,0.0011353826664015655
2025-11-25 11:15:00-05:00,670.0499877929688,670.239990234375,668.8599853515625,669.0900268554688,751448,0.0014486582620370611,0.0011353826664015655,0.0010290273961600406
2025-11-25 11:20:00-05:00,670.344482421875,671.0,670.0499877929688,670.0499877929688,926024,0.0004394148740371829,0.0010290273961600406,0.0009064937832173561
2025-11-25 11:25:00-05:00,670.4199829101562,670.5499877929688,669.8900146484375,670.3400268554688,595695,0.00011262304500634081,0.0009064937832173561,0.0008202461417273672
2025-11-25 11:30:00-05:00,670.6799926757812,670.8499755859375,670.3200073242188,670.4099731445312,731271,0.00038775598183002444,0.0008202461417273672,0.0008075273342418104
2025-11-25 11:35:00-05:00,670.8699951171875,670.905029296875,670.219970703125,670.6900024414062,786528,0.00028325808863708475,0.0008075273342418104,0.0006802916007671693
2025-11-25 11:40:00-05:00,671.1099853515625,671.469970703125,670.8800048828125,670.8800048828125,567323,0.00035766589729547307,0.0006802916007671693,0.0006471717623913289
2025-11-25 11:45:00-05:00,670.8800048828125,671.1400146484375,670.4600219726562,671.1099853515625,461348,-0.00034274543428042844,0.0006471717623913289,0.000616224926505871
2025-11-25 11:50:00-05:00,671.6400146484375,671.72998046875,670.880126953125,670.880126953125,595985,0.0011322138005493369,0.000616224926505871,0.0006008990333872663
2025-11-25 11:55:00-05:00,671.719970703125,671.9400024414062,671.47998046875,671.6400146484375,600166,0.00011903891087091242,0.0006008990333872663,0.0005999242747093167
2025-11-25 12:00:00-05:00,672.2249755859375,672.2999877929688,671.6900024414062,671.719970703125,939288,0.0007515261811512466,0.0005999242747093167,0.0005057120712655398
2025-11-25 12:05:00-05:00,672.5599975585938,672.5800170898438,672.22998046875,672.22998046875,597998,0.0004982536037768992,0.0005057120712655398,0.0004799834302964266
2025-11-25 12:10:00-05:00,672.6649780273438,672.7000122070312,672.4000244140625,672.5700073242188,502886,0.00015607867957901552,0.0004799834302964266,0.00036131363143473337
2025-11-25 12:15:00-05:00,672.9000244140625,672.9400024414062,672.3900146484375,672.6799926757812,672155,0.00034936459952964344,0.00036131363143473337,0.00044197634636920574
2025-11-25 12:20:00-05:00,673.72998046875,673.75,672.89501953125,672.89501953125,967847,0.0012326417156378598,0.00044197634636920574,0.000528193692764044
2025-11-25 12:25:00-05:00,673.3200073242188,673.8800048828125,673.1400146484375,673.739990234375,1179436,-0.0006086977631190725,0.000528193692764044,0.0005782043797368555
2025-11-25 12:30:00-05:00,674.1099853515625,674.1649780273438,673.3099975585938,673.3099975585938,665023,0.0011725701849459502,0.0005782043797368555,0.0005996156404348784
2025-11-25 12:35:00-05:00,674.02001953125,674.375,673.8900146484375,674.1199951171875,829033,-0.00013346757378028675,0.0005996156404348784,0.0006253242483379641
2025-11-25 12:40:00-05:00,673.8701171875,674.1599731445312,673.75,674.02001953125,886243,-0.00022242516698422565,0.0006253242483379641,0.0006071611392785342
2025-11-25 12:45:00-05:00,673.780029296875,674.1849975585938,673.4299926757812,673.8699951171875,1176083,-0.00013369625788150783,0.0006071611392785342,0.0005677143003089654
2025-11-25 12:50:00-05:00,673.7100219726562,674.0,673.530029296875,673.7999877929688,606157,-0.00010390774197668371,0.0005677143003089654,0.0006184648739172121
2025-11-25 12:55:00-05:00,673.3098754882812,673.8397827148438,673.1500244140625,673.719970703125,567534,-0.0005941211364428078,0.0006184648739172121,0.0005963869666654541
2025-11-25 13:00:00-05:00,673.5499877929688,673.8099975585938,673.27001953125,673.3099975585938,462891,0.00035655128462482884,0.0005963869666654541,0.0005872787685855304
2025-11-25 13:05:00-05:00,673.6799926757812,673.6799926757812,673.239990234375,673.5499877929688,391184,0.00019299582862717822,0.0005872787685855304,0.0005987377952215411
2025-11-25 13:10:00-05:00,673.5,673.8200073242188,673.3099975585938,673.6950073242188,815380,-0.00026721399936279963,0.0005987377952215411,0.0005937423891626905
2025-11-25 13:15:00-05:00,673.5700073242188,673.719970703125,673.219970703125,673.489990234375,471607,0.00010394014253333465,0.0005937423891626905,0.0004971820814305132
2025-11-25 13:20:00-05:00,673.9299926757812,674.0,673.3800048828125,673.5700073242188,688881,0.0005343010910968572,0.0004971820814305132,0.00045572445163576244
2025-11-25 13:25:00-05:00,674.0250244140625,674.0349731445312,673.780029296875,673.9208984375,688600,0.00014100134979856086,0.00045572445163576244,0.00030597310182052637
2025-11-25 13:30:00-05:00,674.1400146484375,674.1699829101562,673.9000244140625,674.030029296875,455471,0.00017058777126244484,0.00030597310182052637,0.0003275371129182018
2025-11-25 13:35:00-05:00,673.8599853515625,674.1400756835938,673.6199951171875,674.1300048828125,432972,-0.0004154737402124621,0.0003275371129182018,0.00032562897309868936
2025-11-25 13:40:00-05:00,673.7349853515625,673.9400024414062,673.5700073242188,673.8499755859375,402321,-0.000185515682495114,0.00032562897309868936,0.00038543410499276056
2025-11-25 13:45:00-05:00,674.219970703125,674.4000244140625,673.739990234375,673.739990234375,535216,0.000719586912472808,0.00038543410499276056,0.0003849008744597968
2025-11-25 13:50:00-05:00,674.1599731445312,674.280029296875,674.0599975585938,674.2100219726562,452620,-8.89920662304651e-05,0.0003849008744597968,0.0003619735133577795
2025-11-25 13:55:00-05:00,673.8699951171875,674.1500244140625,673.7999877929688,674.1500244140625,387284,-0.00043022490396183366,0.0003619735133577795,0.00036808993918937356
2025-11-25 14:00:00-05:00,673.6365966796875,673.9949951171875,673.4799194335938,673.8699951171875,766371,-0.0003464152847264206,0.00036808993918937356,0.00036550655638390643
2025-11-25 14:05:00-05:00,673.719970703125,673.9500122070312,673.52001953125,673.6400146484375,415099,0.00012375940498927248,0.00036550655638390643,0.00035842653745068635
2025-11-25 14:10:00-05:00,673.6300048828125,673.8099975585938,673.5,673.72998046875,431561,-0.00013354484295304616,0.00035842653745068635,0.0004379370879392806
2025-11-25 14:15:00-05:00,673.0449829101562,673.7249755859375,672.7000122070312,673.6300048828125,807423,-0.0008688391998976525,0.0004379370879392806,0.00041245930147845543
2025-11-25 14:20:00-05:00,673.239990234375,673.3399047851562,672.77001953125,673.0399780273438,747941,0.0002896969504563303,0.00041245930147845543,0.00041140217390481785
2025-11-25 14:25:00-05:00,673.3200073242188,673.4099731445312,673.030029296875,673.22998046875,454054,0.00011884667609762692,0.00041140217390481785,0.0004037837214427688
2025-11-25 14:30:00-05:00,673.2000122070312,673.4500122070312,673.1199951171875,673.3200073242188,522362,-0.0001782299791530917,0.0004037837214427688,0.000417381390557015
2025-11-25 14:35:00-05:00,672.8099975585938,673.22998046875,672.6799926757812,673.1900024414062,493960,-0.0005795122718595978,0.000417381390557015,0.00044759040524667486
2025-11-25 14:40:00-05:00,673.10498046875,673.1300048828125,672.4400024414062,672.8099975585938,697794,0.0004383381115378016,0.00044759040524667486,0.00037211682923943377
2025-11-25 14:45:00-05:00,673.0850219726562,673.2205810546875,672.9000244140625,673.0900268554688,469376,-2.965182635288259e-05,0.00037211682923943377,0.0004894493522906223
2025-11-25 14:50:00-05:00,673.72998046875,673.8599853515625,673.0449829101562,673.0850219726562,696555,0.0009577537289471232,0.0004894493522906223,0.0004843217214133666
2025-11-25 14:55:00-05:00,673.9400024414062,674.1099853515625,673.5700073242188,673.719970703125,780602,0.0003116816090285914,0.0004843217214133666,0.000527262616462836
2025-11-25 15:00:00-05:00,674.52001953125,674.5700073242188,673.9199829101562,673.9400024414062,1054561,0.0008602659569628253,0.000527262616462836,0.0005301877904193618
2025-11-25 15:05:00-05:00,674.46240234375,674.7899780273438,674.4099731445312,674.510009765625,760440,-8.542318506261971e-05,0.0005301877904193618,0.000530280460646832
2025-11-25 15:10:00-05:00,674.3707275390625,674.52001953125,674.2150268554688,674.469970703125,748266,-0.00013593201827210148,0.000530280460646832,0.0004362886406200854
2025-11-25 15:15:00-05:00,674.5499877929688,674.5999755859375,674.280029296875,674.3800048828125,617142,0.000265783233846112,0.0004362886406200854,0.0004350680861224772
2025-11-25 15:20:00-05:00,674.6699829101562,674.739990234375,674.4400024414062,674.5499877929688,752080,0.00017787331956151952,0.0004350680861224772,0.0004523850008844118
2025-11-25 15:25:00-05:00,674.5,674.6900024414062,674.4099731445312,674.6599731445312,842288,-0.00025198146002181955,0.0004523850008844118,0.0004901880477737183
2025-11-25 15:30:00-05:00,675.1199951171875,675.1699829101562,674.4550170898438,674.510009765625,1012255,0.0009187699693900547,0.0004901880477737183,0.0004176112754875195
2025-11-25 15:35:00-05:00,675.3699951171875,675.3800048828125,675.094482421875,675.1143798828125,987168,0.00037023599532550817,0.0004176112754875195,0.0004474218549246108
2025-11-25 15:40:00-05:00,675.1900024414062,675.4500122070312,675.1300048828125,675.3800048828125,1343882,-0.00026654525111402934,0.0004474218549246108,0.00043944993550098886
2025-11-25 15:45:00-05:00,675.4600219726562,675.719970703125,675.0399780273438,675.1900024414062,1249209,0.00039983641945213593,0.00043944993550098886,0.000389998644033188
2025-11-25 15:50:00-05:00,675.739990234375,676.2100219726562,675.4400024414062,675.4500122070312,2490007,0.0004143994422675683,0.000389998644033188,0.0005485644041163553
2025-11-25 15:55:00-05:00,675.0,675.9400024414062,675.0,675.739990234375,3639627,-0.0010956813506018597,0.0005485644041163553,0.001469798577834758
2025-11-26 09:30:00-05:00,678.2849731445312,678.5800170898438,677.4299926757812,677.6300048828125,3379407,0.00485482313298862,0.001469798577834758,0.001462764232927205
2025-11-26 09:35:00-05:00,678.406982421875,678.7943725585938,677.6699829101562,678.2899780273438,1650889,0.00017986290428292863,0.001462764232927205,0.0014496084361448416
2025-11-26 09:40:00-05:00,678.7899780273438,678.8300170898438,678.2050170898438,678.4199829101562,1057234,0.0005643920916365809,0.0014496084361448416,0.001448417604356746
2025-11-26 09:45:00-05:00,679.3300170898438,679.3499755859375,678.7100219726562,678.7899780273438,1255355,0.0007952744866498223,0.001448417604356746,0.001559812460119352
2025-11-26 09:50:00-05:00,678.3599853515625,679.47998046875,678.2000122070312,679.3400268554688,985063,-0.0014289446067873295,0.001559812460119352,0.0016552420430194185
2025-11-26 09:55:00-05:00,677.3099975585938,678.4650268554688,677.1099853515625,678.3499755859375,1123107,-0.0015490318678717512,0.0016552420430194185,0.0016465688790171333
2025-11-26 10:00:00-05:00,677.655029296875,678.0700073242188,676.719970703125,677.2999877929688,1453996,0.0005092850943018739,0.0016465688790171333,0.0016546850644031821
2025-11-26 10:05:00-05:00,678.25,678.5499877929688,677.239990234375,677.6400146484375,757517,0.0008775994313109399,0.0016546850644031821,0.0016900024706039307
2025-11-26 10:10:00-05:00,677.5999755859375,678.2982788085938,677.4500122070312,678.27001953125,950711,-0.0009588442313956689,0.0016900024706039307,0.0016919484414511553
2025-11-26 10:15:00-05:00,678.0,678.1400146484375,677.27001953125,677.5900268554688,598977,0.0005901806327501684,0.0016919484414511553,0.0017273906275539824
2025-11-26 10:20:00-05:00,677.385009765625,678.25,677.3699951171875,678.010009765625,599816,-0.0009074768750552679,0.0017273906275539824,0.0016932884076219675
2025-11-26 10:25:00-05:00,678.1300048828125,678.469970703125,677.2349853515625,677.3800048828125,793589,0.0010992061085988486,0.0016932884076219675,0.0009879366924044801
2025-11-26 10:30:00-05:00,678.8200073242188,678.8900146484375,678.1500244140625,678.1500244140625,562119,0.001016990301293042,0.0009879366924044801,0.0009918021877146118
2025-11-26 10:35:00-05:00,679.0800170898438,679.1300048828125,678.6599731445312,678.7999877929688,1077916,0.00038295863337194287,0.0009918021877146118,0.0010035137817941825
2025-11-26 10:40:00-05:00,678.5999145507812,679.2000122070312,678.4400024414062,679.0900268554688,529388,-0.0007072396783446683,0.0010035137817941825,0.0009698528556016321
2025-11-26 10:45:00-05:00,678.52001953125,678.639892578125,678.0606079101562,678.5999755859375,552955,-0.00011774201766126425,0.0009698528556016321,0.0008933387689816343
2025-11-26 10:50:00-05:00,678.9600219726562,679.0,678.280029296875,678.52001953125,467486,0.0006482636110478091,0.0008933387689816343,0.0007572584916387211
2025-11-26 10:55:00-05:00,679.5599975585938,679.6199951171875,678.6599731445312,678.9600219726562,689377,0.0008832782974402042,0.0007572584916387211,0.0007587842548234789
2025-11-26 11:00:00-05:00,679.9400024414062,680.0,679.47998046875,679.5599975585938,925309,0.0005590362526064012,0.0007587842548234789,0.0007354728972402486
2025-11-26 11:05:00-05:00,680.0399780273438,680.22998046875,679.9199829101562,679.9500122070312,707282,0.00014702508500614664,0.0007354728972402486,0.000636175430200256
2025-11-26 11:10:00-05:00,680.1699829101562,680.3599853515625,679.97998046875,680.0449829101562,569343,0.00019115414081915605,0.000636175430200256,0.000630297504348816
2025-11-26 11:15:00-05:00,680.3825073242188,680.4099731445312,680.02001953125,680.1900024414062,419609,0.00031240899166537294,0.000630297504348816,0.0005098818013869745
2025-11-26 11:20:00-05:00,680.8300170898438,680.8699951171875,680.3800048828125,680.385009765625,737655,0.0006575164035318045,0.0005098818013869745,0.0005178721324837855
2025-11-26 11:25:00-05:00,680.530029296875,680.856689453125,680.47998046875,680.8300170898438,501923,-0.0004407177933869318,0.0005178721324837855,0.00046729694602955875
2025-11-26 11:30:00-05:00,680.7899780273438,680.8200073242188,680.2899780273438,680.530029296875,630061,0.00038190687307851346,0.00046729694602955875,0.0004731664995094538
2025-11-26 11:35:00-05:00,681.1500244140625,681.1799926757812,680.7550048828125,680.7899780273438,791260,0.0005287257800799005,0.0004731664995094538,0.0003656503386714903
2025-11-26 11:40:00-05:00,681.469970703125,681.6900024414062,681.1300048828125,681.14990234375,1253537,0.00046960457954341026,0.0003656503386714903,0.00040250919609894465
2025-11-26 11:45:00-05:00,681.2100219726562,681.5449829101562,681.1699829101562,681.469970703125,584450,-0.00038152572140069235,0.00040250919609894465,0.00039397682021355494
2025-11-26 11:50:00-05:00,681.280029296875,681.4600219726562,680.969970703125,681.2100219726562,446773,0.00010276379517805386,0.00039397682021355494,0.0003474018748102856
2025-11-26 11:55:00-05:00,681.3599243164062,681.5599975585938,681.2100219726562,681.2899780273438,517074,0.00011726504776399068,0.0003474018748102856,0.000362217150695803
2025-11-26 12:00:00-05:00,681.1400146484375,681.5599975585938,681.0700073242188,681.35498046875,419581,-0.0003228031996028964,0.000362217150695803,0.00038984506334691684
2025-11-26 12:05:00-05:00,680.9000244140625,681.4199829101562,680.6799926757812,681.1400146484375,536731,-0.0003523982114707195,0.00038984506334691684,0.0004005823736715428
2025-11-26 12:10:00-05:00,680.739990234375,681.2550048828125,680.655029296875,680.9000244140625,535033,-0.0002350609246243748,0.0004005823736715428,0.00040866337070694856
2025-11-26 12:15:00-05:00,680.5101928710938,680.909912109375,680.4600219726562,680.719970703125,481526,-0.0003376269378196067,0.00040866337070694856,0.0004200544047883882
2025-11-26 12:20:00-05:00,681.010009765625,681.094970703125,680.4299926757812,680.5,453061,0.0007342041873720398,0.0004200544047883882,0.00039690125829193245
2025-11-26 12:25:00-05:00,680.9400024414062,681.010009765625,680.7000122070312,681.0,322882,-0.00010280454297582773,0.00039690125829193245,0.0004181278601524379
2025-11-26 12:30:00-05:00,681.3499755859375,681.3679809570312,680.9199829101562,680.9400024414062,496692,0.0006018882374832622,0.0004181278601524379,0.0003994063066949846
2025-11-26 12:35:00-05:00,681.1900024414062,681.4899291992188,680.8699951171875,681.3599853515625,590050,-0.00023481607563236357,0.0003994063066949846,0.00039941286552115364
2025-11-26 12:40:00-05:00,681.510009765625,681.5599975585938,681.0599975585938,681.1900024414062,446223,0.0004696665843320322,0.00039941286552115364,0.0004015768999361791
2025-11-26 12:45:00-05:00,681.2337036132812,681.7000122070312,681.1699829101562,681.5,404663,-0.00040551448290303846,0.0004015768999361791,0.00040113699347036664
2025-11-26 12:50:00-05:00,681.1699829101562,681.4400024414062,681.0399780273438,681.22998046875,310291,-9.354158947421966e-05,0.00040113699347036664,0.00039942967308276967
2025-11-26 12:55:00-05:00,681.1099853515625,681.344970703125,680.9349975585938,681.1799926757812,296469,-8.80840356319681e-05,0.00039942967308276967,0.00040206201213668766
2025-11-26 13:00:00-05:00,681.3499755859375,681.5599975585938,681.0750122070312,681.1199951171875,265330,0.0003522895993095974,0.00040206201213668766,0.000601182271822511
2025-11-26 13:05:00-05:00,680.2999877929688,681.3800048828125,679.75,681.3488159179688,1339758,-0.0015422289565181822,0.000601182271822511,0.0006542105792818951
2025-11-26 13:10:00-05:00,680.8800048828125,680.97998046875,680.1400146484375,680.3099975585938,977805,0.000852226932616931,0.0006542105792818951,0.0006699820340212378
2025-11-26 13:15:00-05:00,680.48291015625,681.030029296875,680.35498046875,680.8599853515625,413146,-0.0005833782211014396,0.0006699820340212378,0.0006787802443918098
2025-11-26 13:20:00-05:00,681.0399780273438,681.2998046875,680.165283203125,680.5,525310,0.0008183011934850324,0.0006787802443918098,0.0006784431016142069
2025-11-26 13:25:00-05:00,681.1099853515625,681.47998046875,680.9249877929688,681.0443725585938,468554,0.00010278945220803325,0.0006784431016142069,0.0007300144626250538
2025-11-26 13:30:00-05:00,680.3200073242188,681.1400146484375,680.2899780273438,681.114990234375,571501,-0.0011605122852512179,0.0007300144626250538,0.0007312922423714942
2025-11-26 13:35:00-05:00,680.3709106445312,680.5449829101562,680.010009765625,680.3200073242188,487871,7.48198134697174e-05,0.0007312922423714942,0.0007397062128424309
2025-11-26 13:40:00-05:00,679.77001953125,680.4498901367188,679.739990234375,680.3499755859375,479924,-0.0008835718991215576,0.0007397062128424309,0.0008388485464318975
2025-11-26 13:45:00-05:00,680.5800170898438,680.6199951171875,679.5900268554688,679.7553100585938,544094,0.0011908665159908315,0.0008388485464318975,0.0008472926170655403
2025-11-26 13:50:00-05:00,680.2449951171875,680.7650146484375,680.1300048828125,680.5800170898438,423460,-0.0004923806902717338,0.0008472926170655403,0.0008530352140858603
2025-11-26 13:55:00-05:00,680.4000244140625,680.5,679.85498046875,680.239990234375,479324,0.00022787618419277793,0.0008530352140858603,0.0008429539620200856
2025-11-26 14:00:00-05:00,680.4199829101562,681.02001953125,680.280029296875,680.4000244140625,827559,2.933304329405116e-05,0.0008429539620200856,0.0007144482509864144
2025-11-26 14:05:00-05:00,680.3200073242188,680.60498046875,680.219970703125,680.4199829101562,457674,-0.00014694296755422457,0.0007144482509864144,0.000689492893098063
2025-11-26 14:10:00-05:00,680.719970703125,680.8800048828125,680.719970703125,680.8599853515625,831120,0.0005877320238588999,0.000689492893098063,0.0006720798881045927
2025-11-26 14:15:00-05:00,680.9500122070312,681.114990234375,680.6400146484375,680.7000122070312,772236,0.00033788143820738656,0.0006720798881045927,0.0006359482017669276
2025-11-26 14:20:00-05:00,681.1799926757812,681.239990234375,680.8099975585938,680.9600219726562,731722,0.00033767771080718144,0.0006359482017669276,0.0006357821879048719
2025-11-26 14:25:00-05:00,681.239990234375,681.2899780273438,681.1099853515625,681.1900024414062,572920,8.807498331666689e-05,0.0006357821879048719,0.0005238488854997085
2025-11-26 14:30:00-05:00,681.1199951171875,681.4199829101562,681.114990234375,681.25,544437,-0.00017615772451925614,0.0005238488854997085,0.0005557530855461376
2025-11-26 14:35:00-05:00,680.75,681.1599731445312,680.6199951171875,681.1099853515625,630599,-0.0005433633571740155,0.0005557530855461376,0.00047500722610836185
2025-11-26 14:40:00-05:00,680.72021484375,681.3400268554688,680.52001953125,680.739990234375,784277,-4.375440010367141e-05,0.00047500722610836185,0.00033946970333140447
2025-11-26 14:45:00-05:00,680.5819702148438,681.0800170898438,680.5800170898438,680.72021484375,457201,-0.0002031064533632604,0.00033946970333140447,0.00032561764188061626
2025-11-26 14:50:00-05:00,680.9000244140625,681.010009765625,680.489990234375,680.5800170898438,429302,0.0004672176440954491,0.00032561764188061626,0.000324312399126281
2025-11-26 14:55:00-05:00,680.8599853515625,680.97998046875,680.6599731445312,680.9000244140625,593442,-5.880487343495065e-05,0.000324312399126281,0.0003321145471378753
2025-11-26 15:00:00-05:00,681.0700073242188,681.1699829101562,680.7014770507812,680.8699951171875,552682,0.0003084181645906463,0.0003321145471378753,0.00033304256367101376
2025-11-26 15:05:00-05:00,680.9600219726562,681.0800170898438,680.5900268554688,681.0800170898438,692847,-0.00016150209530750817,0.00033304256367101376,0.0003414537723263758
2025-11-26 15:10:00-05:00,681.4000244140625,681.4010009765625,680.9199829101562,680.9600219726562,929563,0.0006459415157866298,0.0003414537723263758,0.00035078575676181754
2025-11-26 15:15:00-05:00,681.1729736328125,681.5900268554688,681.1699829101562,681.4099731445312,919741,-0.00033326769821058125,0.00035078575676181754,0.0003417771225959724
2025-11-26 15:20:00-05:00,681.3082275390625,681.469970703125,681.1900024414062,681.1900024414062,814621,0.00019854058401387722,0.0003417771225959724,0.0003444453507645669
2025-11-26 15:25:00-05:00,681.2000122070312,681.4000244140625,681.1599731445312,681.301025390625,1544000,-0.00015884723350954475,0.0003444453507645669,0.0003405635211512717
2025-11-26 15:30:00-05:00,681.1699829101562,681.3599853515625,680.892578125,681.2000122070312,1041444,-4.408390817103223e-05,0.0003405635211512717,0.00029569730315979315
2025-11-26 15:35:00-05:00,681.1199951171875,681.22998046875,681.0067749023438,681.1749877929688,827323,-7.338788921215563e-05,0.00029569730315979315,0.0002944709058984544
2025-11-26 15:40:00-05:00,681.1749877929688,681.4000244140625,680.97998046875,681.1199951171875,1093133,8.073534219979407e-05,0.0002944709058984544,0.00036636767566085836
2025-11-26 15:45:00-05:00,680.6799926757812,681.3800048828125,680.6500244140625,681.1749877929688,1697201,-0.0007269425101567146,0.00036636767566085836,0.0003774494330317264
2025-11-26 15:50:00-05:00,680.260009765625,681.02001953125,680.1900024414062,680.6699829101562,3183062,-0.0006171953542916625,0.0003774494330317264,0.000449589462634916
2025-11-26 15:55:00-05:00,679.6300048828125,680.4500122070312,679.6199951171875,680.27001953125,4405092,-0.0009265527669118233,0.000449589462634916,0.0009457326890305451
2025-11-28 09:30:00-05:00,681.489990234375,681.5700073242188,680.8099975585938,680.8599853515625,2029255,0.0027330235629266578,0.0009457326890305451,0.0009639855989341295
2025-11-28 09:35:00-05:00,681.0700073242188,681.8499755859375,681.0599975585938,681.489990234375,1047023,-0.0006164615491561789,0.0009639855989341295,0.0009482073282667821
2025-11-28 09:40:00-05:00,681.27001953125,681.4500122070312,680.5,681.0700073242188,915538,0.0002936303779166136,0.0009482073282667821,0.0009489110929300468
2025-11-28 09:45:00-05:00,681.530029296875,681.530029296875,680.8900146484375,681.260009765625,644942,0.000381581683979849,0.0009489110929300468,0.0009533330572473462
2025-11-28 09:50:00-05:00,681.3049926757812,681.6395263671875,680.97998046875,681.5399780273438,577024,-0.0003302477842304081,0.0009533330572473462,0.000952622815495157
2025-11-28 09:55:00-05:00,681.2349853515625,681.4299926757812,681.1500244140625,681.2999877929688,529252,-0.00010276002966418663,0.000952622815495157,0.0009525124159670947
2025-11-28 10:00:00-05:00,681.2299194335938,681.6500244140625,681.155029296875,681.239990234375,788439,-7.436401408959948e-06,0.0009525124159670947,0.0009580496968241087
2025-11-28 10:05:00-05:00,681.489990234375,681.52001953125,681.030029296875,681.22998046875,513171,0.0003816937025629382,0.0009580496968241087,0.0009591451446416976
2025-11-28 10:10:00-05:00,681.6300048828125,681.7899780273438,681.2750244140625,681.4899291992188,681991,0.00020543260964764855,0.0009591451446416976,0.0009346835069153249
2025-11-28 10:15:00-05:00,682.0,682.0700073242188,681.6500854492188,681.6599731445312,709469,0.0005426620490049999,0.0009346835069153249,0.0009125932968935667
2025-11-28 10:20:00-05:00,681.8300170898438,682.3200073242188,681.77001953125,681.989990234375,749628,-0.0002492728696486127,0.0009125932968935667,0.0008540991604029864
2025-11-28 10:25:00-05:00,681.6900024414062,682.0599975585938,681.4708862304688,681.8399047851562,585760,-0.00020537234059499678,0.0008540991604029864,0.00038478334992819854
2025-11-28 10:30:00-05:00,682.1099853515625,682.239990234375,681.6099853515625,681.6900024414062,620864,0.0006159010517546674,0.00038478334992819854,0.0003221568856585268
2025-11-28 10:35:00-05:00,682.0698852539062,682.309814453125,681.780029296875,682.1004028320312,710936,-5.8790044526941885e-05,0.0003221568856585268,0.0003176291450569419
2025-11-28 10:40:00-05:00,682.152099609375,682.2150268554688,681.9400024414062,682.0650024414062,511981,0.00012052929285782946,0.0003176291450569419,0.0003162433756874058
2025-11-28 10:45:00-05:00,682.4000244140625,682.4199829101562,681.97998046875,682.155029296875,527829,0.00036337902092681697,0.0003162433756874058,0.0002849267908604039
2025-11-28 10:50:00-05:00,682.52001953125,682.6300048828125,682.3800048828125,682.3900146484375,966483,0.00017582732121037054,0.0002849267908604039,0.0002837594473816092
2025-11-28 10:55:00-05:00,682.4600830078125,682.5698852539062,682.219970703125,682.52001953125,502913,-8.782036216427265e-05,0.0002837594473816092,0.0002800883721012862
2025-11-28 11:00:00-05:00,682.6181030273438,682.6599731445312,682.2949829101562,682.4600219726562,607247,0.00023151790403445462,0.0002800883721012862,0.00027406635823503
2025-11-28 11:05:00-05:00,682.7999877929688,682.89990234375,682.5599975585938,682.6099853515625,564095,0.00026641622507225175,0.00027406635823503,0.00027772017623608423
2025-11-28 11:10:00-05:00,682.7949829101562,682.8699951171875,682.5999755859375,682.8201293945312,408907,-7.329966673703949e-06,0.00027772017623608423,0.0002474542403883649
2025-11-28 11:15:00-05:00,682.8699951171875,682.9400024414062,682.7100219726562,682.7999877929688,423243,0.0001098544786804216,0.0002474542403883649,0.00032203193673208575
2025-11-28 11:20:00-05:00,682.4099731445312,682.905029296875,682.2100219726562,682.8800048828125,1562106,-0.0006738866763727963,0.00032203193673208575,0.00033925724977152945
2025-11-28 11:25:00-05:00,682.1500244140625,682.4299926757812,681.6500244140625,682.4099731445312,968939,-0.00038100007926128405,0.00033925724977152945,0.0003175373384405462
2025-11-28 11:30:00-05:00,682.4600219726562,682.5543823242188,681.7999877929688,682.1599731445312,603762,0.0004543386804855337,0.0003175373384405462,0.00031844265542533027
2025-11-28 11:35:00-05:00,682.5900268554688,682.8300170898438,682.3099975585938,682.469970703125,2162557,0.0001904763613863673,0.00031844265542533027,0.0003183820380887678
2025-11-28 11:40:00-05:00,682.5900268554688,682.6649780273438,682.135009765625,682.5900268554688,967639,0.0,0.0003183820380887678,0.00030319115700026914
2025-11-28 11:45:00-05:00,682.6287231445312,682.8300170898438,682.469970703125,682.5800170898438,688763,5.6688774707923514e-05,0.00030319115700026914,0.00030395832252474243
2025-11-28 11:50:00-05:00,682.760009765625,682.9099731445312,682.489990234375,682.6199951171875,577968,0.00019230658395512143,0.00030395832252474243,0.0003020208468706764
2025-11-28 11:55:00-05:00,682.7550048828125,682.8900146484375,682.5800170898438,682.760009765625,475298,-7.330395870863693e-06,0.0003020208468706764,0.000295998061543277
2025-11-28 12:00:00-05:00,682.7999877929688,682.8099975585938,682.3900756835938,682.7550048828125,981254,6.588223896323175e-05,0.000295998061543277,0.00028958924625189147
2025-11-28 12:05:00-05:00,682.9099731445312,682.989990234375,682.719970703125,682.7999877929688,653009,0.00016106692481723903,0.00028958924625189147,0.0003005026171613784
2025-11-28 12:10:00-05:00,682.72998046875,683.0,682.6400146484375,682.9099731445312,602655,-0.0002636019491773811,0.0003005026171613784,0.00032042862511066656
2025-11-28 12:15:00-05:00,682.4400024414062,682.83837890625,682.4299926757812,682.739990234375,602532,-0.00042482333384852425,0.00032042862511066656,0.0002567488535598415
2025-11-28 12:20:00-05:00,682.3499755859375,682.635009765625,682.25,682.4400024414062,664501,-0.00013192777943669162,0.0002567488535598415,0.00022929870653004843
2025-11-28 12:25:00-05:00,682.3150024414062,682.6500244140625,682.280029296875,682.3499755859375,634484,-5.125528258147752e-05,0.00022929870653004843,0.00018413845626127416
2025-11-28 12:30:00-05:00,682.2899780273438,682.3300170898438,682.0599975585938,682.3150024414062,668606,-3.667642200263517e-05,0.00018413845626127416,0.00019587134734895341
2025-11-28 12:35:00-05:00,682.0399780273438,682.5197143554688,682.010009765625,682.2899780273438,946234,-0.0003664802662855023,0.00019587134734895341,0.00019634836227271456
2025-11-28 12:40:00-05:00,681.9304809570312,682.2899780273438,681.9000244140625,682.0407104492188,1017262,-0.0001605563666375115,0.00019634836227271456,0.00020218352712782277
2025-11-28 12:45:00-05:00,682.02001953125,682.0999755859375,681.8800048828125,681.9349975585938,196072,0.00013129299679903513,0.00020218352712782277,0.0009852658245992853
2025-12-01 09:30:00-05:00,679.6699829101562,679.6699829101562,678.760009765625,678.8099975585938,3238688,-0.0034516504491523335,0.0009852658245992853,0.0009783262949224008
2025-12-01 09:35:00-05:00,679.3900146484375,680.3099975585938,679.3900146484375,679.6799926757812,959173,-0.00041200280514763266,0.0009783262949224008,0.0009693647465415435
2025-12-01 09:40:00-05:00,679.25,679.7999877929688,678.739990234375,679.3699951171875,968498,-0.00020611000327318797,0.0009693647465415435,0.0010875462435417222
2025-12-01 09:45:00-05:00,680.1599731445312,680.719970703125,679.0999755859375,679.260009765625,979902,0.0013387768199761285,0.0010875462435417222,0.0012140388296165779
2025-12-01 09:50:00-05:00,681.2000122070312,681.2171020507812,680.0999755859375,680.1500244140625,843387,0.0015279415819930793,0.0012140388296165779,0.0012214285377962245
2025-12-01 09:55:00-05:00,681.4500122070312,681.8599853515625,681.1199951171875,681.2100219726562,1232155,0.0003669320784145669,0.0012214285377962245,0.0012324575811886649
2025-12-01 10:00:00-05:00,680.97998046875,681.7899780273438,680.8099975585938,681.4550170898438,1076130,-0.0006899903253100588,0.0012324575811886649,0.0012321875197409493
2025-12-01 10:05:00-05:00,680.9199829101562,681.3699951171875,680.6199951171875,680.97998046875,671945,-8.810861332824307e-05,0.0012321875197409493,0.0012314674635569272
2025-12-01 10:10:00-05:00,680.7999877929688,681.280029296875,680.6320190429688,680.9099731445312,1740994,-0.00017624051946027187,0.0012314674635569272,0.0012314829325618063
2025-12-01 10:15:00-05:00,680.8250122070312,681.0499877929688,680.489990234375,680.8200073242188,684763,3.675669008029313e-05,0.0012314829325618063,0.0012587817075461313
2025-12-01 10:20:00-05:00,680.1099853515625,680.8900146484375,680.02001953125,680.7899780273438,862559,-0.0010507877636230722,0.0012587817075461313,0.0012546504034617297
2025-12-01 10:25:00-05:00,679.8300170898438,680.22998046875,679.5900268554688,680.094970703125,647552,-0.000411736201849108,0.0012546504034617297,0.000813099940595854
2025-12-01 10:30:00-05:00,679.1300048828125,679.969970703125,679.010009765625,679.8400268554688,711295,-0.001030217604088451,0.000813099940595854,0.000913590815469766
2025-12-01 10:35:00-05:00,680.1199951171875,680.1900024414062,678.8400268554688,679.1199951171875,682349,0.001456671560683194,0.000913590815469766,0.000909309303379892
2025-12-01 10:40:00-05:00,680.1300048828125,680.4299926757812,679.780029296875,680.1300048828125,516819,1.471753813673638e-05,0.000909309303379892,0.0008239394374837316
2025-12-01 10:45:00-05:00,680.239990234375,680.4641723632812,679.8599853515625,680.1400146484375,294992,0.00016169917330852957,0.0008239394374837316,0.0009237104923522122
2025-12-01 10:50:00-05:00,681.6500244140625,681.760009765625,680.1300048828125,680.25,828619,0.0020707027268737368,0.0009237104923522122,0.0009185510111856709
2025-12-01 10:55:00-05:00,681.6400146484375,681.8300170898438,681.3900146484375,681.6599731445312,851401,-1.468471908159893e-05,0.0009185510111856709,0.0008906772025045361
2025-12-01 11:00:00-05:00,681.6900024414062,681.780029296875,681.4500122070312,681.6500244140625,341170,7.333190403580944e-05,0.0008906772025045361,0.0009591619592496089
2025-12-01 11:05:00-05:00,680.9099731445312,681.7999267578125,680.3699951171875,681.6799926757812,529104,-0.0011449132482869325,0.0009591619592496089,0.0009683676795587642
2025-12-01 11:10:00-05:00,680.5800170898438,681.1400146484375,680.4199829101562,680.9099731445312,372933,-0.00048469847522050047,0.0009683676795587642,0.0009684861420274448
2025-12-01 11:15:00-05:00,680.6170043945312,680.8499755859375,680.1199951171875,680.5700073242188,354961,5.43452624606087e-05,0.0009684861420274448,0.000919548120389601
2025-12-01 11:20:00-05:00,680.9199829101562,681.219970703125,680.5900268554688,680.6099853515625,282732,0.0004450536760307964,0.000919548120389601,0.0009057277690271642
2025-12-01 11:25:00-05:00,681.0798950195312,681.2800903320312,680.8099975585938,680.9500122070312,261738,0.00023481956599429957,0.0009057277690271642,0.0008274289833378483
2025-12-01 11:30:00-05:00,681.3900146484375,681.5399780273438,681.0700073242188,681.0800170898438,340639,0.0004552315351133211,0.0008274289833378483,0.0007393990435077189
2025-12-01 11:35:00-05:00,681.4799194335938,681.6500244140625,681.27001953125,681.3800048828125,262920,0.0001319345053235611,0.0007393990435077189,0.0007617731335315625
2025-12-01 11:40:00-05:00,682.0501098632812,682.3099975585938,681.22998046875,681.469970703125,581155,0.0008363445625286388,0.0007617731335315625,0.0007614968775916578
2025-12-01 11:45:00-05:00,682.1900024414062,682.4400024414062,681.969970703125,682.0599975585938,447491,0.00020508498079423155,0.0007614968775916578,0.0005118027575776083
2025-12-01 11:50:00-05:00,681.9500122070312,682.3099975585938,681.8400268554688,682.2000122070312,247424,-0.0003518557248873162,0.0005118027575776083,0.0005120429150557062
2025-12-01 11:55:00-05:00,681.9249877929688,682.0999755859375,681.72998046875,681.9099731445312,296257,-3.669605215330379e-05,0.0005120429150557062,0.0005239214482435414
2025-12-01 12:00:00-05:00,682.2100219726562,682.3300170898438,681.8200073242188,681.9600219726562,248715,0.0004178973221786649,0.0005239214482435414,0.0003697373179879727
2025-12-01 12:05:00-05:00,682.1300048828125,682.510009765625,682.0900268554688,682.2000122070312,418037,-0.00011729787056078516,0.0003697373179879727,0.00035655477337994963
2025-12-01 12:10:00-05:00,681.8599853515625,682.3400268554688,681.8400268554688,682.1400146484375,292402,-0.0003959259770387747,0.00035655477337994963,0.0003775772016972511
2025-12-01 12:15:00-05:00,681.6699829101562,681.9199829101562,681.2949829101562,681.8499755859375,434834,-0.0002786919936614696,0.0003775772016972511,0.0003648451041858481
2025-12-01 12:20:00-05:00,681.7891235351562,681.9598999023438,681.5,681.6599731445312,192942,0.000174762300886025,0.0003648451041858481,0.0003685862719607951
2025-12-01 12:25:00-05:00,682.010009765625,682.1699829101562,681.6290283203125,681.7999877929688,206566,0.0003239278087318074,0.0003685862719607951,0.0003549021800611661
2025-12-01 12:30:00-05:00,681.969970703125,682.177978515625,681.72998046875,682.0,177575,-5.8709164481615485e-05,0.0003549021800611661,0.00035962472346575135
2025-12-01 12:35:00-05:00,681.8699951171875,682.22998046875,681.760009765625,681.97998046875,205559,-0.00014660896970626313,0.00035962472346575135,0.00040213042086031546
2025-12-01 12:40:00-05:00,682.5784301757812,682.5784301757812,681.8400268554688,681.8499755859375,379826,0.0010384197879834253,0.00040213042086031546,0.00040101992514100164
2025-12-01 12:45:00-05:00,682.5364990234375,682.7899780273438,682.4826049804688,682.5800170898438,333788,-6.143241343283116e-05,0.00040101992514100164,0.00042429693241513214
2025-12-01 12:50:00-05:00,682.1500244140625,682.5399169921875,682.0599975585938,682.530029296875,228963,-0.0005663932530575446,0.00042429693241513214,0.0004280078960783856
2025-12-01 12:55:00-05:00,682.030029296875,682.2899780273438,681.8699951171875,682.2000122070312,246531,-0.00017592269755094267,0.0004280078960783856,0.0004312674512086271
2025-12-01 13:00:00-05:00,682.3400268554688,682.4199829101562,681.9749755859375,682.0399780273438,297657,0.000454418597843553,0.0004312674512086271,0.00042976204738629116
2025-12-01 13:05:00-05:00,682.4099731445312,682.510009765625,682.1799926757812,682.3499755859375,233157,0.0001025041789687638,0.00042976204738629116,0.0004141474073038976
2025-12-01 13:10:00-05:00,682.6300048828125,682.7100219726562,682.3300170898438,682.3900146484375,398522,0.0003223813862285288,0.0004141474073038976,0.0004051537496691136
2025-12-01 13:15:00-05:00,682.5280151367188,682.7899780273438,682.3499755859375,682.6199951171875,257949,-0.00014941822820192316,0.0004051537496691136,0.0004065545356736516
2025-12-01 13:20:00-05:00,682.5,682.5399780273438,682.3200073242188,682.52001953125,218651,-4.104697692946482e-05,0.0004065545356736516,0.00040057242797359826
2025-12-01 13:25:00-05:00,682.47998046875,682.6624755859375,682.4099731445312,682.5098876953125,180615,-2.933307673065253e-05,0.00040057242797359826,0.0004072156768636153
2025-12-01 13:30:00-05:00,682.719970703125,682.75,682.489990234375,682.5,244038,0.0003515825453129298,0.0004072156768636153,0.00040035733017335947
2025-12-01 13:35:00-05:00,682.7750244140625,682.8499755859375,682.6500244140625,682.7100219726562,305493,8.06355368041217e-05,0.00040035733017335947,0.00027368169011837793
2025-12-01 13:40:00-05:00,682.7899780273438,682.8300170898438,682.5999755859375,682.7750244140625,273084,2.1900990806163386e-05,0.00027368169011837793,0.00027455315994266916
2025-12-01 13:45:00-05:00,682.72998046875,682.9650268554688,682.6699829101562,682.780029296875,287468,-8.78750372838633e-05,0.00027455315994266916,0.000204749674346031
2025-12-01 13:50:00-05:00,682.8599853515625,682.989990234375,682.739990234375,682.739990234375,286214,0.00019040105223251566,0.000204749674346031,0.00019350984897560736
2025-12-01 13:55:00-05:00,682.8204956054688,682.9600219726562,682.8200073242188,682.8599853515625,401183,-5.7831603593101806e-05,0.00019350984897560736,0.0003018665105182326
2025-12-01 14:00:00-05:00,682.2550048828125,682.8493041992188,682.0999755859375,682.8200073242188,745431,-0.0008285120563684193,0.0003018665105182326,0.00031935284500215165
2025-12-01 14:05:00-05:00,681.980712890625,682.25,681.8499755859375,682.25,411886,-0.0004021181857505089,0.00031935284500215165,0.00029776133193922866
2025-12-01 14:10:00-05:00,681.97998046875,682.02001953125,681.54638671875,681.97998046875,418098,-1.0739633166598056e-06,0.00029776133193922866,0.0003450823399358192
2025-12-01 14:15:00-05:00,681.5150146484375,681.989990234375,681.239990234375,681.989990234375,548991,-0.0006820206014703271,0.0003450823399358192,0.000407606540616608
2025-12-01 14:20:00-05:00,680.9099731445312,681.6699829101562,680.7150268554688,681.52001953125,1175836,-0.0008881832748257197,0.000407606540616608,0.00041046919023493724
2025-12-01 14:25:00-05:00,680.5999755859375,681.0499877929688,680.47998046875,680.9000244140625,905353,-0.00045537318950870915,0.00041046919023493724,0.00036736416321036044
2025-12-01 14:30:00-05:00,680.4099731445312,680.6199951171875,679.8200073242188,680.60498046875,941204,-0.00027920801433934647,0.00036736416321036044,0.0004852605293949065
2025-12-01 14:35:00-05:00,680.989990234375,681.094970703125,680.3699951171875,680.4299926757812,830599,0.0008520892324660834,0.0004852605293949065,0.0005362121072017441
2025-12-01 14:40:00-05:00,680.260009765625,681.030029296875,680.219970703125,681.0,453055,-0.001072515024755253,0.0005362121072017441,0.0005386664883768739
2025-12-01 14:45:00-05:00,680.239990234375,680.5700073242188,680.1500244140625,680.27001953125,429537,-2.942966740386278e-05,0.0005386664883768739,0.0005480660981361786
2025-12-01 14:50:00-05:00,680.4400024414062,680.6199951171875,679.989990234375,680.239990234375,556590,0.0002939886079731727,0.0005480660981361786,0.0005429189382551247
2025-12-01 14:55:00-05:00,680.219970703125,680.510009765625,680.094970703125,680.4199829101562,405735,-0.00032341914150777607,0.0005429189382551247,0.0005376729833083053
2025-12-01 15:00:00-05:00,680.3699951171875,680.510009765625,680.030029296875,680.2000122070312,483641,0.00022052847432251632,0.0005376729833083053,0.0005471912988432295
2025-12-01 15:05:00-05:00,680.4949951171875,680.6300048828125,680.25,680.3800048828125,527077,0.00018370668839080788,0.0005471912988432295,0.0005945122355937025
2025-12-01 15:10:00-05:00,680.9243774414062,681.0150146484375,680.4887084960938,680.4949951171875,486874,0.0006307862912940343,0.0005945122355937025,0.0005945258241166713
2025-12-01 15:15:00-05:00,680.4600219726562,680.969970703125,680.2899780273438,680.9099731445312,571628,-0.0006821812956839909,0.0005945258241166713,0.0005447767686177538
2025-12-01 15:20:00-05:00,680.469970703125,680.6699829101562,680.35009765625,680.4550170898438,436439,1.4620488228513316e-05,0.0005447767686177538,0.0005422982656353994
2025-12-01 15:25:00-05:00,680.72998046875,680.760009765625,680.3699951171875,680.469970703125,324882,0.00038203023525448245,0.0005422982656353994,0.0005438103232201723
2025-12-01 15:30:00-05:00,680.52001953125,680.8599853515625,680.27001953125,680.719970703125,628280,-0.00030848255524702415,0.0005438103232201723,0.0005209832455180431
2025-12-01 15:35:00-05:00,680.97998046875,680.989990234375,680.5100708007812,680.52001953125,621863,0.0006756679471151949,0.0005209832455180431,0.0003981189689055323
2025-12-01 15:40:00-05:00,680.9749755859375,681.0700073242188,680.56201171875,680.9949951171875,884265,-7.349557032386715e-06,0.0003981189689055323,0.0004581824347509027
2025-12-01 15:45:00-05:00,680.5,681.0599975585938,680.385009765625,680.9749755859375,938758,-0.0006977368129776857,0.0004581824347509027,0.0005028352142874426
2025-12-01 15:50:00-05:00,679.97998046875,680.8200073242188,679.9000244140625,680.510009765625,2203481,-0.0007644648418803643,0.0005028352142874426,0.0005131186741708888
2025-12-01 15:55:00-05:00,680.27001953125,680.4199829101562,679.375,679.9600219726562,9905367,0.00042644964807275976,0.0005131186741708888,0.0008339405363627578
2025-12-02 09:30:00-05:00,681.8200073242188,682.1900024414062,681.6300048828125,681.9199829101562,2215737,0.0022758972335879444,0.0008339405363627578,0.0008959929237079405
2025-12-02 09:35:00-05:00,682.7150268554688,682.9600219726562,681.780029296875,681.8300170898438,1167173,0.0013118309712602976,0.0008959929237079405,0.0009105905906411066
2025-12-02 09:40:00-05:00,682.4099731445312,682.9100952148438,682.0399780273438,682.719970703125,947411,-0.00044692422454376994,0.0009105905906411066,0.0009086623089935367
2025-12-02 09:45:00-05:00,681.9600219726562,682.5900268554688,681.75,682.4400024414062,635440,-0.0006595735611269606,0.0009086623089935367,0.0009329975623517813
2025-12-02 09:50:00-05:00,681.580078125,682.3499755859375,681.530029296875,681.969970703125,566277,-0.000557290331927032,0.0009329975623517813,0.000972382703298735
2025-12-02 09:55:00-05:00,682.3300170898438,682.530029296875,681.489990234375,681.5800170898438,616122,0.0010996898447353637,0.000972382703298735,0.000985664392403501
2025-12-02 10:00:00-05:00,683.030029296875,683.1099853515625,682.2319946289062,682.3300170898438,871906,0.0010253885342812101,0.000985664392403501,0.0009808754469243627
2025-12-02 10:05:00-05:00,683.0656127929688,683.280029296875,682.739990234375,683.0399780273438,725642,5.20951754847466e-05,0.0009808754469243627,0.0009835971945525892
2025-12-02 10:10:00-05:00,682.9949951171875,683.094970703125,682.2999877929688,683.0700073242188,703139,-0.0001033887888066366,0.0009835971945525892,0.0009395057301065756
2025-12-02 10:15:00-05:00,683.0784912109375,683.234619140625,682.8599853515625,682.9949951171875,496243,0.00012224246307342482,0.0009395057301065756,0.0008827314082454884
2025-12-02 10:20:00-05:00,683.10009765625,683.1400146484375,682.5599975585938,683.0700073242188,531957,3.1630484462879786e-05,0.0008827314082454884,0.0011595638086729062
2025-12-02 10:25:00-05:00,681.5800170898438,683.219970703125,681.4199829101562,683.1099853515625,879544,-0.0022277472627363335,0.0011595638086729062,0.0009611189554670388
2025-12-02 10:30:00-05:00,681.2000122070312,681.8599853515625,680.8499755859375,681.5900268554688,1047767,-0.0005576907270318784,0.0009611189554670388,0.0008672101947014139
2025-12-02 10:35:00-05:00,681.3900146484375,681.6998901367188,680.9149780273438,681.2000122070312,786677,0.00027888424088390177,0.0008672101947014139,0.001049538342583951
2025-12-02 10:40:00-05:00,682.7100219726562,682.8499755859375,681.3200073242188,681.4000244140625,725421,0.001935353274391603,0.001049538342583951,0.0010476373412793406
2025-12-02 10:45:00-05:00,683.2750244140625,683.3800048828125,682.5728149414062,682.719970703125,850888,0.0008272454740580438,0.0010476373412793406,0.0010238174680191553
2025-12-02 10:50:00-05:00,683.3300170898438,683.6799926757812,683.2000122070312,683.2750244140625,759610,8.048071555533409e-05,0.0010238174680191553,0.0009857806051971503
2025-12-02 10:55:00-05:00,683.510009765625,683.6199951171875,683.27001953125,683.3400268554688,639316,0.0002633705090358362,0.0009857806051971503,0.000945961284807997
2025-12-02 11:00:00-05:00,683.5800170898438,683.8200073242188,682.9949951171875,683.510009765625,979255,0.00010241801623121781,0.000945961284807997,0.0010287340956517338
2025-12-02 11:05:00-05:00,682.6699829101562,683.5900268554688,682.5700073242188,683.5900268554688,697036,-0.0013321636805430448,0.0010287340956517338,0.0011291178607396506
2025-12-02 11:10:00-05:00,681.5399780273438,682.8800048828125,681.2100219726562,682.6799926757812,1308480,-0.0016566440263705506,0.0011291178607396506,0.0011252852790074775
2025-12-02 11:15:00-05:00,681.4400024414062,681.8599853515625,681.030029296875,681.5499877929688,900555,-0.00014670147404866147,0.0011252852790074775,0.001230988359575962
2025-12-02 11:20:00-05:00,680.0999755859375,681.760009765625,680.030029296875,681.4400024414062,981187,-0.001968399473781421,0.001230988359575962,0.001082699153696344
2025-12-02 11:25:00-05:00,680.010009765625,680.5671997070312,679.6699829101562,680.0800170898438,1154286,-0.00013229197846155907,0.001082699153696344,0.0010779357510301998
2025-12-02 11:30:00-05:00,680.030029296875,680.4400024414062,679.3275146484375,679.969970703125,1023134,2.9439620417604448e-05,0.0010779357510301998,0.0011437174023214516
2025-12-02 11:35:00-05:00,680.8604736328125,680.8699951171875,679.9500122070312,680.030029296875,710143,0.0012204426986994576,0.0011437174023214516,0.0009606339553161125
2025-12-02 11:40:00-05:00,680.4400024414062,681.239990234375,680.4400024414062,680.9000244140625,702216,-0.0006177492951303856,0.0009606339553161125,0.0009054711837271257
2025-12-02 11:45:00-05:00,680.5,680.8699951171875,680.1799926757812,680.4099731445312,514491,8.817076215698433e-05,0.0009054711837271257,0.0009356030765966467
2025-12-02 11:50:00-05:00,680.8800048828125,681.02001953125,680.4000244140625,680.530029296875,417039,0.0005582642485109401,0.0009356030765966467,0.0009193178143597544
2025-12-02 11:55:00-05:00,680.5599975585938,681.27001953125,680.3800048828125,680.9000244140625,516737,-0.00047010125975174675,0.0009193178143597544,0.0009595736433362802
2025-12-02 12:00:00-05:00,681.02001953125,681.39501953125,680.47998046875,680.5800170898438,394012,0.0006757178930154435,0.0009595736433362802,0.0009129297514010161
2025-12-02 12:05:00-05:00,680.5744018554688,681.219970703125,680.5499877929688,681.0,289026,-0.0006545527576963032,0.0009129297514010161,0.0008620641938498322
2025-12-02 12:10:00-05:00,681.2481079101562,681.260009765625,680.5001220703125,680.5499877929688,325338,0.0009894183784107927,0.0008620641938498322,0.0009469947222019652
2025-12-02 12:15:00-05:00,682.1599731445312,682.25,681.1900024414062,681.239990234375,708040,0.0013376264714994547,0.0009469947222019652,0.0007015857231638766
2025-12-02 12:20:00-05:00,682.0599975585938,682.5150146484375,681.9199829101562,682.1799926757812,585594,-0.00014656813162604556,0.0007015857231638766,0.0006965490470320935
2025-12-02 12:25:00-05:00,682.4400024414062,682.6500244140625,681.989990234375,682.0650024414062,352448,0.0005569877502920085,0.0006965490470320935,0.0006929737519994208
2025-12-02 12:30:00-05:00,682.5499877929688,682.8400268554688,682.4400024414062,682.4400024414062,494633,0.00016115188036153828,0.0006929737519994208,0.0006726541588062056
2025-12-02 12:35:00-05:00,682.1505126953125,682.5700073242188,682.0,682.5499877929688,353400,-0.0005854399685835804,0.0006726541588062056,0.0006269420646528261
2025-12-02 12:40:00-05:00,682.27001953125,682.4000244140625,681.9400024414062,682.1599731445312,235762,0.0001751759570021023,0.0006269420646528261,0.0006301630436764741
2025-12-02 12:45:00-05:00,682.25,682.4509887695312,682.0573120117188,682.2750244140625,199357,-2.9342964507454337e-05,0.0006301630436764741,0.0007634423233462403
2025-12-02 12:50:00-05:00,681.3250122070312,682.3499755859375,681.1400146484375,682.2550048828125,624674,-0.0013567100109206534,0.0007634423233462403,0.0009157403733143213
2025-12-02 12:55:00-05:00,680.1400146484375,681.4000244140625,680.1300048828125,681.3300170898438,645315,-0.0017407687079113254,0.0009157403733143213,0.0009323931474120674
2025-12-02 13:00:00-05:00,680.739990234375,681.0499877929688,679.9299926757812,680.1300048828125,616772,0.0008817465502572625,0.0009323931474120674,0.0009208231095613773
2025-12-02 13:05:00-05:00,681.0599975585938,681.489990234375,680.6799926757812,680.739990234375,390004,0.0004699769907144453,0.0009208231095613773,0.00088009290139589
2025-12-02 13:10:00-05:00,680.780029296875,681.125,680.6199951171875,681.030029296875,636048,-0.00041116175195611305,0.00088009290139589,0.0007799220819766711
2025-12-02 13:15:00-05:00,681.0399780273438,681.1199951171875,680.5349731445312,680.780029296875,274383,0.00038176665378383503,0.0007799220819766711,0.0007941092126050534
2025-12-02 13:20:00-05:00,681.2999877929688,681.5999755859375,680.9400024414062,681.02001953125,286470,0.0003817105499440415,0.0007941092126050534,0.0007701425493719281
2025-12-02 13:25:00-05:00,681.0399780273438,681.3400268554688,680.6199951171875,681.2899780273438,348876,-0.00038171054994404056,0.0007701425493719281,0.0007654009101115111
2025-12-02 13:30:00-05:00,680.760009765625,681.3699951171875,680.6087036132812,681.030029296875,310391,-0.00041117384075888507,0.0007654009101115111,0.0007636743723191401
2025-12-02 13:35:00-05:00,680.3900146484375,680.780029296875,680.2600708007812,680.739990234375,469004,-0.0005436507654027775,0.0007636743723191401,0.0007824896150779139
2025-12-02 13:40:00-05:00,680.7150268554688,680.8300170898438,680.219970703125,680.3900146484375,238648,0.0004775710959815287,0.0007824896150779139,0.0007907628865016631
2025-12-02 13:45:00-05:00,680.8699951171875,680.9400024414062,680.4000244140625,680.6900024414062,337535,0.00022762921137804227,0.0007907628865016631,0.000723587885894852
2025-12-02 13:50:00-05:00,681.2899780273438,681.3200073242188,680.6500244140625,680.8599853515625,249296,0.000616642584930581,0.000723587885894852,0.00048895886584949
2025-12-02 13:55:00-05:00,681.1099853515625,681.3300170898438,680.7100219726562,681.2899780273438,351621,-0.0002642288339205239,0.00048895886584949,0.0004787458282589073
2025-12-02 14:00:00-05:00,681.6599731445312,681.8095092773438,680.9500122070312,681.0999755859375,655852,0.000807161648083185,0.0004787458282589073,0.0004678475654038574
2025-12-02 14:05:00-05:00,681.5999755859375,681.9400024414062,681.47998046875,681.6599731445312,623095,-8.802071635474183e-05,0.0004678475654038574,0.0004430583733620458
2025-12-02 14:10:00-05:00,681.6699829101562,681.8599853515625,681.4307861328125,681.6099853515625,587980,0.00010270500548180865,0.0004430583733620458,0.0004410812812339671
2025-12-02 14:15:00-05:00,681.5499877929688,681.8499755859375,681.4299926757812,681.6699829101562,505042,-0.00017604659567228267,0.0004410812812339671,0.0005018392452783455
2025-12-02 14:20:00-05:00,680.9600219726562,681.6192016601562,680.760009765625,681.5449829101562,490161,-0.0008659985658153676,0.0005018392452783455,0.000524127121016404
2025-12-02 14:25:00-05:00,681.3900146484375,681.4299926757812,680.8350219726562,680.989990234375,478573,0.0006312514089642597,0.000524127121016404,0.000520290622351793
2025-12-02 14:30:00-05:00,681.75,681.8200073242188,681.3049926757812,681.3699951171875,438493,0.0005281707763878203,0.000520290622351793,0.0004776367491106954
2025-12-02 14:35:00-05:00,681.7899780273438,681.8900146484375,681.510009765625,681.75,713892,5.8638584859071794e-05,0.0004776367491106954,0.0004904336158763222
2025-12-02 14:40:00-05:00,681.5399780273438,681.8900146484375,681.2999877929688,681.780029296875,736791,-0.0003667490788886344,0.0004904336158763222,0.0005019114104332159
2025-12-02 14:45:00-05:00,681.8699951171875,682.0599975585938,681.4199829101562,681.5399780273438,559210,0.00048410544559500716,0.0005019114104332159,0.0005087868166194019
2025-12-02 14:50:00-05:00,682.3400268554688,682.5999755859375,681.77001953125,681.8699951171875,615658,0.0006890900217854589,0.0005087868166194019,0.0004954206148934855
2025-12-02 14:55:00-05:00,682.3499755859375,682.6099853515625,682.2100219726562,682.3300170898438,724730,1.4580205689378328e-05,0.0004954206148934855,0.0004601064144902736
2025-12-02 15:00:00-05:00,682.1900024414062,682.52001953125,682.010009765625,682.3599853515625,637304,-0.00023447190678200746,0.0004601064144902736,0.00046175360438534485
2025-12-02 15:05:00-05:00,682.3900146484375,682.4199829101562,682.1154174804688,682.1900024414062,507637,0.00029314837672933937,0.00046175360438534485,0.00046187565677187955
2025-12-02 15:10:00-05:00,682.4299926757812,682.6799926757812,682.2100219726562,682.39501953125,809216,5.858358925080752e-05,0.00046187565677187955,0.00045412476109222356
2025-12-02 15:15:00-05:00,682.530029296875,682.6199951171875,682.3800048828125,682.4600219726562,658373,0.0001465780970322568,0.00045412476109222356,0.0003394297876315227
2025-12-02 15:20:00-05:00,682.5,682.7000122070312,682.4500122070312,682.530029296875,512079,-4.399800185396634e-05,0.0003394297876315227,0.0003120856545742253
2025-12-02 15:25:00-05:00,682.5050048828125,682.6586303710938,682.35009765625,682.5050048828125,687018,7.33313474243162e-06,0.0003120856545742253,0.0002951441295333477
2025-12-02 15:30:00-05:00,682.739990234375,682.8800048828125,682.4000244140625,682.5,668015,0.00034423909953670514,0.0002951441295333477,0.0003388657782723236
2025-12-02 15:35:00-05:00,682.4299926757812,682.8200073242188,682.3800048828125,682.7449951171875,890871,-0.0004541523294572893,0.0003388657782723236,0.00030866676891680997
2025-12-02 15:40:00-05:00,682.489990234375,682.6699829101562,682.239990234375,682.4299926757812,742970,8.791366436648961e-05,0.00030866676891680997,0.00028844692417479234
2025-12-02 15:45:00-05:00,682.459228515625,682.7999877929688,682.3099975585938,682.47998046875,1536361,-4.5073792244617023e-05,0.00028844692417479234,0.0004328449865225804
2025-12-02 15:50:00-05:00,681.5800170898438,682.6300048828125,681.52001953125,682.4500122070312,2316875,-0.0012891294006003612,0.0004328449865225804,0.0004317083963461964
2025-12-02 15:55:00-05:00,681.47998046875,681.880126953125,681.3699951171875,681.5800170898438,3322640,-0.00014678241816581914,0.0004317083963461964,0.000579100820694796
2025-12-03 09:30:00-05:00,680.5,681.3900146484375,679.9400024414062,680.5700073242188,3916657,-0.001439052925771552,0.000579100820694796,0.0005852827924930839
2025-12-03 09:35:00-05:00,680.75,681.3800048828125,680.380126953125,680.489990234375,1324267,0.0003673094623482428,0.0005852827924930839,0.0005919049445155541
2025-12-03 09:40:00-05:00,680.8809814453125,681.47998046875,680.6900024414062,680.75,1052854,0.00019238905033950945,0.0005919049445155541,0.0006001050461523795
2025-12-03 09:45:00-05:00,680.389892578125,681.1900024414062,680.3350219726562,680.9000244140625,745325,-0.000721515310234273,0.0006001050461523795,0.0006396846429563348
2025-12-03 09:50:00-05:00,680.7449951171875,680.9000244140625,679.6900024414062,680.3800048828125,1106171,0.0005217742199233134,0.0006396846429563348,0.0006472228469004775
2025-12-03 09:55:00-05:00,680.8699951171875,680.9600219726562,680.489990234375,680.7498779296875,523714,0.00018360549971563713,0.0006472228469004775,0.0008906053471961429
2025-12-03 10:00:00-05:00,682.2000122070312,682.3400268554688,680.739990234375,680.9400024414062,1265223,0.0019515028645574748,0.0008906053471961429,0.0009783897278598515
2025-12-03 10:05:00-05:00,681.1799926757812,682.2999877929688,681.1699829101562,682.2050170898438,946342,-0.001496310225925027,0.0009783897278598515,0.000977490878756443
2025-12-03 10:10:00-05:00,681.2100219726562,681.6199951171875,680.8400268554688,681.1699829101562,670022,4.4083260383610335e-05,0.000977490878756443,0.0010021884174010165
2025-12-03 10:15:00-05:00,681.625,681.969970703125,681.0999755859375,681.22998046875,600959,0.0006089923335965562,0.0010021884174010165,0.0009326514734715006
2025-12-03 10:20:00-05:00,681.7999877929688,681.8800048828125,681.0399780273438,681.6199951171875,348650,0.0002566885534536338,0.0009326514734715006,0.0009331843249672539
2025-12-03 10:25:00-05:00,681.6799926757812,682.1099853515625,681.530029296875,681.8400268554688,369455,-0.00017601302434380433,0.0009331843249672539,0.0008812822925059115
2025-12-03 10:30:00-05:00,682.5999755859375,682.6099853515625,681.3298950195312,681.6500244140625,1123966,0.0013486719309908576,0.0008812822925059115,0.0008982002184981202
2025-12-03 10:35:00-05:00,682.3499755859375,682.9400024414062,681.4600219726562,682.5999755859375,1151741,-0.00036631380158791936,0.0008982002184981202,0.0009004770817793803
2025-12-03 10:40:00-05:00,682.635009765625,682.7650146484375,682.1599731445312,682.3599853515625,690556,0.00041763709768144567,0.0009004770817793803,0.0008590429581134698
2025-12-03 10:45:00-05:00,682.5599975585938,682.9099731445312,682.4500122070312,682.6400146484375,438937,-0.00010989229627162653,0.0008590429581134698,0.0008775855757044617
2025-12-03 10:50:00-05:00,682.260009765625,682.780029296875,682.251220703125,682.5399780273438,334739,-0.00043960052782033774,0.0008775855757044617,0.0008780882492704924
2025-12-03 10:55:00-05:00,682.3162841796875,682.5800170898438,682.0499877929688,682.2650146484375,293995,8.247895605987781e-05,0.0008780882492704924,0.0007267310483946156
2025-12-03 11:00:00-05:00,682.9500122070312,682.989990234375,682.280029296875,682.3099975585938,399761,0.0009283581884877783,0.0007267310483946156,0.0006337149545909378
2025-12-03 11:05:00-05:00,682.280029296875,682.9600219726562,682.2249755859375,682.9600219726562,344600,-0.0009814946105388505,0.0006337149545909378,0.0006481447605746747
2025-12-03 11:10:00-05:00,682.0490112304688,682.3300170898438,681.6599731445312,682.239990234375,527572,-0.0003386544766720306,0.0006481447605746747,0.0006913507097402186
2025-12-03 11:15:00-05:00,682.7698974609375,682.7698974609375,681.9299926757812,682.0399780273438,622173,0.0010563838072834733,0.0006913507097402186,0.0007276626005482375
2025-12-03 11:20:00-05:00,682.3143920898438,682.7999877929688,682.0700073242188,682.77001953125,555993,-0.0006673659516652965,0.0007276626005482375,0.0007237847276515462
2025-12-03 11:25:00-05:00,682.385009765625,682.5670166015625,682.0900268554688,682.2899780273438,370101,0.00010349191294186184,0.0007237847276515462,0.0007414323452895141
2025-12-03 11:30:00-05:00,683.3800048828125,683.405029296875,682.27001953125,682.385009765625,593316,0.0014570519562984267,0.0007414323452895141,0.0007352130533062418
2025-12-03 11:35:00-05:00,683.215087890625,683.5499877929688,683.0700073242188,683.3699951171875,512652,-0.00024135458097305565,0.0007352130533062418,0.0007291794082530739
2025-12-03 11:40:00-05:00,683.2000122070312,683.3150024414062,683.0399780273438,683.219970703125,368756,-2.206603775574863e-05,0.0007291794082530739,0.0007330965831952263
2025-12-03 11:45:00-05:00,683.0349731445312,683.3300170898438,682.8699951171875,683.2100219726562,366224,-0.00024159689229488114,0.0007330965831952263,0.0007717863222114512
2025-12-03 11:50:00-05:00,682.4249877929688,683.0349731445312,682.4099731445312,683.0349731445312,442814,-0.0008934504263613105,0.0007717863222114512,0.0007773790890750535
2025-12-03 11:55:00-05:00,682.2100219726562,682.4400024414062,681.6099853515625,682.4299926757812,719148,-0.00031505248004374176,0.0007773790890750535,0.0007632019959954166
2025-12-03 12:00:00-05:00,682.7503051757812,682.7999877929688,682.1799926757812,682.2100219726562,416984,0.0007916467908928453,0.0007632019959954166,0.000721582877410404
2025-12-03 12:05:00-05:00,682.3900146484375,682.8900146484375,682.0999755859375,682.77001953125,496214,-0.0005278439593015073,0.000721582877410404,0.0007531863924398297
2025-12-03 12:10:00-05:00,682.9949951171875,683.0800170898438,682.239990234375,682.3699951171875,385144,0.0008861683759724595,0.0007531863924398297,0.0006944537292612482
2025-12-03 12:15:00-05:00,683.1400146484375,683.219970703125,682.8300170898438,683.010009765625,387812,0.00021230629587558016,0.0006944537292612482,0.0006701149657258807
2025-12-03 12:20:00-05:00,683.5250244140625,683.7000122070312,683.1300048828125,683.1400146484375,406059,0.0005634296112152687,0.0006701149657258807,0.0006705990660994607
2025-12-03 12:25:00-05:00,683.5599975585938,683.6099853515625,683.3800048828125,683.530029296875,324233,5.116454935391988e-05,0.0006705990660994607,0.0005304716161591361
2025-12-03 12:30:00-05:00,683.4500122070312,683.7449951171875,683.419921875,683.5499877929688,425049,-0.0001609137475425734,0.0005304716161591361,0.0005269898533564033
2025-12-03 12:35:00-05:00,683.5900268554688,683.6099853515625,683.25,683.4500122070312,556105,0.00020484352312478328,0.0005269898533564033,0.0005267585647509413
2025-12-03 12:40:00-05:00,683.6599731445312,683.6649780273438,683.4500122070312,683.594970703125,187884,0.0001023167513235831,0.0005267585647509413,0.000520736355909297
2025-12-03 12:45:00-05:00,683.8347778320312,683.8900146484375,683.489990234375,683.6699829101562,660738,0.0002556568327991274,0.000520736355909297,0.0004293106133212651
2025-12-03 12:50:00-05:00,683.719970703125,683.8699951171875,683.419921875,683.8499755859375,1733842,-0.00016790132797084046,0.0004293106133212651,0.0004028716447655981
2025-12-03 12:55:00-05:00,683.8900146484375,684.0999755859375,683.6199951171875,683.719970703125,466640,0.00024867315683581537,0.0004028716447655981,0.00035848351244905876
2025-12-03 13:00:00-05:00,683.9500122070312,684.1849975585938,683.8800048828125,683.89501953125,362442,8.772598762176969e-05,0.00035848351244905876,0.00031573669681554824
2025-12-03 13:05:00-05:00,683.7899780273438,684.0399780273438,683.75,683.9500122070312,325883,-0.00023401257777124512,0.00031573669681554824,0.00023163159919217045
2025-12-03 13:10:00-05:00,684.0250244140625,684.0499877929688,683.6900024414062,683.780029296875,478589,0.0003436815484736916,0.00023163159919217045,0.0002842148018061156
2025-12-03 13:15:00-05:00,683.7100219726562,684.0800170898438,683.7100219726562,684.030029296875,249852,-0.0004606191057367686,0.0002842148018061156,0.00023814224500926488
2025-12-03 13:20:00-05:00,683.7000122070312,683.77001953125,683.4749755859375,683.719970703125,173947,-1.4640474144513869e-05,0.00023814224500926488,0.00025210327496045533
2025-12-03 13:25:00-05:00,683.9099731445312,683.9199829101562,683.6300048828125,683.719970703125,520615,0.00030704797624834894,0.00025210327496045533,0.00024410596787656724
2025-12-03 13:30:00-05:00,683.97998046875,684.1699829101562,683.9149780273438,683.9299926757812,336035,0.00010235812331968222,0.00024410596787656724,0.00024409768280966848
2025-12-03 13:35:00-05:00,684.1199951171875,684.1599731445312,683.9349975585938,683.9849853515625,274527,0.00020468482044440012,0.00024409768280966848,0.00027024495159219246
2025-12-03 13:40:00-05:00,684.4381713867188,684.5,684.094970703125,684.1199951171875,419875,0.0004649802734753514,0.00027024495159219246,0.000275306377014189
2025-12-03 13:45:00-05:00,684.3200073242188,684.489990234375,684.2857055664062,684.4400024414062,367755,-0.0001726587860900746,0.000275306377014189,0.0002691589864855259
2025-12-03 13:50:00-05:00,684.2750244140625,684.4400024414062,684.1199951171875,684.3200073242188,310707,-6.573589576067446e-05,0.0002691589864855259,0.00031142505581997396
2025-12-03 13:55:00-05:00,683.9149780273438,684.35498046875,683.78662109375,684.280029296875,340525,-0.0005263105188422752,0.00031142505581997396,0.00034514547842762883
2025-12-03 14:00:00-05:00,684.27001953125,684.4199829101562,683.8499755859375,683.9099731445312,419252,0.0005189963528458141,0.00034514547842762883,0.000334316900085187
2025-12-03 14:05:00-05:00,684.2999877929688,684.3800048828125,684.0999755859375,684.27001953125,320137,4.379499998260497e-05,0.000334316900085187,0.00032333766674348755
2025-12-03 14:10:00-05:00,684.385009765625,684.4298706054688,684.1599731445312,684.3099975585938,277485,0.0001242389197182971,0.00032333766674348755,0.00029296361769046424
2025-12-03 14:15:00-05:00,684.2550048828125,684.4099731445312,684.0900268554688,684.3800048828125,366285,-0.00018997673867791567,0.00029296361769046424,0.00029292752946296605
2025-12-03 14:20:00-05:00,684.364990234375,684.4000244140625,684.1900024414062,684.2579956054688,297309,0.00016072445557083895,0.00029292752946296605,0.00028596645670866353
2025-12-03 14:25:00-05:00,684.3300170898438,684.4400024414062,684.2550048828125,684.3699951171875,260248,-5.1104364890212024e-05,0.00028596645670866353,0.00028812754640127687
2025-12-03 14:30:00-05:00,684.27001953125,684.3699951171875,684.1649780273438,684.3300170898438,335479,-8.767727170361458e-05,0.00028812754640127687,0.0002838230121016487
2025-12-03 14:35:00-05:00,684.3300170898438,684.375,684.1900024414062,684.27001953125,359451,8.767727170365184e-05,0.0002838230121016487,0.00026960978638397505
2025-12-03 14:40:00-05:00,684.572021484375,684.6099853515625,684.2999877929688,684.3200073242188,582275,0.0003535744563643111,0.00026960978638397505,0.00026326396020062454
2025-12-03 14:45:00-05:00,684.5650024414062,684.5900268554688,684.4149780273438,684.5700073242188,283812,-1.0253236668332374e-05,0.00026326396020062454,0.00026270490153394775
2025-12-03 14:50:00-05:00,684.6500244140625,684.739990234375,684.5599975585938,684.5700073242188,403228,0.00012419082627325293,0.00026270490153394775,0.00019511673343015077
2025-12-03 14:55:00-05:00,684.625,684.72998046875,684.5599975585938,684.64501953125,499923,-3.6551333543824175e-05,0.00019511673343015077,0.0001456018324273097
2025-12-03 15:00:00-05:00,684.5599975585938,684.760009765625,684.5599975585938,684.6300048828125,460710,-9.495056047359279e-05,0.0001456018324273097,0.00014638222560934967
2025-12-03 15:05:00-05:00,684.6199951171875,684.6799926757812,684.4500122070312,684.5599975585938,522746,8.76401334420912e-05,0.00014638222560934967,0.0001476651950391193
2025-12-03 15:10:00-05:00,684.719970703125,684.9099731445312,684.6099853515625,684.6199951171875,634402,0.0001460201098494321,0.0001476651950391193,0.00014976046673956226
2025-12-03 15:15:00-05:00,684.5800170898438,684.8364868164062,684.5599975585938,684.719970703125,458558,-0.00020441629302011874,0.00014976046673956226,0.00014865343435095096
2025-12-03 15:20:00-05:00,684.52001953125,684.6799926757812,684.4600219726562,684.5900268554688,525186,-8.764525166506591e-05,0.00014865343435095096,0.0001471394961875767
2025-12-03 15:25:00-05:00,684.522705078125,684.5999145507812,684.1900024414062,684.52001953125,825965,3.923247721479813e-06,0.0001471394961875767,0.00018830052831436738
2025-12-03 15:30:00-05:00,684.2550048828125,684.5700073242188,684.2550048828125,684.5250244140625,631059,-0.00039115218896033314,0.00018830052831436738,0.00019106664837191084
2025-12-03 15:35:00-05:00,684.3499755859375,684.4099731445312,684.1900024414062,684.25,970643,0.0001387846816763196,0.00019106664837191084,0.00016741590748128992
2025-12-03 15:40:00-05:00,684.4749755859375,684.510009765625,684.25,684.344970703125,885691,0.00018263840126582807,0.00016741590748128992,0.00017337038681564836
2025-12-03 15:45:00-05:00,684.3599853515625,684.6199951171875,684.260009765625,684.469970703125,972930,-0.00016801183185258166,0.00017337038681564836,0.00030631618169447246
2025-12-03 15:50:00-05:00,683.7249755859375,684.4099731445312,683.5499877929688,684.3499755859375,1956900,-0.0009283192628517299,0.00030631618169447246,0.00031339050266257745
2025-12-03 15:55:00-05:00,683.8099975585938,683.9400024414062,683.5700073242188,683.719970703125,5226987,0.0001243433980635648,0.00031339050266257745,0.00032132304352943465
2025-12-04 09:30:00-05:00,683.9099731445312,685.3499755859375,683.7999877929688,685.2999877929688,2556468,0.00014619306328353163,0.00032132304352943465,0.0004068899542830181
2025-12-04 09:35:00-05:00,684.4500122070312,684.7598876953125,683.6300048828125,683.9199829101562,1182516,0.0007893231259604004,0.0004068899542830181,0.0004687749148554442
2025-12-04 09:40:00-05:00,683.8599243164062,684.9500122070312,683.7000122070312,684.4600219726562,1109274,-0.0008625062370089168,0.0004687749148554442,0.0004839716354262934
2025-12-04 09:45:00-05:00,683.5,684.1300048828125,683.3499755859375,683.8400268554688,1055314,-0.00052645147531139,0.0004839716354262934,0.00048378377038992834
2025-12-04 09:50:00-05:00,683.4000244140625,683.7100219726562,682.8599853515625,683.489990234375,853814,-0.00014628075840245362,0.00048378377038992834,0.0004934850475810099
2025-12-04 09:55:00-05:00,683.0449829101562,683.8499755859375,682.75,683.3900146484375,882475,-0.0005196572273204838,0.0004934850475810099,0.0005002645800002652
2025-12-04 10:00:00-05:00,683.1849975585938,683.4600219726562,682.8699951171875,683.0599975585938,635451,0.0002049649779747753,0.0005002645800002652,0.0005061307042392662
2025-12-04 10:05:00-05:00,683.3499755859375,683.5399780273438,682.9600219726562,683.1799926757812,770420,0.000241454527527699,0.0005061307042392662,0.0004980501811104549
2025-12-04 10:10:00-05:00,683.1699829101562,683.4099731445312,682.6671142578125,683.3099975585938,560250,-0.0002634321960730823,0.0004980501811104549,0.0005158590384136601
2025-12-04 10:15:00-05:00,683.3800048828125,683.6799926757812,682.8900146484375,683.1599731445312,614266,0.0003073754728123726,0.0005158590384136601,0.0004708442391358083
2025-12-04 10:20:00-05:00,683.010009765625,683.8099975585938,682.969970703125,683.3800048828125,592097,-0.0005415659105585831,0.0004708442391358083,0.0005426385652184847
2025-12-04 10:25:00-05:00,683.594970703125,683.6500244140625,682.1699829101562,683.0,778302,0.0008560790888153992,0.0005426385652184847,0.0005508516203904182
2025-12-04 10:30:00-05:00,683.8250122070312,683.9299926757812,683.3900146484375,683.5900268554688,1446744,0.00033646064698684844,0.0005508516203904182,0.0005681435489136264
2025-12-04 10:35:00-05:00,684.4500122070312,684.530029296875,683.7899780273438,683.8300170898438,750272,0.0009135590905576789,0.0005681435489136264,0.0005121905019857582
2025-12-04 10:40:00-05:00,684.22998046875,684.5599975585938,684.02001953125,684.4600219726562,853929,-0.0003215240105126291,0.0005121905019857582,0.0005320847996823665
2025-12-04 10:45:00-05:00,683.75,684.3200073242188,683.4099731445312,684.239990234375,665618,-0.0007017361296209242,0.0005320847996823665,0.0005519727270684708
2025-12-04 10:50:00-05:00,683.4099731445312,683.7899780273438,683.1320190429688,683.760009765625,802764,-0.0004974207395753888,0.0005519727270684708,0.0005309943039040203
2025-12-04 10:55:00-05:00,683.2899780273438,683.5399780273438,683.22998046875,683.4400024414062,404335,-0.00017559833435702864,0.0005309943039040203,0.0005839462839397224
2025-12-04 11:00:00-05:00,682.7100219726562,683.5999755859375,682.5700073242188,683.280029296875,684500,-0.0008491304385567376,0.0005839462839397224,0.0006150071123599349
2025-12-04 11:05:00-05:00,683.1599731445312,683.1743774414062,682.2100219726562,682.6699829101562,892599,0.0006588492166309866,0.0006150071123599349,0.0006120733129531211
2025-12-04 11:10:00-05:00,683.0499877929688,683.280029296875,682.5599975585938,683.1799926757812,423557,-0.00016100797819487936,0.0006120733129531211,0.0006381308248387041
2025-12-04 11:15:00-05:00,683.510009765625,683.5499877929688,682.8400268554688,683.0499877929688,312086,0.0006732554602131569,0.0006381308248387041,0.000616135544285336
2025-12-04 11:20:00-05:00,683.6900024414062,683.739990234375,683.3150024414062,683.510009765625,500002,0.0002633011632738306,0.000616135544285336,0.000584685414082596
2025-12-04 11:25:00-05:00,683.351318359375,683.760009765625,683.010009765625,683.6900024414062,417801,-0.0004954994173289907,0.000584685414082596,0.0005774234759706124
2025-12-04 11:30:00-05:00,683.143310546875,683.6400146484375,682.9650268554688,683.3099975585938,419377,-0.00030444000248000584,0.0005774234759706124,0.0004916460729281878
2025-12-04 11:35:00-05:00,683.219970703125,683.5999755859375,682.989990234375,683.14501953125,456692,0.00011221050416440375,0.0004916460729281878,0.0004912133277694299
2025-12-04 11:40:00-05:00,683.010009765625,683.2451782226562,682.8599853515625,683.22998046875,405017,-0.0003073581200155615,0.0004912133277694299,0.0006318191790366545
2025-12-04 11:45:00-05:00,683.969970703125,684.0399780273438,683.010009765625,683.010009765625,682638,0.0014044991280323124,0.0006318191790366545,0.0006162180139734461
2025-12-04 11:50:00-05:00,684.22998046875,684.3900146484375,683.9000244140625,683.97998046875,557811,0.00038007568781492005,0.0006162180139734461,0.0006116683709903376
2025-12-04 11:55:00-05:00,684.4199829101562,684.5599975585938,684.14501953125,684.219970703125,442640,0.00027764943223002335,0.0006116683709903376,0.0005526405149539747
2025-12-04 12:00:00-05:00,684.1799926757812,684.5800170898438,684.1199951171875,684.4000244140625,571900,-0.0003507091058248807,0.0005526405149539747,0.000587534332635843
2025-12-04 12:05:00-05:00,683.6799926757812,684.1900024414062,683.510009765625,684.1749877929688,423251,-0.0007310690094362862,0.000587534332635843,0.0006052225919251066
2025-12-04 12:10:00-05:00,684.1199951171875,684.1400146484375,683.3699951171875,683.6900024414062,549328,0.0006433725113475261,0.0006052225919251066,0.0005810393724599996
2025-12-04 12:15:00-05:00,684.1207275390625,684.2100830078125,683.8200073242188,684.1199951171875,1343049,1.0706038240388766e-06,0.0005810393724599996,0.0005819121464833313
2025-12-04 12:20:00-05:00,684.0,684.3300170898438,683.8900146484375,684.125,1064182,-0.00017648667540185614,0.0005819121464833313,0.000557394932798274
2025-12-04 12:25:00-05:00,684.02001953125,684.2899780273438,683.969970703125,684.010009765625,437425,2.926789223201744e-05,0.000557394932798274,0.0005484092526065765
2025-12-04 12:30:00-05:00,683.9349975585938,684.0599975585938,683.594970703125,684.030029296875,385297,-0.0001243052172089607,0.0005484092526065765,0.0005490800568480582
2025-12-04 12:35:00-05:00,683.9346923828125,684.3699951171875,683.9199829101562,683.9400024414062,432087,-4.4620592661474355e-07,0.0005490800568480582,0.0005391485663928963
2025-12-04 12:40:00-05:00,684.1799926757812,684.2200927734375,683.7349853515625,683.9400024414062,309562,0.0003585961005701755,0.0005391485663928963,0.00036781675420079
2025-12-04 12:45:00-05:00,684.0800170898438,684.3400268554688,684.0449829101562,684.1900024414062,309462,-0.00014613536228766117,0.00036781675420079,0.00038142824391899086
2025-12-04 12:50:00-05:00,684.4299926757812,684.4500122070312,684.0449829101562,684.0800170898438,214847,0.0005114695414277443,0.00038142824391899086,0.00037675655401640996
2025-12-04 12:55:00-05:00,684.3049926757812,684.4949951171875,684.22998046875,684.4400024414062,292690,-0.00018265040593726727,0.00037675655401640996,0.0003648441500279788
2025-12-04 13:00:00-05:00,684.2000122070312,684.4099731445312,684.1199951171875,684.2899780273438,231259,-0.00015342358059539413,0.0003648441500279788,0.0003468821411315712
2025-12-04 13:05:00-05:00,683.77001953125,684.1900024414062,683.4650268554688,684.1799926757812,612537,-0.0006286580553176605,0.0003468821411315712,0.00030957693637218876
2025-12-04 13:10:00-05:00,684.030029296875,684.0650024414062,683.5,683.780029296875,564383,0.0003801868101695554,0.00030957693637218876,0.00030955677371855917
2025-12-04 13:15:00-05:00,684.0250244140625,684.4000244140625,683.9600219726562,684.0399780273438,312834,-7.316785679024198e-06,0.00030955677371855917,0.00034330794753537324
2025-12-04 13:20:00-05:00,684.4000244140625,684.4199829101562,684.02001953125,684.030029296875,257774,0.0005480753362535845,0.00034330794753537324,0.0003582042710706435
2025-12-04 13:25:00-05:00,684.6774291992188,684.77001953125,684.3099975585938,684.3900146484375,413368,0.00040524338227980716,0.0003582042710706435,0.00036384291925457943
2025-12-04 13:30:00-05:00,684.530029296875,684.75,684.4099731445312,684.6699829101562,372331,-0.00021530689450823584,0.00036384291925457943,0.0003653625323528821
2025-12-04 13:35:00-05:00,684.48828125,684.5798950195312,684.3049926757812,684.530029296875,267975,-6.0989756771388856e-05,0.0003653625323528821,0.00039487778762131427
2025-12-04 13:40:00-05:00,684.0999755859375,684.5349731445312,683.9099731445312,684.47998046875,521917,-0.0005674543421553654,0.00039487778762131427,0.0003925357048209359
2025-12-04 13:45:00-05:00,684.0999145507812,684.3184814453125,684.030029296875,684.1099853515625,401288,-8.921964798617262e-08,0.0003925357048209359,0.0003691140314495772
2025-12-04 13:50:00-05:00,684.280029296875,684.3599853515625,684.0698852539062,684.0900268554688,561048,0.0002632525388050033,0.0003691140314495772,0.0003714779032743473
2025-12-04 13:55:00-05:00,684.1199951171875,684.3400268554688,684.0800170898438,684.2849731445312,215460,-0.00023389970412441172,0.0003714779032743473,0.00037632086491691335
2025-12-04 14:00:00-05:00,683.9398803710938,684.22998046875,683.9199829101562,684.1099853515625,393796,-0.000263314128806149,0.00037632086491691335,0.00032599994977931465
2025-12-04 14:05:00-05:00,683.9526977539062,684.2180786132812,683.75,683.9249877929688,1110360,1.8740335341901407e-05,0.00032599994977931465,0.00033494017541924856
2025-12-04 14:10:00-05:00,683.6224975585938,683.9600219726562,683.4100952148438,683.9400024414062,568480,-0.0004828987873734,0.00033494017541924856,0.000546036212235147
2025-12-04 14:15:00-05:00,682.5650024414062,683.6199951171875,682.510009765625,683.6199951171875,1127216,-0.0015480969169858142,0.000546036212235147,0.0005444965900951976
2025-12-04 14:20:00-05:00,681.8668212890625,682.635498046875,681.3400268554688,682.5599975585938,1707720,-0.0010234021240747976,0.0005444965900951976,0.0005511111136280952
2025-12-04 14:25:00-05:00,682.1799926757812,682.6300048828125,681.8099975585938,681.8699951171875,822035,0.00045917983021571935,0.0005511111136280952,0.0007183028699639778
2025-12-04 14:30:00-05:00,683.0579833984375,683.0700073242188,681.989990234375,682.1900024414062,660079,0.0012862092310408305,0.0007183028699639778,0.0007480259178315106
2025-12-04 14:35:00-05:00,683.4299926757812,683.9600219726562,683.0599975585938,683.0650024414062,1298695,0.0005444750236335034,0.0007480259178315106,0.0007352841584497711
2025-12-04 14:40:00-05:00,683.4000244140625,683.5900268554688,683.0900268554688,683.4299926757812,710747,-4.385075151824192e-05,0.0007352841584497711,0.0007393303530184713
2025-12-04 14:45:00-05:00,683.530029296875,683.7999877929688,683.3300170898438,683.4099731445312,510965,0.0001902143900509683,0.0007393303530184713,0.0007318766673033757
2025-12-04 14:50:00-05:00,683.469970703125,683.6699829101562,683.260009765625,683.5499877929688,474273,-8.786919354592441e-05,0.0007318766673033757,0.0007346245097350783
2025-12-04 14:55:00-05:00,683.22998046875,683.6900024414062,683.0399780273438,683.4600219726562,920219,-0.00035119667142138297,0.0007346245097350783,0.0007457996511690005
2025-12-04 15:00:00-05:00,682.8400268554688,683.3800048828125,682.8300170898438,683.239990234375,640804,-0.0005709130890544891,0.0007457996511690005,0.0007481686883138156
2025-12-04 15:05:00-05:00,682.9199829101562,682.989990234375,682.3099975585938,682.8200073242188,909901,0.00011708653673715977,0.0007481686883138156,0.0007620576284332439
2025-12-04 15:10:00-05:00,683.2899780273438,683.4600219726562,682.8800048828125,682.9266967773438,750122,0.0005416372838901316,0.0007620576284332439,0.0005977800528877471
2025-12-04 15:15:00-05:00,683.25,683.3400268554688,682.9000244140625,683.2899780273438,591005,-5.850985408105643e-05,0.0005977800528877471,0.0005122483925642894
2025-12-04 15:20:00-05:00,682.989990234375,683.3400268554688,682.97998046875,683.2650146484375,552227,-0.00038062093134805865,0.0005122483925642894,0.0005193088873125306
2025-12-04 15:25:00-05:00,682.7501220703125,683.1798706054688,682.75,682.9801025390625,631020,-0.0003512647309218141,0.0005193088873125306,0.00038790611692381295
2025-12-04 15:30:00-05:00,683.114990234375,683.239990234375,682.7000122070312,682.760009765625,490760,0.0005342667726916378,0.00038790611692381295,0.00035622356316470234
2025-12-04 15:35:00-05:00,683.2550048828125,683.3099975585938,682.9099731445312,683.1290283203125,539789,0.00020494397480614934,0.00035622356316470234,0.0003762116097977783
2025-12-04 15:40:00-05:00,682.9550170898438,683.3099975585938,682.875,683.260009765625,585975,-0.00043915326774839823,0.0003762116097977783,0.00037851983941361236
2025-12-04 15:45:00-05:00,683.1099853515625,683.1799926757812,682.77001953125,682.9600219726562,1192326,0.0002268827063229906,0.00037851983941361236,0.0004620169079585373
2025-12-04 15:50:00-05:00,683.7050170898438,683.97998046875,683.1199951171875,683.1199951171875,1731924,0.0008706837060012696,0.0004620169079585373,0.0005242205829055032
2025-12-04 15:55:00-05:00,684.4000244140625,684.5800170898438,683.6500244140625,683.7000122070312,3665511,0.0010160146522695138,0.0005242205829055032,0.0007991219682443821
2025-12-05 09:30:00-05:00,686.0700073242188,686.5599975585938,685.3800048828125,685.469970703125,3635955,0.0024370963217654816,0.0007991219682443821,0.0008092392732512251
2025-12-05 09:35:00-05:00,685.9901123046875,686.4299926757812,685.8400268554688,686.0599975585938,1117832,-0.00011645994002525489,0.0008092392732512251,0.0008253930778978774
2025-12-05 09:40:00-05:00,685.8300170898438,686.1900024414062,685.3200073242188,686.010009765625,1146458,-0.00023340554951790666,0.0008253930778978774,0.0008433297121527879
2025-12-05 09:45:00-05:00,686.5599975585938,686.5599975585938,685.8099975585938,685.8400268554688,777555,0.001063809164743243,0.0008433297121527879,0.0008066585284789284
2025-12-05 09:50:00-05:00,686.9299926757812,687.030029296875,686.2100219726562,686.5599975585938,837147,0.0005387663962140968,0.0008066585284789284,0.0007828514200329926
2025-12-05 09:55:00-05:00,686.89501953125,687.010009765625,686.5499877929688,686.9299926757812,793237,-5.091353589874548e-05,0.0007828514200329926,0.0007993940045255163
2025-12-05 10:00:00-05:00,687.6256103515625,687.77001953125,686.7249755859375,686.9199829101562,1310515,0.0010630482704017097,0.0007993940045255163,0.0007986480657421263
2025-12-05 10:05:00-05:00,687.780029296875,688.0050048828125,687.5501098632812,687.6199951171875,1167599,0.00022454313332734768,0.0007986480657421263,0.0007353910366147874
2025-12-05 10:10:00-05:00,688.2128295898438,688.25,687.77001953125,687.780029296875,977861,0.000629073478755952,0.0007353910366147874,0.0007923836999553034
2025-12-05 10:15:00-05:00,687.9099731445312,688.2999877929688,687.8300170898438,688.239990234375,768692,-0.0004401590462717016,0.0007923836999553034,0.0007889894421624863
2025-12-05 10:20:00-05:00,688.1671142578125,688.2849731445312,687.760009765625,687.9249877929688,643976,0.0003737306850442217,0.0007889894421624863,0.0008179801834213387
2025-12-05 10:25:00-05:00,687.885009765625,688.1799926757812,687.5809936523438,688.1799926757812,661168,-0.00041002007295308057,0.0008179801834213387,0.0005271281028268646
2025-12-05 10:30:00-05:00,688.2999877929688,688.3900146484375,687.8499755859375,687.8800048828125,673865,0.0006030846734380285,0.0005271281028268646,0.0005713510239495767
2025-12-05 10:35:00-05:00,687.9099731445312,688.3400268554688,687.8699951171875,688.3099975585938,579983,-0.0005667952855290162,0.0005713510239495767,0.0005758244169190861
2025-12-05 10:40:00-05:00,687.7100219726562,687.98779296875,687.5800170898438,687.9155883789062,603415,-0.00029070698883838596,0.0005758244169190861,0.0005162957115842198
2025-12-05 10:45:00-05:00,687.969970703125,688.1599731445312,687.260009765625,687.7000122070312,654407,0.0003779203520392,0.0005162957115842198,0.0006203909512641059
2025-12-05 10:50:00-05:00,687.2000122070312,687.9749755859375,686.9400024414062,687.9600219726562,920448,-0.001119801313466846,0.0006203909512641059,0.0006626675180482043
2025-12-05 10:55:00-05:00,686.6699829101562,687.1967163085938,686.260009765625,687.1799926757812,1275822,-0.0007715858488133206,0.0006626675180482043,0.000567269530010699
2025-12-05 11:00:00-05:00,686.6400146484375,687.1199951171875,686.5167846679688,686.6699829101562,560035,-4.364384119655606e-05,0.000567269530010699,0.0005584574370494617
2025-12-05 11:05:00-05:00,686.4349975585938,686.9849853515625,686.3499755859375,686.5999755859375,592457,-0.0002986247503518446,0.0005584574370494617,0.0005037967032579278
2025-12-05 11:10:00-05:00,686.1199951171875,686.6199951171875,686.0700073242188,686.4349975585938,653638,-0.0004590015680502515,0.0005037967032579278,0.000500420913040275
2025-12-05 11:15:00-05:00,685.9400024414062,686.22998046875,685.7000122070312,686.0999755859375,1191382,-0.0002623685219801836,0.000500420913040275,0.0005010076431805756
2025-12-05 11:20:00-05:00,686.2000122070312,686.3099975585938,685.75,685.9299926757812,238732,0.0003789843105825202,0.0005010076431805756,0.0004995542886116296
2025-12-05 11:25:00-05:00,685.9561767578125,686.719970703125,685.8800048828125,686.5499877929688,850286,-0.0003554048055845393,0.0004995542886116296,0.00043557749607228403
2025-12-05 11:30:00-05:00,685.510009765625,685.9500122070312,685.0999755859375,685.9500122070312,1220123,-0.0006506423742876098,0.00043557749607228403,0.00043118920837652736
2025-12-05 11:35:00-05:00,685.3800048828125,685.85498046875,685.1799926757812,685.510009765625,478420,-0.0001896649356448649,0.00043118920837652736,0.00044027196238959873
2025-12-05 11:40:00-05:00,685.380126953125,685.6900024414062,685.02001953125,685.3900146484375,520527,1.7810601539579782e-07,0.00044027196238959873,0.0004584456549043681
2025-12-05 11:45:00-05:00,685.7249755859375,685.7949829101562,685.3049926757812,685.3900146484375,453906,0.0005030229111470837,0.0004584456549043681,0.00046461278012501997
2025-12-05 11:50:00-05:00,686.25,686.3099975585938,685.5,685.719970703125,564793,0.0007653557084258496,0.00046461278012501997,0.0004238639450058736
2025-12-05 11:55:00-05:00,686.02001953125,686.6400146484375,686.010009765625,686.239990234375,731249,-0.0003351825335099758,0.0004238639450058736,0.0004245645184614759
2025-12-05 12:00:00-05:00,685.9000244140625,686.260009765625,685.5900268554688,686.02001953125,506725,-0.00017493019075426395,0.0004245645184614759,0.0004233539103346064
2025-12-05 12:05:00-05:00,685.7150268554688,685.97998046875,685.469970703125,685.8800048828125,307293,-0.0002697514284993415,0.0004233539103346064,0.0004310605606250382
2025-12-05 12:10:00-05:00,685.340087890625,685.739990234375,685.25,685.72998046875,547264,-0.0005469349410650028,0.0004310605606250382,0.00043338749033116616
2025-12-05 12:15:00-05:00,685.4500122070312,685.5900268554688,685.239990234375,685.3400268554688,340364,0.00016038096078179078,0.00043338749033116616,0.0004209378282950449
2025-12-05 12:20:00-05:00,685.5999755859375,685.6500244140625,685.3200073242188,685.469970703125,378189,0.00021875698309975968,0.0004209378282950449,0.00041817098695375157
2025-12-05 12:25:00-05:00,685.3900146484375,685.6900024414062,685.3499755859375,685.5999755859375,292121,-0.00030629098773443414,0.00041817098695375157,0.00040519193073155086
2025-12-05 12:30:00-05:00,685.02001953125,685.52001953125,684.969970703125,685.4099731445312,452643,-0.0005399772578271876,0.00040519193073155086,0.00041693938930221
2025-12-05 12:35:00-05:00,685.239990234375,685.2999877929688,684.5800170898438,685.010009765625,637026,0.00032106418263240104,0.00041693938930221,0.0004171325232893955
2025-12-05 12:40:00-05:00,685.260009765625,685.3300170898438,684.8800048828125,685.2249755859375,419245,2.921493068435744e-05,0.0004171325232893955,0.00039156330878819726
2025-12-05 12:45:00-05:00,685.4000244140625,685.6099853515625,685.0601196289062,685.260009765625,387066,0.0002043025191265333,0.00039156330878819726,0.0005288277845140377
2025-12-05 12:50:00-05:00,686.3599853515625,686.405029296875,685.3400268554688,685.4000244140625,601164,0.0013996050145377507,0.0005288277845140377,0.0005206953444993982
2025-12-05 12:55:00-05:00,686.25,686.4299926757812,686.0050048828125,686.3699951171875,504475,-0.00016025725147223675,0.0005206953444993982,0.0005191472908189729
2025-12-05 13:00:00-05:00,686.4000244140625,686.4400024414062,686.219970703125,686.2449951171875,410365,0.0002185909182844876,0.0005191472908189729,0.0005167767518239023
2025-12-05 13:05:00-05:00,686.6799926757812,686.7000122070312,686.3099975585938,686.4000244140625,440345,0.00040779599457278765,0.0005167767518239023,0.0005210321170778939
2025-12-05 13:10:00-05:00,686.280029296875,686.7050170898438,686.25,686.6799926757812,499785,-0.0005826293319827487,0.0005210321170778939,0.0005301702964841599
2025-12-05 13:15:00-05:00,686.1199951171875,686.3314208984375,686.02001953125,686.2855834960938,365071,-0.00023321797954817242,0.0005301702964841599,0.0005372368621869579
2025-12-05 13:20:00-05:00,685.9367065429688,686.1199951171875,685.52001953125,686.1099853515625,548023,-0.000267173470436406,0.0005372368621869579,0.0005769440609990485
2025-12-05 13:25:00-05:00,686.5499877929688,686.6500244140625,685.8499755859375,685.9400024414062,369458,0.000893679032879529,0.0005769440609990485,0.0005404041345112613
2025-12-05 13:30:00-05:00,686.8599853515625,686.969970703125,686.510009765625,686.5599975585938,712152,0.0004514275706742626,0.0005404041345112613,0.000561197846544257
2025-12-05 13:35:00-05:00,686.6400146484375,686.8900146484375,686.469970703125,686.8599853515625,386739,-0.0003203068147151768,0.000561197846544257,0.0005800109851269103
2025-12-05 13:40:00-05:00,686.4014892578125,686.6599731445312,686.0800170898438,686.6599731445312,466601,-0.0003474409074247142,0.0005800109851269103,0.0005797195091813183
2025-12-05 13:45:00-05:00,686.5150146484375,686.530029296875,686.2249755859375,686.4000244140625,301472,0.00016537843424662346,0.0005797195091813183,0.00042737128977839113
2025-12-05 13:50:00-05:00,686.3599853515625,686.5599975585938,686.0999755859375,686.510009765625,234100,-0.0002258461950781904,0.00042737128977839113,0.0004310809818151258
2025-12-05 13:55:00-05:00,686.1900024414062,686.4000244140625,686.1400146484375,686.3400268554688,163906,-0.00024768920991888175,0.0004310809818151258,0.00042984784865308354
2025-12-05 14:00:00-05:00,686.0206298828125,686.239990234375,685.8200073242188,686.1900024414062,471203,-0.0002468608761134445,0.00042984784865308354,0.00041770456580803733
2025-12-05 14:05:00-05:00,686.2000122070312,686.25,685.9400024414062,686.0,345265,0.0002614482244886187,0.00041770456580803733,0.00038933736786293766
2025-12-05 14:10:00-05:00,686.3499755859375,686.4000244140625,686.10498046875,686.2100219726562,208241,0.0002185179131348903,0.00038933736786293766,0.00041912761276962344
2025-12-05 14:15:00-05:00,685.9600219726562,686.3800048828125,685.7449951171875,686.3499755859375,311812,-0.0005683171068792945,0.00041912761276962344,0.0004204985711889307
2025-12-05 14:20:00-05:00,685.760009765625,686.1199951171875,685.639892578125,685.9500122070312,359231,-0.0002916224941255537,0.0004204985711889307,0.0003226712898032728
2025-12-05 14:25:00-05:00,685.9299926757812,686.1799926757812,685.6699829101562,685.760009765625,675154,0.00024784449944784945,0.0003226712898032728,0.0002809372085133034
2025-12-05 14:30:00-05:00,685.9600219726562,686.1148071289062,685.6420288085938,685.9400024414062,268509,4.3777994677544436e-05,0.0002809372085133034,0.0002785398824840339
2025-12-05 14:35:00-05:00,686.030029296875,686.030029296875,685.7000122070312,685.9299926757812,332139,0.0001020522331262318,0.0002785398824840339,0.00028071444750877954
2025-12-05 14:40:00-05:00,685.7755737304688,686.1199951171875,685.5700073242188,686.030029296875,435847,-0.00037097904945571845,0.00028071444750877954,0.0002704562047062012
2025-12-05 14:45:00-05:00,685.7349853515625,685.8099975585938,685.5800170898438,685.77001953125,349513,-5.918784751499375e-05,0.0002704562047062012,0.0003208650451254064
2025-12-05 14:50:00-05:00,686.0999755859375,686.1199951171875,685.6898803710938,685.72998046875,915817,0.0005321197569391191,0.0003208650451254064,0.00032055031851483203
2025-12-05 14:55:00-05:00,686.25,686.3800048828125,686.0499877929688,686.1199951171875,467115,0.0002186387107210827,0.00032055031851483203,0.0003401834339937925
2025-12-05 15:00:00-05:00,685.9400024414062,686.2999877929688,685.8900146484375,686.260009765625,389353,-0.00045182892065383787,0.0003401834339937925,0.0003304681202411308
2025-12-05 15:05:00-05:00,685.8499755859375,686.0499877929688,685.7899780273438,685.9199829101562,459641,-0.00013125457546705555,0.0003304681202411308,0.00032990227555327467
2025-12-05 15:10:00-05:00,685.994384765625,686.030029296875,685.5800170898438,685.85498046875,406211,0.0002105328919147171,0.00032990227555327467,0.00030041286381973445
2025-12-05 15:15:00-05:00,686.219970703125,686.280029296875,685.9600219726562,685.989990234375,649061,0.00032879110852194966,0.00030041286381973445,0.00030650916831496874
2025-12-05 15:20:00-05:00,685.97998046875,686.219970703125,685.9000244140625,686.2150268554688,925265,-0.00034978901816311775,0.00030650916831496874,0.00029861887635547783
2025-12-05 15:25:00-05:00,686.0050048828125,686.0250244140625,685.75,685.989990234375,458375,3.6479136918240025e-05,0.00029861887635547783,0.0003025977938794269
2025-12-05 15:30:00-05:00,685.8900146484375,686.010009765625,685.6799926757812,686.0,661537,-0.00016763707573428635,0.0003025977938794269,0.00030336298181956266
2025-12-05 15:35:00-05:00,685.780029296875,686.010009765625,685.75,685.8829956054688,408415,-0.0001603670682810789,0.00030336298181956266,0.00028573585492101247
2025-12-05 15:40:00-05:00,685.8599853515625,685.89501953125,685.5,685.780029296875,705588,0.00011658460517953028,0.00028573585492101247,0.0004546525031383268
2025-12-05 15:45:00-05:00,685.030029296875,685.8800048828125,684.8900146484375,685.8599853515625,2178545,-0.0012108282170259293,0.0004546525031383268,0.00041690909236456476
2025-12-05 15:50:00-05:00,685.0999755859375,685.510009765625,684.5999755859375,685.0399780273438,2406732,0.0001021016821381057,0.00041690909236456476,0.00048820315570445285
2025-12-05 15:55:00-05:00,685.6500244140625,686.030029296875,685.0999755859375,685.1099853515625,4104568,0.0008025516799538169,0.00048820315570445285,0.0005174149414537874
2025-12-08 09:30:00-05:00,686.119873046875,686.6400146484375,685.9199829101562,686.5900268554688,2562066,0.0006850254580677661,0.0005174149414537874,0.0005351656005806984
2025-12-08 09:35:00-05:00,685.7999877929688,686.2299194335938,685.75,686.1199951171875,1099301,-0.000466332281985384,0.0005351656005806984,0.0005339537055527408
2025-12-08 09:40:00-05:00,685.9199829101562,686.02001953125,685.280029296875,685.8099975585938,1195242,0.0001749557053281894,0.0005339537055527408,0.0005450699750412675
2025-12-08 09:45:00-05:00,685.530029296875,686.0999755859375,684.97998046875,685.9199829101562,776197,-0.0005686734774424447,0.0005450699750412675,0.0005607696554685229
2025-12-08 09:50:00-05:00,685.8599853515625,685.9099731445312,685.4199829101562,685.510009765625,572804,0.00048119945096581224,0.0005607696554685229,0.0005861220502164189
2025-12-08 09:55:00-05:00,685.4400024414062,685.9500122070312,685.344970703125,685.8499755859375,624729,-0.0006125325268376216,0.0005861220502164189,0.0005933142346381077
2025-12-08 10:00:00-05:00,685.6300048828125,685.7750244140625,685.260009765625,685.4199829101562,568217,0.00027715935963520846,0.0005933142346381077,0.0006138884905942793
2025-12-08 10:05:00-05:00,685.22998046875,685.6300048828125,685.0499877929688,685.6300048828125,518020,-0.0005836109153247847,0.0006138884905942793,0.0006203753723606323
2025-12-08 10:10:00-05:00,684.9199829101562,685.239990234375,684.8300170898438,685.239990234375,566909,-0.0004525016562694769,0.0006203753723606323,0.0005171045103964316
2025-12-08 10:15:00-05:00,685.010009765625,685.219970703125,684.6599731445312,684.9299926757812,711762,0.0001314327828132085,0.0005171045103964316,0.0005268590842420904
2025-12-08 10:20:00-05:00,684.75,685.1599731445312,684.6900024414062,685.0180053710938,516943,-0.0003796428088047311,0.0005268590842420904,0.0004571937163391707
2025-12-08 10:25:00-05:00,684.5549926757812,684.77001953125,683.8723754882812,684.75,829017,-0.00028482672097186154,0.0004571937163391707,0.00042989994594512727
2025-12-08 10:30:00-05:00,684.9000244140625,684.989990234375,684.1599731445312,684.5399780273438,874846,0.0005038964278141806,0.00042989994594512727,0.0004215523768816291
2025-12-08 10:35:00-05:00,684.6900024414062,685.0499877929688,684.5499877929688,684.89501953125,515750,-0.00030669320042385863,0.0004215523768816291,0.0004617926187869756
2025-12-08 10:40:00-05:00,684.0750122070312,684.77001953125,684.0440063476562,684.6900024414062,484130,-0.0008986060706940033,0.0004617926187869756,0.0004910976881913453
2025-12-08 10:45:00-05:00,684.4149780273438,684.530029296875,684.0499877929688,684.0750122070312,551467,0.0004968481022617322,0.0004910976881913453,0.0004626242040789463
2025-12-08 10:50:00-05:00,684.0399780273438,684.4500122070312,683.9199829101562,684.4299926757812,676837,-0.0005480633582092316,0.0004626242040789463,0.0004544765676014168
2025-12-08 10:55:00-05:00,683.7050170898438,684.0850219726562,683.5700073242188,684.030029296875,644466,-0.0004898002849834902,0.0004544765676014168,0.0004415689808680793
2025-12-08 11:00:00-05:00,683.27001953125,683.7000122070312,682.9099731445312,683.7000122070312,887165,-0.0006364382108280153,0.0004415689808680793,0.0004937793053171582
2025-12-08 11:05:00-05:00,683.6599731445312,683.7291259765625,683.2117919921875,683.2650146484375,466912,0.0005705539068558282,0.0004937793053171582,0.0004902212360457436
2025-12-08 11:10:00-05:00,683.4100952148438,683.9000244140625,683.3099975585938,683.6799926757812,562534,-0.00036556711796081025,0.0004902212360457436,0.0004885797627518348
2025-12-08 11:15:00-05:00,683.4799194335938,683.5399780273438,683.27001953125,683.4099731445312,326993,0.00010216508725996781,0.0004885797627518348,0.0005349085850052658
2025-12-08 11:20:00-05:00,683.9000244140625,684.1099853515625,683.4299926757812,683.4600219726562,443565,0.0006144670990344598,0.0005349085850052658,0.0005421778715925243
2025-12-08 11:25:00-05:00,684.0900268554688,684.0999755859375,683.5499877929688,683.8900146484375,528661,0.0002777833690409594,0.0005421778715925243,0.0005342678428001955
2025-12-08 11:30:00-05:00,683.6599731445312,684.1199951171875,683.625,684.0800170898438,377807,-0.0006288484373746593,0.0005342678428001955,0.0005323743865855569
2025-12-08 11:35:00-05:00,683.52001953125,683.7999877929688,683.4600219726562,683.6599731445312,384570,-0.00020473326777727937,0.0005323743865855569,0.0004998597361637967
2025-12-08 11:40:00-05:00,683.8297729492188,683.8499145507812,683.4600219726562,683.5399780273438,261973,0.0004530712257696261,0.0004998597361637967,0.0005003945095707368
2025-12-08 11:45:00-05:00,683.3800048828125,683.8699951171875,683.375,683.8250122070312,268273,-0.0006579357314779157,0.0005003945095707368,0.00048272383398787556
2025-12-08 11:50:00-05:00,683.3599853515625,683.6400146484375,683.02001953125,683.3699951171875,316597,-2.929530326834875e-05,0.00048272383398787556,0.00046608348052768503
2025-12-08 11:55:00-05:00,683.38818359375,683.47998046875,683.2100219726562,683.3599853515625,277333,4.1263259512254684e-05,0.00046608348052768503,0.0005024241493017475
2025-12-08 12:00:00-05:00,682.77001953125,683.3900146484375,682.4949951171875,683.3900146484375,495383,-0.0009049670869360595,0.0005024241493017475,0.0005119631317429642
2025-12-08 12:05:00-05:00,683.214111328125,683.3599853515625,682.719970703125,682.739990234375,399090,0.0006502151855040155,0.0005119631317429642,0.0005183765624128761
2025-12-08 12:10:00-05:00,682.89501953125,683.27001953125,682.760009765625,683.2100219726562,350332,-0.00046715419064254944,0.0005183765624128761,0.0005200790665893186
2025-12-08 12:15:00-05:00,683.0,683.1500244140625,682.8300170898438,682.8800048828125,426940,0.00015371674609777165,0.0005200790665893186,0.00048463838964479675
2025-12-08 12:20:00-05:00,682.6900024414062,683.0150146484375,682.6400146484375,682.97998046875,462426,-0.0004539793999571035,0.00048463838964479675,0.00046885140873056643
2025-12-08 12:25:00-05:00,682.6900024414062,682.739990234375,682.1900024414062,682.6900024414062,528236,0.0,0.00046885140873056643,0.000450775886442119
2025-12-08 12:30:00-05:00,682.7550048828125,682.9949951171875,682.6300048828125,682.6900024414062,333146,9.521063258743174e-05,0.000450775886442119,0.00044991505621132884
2025-12-08 12:35:00-05:00,682.7100219726562,682.8250122070312,682.5999755859375,682.75,294267,-6.588657971873383e-05,0.00044991505621132884,0.00042948750173091646
2025-12-08 12:40:00-05:00,682.8699951171875,683.1300048828125,682.6099853515625,682.6900024414062,362998,0.00023429333068874307,0.00042948750173091646,0.00042514473187077435
2025-12-08 12:45:00-05:00,683.2000122070312,683.2999877929688,682.6749877929688,682.8800048828125,460830,0.0004831627874039752,0.00042514473187077435,0.0004406829697469878
2025-12-08 12:50:00-05:00,683.4600830078125,683.5098876953125,683.14501953125,683.1950073242188,531833,0.0003805932504083234,0.0004406829697469878,0.0005203021563105243
2025-12-08 12:55:00-05:00,684.1221923828125,684.3099975585938,683.2899780273438,683.47998046875,954967,0.0009682919099593695,0.0005203021563105243,0.0004632303104924242
2025-12-08 13:00:00-05:00,683.760009765625,684.4000244140625,683.5900268554688,684.1300048828125,658343,-0.0005295523621587287,0.0004632303104924242,0.00044120727672776
2025-12-08 13:05:00-05:00,684.02001953125,684.0700073242188,683.7052001953125,683.77001953125,284703,0.0003801923747790715,0.00044120727672776,0.0004233767514099502
2025-12-08 13:10:00-05:00,683.8200073242188,684.0999755859375,683.7598876953125,684.0399780273438,308528,-0.00029244970834281313,0.0004233767514099502,0.0004232254727809701
2025-12-08 13:15:00-05:00,683.8800048828125,684.0499877929688,683.7000122070312,683.8300170898438,335381,8.773496833628343e-05,0.0004232254727809701,0.00038777522285070044
2025-12-08 13:20:00-05:00,683.8699951171875,684.0,683.72998046875,683.8699951171875,207705,-1.463683513099975e-05,0.00038777522285070044,0.000619032795043615
2025-12-08 13:25:00-05:00,682.8300170898438,683.8900146484375,682.8200073242188,683.8699951171875,527813,-0.001521882225479743,0.000619032795043615,0.0006328853414158043
2025-12-08 13:30:00-05:00,682.52001953125,682.9744873046875,682.4099731445312,682.8300170898438,1099096,-0.00045409243872395096,0.0006328853414158043,0.0006752142538807457
2025-12-08 13:35:00-05:00,683.0599975585938,683.14501953125,682.2999877929688,682.52001953125,502565,0.0007908405933437528,0.0006752142538807457,0.0006737692207179553
2025-12-08 13:40:00-05:00,682.97998046875,683.1019287109375,682.7000732421875,683.0700073242188,311136,-0.00011715190070915168,0.0006737692207179553,0.0006679020409411855
2025-12-08 13:45:00-05:00,682.6799926757812,683.0999755859375,682.6599731445312,682.97998046875,666351,-0.00043933014614621393,0.0006679020409411855,0.0006531489366212691
2025-12-08 13:50:00-05:00,682.5900268554688,682.7899780273438,682.469970703125,682.6699829101562,549428,-0.0001317919813013758,0.0006531489366212691,0.0005769935028744989
2025-12-08 13:55:00-05:00,682.1099853515625,682.5900268554688,681.5700073242188,682.5800170898438,991640,-0.0007035121556550453,0.0005769935028744989,0.0005712817788491208
2025-12-08 14:00:00-05:00,682.0499877929688,682.27001953125,681.6599731445312,682.1300048828125,642512,-8.796264340482731e-05,0.0005712817788491208,0.000556941644239732
2025-12-08 14:05:00-05:00,682.1900024414062,682.2999877929688,681.9299926757812,682.0399780273438,288348,0.00020526395638798797,0.000556941644239732,0.0005589071433161402
2025-12-08 14:10:00-05:00,681.9199829101562,682.2750244140625,681.8099975585938,682.1799926757812,334288,-0.0003958911490660556,0.0005589071433161402,0.00062013151043089
2025-12-08 14:15:00-05:00,682.4199829101562,682.4570922851562,681.9099731445312,681.9099731445312,535863,0.0007329551796625819,0.00062013151043089,0.0006181578846860668
2025-12-08 14:20:00-05:00,682.25439453125,682.5900268554688,682.2100219726562,682.4299926757812,301170,-0.00024267822779723796,0.0006181578846860668,0.00045650319029017395
2025-12-08 14:25:00-05:00,682.2449951171875,682.4000244140625,682.0999755859375,682.260009765625,277507,-1.3777087969346748e-05,0.00045650319029017395,0.0004538395086823061
2025-12-08 14:30:00-05:00,682.47998046875,682.5499877929688,682.1749877929688,682.22998046875,271151,0.00034437026959781,0.0004538395086823061,0.0003811170428618809
2025-12-08 14:35:00-05:00,682.5349731445312,682.780029296875,682.4199829101562,682.469970703125,375035,8.057446647803548e-05,0.0003811170428618809,0.0003856814872560738
2025-12-08 14:40:00-05:00,682.639892578125,682.75,682.4000244140625,682.5399780273438,398513,0.00015370841704550426,0.0003856814872560738,0.0003686528678360519
2025-12-08 14:45:00-05:00,682.510009765625,682.6400146484375,682.3200073242188,682.635009765625,390447,-0.00019028359108241806,0.0003686528678360519,0.00037474007336693837
2025-12-08 14:50:00-05:00,682.6820068359375,682.8200073242188,682.47998046875,682.530029296875,423258,0.0002519749150756139,0.00037474007336693837,0.0003449143975507634
2025-12-08 14:55:00-05:00,682.3300170898438,682.6900024414062,682.1500244140625,682.6849975585938,451763,-0.0005157313602018592,0.0003449143975507634,0.0003438156661515531
2025-12-08 15:00:00-05:00,682.2999877929688,682.5499877929688,682.239990234375,682.3400268554688,504023,-4.401089932415688e-05,0.0003438156661515531,0.0003487729592331093
2025-12-08 15:05:00-05:00,682.5,682.530029296875,682.1799926757812,682.3099975585938,594685,0.0002931011287398173,0.0003487729592331093,0.0003211184670712442
2025-12-08 15:10:00-05:00,682.5800170898438,682.6300048828125,682.4299926757812,682.5,435240,0.00011723428507294162,0.0003211184670712442,0.0002475560430036062
2025-12-08 15:15:00-05:00,682.6400146484375,682.780029296875,682.4000244140625,682.5900268554688,723839,8.789434265192846e-05,0.0002475560430036062,0.00023848965442525171
2025-12-08 15:20:00-05:00,682.5499877929688,682.77001953125,682.52001953125,682.6400146484375,452424,-0.0001318891223028082,0.00023848965442525171,0.00023942562154405728
2025-12-08 15:25:00-05:00,682.6400146484375,682.6849975585938,682.3699951171875,682.5499877929688,536078,0.00013188912230284905,0.00023942562154405728,0.00027655252411333255
2025-12-08 15:30:00-05:00,682.260009765625,682.6799926757812,682.2000122070312,682.6400146484375,855727,-0.0005568245085116612,0.00027655252411333255,0.00027952110809085584
2025-12-08 15:35:00-05:00,682.3599853515625,682.4799194335938,682.0599975585938,682.27001953125,752630,0.00014652516667507475,0.00027952110809085584,0.0003125629373779593
2025-12-08 15:40:00-05:00,682.6900024414062,682.7100219726562,682.2899780273438,682.3499755859375,712150,0.0004835238258300427,0.0003125629373779593,0.0003134381678534421
2025-12-08 15:45:00-05:00,682.5499877929688,682.72998046875,682.4000244140625,682.6799926757812,867445,-0.00020511360629625594,0.0003134381678534421,0.00030461510051588766
2025-12-08 15:50:00-05:00,682.47998046875,682.8900146484375,682.3300170898438,682.5499877929688,1559570,-0.00010257258215261394,0.00030461510051588766,0.0005547217788643285
2025-12-08 15:55:00-05:00,683.6500244140625,683.760009765625,682.4199829101562,682.47998046875,4896907,0.0017129324840530371,0.0005547217788643285,0.0005718680182174555
2025-12-09 09:30:00-05:00,683.4099731445312,683.6801147460938,682.8200073242188,683.1500244140625,2603428,-0.0003511934698216431,0.0005718680182174555,0.0005944882041944762
2025-12-09 09:35:00-05:00,683.89501953125,684.0399780273438,683.3200073242188,683.4199829101562,1047813,0.0007094926291703605,0.0005944882041944762,0.0006089199122792143
2025-12-09 09:40:00-05:00,683.7000122070312,684.114990234375,683.3400268554688,684.0800170898438,982251,-0.0002851828516700188,0.0006089199122792143,0.0006187972161527716
2025-12-09 09:45:00-05:00,684.0598754882812,684.1199951171875,683.469970703125,683.7000122070312,933129,0.0005262082808409914,0.0006187972161527716,0.0006172483429998088
2025-12-09 09:50:00-05:00,684.4000244140625,684.4299926757812,683.9500122070312,684.0599975585938,771954,0.0004971266352938101,0.0006172483429998088,0.0006193743859560619
2025-12-09 09:55:00-05:00,684.4199829101562,684.530029296875,684.10498046875,684.4099731445312,747421,2.916160779126045e-05,0.0006193743859560619,0.0005699204780676979
2025-12-09 10:00:00-05:00,684.5599975585938,684.9400024414062,684.0499877929688,684.4400024414062,929894,0.00020455324536995504,0.0005699204780676979,0.0006048055395181914
2025-12-09 10:05:00-05:00,684.27001953125,684.64501953125,683.969970703125,684.5599975585938,652427,-0.00042368742365552197,0.0006048055395181914,0.0006076956438762135
2025-12-09 10:10:00-05:00,684.1799926757812,684.4600219726562,684.1300048828125,684.280029296875,476274,-0.00013157492753926482,0.0006076956438762135,0.0006015135580734985
2025-12-09 10:15:00-05:00,684.125,684.4343872070312,683.9650268554688,684.1900024414062,521360,-8.03807281348033e-05,0.0006015135580734985,0.000596282983931788
2025-12-09 10:20:00-05:00,684.1599731445312,684.27001953125,683.8828735351562,684.1500244140625,494119,5.111967934352087e-05,0.000596282983931788,0.00036058905519927394
2025-12-09 10:25:00-05:00,684.2150268554688,684.2999267578125,683.760009765625,684.1599731445312,671337,8.046582401337913e-05,0.00036058905519927394,0.0003375162990883869
2025-12-09 10:30:00-05:00,684.1998901367188,684.52001953125,683.989990234375,684.2000122070312,603487,-2.212299582923798e-05,0.0003375162990883869,0.0002890919171131076
2025-12-09 10:35:00-05:00,684.030029296875,684.2100219726562,683.844970703125,684.2000122070312,373235,-0.00024829283193381627,0.0002890919171131076,0.00032320203709454854
2025-12-09 10:40:00-05:00,684.469970703125,684.47998046875,683.864990234375,684.030029296875,495887,0.0006429542146957659,0.00032320203709454854,0.00039209533358528
2025-12-09 10:45:00-05:00,683.8900146484375,684.4998168945312,683.5850219726562,684.47998046875,727816,-0.0008476659586989614,0.00039209533358528,0.00040131742557926366
2025-12-09 10:50:00-05:00,684.280029296875,684.4000244140625,683.8214111328125,683.8900146484375,584347,0.0005701260025796069,0.00040131742557926366,0.00041342221253054583
2025-12-09 10:55:00-05:00,684.5050048828125,684.5700073242188,684.27001953125,684.280029296875,320234,0.0003287230388198313,0.00041342221253054583,0.0004119926002876817
2025-12-09 11:00:00-05:00,684.6199951171875,684.8300170898438,684.4400024414062,684.489990234375,587139,0.00016797623978152498,0.0004119926002876817,0.00038952403477877354
2025-12-09 11:05:00-05:00,684.7000122070312,684.8400268554688,684.47998046875,684.6300048828125,409318,0.00011687127845470062,0.00038952403477877354,0.00038761740540249303
2025-12-09 11:10:00-05:00,684.8499755859375,684.9000244140625,684.6400146484375,684.6901245117188,394233,0.00021899657674750235,0.00038761740540249303,0.0004137541926311822
2025-12-09 11:15:00-05:00,685.2800903320312,685.3400268554688,684.8400268554688,684.8499755859375,575052,0.0006278451526928046,0.0004137541926311822,0.00041947292253719
2025-12-09 11:20:00-05:00,685.2050170898438,685.3300170898438,685.0399780273438,685.2899780273438,454792,-0.00010955718067426668,0.00041947292253719,0.00046639626299011666
2025-12-09 11:25:00-05:00,684.8099975585938,685.219970703125,684.77001953125,685.2100219726562,360234,-0.0005766645445095456,0.00046639626299011666,0.0004914622722080287
2025-12-09 11:30:00-05:00,685.2399291992188,685.239990234375,684.77001953125,684.8099975585938,480315,0.0006276145800830314,0.0004914622722080287,0.0004969197961208451
2025-12-09 11:35:00-05:00,685.02001953125,685.385009765625,684.9299926757812,685.239990234375,552081,-0.00032097511141659517,0.0004969197961208451,0.000507413335928037
2025-12-09 11:40:00-05:00,684.6099853515625,685.0449829101562,684.52001953125,685.030029296875,448134,-0.0005987517657697127,0.000507413335928037,0.0004403834543529298
2025-12-09 11:45:00-05:00,684.9199829101562,685.0700073242188,684.5999755859375,684.5999755859375,402939,0.00045270650671720995,0.0004403834543529298,0.00043525080368789145
2025-12-09 11:50:00-05:00,685.27001953125,685.280029296875,684.9199829101562,684.9199829101562,468507,0.0005109315176506296,0.00043525080368789145,0.0004561807596306898
2025-12-09 11:55:00-05:00,684.97998046875,685.3099975585938,684.969970703125,685.280029296875,436074,-0.0004233374447459813,0.0004561807596306898,0.00045801142937506586
2025-12-09 12:00:00-05:00,685.1400146484375,685.219970703125,684.8099975585938,684.969970703125,315366,0.00023360607973841032,0.00045801142937506586,0.0004592685651283932
2025-12-09 12:05:00-05:00,685.0900268554688,685.3400268554688,685.010009765625,685.1400146484375,527338,-7.296262886781698e-05,0.0004592685651283932,0.000461794157072915
2025-12-09 12:10:00-05:00,684.9400024414062,685.1199951171875,684.8699951171875,685.080078125,349119,-0.000219008943532665,0.000461794157072915,0.0004340277007421833
2025-12-09 12:15:00-05:00,684.6400146484375,684.969970703125,684.6099853515625,684.9600219726562,252255,-0.0004380726850902415,0.0004340277007421833,0.0004341139388260648
2025-12-09 12:20:00-05:00,684.6199951171875,684.6795043945312,684.27001953125,684.6400146484375,527884,-2.92413874773629e-05,0.0004341139388260648,0.00040436660232378517
2025-12-09 12:25:00-05:00,684.6500244140625,684.8200073242188,684.5700073242188,684.6199951171875,354813,4.3861760575245693e-05,0.00040436660232378517,0.00036689348377962766
2025-12-09 12:30:00-05:00,684.3300170898438,684.8599243164062,684.2852172851562,684.6500244140625,430019,-0.0004675120459693509,0.00036689348377962766,0.0003629665160206584
2025-12-09 12:35:00-05:00,684.1749877929688,684.469970703125,684.02001953125,684.3200073242188,680530,-0.0002265673811714782,0.0003629665160206584,0.0003284864659916544
2025-12-09 12:40:00-05:00,684.080078125,684.280029296875,683.8955078125,684.1799926757812,691972,-0.00013873095811607494,0.0003284864659916544,0.00030470726343682133
2025-12-09 12:45:00-05:00,683.75,684.0900268554688,683.6950073242188,684.0750122070312,502139,-0.00048263031598132927,0.00030470726343682133,0.00026851871089994387
2025-12-09 12:50:00-05:00,683.9600830078125,683.9849853515625,683.6199951171875,683.72998046875,476150,0.00030720400774215945,0.00026851871089994387,0.0003078631432616229
2025-12-09 12:55:00-05:00,684.2750244140625,684.3200073242188,683.9400024414062,683.969970703125,504640,0.0004603615418196405,0.0003078631432616229,0.00029903441742564624
2025-12-09 13:00:00-05:00,684.3599853515625,684.47998046875,684.098388671875,684.27001953125,559162,0.00012415426611603263,0.00029903441742564624,0.0003220215829604481
2025-12-09 13:05:00-05:00,684.010009765625,684.3800048828125,683.9600219726562,684.3599243164062,421942,-0.000511521876126138,0.0003220215829604481,0.0003488349631625231
2025-12-09 13:10:00-05:00,684.25,684.25,683.8800048828125,684.02001953125,402905,0.00035079624504577063,0.0003488349631625231,0.00033782182676190175
2025-12-09 13:15:00-05:00,684.3800048828125,684.489990234375,684.1300048828125,684.25,367600,0.00018997812811299736,0.00033782182676190175,0.0003378576596269787
2025-12-09 13:20:00-05:00,684.3699951171875,684.3900146484375,684.1599731445312,684.3800048828125,206474,-1.462614155272323e-05,0.0003378576596269787,0.00033992021843389685
2025-12-09 13:25:00-05:00,684.239990234375,684.3800048828125,684.1099853515625,684.3699951171875,244552,-0.00018998090704436054,0.00033992021843389685,0.0003183486786850398
2025-12-09 13:30:00-05:00,684.0999755859375,684.344970703125,684.0700073242188,684.239990234375,233273,-0.0002046489212090714,0.0003183486786850398,0.0003248524544028472
2025-12-09 13:35:00-05:00,683.8800048828125,684.1065063476562,683.72998046875,684.0999755859375,336908,-0.00032159930431955816,0.0003248524544028472,0.0003332275761200543
2025-12-09 13:40:00-05:00,683.6699829101562,683.9199829101562,683.6599731445312,683.8900146484375,341151,-0.00030715070919830453,0.0003332275761200543,0.0003258522638619807
2025-12-09 13:45:00-05:00,683.9400024414062,683.989990234375,683.3499755859375,683.6799926757812,653625,0.0003948779807852142,0.0003258522638619807,0.0003336733434810351
2025-12-09 13:50:00-05:00,684.2100219726562,684.3300170898438,683.8099975585938,683.9299926757812,492962,0.0003947221137118987,0.0003336733434810351,0.00031182931139864576
2025-12-09 13:55:00-05:00,684.0499877929688,684.3400268554688,684.0430297851562,684.219970703125,378436,-0.00023392363918419229,0.00031182931139864576,0.00031058193657035327
2025-12-09 14:00:00-05:00,683.9299926757812,684.139892578125,683.8400268554688,684.0599975585938,412597,-0.0001754340256560121,0.00031058193657035327,0.000278261002930123
2025-12-09 14:05:00-05:00,683.8201293945312,684.0349731445312,683.7200927734375,683.9400024414062,386856,-0.0001606481764666164,0.000278261002930123,0.00025224195826889343
2025-12-09 14:10:00-05:00,683.7999877929688,683.9199829101562,683.6400146484375,683.8200073242188,425745,-2.945496532381362e-05,0.00025224195826889343,0.0002430117697824922
2025-12-09 14:15:00-05:00,683.8350219726562,684.02001953125,683.719970703125,683.7999877929688,334390,5.123323027713417e-05,0.0002430117697824922,0.00024272049518772539
2025-12-09 14:20:00-05:00,683.760009765625,683.9349975585938,683.72998046875,683.8300170898438,259544,-0.00010969944371784505,0.00024272049518772539,0.0002400400201268332
2025-12-09 14:25:00-05:00,683.72998046875,683.8900146484375,683.7000122070312,683.75,285406,-4.391885438914625e-05,0.0002400400201268332,0.00023700413112751425
2025-12-09 14:30:00-05:00,683.6400146484375,683.7999877929688,683.6199951171875,683.72998046875,356012,-0.00013158957818813942,0.00023700413112751425,0.00022216683073981324
2025-12-09 14:35:00-05:00,683.6500244140625,683.760009765625,683.4099731445312,683.6400146484375,434083,1.4641759011292886e-05,0.00022216683073981324,0.0002313492363970853
2025-12-09 14:40:00-05:00,683.3900146484375,683.6799926757812,683.2000122070312,683.6599731445312,437014,-0.00038039817610408975,0.0002313492363970853,0.00019818745434711208
2025-12-09 14:45:00-05:00,683.4899291992188,683.5399780273438,683.3300170898438,683.3867797851562,503079,0.0001461936015799528,0.00019818745434711208,0.00018940698114001635
2025-12-09 14:50:00-05:00,683.72998046875,683.7896728515625,683.489990234375,683.489990234375,406753,0.00035115239370113894,0.00018940698114001635,0.00018362643494703213
2025-12-09 14:55:00-05:00,683.6300048828125,683.8200073242188,683.5900268554688,683.72998046875,317523,-0.00014623155158358157,0.00018362643494703213,0.00018235029561887808
2025-12-09 15:00:00-05:00,683.6799926757812,683.6900024414062,683.52001953125,683.6300048828125,405963,7.311844875018351e-05,0.00018235029561887808,0.00017859731771266733
2025-12-09 15:05:00-05:00,683.7100219726562,683.8526000976562,683.5609741210938,683.6749877929688,506119,4.3922065479687174e-05,0.00017859731771266733,0.00019782984830969856
2025-12-09 15:10:00-05:00,683.5,683.780029296875,683.489990234375,683.7100219726562,539236,-0.00030722708425620247,0.00019782984830969856,0.00019754635120185554
2025-12-09 15:15:00-05:00,683.530029296875,683.5900268554688,683.3703002929688,683.5001220703125,549299,4.3933631648548666e-05,0.00019754635120185554,0.00020064102309254921
2025-12-09 15:20:00-05:00,683.4099731445312,683.6749877929688,683.4099731445312,683.530029296875,749876,-0.0001756567990373353,0.00020064102309254921,0.0002020243568135299
2025-12-09 15:25:00-05:00,683.3250122070312,683.5,683.2999877929688,683.4099731445312,512971,-0.00012432686441784448,0.0002020243568135299,0.0002137709393671688
2025-12-09 15:30:00-05:00,683.1199951171875,683.418212890625,683.0650024414062,683.3200073242188,706847,-0.00030007368065783043,0.0002137709393671688,0.00024270476384702917
2025-12-09 15:35:00-05:00,683.3499755859375,683.4199829101562,683.0449829101562,683.1212768554688,856726,0.00033660523224401885,0.00024270476384702917,0.00021799728433148064
2025-12-09 15:40:00-05:00,683.3900146484375,683.4849853515625,683.1900024414062,683.3499755859375,749415,5.8590606549196936e-05,0.00021799728433148064,0.0002131148557518411
2025-12-09 15:45:00-05:00,683.3900146484375,683.4600219726562,683.1500244140625,683.3800048828125,1099987,0.0,0.0002131148557518411,0.00026762349413608154
2025-12-09 15:50:00-05:00,682.8900146484375,683.6099853515625,682.8400268554688,683.3900146484375,2229901,-0.0007319144122717794,0.00026762349413608154,0.0002839993295100546
2025-12-09 15:55:00-05:00,683.0499877929688,683.1500244140625,682.5900268554688,682.8900146484375,5143552,0.0002342315840764329,0.0002839993295100546,0.000460150937815951
2025-12-10 09:30:00-05:00,682.1300048828125,682.760009765625,682.0599975585938,682.5599975585938,2259364,-0.0013477827896040458,0.000460150937815951,0.000473229702540062
2025-12-10 09:35:00-05:00,682.2999877929688,682.5800170898438,681.3099975585938,682.1300048828125,1506355,0.00024916325784108166,0.000473229702540062,0.0005123568252471505
2025-12-10 09:40:00-05:00,682.666015625,683.0700073242188,682.0449829101562,682.3099975585938,871475,0.0005363178861425671,0.0005123568252471505,0.0005240896326753351
2025-12-10 09:45:00-05:00,682.8699951171875,683.315185546875,682.6500244140625,682.6599731445312,1054055,0.00029875373787288466,0.0005240896326753351,0.0005235342274809121
2025-12-10 09:50:00-05:00,682.8629760742188,683.3300170898438,682.52001953125,682.8599853515625,814143,-1.0278792585169922e-05,0.0005235342274809121,0.0005387063654962255
2025-12-10 09:55:00-05:00,683.1243896484375,683.25,682.3099975585938,682.8900146484375,954728,0.0003827466987906739,0.0005387063654962255,0.0005400888619212103
2025-12-10 10:00:00-05:00,682.9000244140625,683.1500244140625,682.719970703125,683.125,646159,-0.0003284937429856604,0.0005400888619212103,0.0005357567998382028
2025-12-10 10:05:00-05:00,683.0764770507812,683.3699951171875,682.8300170898438,682.905029296875,632715,0.0002583538406569265,0.0005357567998382028,0.0005351036343893902
2025-12-10 10:10:00-05:00,683.0200805664062,683.4349975585938,682.969970703125,683.0650024414062,613300,-8.256588319843402e-05,0.0005351036343893902,0.0005510716564857856
2025-12-10 10:15:00-05:00,683.2999267578125,683.4600219726562,682.8699951171875,683.030029296875,641892,0.0004096349227403151,0.0005510716564857856,0.0005049979819156449
2025-12-10 10:20:00-05:00,683.2100219726562,683.4099731445312,682.9799194335938,683.2899780273438,628961,-0.00013158306731614948,0.0005049979819156449,0.0005109518132604968
2025-12-10 10:25:00-05:00,682.989990234375,683.239990234375,682.7760009765625,683.219970703125,504197,-0.000322107653663712,0.0005109518132604968,0.000388837355714873
2025-12-10 10:30:00-05:00,682.4500122070312,683.0670166015625,682.3499755859375,682.989990234375,576901,-0.0007909216875544535,0.000388837355714873,0.000423029339400612
2025-12-10 10:35:00-05:00,682.0399780273438,682.489990234375,681.7000122070312,682.4600219726562,1089690,-0.0006010072554060288,0.000423029339400612,0.00041601170514157874
2025-12-10 10:40:00-05:00,682.364990234375,682.6400146484375,681.6699829101562,682.0399780273438,743175,0.00047641605056991253,0.00041601170514157874,0.0005341358712159838
2025-12-10 10:45:00-05:00,683.14990234375,683.1699829101562,682.219970703125,682.360107421875,461299,0.0011496208501100794,0.0005341358712159838,0.0006450527543641016
2025-12-10 10:50:00-05:00,682.3200073242188,683.22998046875,682.2800903320312,683.1400146484375,546453,-0.001215545089407806,0.0006450527543641016,0.0006293633262418213
2025-12-10 10:55:00-05:00,682.25,682.510009765625,682.030029296875,682.3200073242188,487720,-0.00010260715669316398,0.0006293633262418213,0.0006359029104043067
2025-12-10 11:00:00-05:00,681.9199829101562,682.2899780273438,681.4500122070312,682.25,785007,-0.00048383573955755686,0.0006359029104043067,0.0006851312245034005
2025-12-10 11:05:00-05:00,682.47998046875,682.6300048828125,681.8900146484375,681.9299926757812,543305,0.0008208701334938626,0.0006851312245034005,0.000744165862048283
2025-12-10 11:10:00-05:00,683.1179809570312,683.125,682.3200073242188,682.47119140625,570985,0.0009343899928412301,0.000744165862048283,0.0007655602712796407
2025-12-10 11:15:00-05:00,683.6199951171875,683.6400146484375,683.010009765625,683.1151733398438,911374,0.0007346165710192942,0.0007655602712796407,0.0007640558516569324
2025-12-10 11:20:00-05:00,683.5999755859375,683.77001953125,683.3200073242188,683.6199951171875,587945,-2.9285018768625704e-05,0.0007640558516569324,0.0007556266314491537
2025-12-10 11:25:00-05:00,683.719970703125,683.8699951171875,683.375,683.5900268554688,473732,0.00017551871136125112,0.0007556266314491537,0.0007030634241487975
2025-12-10 11:30:00-05:00,683.8099975585938,683.8099975585938,683.5399780273438,683.719970703125,424827,0.0001316634482434257,0.0007030634241487975,0.0006712377543641785
2025-12-10 11:35:00-05:00,683.6849975585938,683.8400268554688,683.510009765625,683.8099975585938,398801,-0.00018281602608338627,0.0006712377543641785,0.0007029185950773299
2025-12-10 11:40:00-05:00,683.27001953125,683.6900024414062,683.1649780273438,683.6900024414062,407366,-0.0006071568338441632,0.0007029185950773299,0.0006283295782918594
2025-12-10 11:45:00-05:00,683.489990234375,683.5100708007812,683.0098876953125,683.280029296875,547809,0.0003218863640326445,0.0006283295782918594,0.00048798222383308806
2025-12-10 11:50:00-05:00,683.6099853515625,683.6900024414062,683.3099975585938,683.4949951171875,324076,0.00017554695287621928,0.00048798222383308806,0.0004843686998817594
2025-12-10 11:55:00-05:00,683.5999755859375,683.72998046875,683.469970703125,683.6199951171875,360540,-1.464261658579843e-05,0.0004843686998817594,0.00045744670418285983
2025-12-10 12:00:00-05:00,683.4500122070312,683.7000122070312,683.4199829101562,683.5700073242188,382691,-0.0002193970679153866,0.00045744670418285983,0.00042270282142653064
2025-12-10 12:05:00-05:00,683.3099975585938,683.5,683.27001953125,683.4299926757812,227114,-0.00020488549259106958,0.00042270282142653064,0.00033304051994363935
2025-12-10 12:10:00-05:00,683.25,683.4400024414062,683.0700073242188,683.2999877929688,307216,-8.780815879218625e-05,0.00033304051994363935,0.0002470798265428714
2025-12-10 12:15:00-05:00,683.1300048828125,683.4298706054688,683.1044921875,683.260009765625,262445,-0.00017563945178818347,0.0002470798265428714,0.00026734661964621814
2025-12-10 12:20:00-05:00,683.3300170898438,683.344970703125,682.9500122070312,683.1199951171875,333302,0.00029274505692594065,0.00026734661964621814,0.00026726500134628814
2025-12-10 12:25:00-05:00,683.1400146484375,683.4400024414062,683.0700073242188,683.3200073242188,321917,-0.00027809236678105206,0.00026726500134628814,0.0002672665458780552
2025-12-10 12:30:00-05:00,683.22998046875,683.2899780273438,683.010009765625,683.1199951171875,221601,0.00013168588415153634,0.0002672665458780552,0.0002665019315119654
2025-12-10 12:35:00-05:00,683.1201171875,683.5399780273438,683.1199951171875,683.22998046875,223708,-0.00016081278389077388,0.0002665019315119654,0.00020594612361456122
2025-12-10 12:40:00-05:00,683.0800170898438,683.27001953125,682.9201049804688,683.1199951171875,243297,-5.8703108954098846e-05,0.00020594612361456122,0.00023666047228467494
2025-12-10 12:45:00-05:00,683.4199829101562,683.4600219726562,683.02001953125,683.0700073242188,354186,0.0004975716462883394,0.00023666047228467494,0.0003082007011452705
2025-12-10 12:50:00-05:00,683.8900146484375,683.9600219726562,683.3900146484375,683.4099731445312,396575,0.0006875277115440462,0.0003082007011452705,0.0003095008006670175
2025-12-10 12:55:00-05:00,683.8400268554688,684.219970703125,683.719970703125,683.9000244140625,455176,-7.309599332346735e-05,0.0003095008006670175,0.00030272340802138
2025-12-10 13:00:00-05:00,683.77001953125,683.9500122070312,683.6199951171875,683.8300170898438,401731,-0.00010237907284294342,0.00030272340802138,0.0003000889084821131
2025-12-10 13:05:00-05:00,683.9674072265625,684.0599975585938,683.6799926757812,683.77001953125,380557,0.0002886339041708294,0.0003000889084821131,0.00030752576001899653
2025-12-10 13:10:00-05:00,683.8300170898438,683.9949951171875,683.7899780273438,683.969970703125,237287,-0.00020089252215028927,0.00030752576001899653,0.0003162644868506495
2025-12-10 13:15:00-05:00,683.6400146484375,683.9400024414062,683.5800170898438,683.8250122070312,321868,-0.00027788900410117824,0.0003162644868506495,0.00036360044184419903
2025-12-10 13:20:00-05:00,683.2100219726562,683.6599731445312,683.1950073242188,683.64501953125,303155,-0.0006291731769330428,0.00036360044184419903,0.00037993043286049403
2025-12-10 13:25:00-05:00,682.8900146484375,683.219970703125,682.7000122070312,683.2100219726562,568591,-0.000468497652431702,0.00037993043286049403,0.0003808376024158515
2025-12-10 13:30:00-05:00,682.9949951171875,683.1699829101562,682.6799926757812,682.8800048828125,973511,0.00015371787259712893,0.0003808376024158515,0.00038800501066399553
2025-12-10 13:35:00-05:00,683.1849975585938,683.3800048828125,682.9299926757812,682.9949951171875,422383,0.0002781514055979651,0.00038800501066399553,0.0004412388934085078
2025-12-10 13:40:00-05:00,682.6950073242188,683.2000122070312,682.6799926757812,683.1900024414062,612991,-0.0007174718915901211,0.0004412388934085078,0.00044899278897535277
2025-12-10 13:45:00-05:00,683.0798950195312,683.1099853515625,682.594970703125,682.6900024414062,408618,0.00056361806742943,0.00044899278897535277,0.0003970411806152689
2025-12-10 13:50:00-05:00,682.7849731445312,683.0599975585938,682.719970703125,683.0599975585938,328687,-0.00043184635092016787,0.0003970411806152689,0.00040387053830319935
2025-12-10 13:55:00-05:00,682.8699951171875,682.9199829101562,682.4450073242188,682.780029296875,534263,0.00012451457321521474,0.00040387053830319935,0.0006067011905635353
2025-12-10 14:00:00-05:00,683.8599853515625,685.22998046875,682.6699829101562,682.8599853515625,2299629,0.0014486993358833774,0.0006067011905635353,0.0008538416455909439
2025-12-10 14:05:00-05:00,685.2899780273438,685.6900024414062,683.760009765625,683.8800048828125,2089573,0.002088877382317378,0.0008538416455909439,0.0008924364842023897
2025-12-10 14:10:00-05:00,684.75,685.739990234375,684.5805053710938,685.3200073242188,1138533,-0.000788266129403743,0.0008924364842023897,0.0008873424107900495
2025-12-10 14:15:00-05:00,685.0349731445312,685.5700073242188,684.6099853515625,684.760009765625,922983,0.00041608450118765946,0.0008873424107900495,0.0009902662269480951
2025-12-10 14:20:00-05:00,683.9998779296875,685.0701904296875,683.9349975585938,685.0599975585938,787654,-0.001512153487209835,0.0009902662269480951,0.0009752508355566022
2025-12-10 14:25:00-05:00,684.2100219726562,684.4000244140625,683.239990234375,684.010009765625,1210291,0.00030718100290932796,0.0009752508355566022,0.0012022782988324065
2025-12-10 14:30:00-05:00,685.9893798828125,686.2899780273438,684.02001953125,684.2100219726562,1761616,0.0025972262255854004,0.0012022782988324065,0.0012056881896885274
2025-12-10 14:35:00-05:00,686.02001953125,686.8200073242188,684.9099731445312,685.9849853515625,2818183,4.4663904570341634e-05,0.0012056881896885274,0.0014256432059924593
2025-12-10 14:40:00-05:00,684.3499755859375,686.27001953125,683.3599853515625,685.9901123046875,2243309,-0.002437363307774892,0.0014256432059924593,0.0014595215483019593
2025-12-10 14:45:00-05:00,685.2550048828125,685.8300170898438,684.239990234375,684.3109741210938,1293614,0.0013215919064380186,0.0014595215483019593,0.0015866272192518122
2025-12-10 14:50:00-05:00,687.0485229492188,687.489990234375,685.010009765625,685.239990234375,1596250,0.0026138810419076967,0.0015866272192518122,0.0015930205939482596
2025-12-10 14:55:00-05:00,687.8800048828125,688.0599975585938,687.010009765625,687.0499877929688,2885225,0.001209491283546545,0.0015930205939482596,0.0015709541368370329
2025-12-10 15:00:00-05:00,688.2249755859375,688.4199829101562,687.0800170898438,687.8699951171875,1781687,0.0005013726645098507,0.0015709541368370329,0.0014942602220823307
2025-12-10 15:05:00-05:00,688.3099975585938,688.489990234375,687.7000122070312,688.219970703125,1679014,0.00012353042156297656,0.0014942602220823307,0.0014507863667967012
2025-12-10 15:10:00-05:00,688.47998046875,688.6199951171875,687.9000244140625,688.3099975585938,1469595,0.00024692642121563503,0.0014507863667967012,0.0014692195951874197
2025-12-10 15:15:00-05:00,688.239990234375,688.5999755859375,687.969970703125,688.4650268554688,1440517,-0.00034864059781651113,0.0014692195951874197,0.0013688480968858904
2025-12-10 15:20:00-05:00,687.97998046875,688.8300170898438,687.8699951171875,688.25,1785978,-0.0003778607697224982,0.0013688480968858904,0.0013703886249505147
2025-12-10 15:25:00-05:00,688.1199951171875,688.5599975585938,687.7949829101562,687.969970703125,1029553,0.0002034948788674141,0.0013703886249505147,0.001206687705615145
2025-12-10 15:30:00-05:00,688.6900024414062,688.969970703125,687.9500122070312,688.0999755859375,1200643,0.000828011646917187,0.001206687705615145,0.0012084448604786871
2025-12-10 15:35:00-05:00,688.6699829101562,688.9299926757812,688.47998046875,688.6900024414062,1585039,-2.9069424789916095e-05,0.0012084448604786871,0.0008882750949962913
2025-12-10 15:40:00-05:00,688.375,688.8300170898438,688.25,688.6699829101562,1106373,-0.000428428872446752,0.0008882750949962913,0.0008650261600036557
2025-12-10 15:45:00-05:00,688.260009765625,688.7000122070312,688.0900268554688,688.364990234375,2525505,-0.0001670598725540063,0.0008650261600036557,0.0005102518828015456
2025-12-10 15:50:00-05:00,688.0900268554688,688.6900024414062,687.7150268554688,688.260009765625,2091569,-0.0002470053496533396,0.0005102518828015456,0.00046712345134146784
2025-12-10 15:55:00-05:00,687.4600219726562,688.239990234375,687.219970703125,688.0900268554688,5402361,-0.0009160043684349463,0.00046712345134146784,0.0012201286636165283
2025-12-11 09:30:00-05:00,684.6801147460938,685.3599853515625,684.47998046875,685.1400146484375,3277290,-0.004051934573717523,0.0012201286636165283,0.0012734512381153233
2025-12-11 09:35:00-05:00,685.3099975585938,685.8200073242188,684.5499877929688,684.7000122070312,1588130,0.0009195436539669742,0.0012734512381153233,0.0012809380838468623
2025-12-11 09:40:00-05:00,685.5850219726562,685.7000122070312,684.9099731445312,685.2999877929688,1289222,0.00040123337503437137,0.0012809380838468623,0.0014626375432281848
2025-12-11 09:45:00-05:00,683.6699829101562,685.7000122070312,683.6400146484375,685.594970703125,1539620,-0.0027972003817096007,0.0014626375432281848,0.001485214128350462
2025-12-11 09:50:00-05:00,682.655029296875,683.8499755859375,682.6199951171875,683.6400146484375,2213124,-0.0014856696479950886,0.001485214128350462,0.0014737180102876093
2025-12-11 09:55:00-05:00,682.6199951171875,683.219970703125,682.2899780273438,682.655029296875,1685853,-5.1321790948604605e-05,0.0014737180102876093,0.0014798438221104526
2025-12-11 10:00:00-05:00,683.22998046875,683.4199829101562,682.1649780273438,682.6500244140625,1445987,0.0008931953040517231,0.0014798438221104526,0.00168214016399581
2025-12-11 10:05:00-05:00,684.6900024414062,684.739990234375,683.1300048828125,683.22998046875,1540124,0.0021346607189205533,0.00168214016399581,0.0017058904509285446
2025-12-11 10:10:00-05:00,685.030029296875,685.3900146484375,684.1400756835938,684.7000122070312,1533321,0.0004964910413436894,0.0017058904509285446,0.0017290564309611384
2025-12-11 10:15:00-05:00,685.4299926757812,685.4400024414062,684.5750122070312,685.0,856040,0.0005836921673732191,0.0017290564309611384,0.0018090964879185966
2025-12-11 10:20:00-05:00,686.4550170898438,686.5,685.3200073242188,685.4400024414062,1253167,0.0014943302062604695,0.0018090964879185966,0.0017954502705212776
2025-12-11 10:25:00-05:00,686.260009765625,686.7994995117188,686.0599975585938,686.4400024414062,1041403,-0.0002841191678031601,0.0017954502705212776,0.001319884012778889
2025-12-11 10:30:00-05:00,685.97998046875,686.4500122070312,685.9550170898438,686.27001953125,1017319,-0.000408134586887081,0.001319884012778889,0.0012994311895471891
2025-12-11 10:35:00-05:00,686.1900024414062,686.27001953125,685.469970703125,685.989990234375,935159,0.00030611655540058164,0.0012994311895471891,0.001311444347885468
2025-12-11 10:40:00-05:00,685.77001953125,686.1799926757812,685.3699951171875,686.1699829101562,614746,-0.0006122378444688226,0.001311444347885468,0.0010744303656837586
2025-12-11 10:45:00-05:00,684.8400268554688,686.1699829101562,684.75,685.7698974609375,924171,-0.0013570494699853722,0.0010744303656837586,0.0009442166795029131
2025-12-11 10:50:00-05:00,685.0551147460938,685.1699829101562,684.0700073242188,684.8300170898438,1106231,0.0003140209580436186,0.0009442166795029131,0.0009580449553359747
2025-12-11 10:55:00-05:00,685.739990234375,685.8599853515625,684.97998046875,685.0599975585938,757360,0.0009992383876757424,0.0009580449553359747,0.0009492068141036613
2025-12-11 11:00:00-05:00,685.739990234375,686.1400146484375,685.0800170898438,685.739990234375,861276,0.0,0.0009492068141036613,0.0008333817183457459
2025-12-11 11:05:00-05:00,684.9949951171875,685.8800048828125,684.9199829101562,685.75,746170,-0.0010870010592920851,0.0008333817183457459,0.0008360525734874083
2025-12-11 11:10:00-05:00,685.3699951171875,685.5599975585938,684.8900146484375,685.0,562183,0.0005472994596810342,0.0008360525734874083,0.000826291063153734
2025-12-11 11:15:00-05:00,685.094482421875,685.4099731445312,684.802001953125,685.3699951171875,353358,-0.0004020720033822017,0.000826291063153734,0.0007406649002921752
2025-12-11 11:20:00-05:00,685.719970703125,685.760009765625,684.8400268554688,685.0800170898438,434887,0.0009125791214602373,0.0007406649002921752,0.0008640146608774792
2025-12-11 11:25:00-05:00,684.60498046875,685.780029296875,684.4000244140625,685.72998046875,664908,-0.0016273373399261512,0.0008640146608774792,0.0009298518771777772
2025-12-11 11:30:00-05:00,685.3099975585938,685.3599853515625,684.5399780273438,684.6099853515625,642016,0.0010292859971528367,0.0009298518771777772,0.0009370712833232362
2025-12-11 11:35:00-05:00,685.6300048828125,685.739990234375,685.1599731445312,685.3400268554688,858184,0.0004668436685206468,0.0009370712833232362,0.000988669813469489
2025-12-11 11:40:00-05:00,686.469970703125,686.72998046875,685.510009765625,685.6199951171875,1192260,0.001224350907639959,0.000988669813469489,0.0008843855887367047
2025-12-11 11:45:00-05:00,686.3699951171875,686.969970703125,686.1599731445312,686.47998046875,736335,-0.0001456478374804379,0.0008843855887367047,0.0010217694910831287
2025-12-11 11:50:00-05:00,685.27001953125,686.4500122070312,685.1799926757812,686.3800048828125,907931,-0.0016038841241031918,0.0010217694910831287,0.000981475966301844
2025-12-11 11:55:00-05:00,685.5,685.530029296875,684.844970703125,685.2650146484375,967337,0.0003355493155395501,0.000981475966301844,0.0010030315549141482
2025-12-11 12:00:00-05:00,685.969970703125,686.0800170898438,685.39501953125,685.52001953125,925386,0.0006853532801447822,0.0010030315549141482,0.0009429179242719018
2025-12-11 12:05:00-05:00,685.8699951171875,686.0999755859375,685.77001953125,685.97998046875,370271,-0.00014575400718073862,0.0009429179242719018,0.0009921283880470757
2025-12-11 12:10:00-05:00,686.719970703125,687.0,685.8900146484375,685.8900146484375,734132,0.0012384990649063504,0.0009921283880470757,0.0009762276829400852
2025-12-11 12:15:00-05:00,686.9199829101562,687.0599975585938,686.5900268554688,686.719970703125,702425,0.00029121489647802667,0.0009762276829400852,0.0009774450833003284
2025-12-11 12:20:00-05:00,687.5599975585938,687.6599731445312,686.9199829101562,686.9199829101562,757448,0.000931282672412013,0.0009774450833003284,0.0008095605660321691
2025-12-11 12:25:00-05:00,687.35498046875,687.9099731445312,687.1849975585938,687.5499877929688,958851,-0.0002982251188468047,0.0008095605660321691,0.0007834136938429849
2025-12-11 12:30:00-05:00,687.72998046875,687.760009765625,687.3400268554688,687.3499755859375,559417,0.0005454208575457936,0.0007834136938429849,0.0007872601468704227
2025-12-11 12:35:00-05:00,687.6950073242188,687.8499755859375,687.4000244140625,687.739990234375,742513,-5.085431026649168e-05,0.0007872601468704227,0.0007251676054823483
2025-12-11 12:40:00-05:00,687.780029296875,688.0350952148438,687.6199951171875,687.6900024414062,576119,0.000123625613698469,0.0007251676054823483,0.0007510132055317958
2025-12-11 12:45:00-05:00,687.3900146484375,687.9149780273438,687.3499755859375,687.7899780273438,533402,-0.0005672239016719648,0.0007510132055317958,0.0005191750055063663
2025-12-11 12:50:00-05:00,687.489990234375,687.5499877929688,687.14501953125,687.3800048828125,673845,0.00014543172605402166,0.0005191750055063663,0.0005428929253330506
2025-12-11 12:55:00-05:00,687.2899780273438,687.52001953125,686.97998046875,687.4849853515625,608735,-0.00029097341110564576,0.0005428929253330506,0.0005416381732015429
2025-12-11 13:00:00-05:00,687.75,687.8699951171875,687.0900268554688,687.280029296875,532670,0.0006691034401470531,0.0005416381732015429,0.000529567768557378
2025-12-11 13:05:00-05:00,687.905029296875,687.9500122070312,687.6099853515625,687.719970703125,307433,0.00022538978774438358,0.000529567768557378,0.00042770015409797986
2025-12-11 13:10:00-05:00,688.010009765625,688.1900024414062,687.7650146484375,687.9000244140625,418568,0.00015259731302197726,0.00042770015409797986,0.0004449254705957969
2025-12-11 13:15:00-05:00,687.7999877929688,688.030029296875,687.7100219726562,688.02001953125,335616,-0.0003053066552217098,0.0004449254705957969,0.0003627707321331792
2025-12-11 13:20:00-05:00,687.9000244140625,688.1243896484375,687.6500244140625,687.7999877929688,710707,0.00014543377245386461,0.0003627707321331792,0.00037247482246538976
2025-12-11 13:25:00-05:00,687.625,688.010009765625,687.4099731445312,687.9000244140625,498963,-0.00039988282706020684,0.00037247482246538976,0.00033620476818186333
2025-12-11 13:30:00-05:00,687.5700073242188,687.719970703125,687.2999877929688,687.6199951171875,444878,-7.99780038724883e-05,0.00033620476818186333,0.0004467221754574921
2025-12-11 13:35:00-05:00,688.260009765625,688.3150024414062,687.5399780273438,687.5750122070312,526274,0.001003034518341737,0.0004467221754574921,0.0004563651075722257
2025-12-11 13:40:00-05:00,688.530029296875,688.625,688.1799926757812,688.2550048828125,655252,0.00039224504398043827,0.0004563651075722257,0.0004260802299383232
2025-12-11 13:45:00-05:00,688.3300170898438,688.619873046875,688.1799926757812,688.5399780273438,598992,-0.00029053382580615733,0.0004260802299383232,0.00045803788329277015
2025-12-11 13:50:00-05:00,688.0050048828125,688.4500122070312,687.9600219726562,688.3400268554688,427658,-0.000472286482409887,0.00045803788329277015,0.00044670502425272725
2025-12-11 13:55:00-05:00,687.9600219726562,688.1900024414062,687.760009765625,688.010009765625,578875,-6.538379870757997e-05,0.00044670502425272725,0.0004210054594153276
2025-12-11 14:00:00-05:00,688.239990234375,688.4099731445312,687.9400024414062,687.969970703125,609835,0.0004068714766714474,0.0004210054594153276,0.00042407061568628936
2025-12-11 14:05:00-05:00,688.0964965820312,688.260009765625,687.8499755859375,688.22998046875,567781,-0.00020851536559290316,0.00042407061568628936,0.00042650613440603
2025-12-11 14:10:00-05:00,688.25,688.260009765625,687.9598999023438,688.0999755859375,607857,0.000223059264489564,0.00042650613440603,0.000444332893796718
2025-12-11 14:15:00-05:00,688.6799926757812,688.760009765625,688.239990234375,688.260009765625,814663,0.0006245672503994567,0.000444332893796718,0.00044515860814507366
2025-12-11 14:20:00-05:00,688.6799926757812,688.77001953125,688.4500122070312,688.6699829101562,570837,0.0,0.00044515860814507366,0.0004189892490249153
2025-12-11 14:25:00-05:00,688.6799926757812,688.7899780273438,688.5150146484375,688.6900024414062,554262,0.0,0.0004189892490249153,0.00041600993543554365
2025-12-11 14:30:00-05:00,688.6799926757812,688.8400268554688,688.5900268554688,688.6799926757812,647693,0.0,0.00041600993543554365,0.000313632305140842
2025-12-11 14:35:00-05:00,688.7449951171875,689.0499877929688,688.6799926757812,688.6900024414062,886066,9.43825500925495e-05,0.000313632305140842,0.0003136056158815772
2025-12-11 14:40:00-05:00,689.0150146484375,689.0490112304688,688.72998046875,688.75,556563,0.0003919688955887459,0.0003136056158815772,0.0002937806681156042
2025-12-11 14:45:00-05:00,689.0599975585938,689.1400146484375,688.8699951171875,689.02001953125,744698,6.528368887578208e-05,0.0002937806681156042,0.0002665379159908122
2025-12-11 14:50:00-05:00,688.85498046875,689.25,688.8353271484375,689.0599975585938,503146,-0.0002975758223488334,0.0002665379159908122,0.0002649935447982265
2025-12-11 14:55:00-05:00,688.8300170898438,689.1199951171875,688.8200073242188,688.8499755859375,817777,-3.62396033247499e-05,0.0002649935447982265,0.00025645854566731736
2025-12-11 15:00:00-05:00,689.0449829101562,689.1599731445312,688.8200073242188,688.8300170898438,545691,0.0003120251431466081,0.00025645854566731736,0.00025994604242534557
2025-12-11 15:05:00-05:00,688.8800048828125,689.0499877929688,688.6599731445312,689.0399780273438,993403,-0.00023945864919150644,0.00025994604242534557,0.00027388721148429996
2025-12-11 15:10:00-05:00,688.7100219726562,688.9299926757812,688.6900024414062,688.8900146484375,505394,-0.0002467830162895662,0.00027388721148429996,0.000207558771280297
2025-12-11 15:15:00-05:00,688.682373046875,688.8599853515625,688.6099853515625,688.7100219726562,462539,-4.0146767014211515e-05,0.000207558771280297,0.00021331158979793693
2025-12-11 15:20:00-05:00,688.7999877929688,688.9299926757812,688.6500244140625,688.6900024414062,592656,0.00017076769869904374,0.00021331158979793693,0.00026516461874097276
2025-12-11 15:25:00-05:00,688.4349975585938,688.8250122070312,688.4099731445312,688.7899780273438,833750,-0.000530033359306103,0.00026516461874097276,0.0002691849176340425
2025-12-11 15:30:00-05:00,688.2999877929688,688.52001953125,688.2000122070312,688.4400024414062,1211520,-0.0001961303627702576,0.0002691849176340425,0.00026649583699589425
2025-12-11 15:35:00-05:00,688.2055053710938,688.3400268554688,687.989990234375,688.2949829101562,1654635,-0.00013727867050674028,0.00026649583699589425,0.0002508472835469623
2025-12-11 15:40:00-05:00,688.4000244140625,688.5499877929688,688.1599731445312,688.2000122070312,1164620,0.0002826068035535056,0.0002508472835469623,0.0002472810014385703
2025-12-11 15:45:00-05:00,688.3099975585938,688.47998046875,688.0900268554688,688.3900146484375,919368,-0.00013078550189978678,0.0002472810014385703,0.00029148901859185275
2025-12-11 15:50:00-05:00,688.6599731445312,689.1099853515625,688.3099975585938,688.3099975585938,2490047,0.000508327125383694,0.00029148901859185275,0.0003603067579900454
2025-12-11 15:55:00-05:00,689.1500244140625,689.1799926757812,688.27001953125,688.6500244140625,5223171,0.0007113481409833082,0.0003603067579900454,0.0004688250698244699
2025-12-12 09:30:00-05:00,688.4149780273438,688.6849975585938,687.7000122070312,688.1699829101562,3232551,-0.0010671677273665348,0.0004688250698244699,0.000495147802481442
2025-12-12 09:35:00-05:00,688.77197265625,688.8699951171875,688.2100219726562,688.4099731445312,799743,0.0005184403420685236,0.000495147802481442,0.0006026109998750641
2025-12-12 09:40:00-05:00,687.9400024414062,688.8800048828125,687.7899780273438,688.7899780273438,1236915,-0.0012086338045587783,0.0006026109998750641,0.0006355455434565633
2025-12-12 09:45:00-05:00,687.389892578125,688.1500244140625,687.364990234375,687.9400024414062,1184345,-0.0007999679125861624,0.0006355455434565633,0.0006771174466524679
2025-12-12 09:50:00-05:00,687.8699951171875,688.019775390625,687.1699829101562,687.3800048828125,1033771,0.0006981990282149649,0.0006771174466524679,0.0006784117019750384
2025-12-12 09:55:00-05:00,687.489990234375,687.9849853515625,687.405029296875,687.8599853515625,741627,-0.0005525897169170046,0.0006784117019750384,0.0007434596866222877
2025-12-12 10:00:00-05:00,686.6900024414062,687.5399780273438,686.5800170898438,687.4600219726562,1476932,-0.0011643130996029862,0.0007434596866222877,0.0007922838396388759
2025-12-12 10:05:00-05:00,685.9000244140625,686.8900146484375,685.5800170898438,686.7000122070312,1600624,-0.0011510765765635207,0.0007922838396388759,0.0007786505308523066
2025-12-12 10:10:00-05:00,685.9099731445312,686.510009765625,685.7899780273438,685.9000244140625,2143554,1.4504531220283803e-05,0.0007786505308523066,0.0007803789071067538
2025-12-12 10:15:00-05:00,685.8699951171875,686.1300048828125,685.3599853515625,685.9099731445312,1373857,-5.828635536311861e-05,0.0007803789071067538,0.000810899366783591
2025-12-12 10:20:00-05:00,684.8200073242188,686.0449829101562,684.719970703125,685.8599853515625,1722916,-0.001532057571699198,0.000810899366783591,0.0007758127495944772
2025-12-12 10:25:00-05:00,683.75,684.909912109375,683.6300048828125,684.7999877929688,2728798,-0.001563686967442996,0.0007758127495944772,0.0008701249455016542
2025-12-12 10:30:00-05:00,684.3099975585938,684.7100219726562,683.3099975585938,683.75,2273897,0.000818674021417623,0.0008701249455016542,0.0009191574512160148
2025-12-12 10:35:00-05:00,684.9400024414062,685.1500244140625,683.9600219726562,684.3300170898438,1344869,0.0009202189918129701,0.0009191574512160148,0.0009166716331251209
2025-12-12 10:40:00-05:00,685.2000122070312,685.2100219726562,684.3499755859375,684.9299926757812,1086450,0.00037953751582513445,0.0009166716331251209,0.0009086438047018901
2025-12-12 10:45:00-05:00,685.2000122070312,685.6099853515625,684.9149780273438,685.2000122070312,1148283,0.0,0.0009086438047018901,0.0009686029046292495
2025-12-12 10:50:00-05:00,683.885009765625,685.4199829101562,683.8800048828125,685.2000122070312,1413748,-0.0019209951532435134,0.0009686029046292495,0.0012364918626027602
2025-12-12 10:55:00-05:00,681.739990234375,683.8900146484375,681.3099975585938,683.8699951171875,3173283,-0.003141449951922851,0.0012364918626027602,0.0012604058832519957
2025-12-12 11:00:00-05:00,680.6199951171875,682.4600219726562,680.6199951171875,681.72998046875,2893649,-0.0016441988630688657,0.0012604058832519957,0.00129862819214736
2025-12-12 11:05:00-05:00,680.9400024414062,681.780029296875,680.469970703125,680.6199951171875,2137638,0.00047005982943807426,0.00129862819214736,0.0013041634891112746
2025-12-12 11:10:00-05:00,681.030029296875,681.3800048828125,680.1799926757812,680.9600219726562,2312493,0.0001322009346782834,0.0013041634891112746,0.0012967830759452565
2025-12-12 11:15:00-05:00,680.8200073242188,681.7100219726562,680.510009765625,681.030029296875,1331059,-0.00030843627223795244,0.0012967830759452565,0.0012648220149621497
2025-12-12 11:20:00-05:00,680.3699951171875,681.219970703125,679.7000122070312,680.8300170898438,2490803,-0.0006612041267115416,0.0012648220149621497,0.0013260158072871111
2025-12-12 11:25:00-05:00,681.27001953125,681.3200073242188,680.0900268554688,680.3699951171875,1140323,0.0013219713513912604,0.0013260158072871111,0.001309723505946713
2025-12-12 11:30:00-05:00,680.3200073242188,681.2899780273438,679.9299926757812,681.27001953125,850718,-0.0013954455341979323,0.001309723505946713,0.0012370563260716634
2025-12-12 11:35:00-05:00,679.6500244140625,680.510009765625,679.1743774414062,680.3150024414062,1554954,-0.000985290776593629,0.0012370563260716634,0.0013639436549919468
2025-12-12 11:40:00-05:00,680.7000122070312,680.7100219726562,679.239990234375,679.6599731445312,1363276,0.0015437026841832841,0.0013639436549919468,0.0013530325878287218
2025-12-12 11:45:00-05:00,680.330078125,680.75,679.8800048828125,680.7000122070312,1299496,-0.0005436089822980435,0.0013530325878287218,0.0012870447753762677
2025-12-12 11:50:00-05:00,680.0499877929688,680.3300170898438,679.760009765625,680.3300170898438,658398,-0.00041178247609804426,0.0012870447753762677,0.0010183101941975922
2025-12-12 11:55:00-05:00,680.5994262695312,680.6400146484375,679.6599731445312,680.02001953125,1238408,0.0008076121604104751,0.0010183101941975922,0.000935689579889039
2025-12-12 12:00:00-05:00,681.1900024414062,681.4500122070312,680.3300170898438,680.5900268554688,996424,0.0008673531993244976,0.000935689579889039,0.0009387588125264939
2025-12-12 12:05:00-05:00,681.5599975585938,682.1199951171875,681.1300048828125,681.1900024414062,931591,0.0005430124766524245,0.0009387588125264939,0.0009456212539802645
2025-12-12 12:10:00-05:00,681.8800048828125,682.030029296875,681.5050048828125,681.5399780273438,597908,0.0004694116785802844,0.0009456212539802645,0.0010116433937994748
2025-12-12 12:15:00-05:00,682.8800048828125,682.9000244140625,681.8800048828125,681.8800048828125,694371,0.0014654593801235701,0.0010116433937994748,0.000985189155240802
2025-12-12 12:20:00-05:00,682.7000122070312,683.02001953125,682.4099731445312,682.8845825195312,912670,-0.0002636135189019102,0.000985189155240802,0.0010955053240255257
2025-12-12 12:25:00-05:00,681.4600219726562,682.7000122070312,681.3800048828125,682.7000122070312,820167,-0.0018179547044571928,0.0010955053240255257,0.0010036411209045795
2025-12-12 12:30:00-05:00,681.7579956054688,682.0,680.9450073242188,681.4400024414062,912901,0.00043716211745402795,0.0010036411209045795,0.0009742697718846322
2025-12-12 12:35:00-05:00,682.5999755859375,682.6599731445312,681.2899780273438,681.75,675334,0.0012342509885746003,0.0009742697718846322,0.0009093280946370321
2025-12-12 12:40:00-05:00,682.469970703125,682.8499755859375,682.3499755859375,682.594970703125,471477,-0.00019047358497484938,0.0009093280946370321,0.0008907456569899253
2025-12-12 12:45:00-05:00,683.030029296875,683.239990234375,682.4199829101562,682.4600219726562,600726,0.0008202982426288276,0.0008907456569899253,0.0009026038540568768
2025-12-12 12:50:00-05:00,682.6500244140625,683.14990234375,682.3699951171875,683.0499877929688,454318,-0.0005565064695603109,0.0009026038540568768,0.0008921275764821221
2025-12-12 12:55:00-05:00,682.6699829101562,683.0399780273438,682.52001953125,682.6456298828125,362787,2.9236363618883002e-05,0.0008921275764821221,0.0008709483405656491
2025-12-12 13:00:00-05:00,682.8250122070312,682.9600219726562,682.3800048828125,682.6799926757812,475030,0.0002270668118088204,0.0008709483405656491,0.0008658322023029238
2025-12-12 13:05:00-05:00,682.8150024414062,683.1900024414062,682.780029296875,682.8400268554688,513522,-1.4659449807878678e-05,0.0008658322023029238,0.0009165961407202217
2025-12-12 13:10:00-05:00,683.6500244140625,684.2100219726562,682.77001953125,682.8049926757812,1918842,0.0012221638463972124,0.0009165961407202217,0.0008305970762649457
2025-12-12 13:15:00-05:00,683.8800048828125,684.3400268554688,683.5800170898438,683.6500244140625,759941,0.0003363443083386378,0.0008305970762649457,0.0008620350196783043
2025-12-12 13:20:00-05:00,683.3699951171875,683.9299926757812,683.0999755859375,683.8699951171875,655948,-0.0007460373586099984,0.0008620350196783043,0.0006366643505089614
2025-12-12 13:25:00-05:00,683.8800048828125,683.8800048828125,683.3200073242188,683.3699951171875,484431,0.0007460373586100835,0.0006366643505089614,0.0006632919670196179
2025-12-12 13:30:00-05:00,683.6199951171875,683.9000244140625,683.4400024414062,683.8800048828125,405356,-0.00038027022853127137,0.0006632919670196179,0.0005836256191245748
2025-12-12 13:35:00-05:00,683.6300048828125,683.75,683.0800170898438,683.6199951171875,520237,1.464218778602543e-05,0.0005836256191245748,0.0006577130714348728
2025-12-12 13:40:00-05:00,682.97998046875,683.7899780273438,682.7999877929688,683.6400146484375,1951366,-0.000951294765954582,0.0006577130714348728,0.0006189277085937026
2025-12-12 13:45:00-05:00,683.1799926757812,683.2000122070312,682.719970703125,682.989990234375,556627,0.0002928093523335596,0.0006189277085937026,0.0005925379920334308
2025-12-12 13:50:00-05:00,683.2949829101562,683.5399780273438,683.02001953125,683.1749877929688,631637,0.00016830199850120654,0.0005925379920334308,0.00068455759690848
2025-12-12 13:55:00-05:00,682.5399780273438,683.4400024414062,682.469970703125,683.2999877929688,565722,-0.0011055581110549747,0.00068455759690848,0.0006811980631676466
2025-12-12 14:00:00-05:00,682.4299926757812,682.6699829101562,681.9299926757812,682.5499877929688,1320720,-0.00016115424391922683,0.0006811980631676466,0.0007033931150050275
2025-12-12 14:05:00-05:00,681.97998046875,682.5900268554688,681.9400024414062,682.4199829101562,761494,-0.0006596437027090153,0.0007033931150050275,0.0005676948800797997
2025-12-12 14:10:00-05:00,681.739990234375,682.3400268554688,681.5499877929688,681.97998046875,831557,-0.00035196410114719974,0.0005676948800797997,0.000540428222161448
2025-12-12 14:15:00-05:00,681.6500244140625,682.0700073242188,681.530029296875,681.72998046875,684365,-0.00013197371181607352,0.000540428222161448,0.000519642386977348
2025-12-12 14:20:00-05:00,681.530029296875,681.8800048828125,681.219970703125,681.6500244140625,869346,-0.00017605175071441832,0.000519642386977348,0.000425522220501063
2025-12-12 14:25:00-05:00,681.4749755859375,681.6500244140625,681.2100219726562,681.5399780273438,658398,-8.078284492013084e-05,0.000425522220501063,0.0004725995234644434
2025-12-12 14:30:00-05:00,681.77001953125,682.0499877929688,681.4600219726562,681.489990234375,678689,0.000432855357585751,0.0004725995234644434,0.0004664935182753183
2025-12-12 14:35:00-05:00,681.60009765625,681.969970703125,681.5599975585938,681.77001953125,884236,-0.00024926742010502614,0.0004664935182753183,0.0004316872503348509
2025-12-12 14:40:00-05:00,681.7899780273438,682.27001953125,681.6400146484375,681.6400146484375,764690,0.0002785415204466487,0.0004316872503348509,0.0004147375818035529
2025-12-12 14:45:00-05:00,681.8255004882812,681.9099731445312,681.5499877929688,681.780029296875,527977,5.210040734378805e-05,0.0004147375818035529,0.00040606603500887217
2025-12-12 14:50:00-05:00,681.8400268554688,682.1199951171875,681.75,681.8099975585938,386601,2.1304882901025362e-05,0.00040606603500887217,0.0002936086448431356
2025-12-12 14:55:00-05:00,681.9699096679688,682.2100219726562,681.5800170898438,681.9849853515625,1060688,0.00019047054785902175,0.0002936086448431356,0.00029798440485140864
2025-12-12 15:00:00-05:00,681.7899780273438,682.1199951171875,681.4600219726562,681.9600219726562,922058,-0.00026387583810388746,0.00029798440485140864,0.0003360354650899368
2025-12-12 15:05:00-05:00,682.3400268554688,682.3800048828125,681.72998046875,681.780029296875,927378,0.000806446388491929,0.0003360354650899368,0.00039560815626085477
2025-12-12 15:10:00-05:00,681.8200073242188,682.5150146484375,681.8099975585938,682.3300170898438,1024326,-0.0007624025677477842,0.00039560815626085477,0.0003933682572560155
2025-12-12 15:15:00-05:00,681.7999877929688,682.0656127929688,681.6900024414062,681.8200073242188,953577,-2.9362331621844583e-05,0.0003933682572560155,0.0003919088271182992
2025-12-12 15:20:00-05:00,681.9450073242188,681.9949951171875,681.760009765625,681.8049926757812,820658,0.00021267837068629026,0.0003919088271182992,0.00047175428468034154
2025-12-12 15:25:00-05:00,681.3599853515625,681.97998046875,681.0999755859375,681.9500122070312,1457583,-0.000858240836362687,0.00047175428468034154,0.0004681880999937755
2025-12-12 15:30:00-05:00,681.02001953125,681.489990234375,680.3099975585938,681.369873046875,2245773,-0.0004990763607077437,0.0004681880999937755,0.0005372617810117595
2025-12-12 15:35:00-05:00,680.3350219726562,681.1300048828125,680.0700073242188,681.02001953125,1645347,-0.0010063467582226697,0.0005372617810117595,0.0005856608011375975
2025-12-12 15:40:00-05:00,680.8397216796875,681.1400146484375,680.3200073242188,680.3400268554688,1795690,0.0007415649350143203,0.0005856608011375975,0.0006379644712835096
2025-12-12 15:45:00-05:00,681.3599853515625,681.8699951171875,680.72998046875,680.8400268554688,2339018,0.0007638581839161091,0.0006379644712835096,0.0006377695043597706
2025-12-12 15:50:00-05:00,681.3610229492188,681.6900024414062,680.8400268554688,681.3599853515625,2555664,1.5228321130842046e-06,0.0006377695043597706,0.0006579494862538078
2025-12-12 15:55:00-05:00,681.72998046875,681.8400268554688,681.2550048828125,681.3800048828125,5148805,0.0005413542127659997,0.0006579494862538078,0.0011474350858249657
2025-12-15 09:30:00-05:00,683.9550170898438,685.760009765625,683.9400024414062,685.739990234375,3861868,0.003258494592557108,0.0011474350858249657,0.0011558572402159402
2025-12-15 09:35:00-05:00,683.5800170898438,684.7943725585938,683.5549926757812,683.969970703125,1938426,-0.0005484320328571987,0.0011558572402159402,0.0011206196548288667
2025-12-15 09:40:00-05:00,683.6199951171875,684.4749755859375,683.5599975585938,683.5900268554688,1496823,5.848160766271923e-05,0.0011206196548288667,0.0011212393827363038
2025-12-15 09:45:00-05:00,683.5800170898438,683.8712158203125,683.219970703125,683.6199951171875,1560209,-5.8481607662617305e-05,0.0011212393827363038,0.001172771227694138
2025-12-15 09:50:00-05:00,682.9149780273438,683.72998046875,682.6400146484375,683.5900268554688,2063958,-0.0009733502389423557,0.001172771227694138,0.0011623095987251394
2025-12-15 09:55:00-05:00,682.4299926757812,683.0,682.2999877929688,682.8900146484375,1809310,-0.0007104217357029728,0.0011623095987251394,0.0012297454889401986
2025-12-15 10:00:00-05:00,681.5,682.4500122070312,681.1799926757812,682.4299926757812,1936889,-0.001363695827349244,0.0012297454889401986,0.001186586850168975
2025-12-15 10:05:00-05:00,681.8200073242188,682.5850219726562,681.4099731445312,681.5,1335859,0.00046945299471382073,0.001186586850168975,0.0011958341483811951
2025-12-15 10:10:00-05:00,681.364990234375,681.89501953125,681.1400146484375,681.7999877929688,1338504,-0.0006675793931965228,0.0011958341483811951,0.001211770151477972
2025-12-15 10:15:00-05:00,680.6699829101562,681.5,680.6300048828125,681.3400268554688,1556880,-0.001020542641332378,0.001211770151477972,0.001254452920175876
2025-12-15 10:20:00-05:00,679.8400268554688,681.4600219726562,679.8300170898438,680.6799926757812,1560937,-0.001220066227640476,0.001254452920175876,0.0012350274757186334
2025-12-15 10:25:00-05:00,679.8200073242188,680.1300048828125,679.25,679.8300170898438,1844777,-2.944784835647333e-05,0.0012350274757186334,0.0008348238397734705
2025-12-15 10:30:00-05:00,680.9000244140625,681.3200073242188,679.5900268554688,679.8200073242188,1824234,0.0015874203237220923,0.0008348238397734705,0.0008361719231564195
2025-12-15 10:35:00-05:00,680.4852294921875,681.2899780273438,680.1900024414062,680.9000244140625,1074133,-0.0006093718637254565,0.0008361719231564195,0.0010675781478676177
2025-12-15 10:40:00-05:00,681.7999877929688,681.8200073242188,680.052001953125,680.489990234375,1313741,0.0019302253189072758,0.0010675781478676177,0.0010826000074942192
2025-12-15 10:45:00-05:00,682.0800170898438,682.1300048828125,681.4500122070312,681.7999877929688,1430395,0.0004106362727034041,0.0010826000074942192,0.001113981484960926
2025-12-15 10:50:00-05:00,681.1500244140625,682.1599731445312,680.7349853515625,682.1099853515625,1101574,-0.0013643960178963339,0.001113981484960926,0.0011041306022236304
2025-12-15 10:55:00-05:00,681.1500244140625,681.39501953125,680.760009765625,681.1500244140625,706549,0.0,0.0011041306022236304,0.0010372854510711886
2025-12-15 11:00:00-05:00,681.030029296875,681.405029296875,680.5599975585938,681.1400146484375,916779,-0.00017618099335839696,0.0010372854510711886,0.0010821740334685116
2025-12-15 11:05:00-05:00,681.7849731445312,681.7999877929688,680.969970703125,681.0399780273438,826470,0.0011079184240373465,0.0010821740334685116,0.0011137160850012654
2025-12-15 11:10:00-05:00,681.030029296875,681.8892211914062,680.9099731445312,681.7899780273438,648778,-0.001107918424037383,0.0011137160850012654,0.0012591531209366876
2025-12-15 11:15:00-05:00,682.6300048828125,682.6599731445312,680.969970703125,681.0399780273438,1081044,0.0023465912031181762,0.0012591531209366876,0.0011802339277243773
2025-12-15 11:20:00-05:00,682.5599975585938,682.8400268554688,682.280029296875,682.6400146484375,831473,-0.00010256055809800602,0.0011802339277243773,0.0011747388568931541
2025-12-15 11:25:00-05:00,682.7899780273438,683.0599975585938,682.530029296875,682.5700073242188,728850,0.0003368813491592305,0.0011747388568931541,0.001285180245156913
2025-12-15 11:30:00-05:00,681.4299926757812,682.9199829101562,681.405029296875,682.7899780273438,1232167,-0.0019937925426797044,0.001285180245156913,0.001294977625948447
2025-12-15 11:35:00-05:00,680.8900146484375,681.5800170898438,680.5150146484375,681.4298095703125,1299863,-0.0007927330623035833,0.001294977625948447,0.0011567676811266889
2025-12-15 11:40:00-05:00,680.5499877929688,681.3499755859375,680.4099731445312,680.8800048828125,1072385,-0.0004995106092504993,0.0011567676811266889,0.0011445904964075613
2025-12-15 11:45:00-05:00,680.5499877929688,680.739990234375,680.1400146484375,680.5700073242188,1034533,0.0,0.0011445904964075613,0.0011575099998977429
2025-12-15 11:50:00-05:00,681.4600219726562,681.52001953125,680.4500122070312,680.5399780273438,964369,0.0013363107592237148,0.0011575099998977429,0.0011857996749793283
2025-12-15 11:55:00-05:00,680.8800048828125,681.739990234375,680.5800170898438,681.4500122070312,945872,-0.0008515012602659061,0.0011857996749793283,0.001185105604020004
2025-12-15 12:00:00-05:00,680.8200073242188,681.219970703125,680.5700073242188,680.8800048828125,628134,-8.812155114149749e-05,0.001185105604020004,0.0011396284765020938
2025-12-15 12:05:00-05:00,681.0800170898438,681.22998046875,680.6699829101562,680.8250122070312,535694,0.0003818338558234744,0.0011396284765020938,0.0010985768531484963
2025-12-15 12:10:00-05:00,680.8300170898438,681.3300170898438,680.7849731445312,681.0900268554688,643018,-0.0003671314499985734,0.0010985768531484963,0.0008120313829825405
2025-12-15 12:15:00-05:00,680.4299926757812,680.8800048828125,680.2100219726562,680.8099975585938,682641,-0.0005877266983640174,0.0008120313829825405,0.0008233259389676055
2025-12-15 12:20:00-05:00,680.5800170898438,680.9400024414062,680.3300170898438,680.4199829101562,651621,0.0002204604133601525,0.0008233259389676055,0.0008110454306489379
2025-12-15 12:25:00-05:00,680.6500244140625,681.0999755859375,680.510009765625,680.5800170898438,463752,0.00010285891751718764,0.0008110454306489379,0.000617193810058583
2025-12-15 12:30:00-05:00,680.239990234375,680.97998046875,680.0700073242188,680.6500244140625,609797,-0.0006025971058376194,0.000617193810058583,0.0006443755290056445
2025-12-15 12:35:00-05:00,680.8300170898438,680.889892578125,680.2349853515625,680.2349853515625,497716,0.0008670044733242818,0.0006443755290056445,0.0006413299406577844
2025-12-15 12:40:00-05:00,681.1900024414062,681.4500122070312,680.7802124023438,680.8300170898438,975596,0.0005286050935855769,0.0006413299406577844,0.0007444114489425713
2025-12-15 12:45:00-05:00,680.35498046875,681.4000244140625,680.3099975585938,681.1799926757812,1065583,-0.0012265802273566083,0.0007444114489425713,0.00061948522316512
2025-12-15 12:50:00-05:00,679.9849853515625,680.3499755859375,679.4199829101562,680.3499755859375,1060232,-0.0005439744999157085,0.00061948522316512,0.0006356998511603287
2025-12-15 12:55:00-05:00,680.50439453125,680.5800170898438,679.8599853515625,679.9912109375,588267,0.0007635623072163866,0.0006356998511603287,0.0006368188627459113
2025-12-15 13:00:00-05:00,680.5700073242188,680.7999877929688,680.0050048828125,680.5,578566,9.641323491225148e-05,0.0006368188627459113,0.0006242723886520357
2025-12-15 13:05:00-05:00,680.5999755859375,681.0999755859375,680.4600219726562,680.5800170898438,549603,4.4033092266082676e-05,0.0006242723886520357,0.0006396762808271109
2025-12-15 13:10:00-05:00,680.97998046875,681.0599975585938,680.5900268554688,680.6199951171875,380738,0.0005581822661079516,0.0006396762808271109,0.0006614560291453351
2025-12-15 13:15:00-05:00,680.4298706054688,681.1900024414062,680.3499755859375,680.97998046875,441399,-0.0008081473669182497,0.0006614560291453351,0.0007003323408041502
2025-12-15 13:20:00-05:00,679.8499755859375,680.6500244140625,679.8499755859375,680.4199829101562,572870,-0.0008526114038728487,0.0007003323408041502,0.0007029969973628707
2025-12-15 13:25:00-05:00,679.97998046875,680.0800170898438,679.510009765625,679.8400268554688,641025,0.00019120755890056498,0.0007029969973628707,0.0006841984811855506
2025-12-15 13:30:00-05:00,679.8900146484375,680.3400268554688,679.6199951171875,679.97998046875,608677,-0.00013231532538665765,0.0006841984811855506,0.0006235828183901679
2025-12-15 13:35:00-05:00,679.9299926757812,680.3099975585938,679.6799926757812,679.8800048828125,495088,5.8798998602692015e-05,0.0006235828183901679,0.0006222975828942018
2025-12-15 13:40:00-05:00,680.280029296875,680.4000244140625,679.8200073242188,679.8900146484375,536983,0.0005146802672620077,0.0006222975828942018,0.0005174906182791733
2025-12-15 13:45:00-05:00,680.4199829101562,680.6300048828125,680.1900024414062,680.2899780273438,528117,0.0002057082568077942,0.0005174906182791733,0.0005108402898015905
2025-12-15 13:50:00-05:00,680.8200073242188,680.9356079101562,680.3195190429688,680.4199829101562,457319,0.0005877353419639505,0.0005108402898015905,0.0004720838114815225
2025-12-15 13:55:00-05:00,681.02001953125,681.4000244140625,680.780029296875,680.8300170898438,588472,0.000293738184405077,0.0004720838114815225,0.0004972009171628849
2025-12-15 14:00:00-05:00,681.4299926757812,681.52001953125,680.8900756835938,681.02001953125,767308,0.0006018175393326681,0.0004972009171628849,0.0005365228034615472
2025-12-15 14:05:00-05:00,681.0275268554688,681.5496826171875,680.9808959960938,681.4400024414062,521414,-0.0005907939532048817,0.0005365228034615472,0.0005216726769180703
2025-12-15 14:10:00-05:00,680.7999877929688,681.2000122070312,680.7899780273438,681.02001953125,668167,-0.00033416723068067943,0.0005216726769180703,0.0004652369231454983
2025-12-15 14:15:00-05:00,681.010009765625,681.02001953125,680.4400024414062,680.7999877929688,727570,0.0003084453406831653,0.0004652369231454983,0.00038920731564499644
2025-12-15 14:20:00-05:00,680.7849731445312,681.159912109375,680.5,681.010498046875,822944,-0.0003305000032548689,0.00038920731564499644,0.000388576640493024
2025-12-15 14:25:00-05:00,680.8355102539062,681.02001953125,680.6599731445312,680.77001953125,487993,7.423083012387779e-05,0.000388576640493024,0.0003842818172595471
2025-12-15 14:30:00-05:00,680.8095092773438,681.0900268554688,680.5900268554688,680.8350219726562,539203,-3.8190535995316936e-05,0.0003842818172595471,0.0003905813626623726
2025-12-15 14:35:00-05:00,680.719970703125,680.9550170898438,680.5599975585938,680.8099975585938,592028,-0.00013152645706817874,0.0003905813626623726,0.0003735690572068026
2025-12-15 14:40:00-05:00,680.60498046875,681.0,680.510009765625,680.739990234375,463043,-0.0001689387012990992,0.0003735690572068026,0.0003707144444079257
2025-12-15 14:45:00-05:00,680.6798095703125,680.6799926757812,680.4400024414062,680.5999755859375,692994,0.00010993893737057392,0.0003707144444079257,0.0003707205197528855
2025-12-15 14:50:00-05:00,681.0800170898438,681.0800170898438,680.5499877929688,680.6699829101562,912358,0.0005877799054110535,0.0003707205197528855,0.00044289786016282675
2025-12-15 14:55:00-05:00,681.689697265625,681.780029296875,681.0549926757812,681.0800170898438,718579,0.0008947663130976167,0.00044289786016282675,0.0004439649527223539
2025-12-15 15:00:00-05:00,681.3200073242188,681.6900024414062,681.02001953125,681.6900024414062,708537,-0.0005424612153924642,0.0004439649527223539,0.00042125946088995484
2025-12-15 15:05:00-05:00,681.6199951171875,681.669921875,681.2849731445312,681.3099975585938,749207,0.00044020690166230825,0.00042125946088995484,0.0004380624778783012
2025-12-15 15:10:00-05:00,681.280029296875,681.739990234375,681.280029296875,681.6199951171875,815076,-0.000498885936273701,0.0004380624778783012,0.0004332185971224114
2025-12-15 15:15:00-05:00,681.2000122070312,681.5850219726562,681.0700073242188,681.280029296875,896944,-0.00011745799938095441,0.0004332185971224114,0.000436052367258188
2025-12-15 15:20:00-05:00,680.9500122070312,681.219970703125,680.6900024414062,681.2100219726562,1092406,-0.00036706676698780637,0.000436052367258188,0.00043818936446549637
2025-12-15 15:25:00-05:00,681.0700073242188,681.1900024414062,680.72998046875,680.9500122070312,1157007,0.00017620169421492807,0.00043818936446549637,0.0004586886271952551
2025-12-15 15:30:00-05:00,680.77001953125,681.25,680.6099853515625,681.0900268554688,1207185,-0.00044056246241146147,0.0004586886271952551,0.0004944199074638911
2025-12-15 15:35:00-05:00,681.219970703125,681.239990234375,680.6400146484375,680.7750244140625,1082719,0.0006607261308384252,0.0004944199074638911,0.000548531508172734
2025-12-15 15:40:00-05:00,680.6900024414062,681.3350219726562,680.5499877929688,681.2020263671875,1183800,-0.0007782721309332334,0.000548531508172734,0.0005848216994827971
2025-12-15 15:45:00-05:00,681.1749877929688,681.239990234375,680.6099853515625,680.6898803710938,1916303,0.0007122370800955515,0.0005848216994827971,0.0005744065893761131
2025-12-15 15:50:00-05:00,680.8900146484375,681.5999755859375,680.760009765625,681.1799926757812,2770420,-0.00041844280291842325,0.0005744065893761131,0.0004984332379481796
2025-12-15 15:55:00-05:00,680.7100219726562,681.239990234375,680.6599731445312,680.8900146484375,5353622,-0.00026438406578828367,0.0004984332379481796,0.0006682691928992888
2025-12-16 09:30:00-05:00,679.5599975585938,680.5001220703125,678.8300170898438,679.22998046875,4481887,-0.0016908770634500095,0.0006682691928992888,0.000637183158759968
2025-12-16 09:35:00-05:00,679.47998046875,680.469970703125,679.280029296875,679.5599975585938,1872282,-0.00011775531438359671,0.000637183158759968,0.0006933500659167056
2025-12-16 09:40:00-05:00,678.6500854492188,679.5700073242188,678.1500244140625,679.47998046875,1426856,-0.0012221143521508717,0.0006933500659167056,0.0008754092555270962
2025-12-16 09:45:00-05:00,679.6849975585938,680.0499877929688,677.6799926757812,678.72998046875,1648073,0.0015237953029007452,0.0008754092555270962,0.0008837184957368417
2025-12-16 09:50:00-05:00,679.885009765625,681.02001953125,679.5756225585938,679.6900024414062,1674378,0.000294228627281663,0.0008837184957368417,0.000977888646093955
2025-12-16 09:55:00-05:00,680.7899780273438,681.0,679.6400146484375,679.8800048828125,1005371,0.0013301756896725411,0.000977888646093955,0.001050236495414322
2025-12-16 10:00:00-05:00,679.8400268554688,681.0800170898438,679.0599975585938,680.8200073242188,1321856,-0.001396340405274835,0.001050236495414322,0.0010216878848839177
2025-12-16 10:05:00-05:00,679.6699829101562,680.8800048828125,679.489990234375,679.9099731445312,1003260,-0.0002501547542538065,0.0010216878848839177,0.0010109042776891921
2025-12-16 10:10:00-05:00,679.3150024414062,679.8200073242188,678.97998046875,679.6599731445312,1041566,-0.0005224200129505618,0.0010109042776891921,0.0010280064209009484
2025-12-16 10:15:00-05:00,678.3599853515625,679.530029296875,678.030029296875,679.280029296875,1123077,-0.0014068422206271905,0.0010280064209009484,0.0010855637704352487
2025-12-16 10:20:00-05:00,677.309814453125,678.469970703125,677.260009765625,678.3499755859375,1335450,-0.0015493022100993637,0.0010855637704352487,0.0011231662396289953
2025-12-16 10:25:00-05:00,677.6900024414062,677.8800048828125,676.4400024414062,677.3049926757812,2042679,0.000561163172891752,0.0011231662396289953,0.0010783487939072397
2025-12-16 10:30:00-05:00,678.1599731445312,678.6900024414062,677.5499877929688,677.7100219726562,1353197,0.0006932488555660565,0.0010783487939072397,0.0010806442808787814
2025-12-16 10:35:00-05:00,677.8699951171875,678.5999755859375,677.0399780273438,678.1799926757812,1490874,-0.0004276867599550572,0.0010806442808787814,0.0010398246003653485
2025-12-16 10:40:00-05:00,678.1099853515625,678.219970703125,677.02001953125,677.8699951171875,899067,0.00035397312694519865,0.0010398246003653485,0.000938095949932014
2025-12-16 10:45:00-05:00,678.489990234375,679.0,678.0800170898438,678.1400146484375,1069645,0.0005602313129739384,0.000938095949932014,0.0009596467871674075
2025-12-16 10:50:00-05:00,678.9400024414062,679.1400146484375,677.5800170898438,678.4600219726562,799087,0.0006630356275394398,0.0009596467871674075,0.0008502512350211923
2025-12-16 10:55:00-05:00,679.0,679.4149780273438,678.469970703125,678.9199829101562,812453,8.836555153384487e-05,0.0008502512350211923,0.000772782404099832
2025-12-16 11:00:00-05:00,678.6699829101562,679.32177734375,678.5399780273438,678.989990234375,586062,-0.00048615215847401066,0.000772782404099832,0.0007862192712387182
2025-12-16 11:05:00-05:00,678.22998046875,678.8499755859375,677.9400024414062,678.6699829101562,1597064,-0.0006485407453809298,0.0007862192712387182,0.0007962867230385885
2025-12-16 11:10:00-05:00,677.739990234375,678.3900146484375,677.469970703125,678.239990234375,841231,-0.0007227154970820944,0.0007962867230385885,0.0007025143492197573
2025-12-16 11:15:00-05:00,677.510009765625,677.8599853515625,676.8699951171875,677.739990234375,883278,-0.0003393919512379175,0.0007025143492197573,0.0005628236767960038
2025-12-16 11:20:00-05:00,677.1199951171875,677.6699829101562,677.030029296875,677.5,612128,-0.0005758246278441622,0.0005628236767960038,0.000532632794461146
2025-12-16 11:25:00-05:00,677.135009765625,677.2899780273438,676.8099975585938,677.1300048828125,579283,2.2174034260820165e-05,0.000532632794461146,0.0005141102708565126
2025-12-16 11:30:00-05:00,677.5,677.6500244140625,676.780029296875,677.1400146484375,718964,0.0005388761409178374,0.0005141102708565126,0.0005086311512317798
2025-12-16 11:35:00-05:00,677.280029296875,677.739990234375,676.6099853515625,677.510009765625,706119,-0.0003247327245769173,0.0005086311512317798,0.0004959194606736026
2025-12-16 11:40:00-05:00,677.375,677.4199829101562,676.6900024414062,677.27001953125,515399,0.00014021385699920774,0.0004959194606736026,0.0005474322046272495
2025-12-16 11:45:00-05:00,678.0,678.02001953125,677.0399780273438,677.364990234375,730229,0.0009222540541173021,0.0005474322046272495,0.0005236652412092789
2025-12-16 11:50:00-05:00,677.5330200195312,678.489990234375,677.2150268554688,678.0150146484375,656225,-0.0006889983379906161,0.0005236652412092789,0.0006387316002170743
2025-12-16 11:55:00-05:00,678.280029296875,678.4600219726562,677.4299926757812,677.52001953125,518254,0.0011019356294131439,0.0006387316002170743,0.0006423865715327432
2025-12-16 12:00:00-05:00,678.5800170898438,678.760009765625,677.989990234375,678.2999877929688,608568,0.00044217942543965357,0.0006423865715327432,0.000665130159234366
2025-12-16 12:05:00-05:00,677.989990234375,678.739990234375,677.989990234375,678.5599975585938,615386,-0.0008698804919597239,0.000665130159234366,0.0006730750128521731
2025-12-16 12:10:00-05:00,678.5800170898438,678.6400146484375,677.4600219726562,677.989990234375,641206,0.0008698804919595704,0.0006730750128521731,0.0006589360542551674
2025-12-16 12:15:00-05:00,678.6199951171875,678.9400024414062,678.4500122070312,678.5800170898438,440310,5.8912506625088094e-05,0.0006589360542551674,0.0007103706578523925
2025-12-16 12:20:00-05:00,677.9400024414062,678.6900024414062,677.8800048828125,678.5999755859375,434630,-0.0010025251134599513,0.0007103706578523925,0.0007594524246006564
2025-12-16 12:25:00-05:00,677.3800048828125,677.9531860351562,677.02001953125,677.9299926757812,705633,-0.0008263695473177966,0.0007594524246006564,0.0007909710691021355
2025-12-16 12:30:00-05:00,678.010009765625,678.0499877929688,677.2999877929688,677.3748168945312,654486,0.0009296289944223539,0.0007909710691021355,0.0008698170208309744
2025-12-16 12:35:00-05:00,677.1799926757812,678.280029296875,676.9500122070312,678.010009765625,550580,-0.0012249458631403923,0.0008698170208309744,0.0008896451312798942
2025-12-16 12:40:00-05:00,676.7100219726562,677.2000122070312,676.3049926757812,677.1699829101562,674400,-0.0006942524384060322,0.0008896451312798942,0.0008317033759355372
2025-12-16 12:45:00-05:00,676.6300048828125,677.1300048828125,676.5449829101562,676.739990234375,540139,-0.00011825127218454865,0.0008317033759355372,0.0008189242797152542
2025-12-16 12:50:00-05:00,676.3699951171875,676.6420288085938,676.1300048828125,676.635009765625,476523,-0.00038434555628343226,0.0008189242797152542,0.0007627754341743518
2025-12-16 12:55:00-05:00,675.5999755859375,676.510009765625,675.4199829101562,676.3900146484375,1377426,-0.0011391075707282334,0.0007627754341743518,0.0007609213359899556
2025-12-16 13:00:00-05:00,675.885009765625,675.9600219726562,674.97998046875,675.6099853515625,1554130,0.00042180887986646427,0.0007609213359899556,0.0007422588376685588
2025-12-16 13:05:00-05:00,675.7550048828125,676.010009765625,675.0599975585938,675.864990234375,1134995,-0.00019236613566400197,0.0007422588376685588,0.0006901918310060144
2025-12-16 13:10:00-05:00,676.0499877929688,676.0700073242188,675.22998046875,675.7487182617188,797117,0.00043642820737686084,0.0006901918310060144,0.0006912223573539081
2025-12-16 13:15:00-05:00,675.530029296875,676.0800170898438,675.3599243164062,676.0399780273438,605670,-0.0007694084185472205,0.0006912223573539081,0.000726099642240484
2025-12-16 13:20:00-05:00,676.0050048828125,676.0349731445312,675.3400268554688,675.530029296875,569267,0.0007028683585400039,0.000726099642240484,0.0007129320378739495
2025-12-16 13:25:00-05:00,675.5900268554688,676.2000122070312,675.4349975585938,676.010009765625,688581,-0.0006140567709094798,0.0007129320378739495,0.0007969632195419711
2025-12-16 13:30:00-05:00,676.5599975585938,676.6099853515625,675.5599975585938,675.5900268554688,1067335,0.0014347089479612015,0.0007969632195419711,0.0007754741839602381
2025-12-16 13:35:00-05:00,677.14501953125,677.2999877929688,676.469970703125,676.5700073242188,969941,0.0008643271638818121,0.0007754741839602381,0.0007950752980309988
2025-12-16 13:40:00-05:00,677.8400268554688,677.9299926757812,677.1300048828125,677.1400146484375,810811,0.0010258524801032597,0.0007950752980309988,0.000796966610889709
2025-12-16 13:45:00-05:00,678.1799926757812,678.3599853515625,677.780029296875,677.8599853515625,888677,0.0005014171214860262,0.000796966610889709,0.0008100350871551395
2025-12-16 13:50:00-05:00,677.7999877929688,678.6099853515625,677.7050170898438,678.1699829101562,883508,-0.0005604874677121005,0.0008100350871551395,0.0006987187167951984
2025-12-16 13:55:00-05:00,677.8599853515625,678.0382080078125,677.6400146484375,677.7999877929688,908451,8.851416995630302e-05,0.0006987187167951984,0.0009488238686269873
2025-12-16 14:00:00-05:00,676.530029296875,677.9000244140625,676.5,677.8499755859375,1186600,-0.0019639195029069628,0.0009488238686269873,0.0009471025434408397
2025-12-16 14:05:00-05:00,676.75,676.8900146484375,676.3599853515625,676.52001953125,1843044,0.0003250926641939431,0.0009471025434408397,0.000983584356967187
2025-12-16 14:10:00-05:00,676.1500244140625,676.8599853515625,676.010009765625,676.760009765625,1117407,-0.0008869474675773043,0.000983584356967187,0.0009595638930999917
2025-12-16 14:15:00-05:00,675.9299926757812,676.3099975585938,675.8800048828125,676.155029296875,803968,-0.0003254714771944074,0.0009595638930999917,0.0009599983050563303
2025-12-16 14:20:00-05:00,676.4099731445312,676.6599731445312,675.8599853515625,675.9299926757812,926803,0.0007098518139461584,0.0009599983050563303,0.0009674942218641307
2025-12-16 14:25:00-05:00,677.0499877929688,677.0800170898438,675.9199829101562,676.4000244140625,1106811,0.0009457460355140097,0.0009674942218641307,0.0008960159034098404
2025-12-16 14:30:00-05:00,677.4500122070312,677.5399780273438,676.9299926757812,677.0399780273438,856708,0.000590659912429029,0.0008960159034098404,0.0008641014700808641
2025-12-16 14:35:00-05:00,677.52001953125,677.8900146484375,677.280029296875,677.4500122070312,623883,0.0001033341293773085,0.0008641014700808641,0.0008290103878705394
2025-12-16 14:40:00-05:00,677.9349975585938,678.1300048828125,677.22998046875,677.5250244140625,715885,0.0006123080959191394,0.0008290103878705394,0.0008152096549441625
2025-12-16 14:45:00-05:00,677.8350219726562,678.0899047851562,677.4901123046875,677.9500122070312,2103824,-0.0001474816298907158,0.0008152096549441625,0.0008103802574208335
2025-12-16 14:50:00-05:00,678.1599731445312,678.5800170898438,677.7000122070312,677.8400268554688,825987,0.00047928079272493746,0.0008103802574208335,0.0008170691527051352
2025-12-16 14:55:00-05:00,677.9400024414062,678.2000122070312,677.8200073242188,678.1799926757812,1130280,-0.0003244166492358925,0.0008170691527051352,0.0005936038339337731
2025-12-16 15:00:00-05:00,678.6950073242188,678.75,677.6300048828125,677.9400024414062,1761375,0.001113055398578257,0.0005936038339337731,0.0005939020437478283
2025-12-16 15:05:00-05:00,678.8099975585938,678.97998046875,678.4099731445312,678.7000122070312,847178,0.000169414085747653,0.0005939020437478283,0.0005663997299723554
2025-12-16 15:10:00-05:00,678.3200073242188,679.010009765625,678.2999877929688,678.8099975585938,1298503,-0.0007220977414148847,0.0005663997299723554,0.0005377372258164005
2025-12-16 15:15:00-05:00,678.6699829101562,678.72998046875,678.260009765625,678.3300170898438,824270,0.0005158116068883487,0.0005377372258164005,0.0005459416599323562
2025-12-16 15:20:00-05:00,679.22998046875,679.2550048828125,678.5750122070312,678.6649780273438,901370,0.0008247994777866361,0.0005459416599323562,0.0005214324575134432
2025-12-16 15:25:00-05:00,679.2000122070312,679.260009765625,678.97998046875,679.22998046875,857253,-4.41219082104743e-05,0.0005214324575134432,0.0005458490475726467
2025-12-16 15:30:00-05:00,679.8098754882812,680.0,679.1699829101562,679.1950073242188,1609993,0.0008975112362466116,0.0005458490475726467,0.0005435322713447338
2025-12-16 15:35:00-05:00,680.0900268554688,680.5599975585938,679.7899780273438,679.7999877929688,1679542,0.00041201763551542125,0.0005435322713447338,0.0005500049045632539
2025-12-16 15:40:00-05:00,679.989990234375,680.2999877929688,679.7899780273438,680.0850219726562,2157198,-0.00014710402331801948,0.0005500049045632539,0.0005665336109230513
2025-12-16 15:45:00-05:00,679.75,680.0900268554688,679.4500122070312,680.0,1385883,-0.00035299430566221405,0.0005665336109230513,0.0005613277790805733
2025-12-16 15:50:00-05:00,679.9099731445312,680.3900146484375,679.6987915039062,679.75,2749116,0.00023531345840739612,0.0005613277790805733,0.0007476955128100973
2025-12-16 15:55:00-05:00,678.8599853515625,680.4099731445312,678.8200073242188,679.9000244140625,7519080,-0.0015454978164629932,0.0007476955128100973,0.0007785539788053744
2025-12-17 09:30:00-05:00,679.7750244140625,680.4349975585938,679.1950073242188,679.8900146484375,3733321,0.0013469978239585268,0.0007785539788053744,0.0008999948733060159
2025-12-17 09:35:00-05:00,678.7999877929688,680.0349731445312,678.7899780273438,679.77001953125,2062901,-0.0014353816016637452,0.0008999948733060159,0.0008817044441068644
2025-12-17 09:40:00-05:00,678.52001953125,679.1849975585938,678.1099853515625,678.7949829101562,1592042,-0.0004125309642214224,0.0008817044441068644,0.0008689392280501042
2025-12-17 09:45:00-05:00,678.5999755859375,678.8300170898438,677.5999755859375,678.52001953125,1849526,0.00011783196042739779,0.0008689392280501042,0.0008337600565474831
2025-12-17 09:50:00-05:00,678.3200073242188,679.0499877929688,678.1699829101562,678.5999755859375,1166849,-0.000412652579691661,0.0008337600565474831,0.0009405976965826282
2025-12-17 09:55:00-05:00,679.2650146484375,679.52001953125,677.8699951171875,678.3200073242188,1013751,0.0013921890144003562,0.0009405976965826282,0.000901949796618878
2025-12-17 10:00:00-05:00,679.0150146484375,679.510009765625,678.5,679.260009765625,1262146,-0.0003681126092274768,0.000901949796618878,0.0009068505342880587
2025-12-17 10:05:00-05:00,678.47998046875,679.6799926757812,678.4199829101562,679.0150146484375,856792,-0.0007882669318358728,0.0009068505342880587,0.0009340272803283732
2025-12-17 10:10:00-05:00,678.8699951171875,679.0399780273438,678.2100219726562,678.489990234375,635713,0.0005746707425291751,0.0009340272803283732,0.0009544144349435597
2025-12-17 10:15:00-05:00,678.302001953125,679.0599975585938,678.1500244140625,678.8800048828125,556858,-0.0008370246342400416,0.0009544144349435597,0.0009809389988449054
2025-12-17 10:20:00-05:00,678.77001953125,679.3699951171875,678.1099853515625,678.3099975585938,863666,0.0006897461435657783,0.0009809389988449054,0.0008782930974770366
2025-12-17 10:25:00-05:00,678.9299926757812,679.3400268554688,678.1599731445312,678.77001953125,831000,0.00023565315435396228,0.0008782930974770366,0.0008629923484870209
2025-12-17 10:30:00-05:00,677.9400024414062,679.1699829101562,677.9299926757812,678.9199829101562,902030,-0.0014592266224568897,0.0008629923484870209,0.0008663299914854922
2025-12-17 10:35:00-05:00,676.9500122070312,678.0499877929688,676.780029296875,677.9299926757812,1737414,-0.001461359076905895,0.0008663299914854922,0.00092434326119484
2025-12-17 10:40:00-05:00,676.0399780273438,677.2899780273438,675.594970703125,676.9500122070312,1555282,-0.00134521958549624,0.00092434326119484,0.0009163088579529143
2025-12-17 10:45:00-05:00,675.9349975585938,676.4199829101562,675.2100219726562,676.030029296875,2401800,-0.0001552994261827478,0.0009163088579529143,0.001004297436462538
2025-12-17 10:50:00-05:00,674.7550048828125,676.1500244140625,674.5,675.9400024414062,1723372,-0.0017472447028479086,0.001004297436462538,0.0008272635504951168
2025-12-17 10:55:00-05:00,674.5599975585938,674.9299926757812,674.02001953125,674.75,1527204,-0.00028904640535919586,0.0008272635504951168,0.0009089255253611929
2025-12-17 11:00:00-05:00,675.0499877929688,675.2150268554688,674.2100219726562,674.5499877929688,1371507,0.0007261212664729198,0.0009089255253611929,0.0009243416696377218
2025-12-17 11:05:00-05:00,675.1900024414062,675.7000122070312,674.8800048828125,675.0698852539062,1063873,0.00020739224130825656,0.0009243416696377218,0.0010000530259795025
2025-12-17 11:10:00-05:00,673.7100219726562,675.52001953125,673.6699829101562,675.1799926757812,1341786,-0.0021943524884396734,0.0010000530259795025,0.0011378579140225993
2025-12-17 11:15:00-05:00,674.5698852539062,674.8800048828125,673.4299926757812,673.7000122070312,1399549,0.001275496865623531,0.0011378579140225993,0.0011032753506983572
2025-12-17 11:20:00-05:00,674.72998046875,675.2000122070312,674.0999755859375,674.5499877929688,1275940,0.000237301165829868,0.0011032753506983572,0.0010857479598218509
2025-12-17 11:25:00-05:00,674.635009765625,675.389892578125,674.5800170898438,674.719970703125,646202,-0.00014076355021677977,0.0010857479598218509,0.0010642923480428002
2025-12-17 11:30:00-05:00,673.8699951171875,674.6300048828125,673.6199951171875,674.6300048828125,1113111,-0.0011346116295262421,0.0010642923480428002,0.001036935843190926
2025-12-17 11:35:00-05:00,674.02001953125,674.760009765625,673.5045166015625,673.8499755859375,1000862,0.00022260631513194889,0.001036935843190926,0.0010127683455828792
2025-12-17 11:40:00-05:00,674.3399047851562,674.6699829101562,673.635009765625,674.0399780273438,747775,0.0004744805213188636,0.0010127683455828792,0.0010176114805918626
2025-12-17 11:45:00-05:00,673.9600830078125,674.739990234375,673.6199951171875,674.3099975585938,623511,-0.0005634084266553374,0.0010176114805918626,0.0009018426639110073
2025-12-17 11:50:00-05:00,673.7849731445312,674.260009765625,673.0700073242188,673.9600219726562,1077952,-0.00025985606620071677,0.0009018426639110073,0.0009269407489856541
2025-12-17 11:55:00-05:00,674.22998046875,674.2650146484375,673.1799926757812,673.77001953125,913041,0.000660240955326923,0.0009269407489856541,0.0009607114078761002
2025-12-17 12:00:00-05:00,673.3400268554688,674.489990234375,673.0800170898438,674.219970703125,1389587,-0.0013208274714152925,0.0009607114078761002,0.0009561934418442167
2025-12-17 12:05:00-05:00,673.3900146484375,674.0700073242188,673.3099975585938,673.3400268554688,766129,7.423580294657328e-05,0.0009561934418442167,0.0007272979272547473
2025-12-17 12:10:00-05:00,673.4000244140625,674.239990234375,673.1900024414062,673.3800048828125,706962,1.4864626756664031e-05,0.0007272979272547473,0.0006994342717965151
2025-12-17 12:15:00-05:00,674.139892578125,674.594970703125,673.1799926757812,673.39501953125,780469,0.001098102147593679,0.0006994342717965151,0.0007951633850010387
2025-12-17 12:20:00-05:00,674.99560546875,675.0399780273438,674.0999755859375,674.1300048828125,538930,0.001268535305184173,0.0007951633850010387,0.0008778283534148771
2025-12-17 12:25:00-05:00,674.1500244140625,675.0499877929688,674.030029296875,675.02001953125,693677,-0.0012535061400023501,0.0008778283534148771,0.0008167000064230759
2025-12-17 12:30:00-05:00,674.4199829101562,675.0700073242188,674.094970703125,674.1599731445312,530960,0.00040036260369658315,0.0008167000064230759,0.0008551391326980032
2025-12-17 12:35:00-05:00,673.853515625,674.7449951171875,673.8400268554688,674.4099731445312,419733,-0.0008402854748722415,0.0008551391326980032,0.0008455780606751777
2025-12-17 12:40:00-05:00,673.5999755859375,674.4299926757812,673.469970703125,673.8499755859375,584632,-0.000376324739530443,0.0008455780606751777,0.00083325537197564
2025-12-17 12:45:00-05:00,673.47998046875,673.6699829101562,673.0,673.6099853515625,847431,-0.00017815589485327058,0.00083325537197564,0.0008312955904066673
2025-12-17 12:50:00-05:00,673.5150146484375,674.0999755859375,673.385009765625,673.47802734375,709552,5.2018277458277154e-05,0.0008312955904066673,0.0008159809425953029
2025-12-17 12:55:00-05:00,673.7999877929688,674.0599975585938,673.5050048828125,673.510009765625,424543,0.00042302378918728114,0.0008159809425953029,0.000760791709645928
2025-12-17 13:00:00-05:00,674.469970703125,674.7617797851562,673.8099975585938,673.8099975585938,496823,0.0009938409753633998,0.000760791709645928,0.0007766742000584454
2025-12-17 13:05:00-05:00,674.2000122070312,674.8765258789062,674.1900024414062,674.469970703125,535474,-0.0004003329252077778,0.0007766742000584454,0.0008542919436259752
2025-12-17 13:10:00-05:00,673.4398803710938,674.2100219726562,673.375,674.2100219726562,574331,-0.001128093522216826,0.0008542919436259752,0.0007852974404122229
2025-12-17 13:15:00-05:00,673.2050170898438,673.6300048828125,673.0800170898438,673.4199829101562,847461,-0.00034881249552003364,0.0007852974404122229,0.0006941115894772442
2025-12-17 13:20:00-05:00,673.5900268554688,673.719970703125,673.02001953125,673.2100219726562,746893,0.0005717421932072556,0.0006941115894772442,0.0006094386252200857
2025-12-17 13:25:00-05:00,673.3699951171875,673.7664794921875,673.2100219726562,673.5750122070312,665732,-0.000326708642645734,0.0006094386252200857,0.0005892066777177057
2025-12-17 13:30:00-05:00,673.3099975585938,673.4099731445312,673.010009765625,673.3599853515625,535204,-8.910440336193049e-05,0.0005892066777177057,0.0005699088252070657
2025-12-17 13:35:00-05:00,672.8800048828125,673.6199951171875,672.8151245117188,673.3099975585938,901382,-0.0006388291246032628,0.0005699088252070657,0.000565966154086056
2025-12-17 13:40:00-05:00,672.7100219726562,672.97998046875,672.0800170898438,672.8599853515625,1696925,-0.00025265185928544456,0.000565966154086056,0.000569983059378055
2025-12-17 13:45:00-05:00,672.4749755859375,673.010009765625,672.1998901367188,672.7100219726562,879811,-0.0003494632924651947,0.000569983059378055,0.000567861886985053
2025-12-17 13:50:00-05:00,672.3200073242188,672.719970703125,672.1599731445312,672.4600219726562,865807,-0.00023047120843560382,0.000567861886985053,0.0005614980290182578
2025-12-17 13:55:00-05:00,672.5549926757812,672.6599731445312,672.2000122070312,672.3200073242188,1619051,0.00034945307772654634,0.0005614980290182578,0.0004314174882580045
2025-12-17 14:00:00-05:00,672.2899780273438,672.7550048828125,672.0549926757812,672.5549926757812,1032822,-0.00039411925930669977,0.0004314174882580045,0.00044521315231958026
2025-12-17 14:05:00-05:00,672.3900146484375,672.6500244140625,672.239990234375,672.2899780273438,928433,0.00014878874055271056,0.00044521315231958026,0.0003747369685583822
2025-12-17 14:10:00-05:00,672.6500244140625,672.8699951171875,672.239990234375,672.3900146484375,948118,0.00038662011733862504,0.0003747369685583822,0.00036883087843875533
2025-12-17 14:15:00-05:00,672.7000122070312,673.0,672.5999755859375,672.6400146484375,994624,7.431195098834519e-05,0.00036883087843875533,0.0003151039134363353
2025-12-17 14:20:00-05:00,672.75,672.9299926757812,672.3350219726562,672.6900024414062,900591,7.430642913248519e-05,0.0003151039134363353,0.00032185262197755607
2025-12-17 14:25:00-05:00,672.469970703125,672.8400268554688,672.3300170898438,672.75,710351,-0.00041633235756004304,0.00032185262197755607,0.00032427916091170656
2025-12-17 14:30:00-05:00,672.2999877929688,672.8699951171875,672.219970703125,672.4600219726562,1012054,-0.00025280593158355405,0.00032427916091170656,0.00034279746296218084
2025-12-17 14:35:00-05:00,672.7045288085938,672.780029296875,672.219970703125,672.280029296875,706080,0.0006015459767317649,0.00034279746296218084,0.0003350052432977232
2025-12-17 14:40:00-05:00,672.7100219726562,672.9199829101562,672.489990234375,672.7000122070312,1063235,8.165756880343546e-06,0.0003350052432977232,0.00032118718349170725
2025-12-17 14:45:00-05:00,672.8599853515625,672.9500122070312,672.5900268554688,672.7100219726562,653776,0.00022289940874260967,0.00032118718349170725,0.0003219791190632954
2025-12-17 14:50:00-05:00,673.1199951171875,673.219970703125,672.614990234375,672.8599853515625,1241300,0.00038635012798427225,0.0003219791190632954,0.00031268112385795204
2025-12-17 14:55:00-05:00,673.1300048828125,673.2977905273438,672.97998046875,673.1199951171875,886779,1.487058960104637e-05,0.00031268112385795204,0.00036505562669870593
2025-12-17 15:00:00-05:00,672.6500244140625,673.3200073242188,672.5700073242188,673.1199951171875,971574,-0.0007133119509174608,0.00036505562669870593,0.00036556361762056917
2025-12-17 15:05:00-05:00,672.5850219726562,672.8099975585938,672.4149780273438,672.6500244140625,1225475,-9.664101694555969e-05,0.00036556361762056917,0.0003588822497339306
2025-12-17 15:10:00-05:00,672.7899780273438,672.9400024414062,672.510009765625,672.6099853515625,847526,0.00030468242129222677,0.0003588822497339306,0.000361088096013445
2025-12-17 15:15:00-05:00,672.9000244140625,673.239990234375,672.75,672.760009765625,1009873,0.00016355384488915138,0.000361088096013445,0.00036108782064458506
2025-12-17 15:20:00-05:00,672.9500122070312,673.0250244140625,672.8099975585938,672.8900146484375,776117,7.428434317568005e-05,0.00036108782064458506,0.0003903771573140958
2025-12-17 15:25:00-05:00,672.52001953125,672.9500122070312,672.239990234375,672.9500122070312,955933,-0.0006391709666915755,0.0003903771573140958,0.00038197809430992477
2025-12-17 15:30:00-05:00,672.510009765625,672.780029296875,671.9500122070312,672.530029296875,1254687,-1.4884077540515158e-05,0.00038197809430992477,0.0003539304764991487
2025-12-17 15:35:00-05:00,672.2349853515625,672.5599975585938,672.1749877929688,672.5,930021,-0.00040903579324801657,0.0003539304764991487,0.00043676087731205385
2025-12-17 15:40:00-05:00,672.7899780273438,672.9000244140625,672.1799926757812,672.239990234375,1363198,0.0008252526494152088,0.00043676087731205385,0.000438922392119705
2025-12-17 15:45:00-05:00,672.969970703125,672.97998046875,672.47998046875,672.7899780273438,1334256,0.0002674959631905283,0.000438922392119705,0.0006538247776275216
2025-12-17 15:50:00-05:00,671.7949829101562,673.0,671.6099853515625,672.9500122070312,5848603,-0.001747499574289178,0.0006538247776275216,0.0006709137229955178
2025-12-17 15:55:00-05:00,671.2999877929688,671.7899780273438,671.1950073242188,671.7899780273438,6607758,-0.0007370962596036118,0.0006709137229955178,0.0029128788916234372
2025-12-18 09:30:00-05:00,677.8099975585938,678.5900268554688,677.4500122070312,677.5,5984950,0.009650896316310746,0.0029128788916234372,0.002957011494371225
2025-12-18 09:35:00-05:00,676.9749755859375,677.8599853515625,676.5900268554688,677.8200073242188,1806034,-0.0012327005317401593,0.002957011494371225,0.002991523728741836
2025-12-18 09:40:00-05:00,676.280029296875,677.2100219726562,676.0800170898438,676.97998046875,1670605,-0.0010270737557156137,0.002991523728741836,0.0029949208846524163
2025-12-18 09:45:00-05:00,676.2000122070312,677.0499877929688,675.6900024414062,676.280029296875,1830776,-0.0001183264632106925,0.0029949208846524163,0.003026615696970592
2025-12-18 09:50:00-05:00,677.5499877929688,677.7000122070312,675.9099731445312,676.2000122070312,1413634,0.0019944244261110113,0.003026615696970592,0.0030027361122772923
2025-12-18 09:55:00-05:00,678.0599975585938,678.3099975585938,677.219970703125,677.5599975585938,1423928,0.0007524432472447571,0.0030027361122772923,0.0030001696919812193
2025-12-18 10:00:00-05:00,678.1400146484375,678.4401245117188,677.8499755859375,678.0599975585938,1359848,0.0001180019012187285,0.0030001696919812193,0.003024120424452704
2025-12-18 10:05:00-05:00,677.469970703125,678.24951171875,677.27001953125,678.1500244140625,895910,-0.0009885498146494653,0.003024120424452704,0.0030635464143986242
2025-12-18 10:10:00-05:00,676.739990234375,677.5800170898438,676.2799072265625,677.47998046875,1294499,-0.0010780906366219904,0.0030635464143986242,0.0030712105031177094
2025-12-18 10:15:00-05:00,676.5499877929688,677.030029296875,676.1400146484375,676.739990234375,949056,-0.0002808007828916408,0.0030712105031177094,0.0030456460781550037
2025-12-18 10:20:00-05:00,678.3099975585938,678.3900146484375,676.1600952148438,676.5449829101562,1029204,0.0025980703167186275,0.0030456460781550037,0.003006821475169766
2025-12-18 10:25:00-05:00,679.010009765625,679.1099853515625,678.1699829101562,678.309814453125,2212408,0.0010314623895862922,0.003006821475169766,0.0012533584474869837
2025-12-18 10:30:00-05:00,679.5599975585938,679.5800170898438,678.6799926757812,679.010009765625,1269534,0.0008096569481865128,0.0012533584474869837,0.001181995086986678
2025-12-18 10:35:00-05:00,680.22998046875,680.5599975585938,679.1500244140625,679.5599975585938,1722412,0.0009854212418069109,0.001181995086986678,0.001094655449911023
2025-12-18 10:40:00-05:00,680.4600219726562,680.5999755859375,679.9149780273438,680.25,1365874,0.00033812478328659463,0.001094655449911023,0.001123469016001923
2025-12-18 10:45:00-05:00,680.0902709960938,680.52001953125,679.875,680.4600219726562,1301666,-0.0005435315218793327,0.001123469016001923,0.0010290914839941158
2025-12-18 10:50:00-05:00,679.9500122070312,680.3499755859375,679.7100219726562,680.0999755859375,991549,-0.00020625681649575324,0.0010290914839941158,0.0010196917556594069
2025-12-18 10:55:00-05:00,680.0300903320312,680.1199951171875,679.6649780273438,679.9500122070312,693753,0.00011776367160531707,0.0010196917556594069,0.0010193531943785417
2025-12-18 11:00:00-05:00,680.27001953125,680.3400268554688,679.8300170898438,680.030029296875,725686,0.00035275921830349617,0.0010193531943785417,0.0009406962795979757
2025-12-18 11:05:00-05:00,680.460205078125,680.5499877929688,680.2100219726562,680.27001953125,831968,0.0002795345391376024,0.0009406962795979757,0.0009012894971986874
2025-12-18 11:10:00-05:00,679.9349975585938,680.739990234375,679.9000244140625,680.4600219726562,772624,-0.0007721396614856265,0.0009012894971986874,0.000878109977841835
2025-12-18 11:15:00-05:00,680.0999755859375,680.3900146484375,679.8900146484375,679.9349975585938,902655,0.00024260850847304934,0.000878109977841835,0.0005593956578968342
2025-12-18 11:20:00-05:00,680.0900268554688,680.364990234375,679.969970703125,680.10498046875,529512,-1.4628442278013566e-05,0.0005593956578968342,0.0005317722459496084
2025-12-18 11:25:00-05:00,679.7449951171875,680.3800048828125,679.52001953125,680.0900268554688,640414,-0.0005074611847914362,0.0005317722459496084,0.0004953681004578498
2025-12-18 11:30:00-05:00,680.0399780273438,680.2000122070312,679.739990234375,679.739990234375,640354,0.00043386700192955336,0.0004953681004578498,0.0004295846172246074
2025-12-18 11:35:00-05:00,680.3900146484375,680.7100219726562,680.0499877929688,680.0499877929688,1049974,0.0005145970475551393,0.0004295846172246074,0.0004204829924242077
2025-12-18 11:40:00-05:00,680.27001953125,680.5499877929688,680.260009765625,680.405029296875,921430,-0.00017637780854048152,0.0004204829924242077,0.00041272758281500973
2025-12-18 11:45:00-05:00,679.9500122070312,680.375,679.8099975585938,680.260009765625,804364,-0.00047052288990880525,0.00041272758281500973,0.00040896119916916955
2025-12-18 11:50:00-05:00,680.0,680.1799926757812,679.6649780273438,679.9400024414062,628710,7.351416234798652e-05,0.00040896119916916955,0.0004477656309488502
2025-12-18 11:55:00-05:00,679.5599975585938,680.1400146484375,679.3250122070312,679.9849853515625,690255,-0.0006472718490664046,0.0004477656309488502,0.000511281356496624
2025-12-18 12:00:00-05:00,678.8400268554688,679.5706787109375,678.8099975585938,679.5499877929688,759320,-0.0010600276171996456,0.000511281356496624,0.0009220980721838606
2025-12-18 12:05:00-05:00,676.860107421875,678.8900146484375,676.8300170898438,678.8400268554688,2371094,-0.0029208831528202343,0.0009220980721838606,0.0009182009733746619
2025-12-18 12:10:00-05:00,676.4400024414062,677.0900268554688,675.989990234375,676.8499755859375,2404940,-0.0006208600603837265,0.0009182009733746619,0.0008967129609537342
2025-12-18 12:15:00-05:00,675.9299926757812,676.4400024414062,675.1900024414062,676.4199829101562,2184694,-0.0007542459410436422,0.0008967129609537342,0.0008917389501453037
2025-12-18 12:20:00-05:00,675.260009765625,676.5499877929688,675.1300048828125,675.9299926757812,1856537,-0.0009916931946712076,0.0008917389501453037,0.0009753122779631833
2025-12-18 12:25:00-05:00,675.780029296875,676.0,674.9000244140625,675.27001953125,1392643,0.0007698062853729498,0.0009753122779631833,0.001082345747799211
2025-12-18 12:30:00-05:00,676.6862182617188,676.7849731445312,675.47998046875,675.7899780273438,1358412,0.0013400542927953006,0.001082345747799211,0.0011077201387596162
2025-12-18 12:35:00-05:00,677.22998046875,677.2899780273438,676.4299926757812,676.6900024414062,932229,0.0008032435637854386,0.0011077201387596162,0.0012377546366551995
2025-12-18 12:40:00-05:00,678.260009765625,678.260009765625,677.239990234375,677.239990234375,1169438,0.0015197891575087434,0.0012377546366551995,0.001239437557338401
2025-12-18 12:45:00-05:00,677.8820190429688,678.6900024414062,677.6300048828125,678.260009765625,1119150,-0.0005574500670504822,0.001239437557338401,0.001237267999631854
2025-12-18 12:50:00-05:00,677.8599853515625,678.0700073242188,677.3201293945312,677.8510131835938,1188330,-3.2504254256049414e-05,0.001237267999631854,0.0012633938872144601
2025-12-18 12:55:00-05:00,678.3699951171875,678.3900146484375,677.4400024414062,677.8499755859375,769151,0.0007520992707881297,0.0012633938872144601,0.0012635163528465258
2025-12-18 13:00:00-05:00,677.6500244140625,678.3900146484375,677.5800170898438,678.3599853515625,916904,-0.0010618881143473402,0.0012635163528465258,0.0009547056802781307
2025-12-18 13:05:00-05:00,678.3800048828125,678.4000244140625,677.6099853515625,677.6599731445312,594037,0.0010766436192306895,0.0009547056802781307,0.0009252299776354299
2025-12-18 13:10:00-05:00,678.3300170898438,678.8699951171875,678.1500244140625,678.3699951171875,701067,-7.368972320063068e-05,0.0009252299776354299,0.00087163961802268
2025-12-18 13:15:00-05:00,678.510009765625,678.6599731445312,678.2999877929688,678.3099975585938,590022,0.00026531156698573046,0.00087163961802268,0.0007692353418757364
2025-12-18 13:20:00-05:00,678.909912109375,678.9299926757812,678.4299926757812,678.489990234375,867804,0.000589209497923251,0.0007692353418757364,0.0007786492849851269
2025-12-18 13:25:00-05:00,678.8250122070312,679.0900268554688,678.6649780273438,678.9000244140625,559437,-0.00012506108656985612,0.0007786492849851269,0.0007240789723957221
2025-12-18 13:30:00-05:00,679.260009765625,679.5900268554688,678.8300170898438,678.8300170898438,640362,0.0006406043309982429,0.0007240789723957221,0.0007076867320359595
2025-12-18 13:35:00-05:00,679.4299926757812,679.7000122070312,679.239990234375,679.260009765625,587084,0.00025021588550399226,0.0007076867320359595,0.0006492051218144124
2025-12-18 13:40:00-05:00,678.8900146484375,679.5599975585938,678.8699951171875,679.4299926757812,466327,-0.0007950675141011748,0.0006492051218144124,0.0006718925089775284
2025-12-18 13:45:00-05:00,678.3599853515625,678.9400024414062,678.27001953125,678.8800048828125,786432,-0.000781034185034191,0.0006718925089775284,0.0006754190397161992
2025-12-18 13:50:00-05:00,678.22998046875,678.77001953125,678.0399780273438,678.3699951171875,883646,-0.00019166422645893656,0.0006754190397161992,0.0006381818765531085
2025-12-18 13:55:00-05:00,678.2750244140625,678.6699829101562,678.094970703125,678.219970703125,564768,6.641176430156256e-05,0.0006381818765531085,0.0008507936899283049
2025-12-18 14:00:00-05:00,676.7999877929688,678.3099975585938,676.719970703125,678.22998046875,1393211,-0.0021770561635231795,0.0008507936899283049,0.0009141488899057031
2025-12-18 14:05:00-05:00,677.8300170898438,677.9000244140625,676.5900268554688,676.77001953125,1473384,0.0015207539943365171,0.0009141488899057031,0.0009242276620219519
2025-12-18 14:10:00-05:00,677.4650268554688,678.2000122070312,677.280029296875,677.8400268554688,1088304,-0.0005386137060403514,0.0009242276620219519,0.0009275250990786837
2025-12-18 14:15:00-05:00,677.0399780273438,677.47998046875,676.8900146484375,677.469970703125,752480,-0.0006276076360658033,0.0009275250990786837,0.0008953107162977955
2025-12-18 14:20:00-05:00,676.8900146484375,677.3099975585938,676.739990234375,677.0499877929688,868576,-0.00022152309252430275,0.0008953107162977955,0.0009135583369246401
2025-12-18 14:25:00-05:00,677.1500244140625,677.25,676.6699829101562,676.8900146484375,1256643,0.0003840503401964903,0.0009135583369246401,0.000905702506265593
2025-12-18 14:30:00-05:00,676.4000244140625,677.2999877929688,676.3599853515625,677.1599731445312,802444,-0.0011081970369778275,0.000905702506265593,0.0009178618287216219
2025-12-18 14:35:00-05:00,676.6900024414062,676.780029296875,676.280029296875,676.3699951171875,950640,0.00042861602114834435,0.0009178618287216219,0.0009093532471388625
2025-12-18 14:40:00-05:00,676.3200073242188,676.989990234375,676.1900024414062,676.6699829101562,778943,-0.000546921491696007,0.0009093532471388625,0.00096407889379053
2025-12-18 14:45:00-05:00,676.9600219726562,676.9600219726562,676.0800170898438,676.3150024414062,890716,0.0009458717815956844,0.00096407889379053,0.0009892288379715214
2025-12-18 14:50:00-05:00,676.3250122070312,677.3099975585938,676.1900024414062,676.969970703125,1057055,-0.0009384716392964701,0.0009892288379715214,0.0010015083980096286
2025-12-18 14:55:00-05:00,675.719970703125,676.3400268554688,675.3200073242188,676.3300170898438,1287568,-0.0008950020923001387,0.0010015083980096286,0.0009527059074230375
2025-12-18 15:00:00-05:00,676.7899780273438,676.7999877929688,675.4500122070312,675.7100219726562,1207566,0.0015822546051598512,0.0009527059074230375,0.0008233847727937845
2025-12-18 15:05:00-05:00,676.6799926757812,677.1199951171875,676.4500122070312,676.7999877929688,1273461,-0.00016252351981984556,0.0008233847727937845,0.0008761918110816968
2025-12-18 15:10:00-05:00,677.3699951171875,677.4199829101562,676.6300048828125,676.6900024414062,981353,0.0010191684315238644,0.0008761918110816968,0.0008575181901900878
2025-12-18 15:15:00-05:00,677.5700073242188,677.6298828125,676.8699951171875,677.3699951171875,1532001,0.000295234044494444,0.0008575181901900878,0.0008537743606450176
2025-12-18 15:20:00-05:00,677.72998046875,677.7899780273438,677.22998046875,677.5756225585938,1041785,0.0002360704592564015,0.0008537743606450176,0.0008516738179609082
2025-12-18 15:25:00-05:00,677.6300048828125,677.8499755859375,677.2999877929688,677.72998046875,1140109,-0.00014752624719535133,0.0008516738179609082,0.0007915982184928519
2025-12-18 15:30:00-05:00,678.1900024414062,678.219970703125,677.3900146484375,677.6199951171875,1222697,0.0008260647982962543,0.0007915982184928519,0.0008236855852611551
2025-12-18 15:35:00-05:00,677.77001953125,678.3900146484375,677.6300048828125,678.2000122070312,1261902,-0.0006194621032785514,0.0008236855852611551,0.0008035190333125067
2025-12-18 15:40:00-05:00,678.1699829101562,678.260009765625,677.52001953125,677.760009765625,1789843,0.0005899426077645705,0.0008035190333125067,0.0007713198572077307
2025-12-18 15:45:00-05:00,678.3300170898438,678.5499877929688,677.9149780273438,678.1500244140625,3315231,0.00023595161139689308,0.0007713198572077307,0.0008526384772069574
2025-12-18 15:50:00-05:00,677.3300170898438,678.52001953125,677.1649780273438,678.3300170898438,3045642,-0.0014752963960910407,0.0008526384772069574,0.0008970294974142006
2025-12-18 15:55:00-05:00,676.47998046875,677.4400024414062,676.4099731445312,677.3200073242188,5207235,-0.00125576961956647,0.0008970294974142006,0.0010736607095159787
2025-12-19 09:30:00-05:00,678.2199096679688,678.22998046875,676.469970703125,676.5900268554688,4258704,0.002568731522919809,0.0010736607095159787,0.0010754690287061344
2025-12-19 09:35:00-05:00,678.0700073242188,678.3300170898438,677.3400268554688,678.22998046875,4218030,-0.00022104764251707615,0.0010754690287061344,0.001174698501610755
2025-12-19 09:40:00-05:00,679.4099731445312,679.4149780273438,677.760009765625,678.0700073242188,2081789,0.0019741967097801666,0.001174698501610755,0.0011958126427723953
2025-12-19 09:45:00-05:00,679.0499877929688,679.6099853515625,678.7999877929688,679.4099731445312,2115927,-0.0005299903866734659,0.0011958126427723953,0.0011966027794561296
2025-12-19 09:50:00-05:00,679.280029296875,679.6900024414062,679.0349731445312,679.0499877929688,1240600,0.00033871224696700833,0.0011966027794561296,0.0012033058542202837
2025-12-19 09:55:00-05:00,679.8200073242188,679.9099731445312,679.030029296875,679.280029296875,1241488,0.0007946112003621914,0.0012033058542202837,0.0011919631855425645
2025-12-19 10:00:00-05:00,680.110107421875,680.52001953125,679.713623046875,679.8099975585938,1783689,0.000426639720543072,0.0011919631855425645,0.0011874313890623462
2025-12-19 10:05:00-05:00,679.7379760742188,680.1199951171875,679.2199096679688,680.1199951171875,1491258,-0.0005473131321976385,0.0011874313890623462,0.0011892295575749948
2025-12-19 10:10:00-05:00,679.5800170898438,679.7999877929688,679.2100219726562,679.760009765625,1100529,-0.00023240917265912825,0.0011892295575749948,0.001190421539894241
2025-12-19 10:15:00-05:00,679.5599975585938,679.97998046875,679.2620239257812,679.5900268554688,988720,-2.9459115375460183e-05,0.001190421539894241,0.0011098713234211218
2025-12-19 10:20:00-05:00,679.1099853515625,679.6799926757812,679.010009765625,679.5549926757812,897983,-0.0006624305079932825,0.0011098713234211218,0.0010103477693637368
2025-12-19 10:25:00-05:00,679.1900024414062,679.4500122070312,678.4500122070312,679.0999755859375,1268516,0.0001178194664733443,0.0010103477693637368,0.0007325324701554726
2025-12-19 10:30:00-05:00,679.530029296875,679.9099731445312,678.7000122070312,679.1900024414062,1234994,0.0005005105608580404,0.0007325324701554726,0.0007429808495733155
2025-12-19 10:35:00-05:00,680.0700073242188,680.114990234375,679.52001953125,679.530029296875,905164,0.0007943189779209479,0.0007429808495733155,0.000628753418145847
2025-12-19 10:40:00-05:00,679.25,680.1099853515625,679.1599731445312,680.0700073242188,1419548,-0.001206496511887738,0.000628753418145847,0.0006494860929833142
2025-12-19 10:45:00-05:00,678.7301025390625,679.4400024414062,678.6599731445312,679.27001953125,1192810,-0.0007656923475772324,0.0006494860929833142,0.0006742862434194291
2025-12-19 10:50:00-05:00,679.1900024414062,679.3599243164062,678.72998046875,678.739990234375,1094626,0.0006773593206861536,0.0006742862434194291,0.000628099004651577
2025-12-19 10:55:00-05:00,678.97998046875,679.2449951171875,678.8250122070312,679.1799926757812,835327,-0.0003092720012561135,0.000628099004651577,0.0006450165036426718
2025-12-19 11:00:00-05:00,679.4000244140625,679.49951171875,678.5599975585938,678.969970703125,5551193,0.0006184483829130664,0.0006450165036426718,0.0006459313229503999
2025-12-19 11:05:00-05:00,679.719970703125,679.969970703125,679.27001953125,679.39501953125,584743,0.000470813903293336,0.0006459313229503999,0.0006428099282649784
2025-12-19 11:10:00-05:00,679.6500244140625,680.2750244140625,679.510009765625,679.719970703125,1293280,-0.00010290986173810668,0.0006428099282649784,0.0006579586706578364
2025-12-19 11:15:00-05:00,679.989990234375,680.114990234375,679.4500122070312,679.6699829101562,594733,0.0005000821154638945,0.0006579586706578364,0.0006303578001895009
2025-12-19 11:20:00-05:00,679.780029296875,680.0599975585938,679.6799926757812,679.989990234375,743488,-0.00030881830920349065,0.0006303578001895009,0.0006462243927146678
2025-12-19 11:25:00-05:00,680.1699829101562,680.219970703125,679.780029296875,679.780029296875,597447,0.0005734822904788221,0.0006462243927146678,0.0006350266603574966
2025-12-19 11:30:00-05:00,680.22998046875,680.530029296875,680.114990234375,680.1900024414062,884730,8.820576337516173e-05,0.0006350266603574966,0.0006084248914483454
2025-12-19 11:35:00-05:00,679.9400024414062,680.3099975585938,679.9199829101562,680.22998046875,702135,-0.0004263849892004835,0.0006084248914483454,0.0004880152673171371
2025-12-19 11:40:00-05:00,679.7849731445312,680.369873046875,679.7849731445312,679.9400024414062,571614,-0.00022803037427467993,0.0004880152673171371,0.00044898407517577737
2025-12-19 11:45:00-05:00,679.4600219726562,679.9600219726562,679.3400268554688,679.7949829101562,758140,-0.0004781348163620319,0.00044898407517577737,0.0004659559236304357
2025-12-19 11:50:00-05:00,680.010009765625,680.1749877929688,679.3499755859375,679.4600219726562,640445,0.0008091209223212579,0.0004659559236304357,0.00048018020641193575
2025-12-19 11:55:00-05:00,679.6950073242188,680.1500244140625,679.5999755859375,680.010009765625,454123,-0.00046333939065095473,0.00048018020641193575,0.0004751484993397963
2025-12-19 12:00:00-05:00,680.0800170898438,680.2249755859375,679.6300048828125,679.7000122070312,751863,0.0005662845235441002,0.0004751484993397963,0.00045921510735682147
2025-12-19 12:05:00-05:00,680.1121215820312,680.1849975585938,679.9400024414062,680.0750122070312,520465,4.720581935552209e-05,0.00045921510735682147,0.00045678663009273936
2025-12-19 12:10:00-05:00,680.1400146484375,680.15869140625,679.9000244140625,680.114990234375,405650,4.1011611990506175e-05,0.00045678663009273936,0.00046077688549101865
2025-12-19 12:15:00-05:00,680.510009765625,680.739990234375,680.1500244140625,680.1500244140625,999926,0.0005438505415326566,0.00046077688549101865,0.00045556896203798546
2025-12-19 12:20:00-05:00,680.7999877929688,680.8350219726562,680.489990234375,680.5050048828125,612053,0.00042602791759357794,0.00045556896203798546,0.0004395938560417827
2025-12-19 12:25:00-05:00,680.6799926757812,680.8200073242188,680.5999755859375,680.8099975585938,573306,-0.00017627158565616758,0.0004395938560417827,0.0004517287804831653
2025-12-19 12:30:00-05:00,680.4749755859375,680.6900024414062,680.3800048828125,680.6900024414062,457098,-0.000301239897255678,0.0004517287804831653,0.00044081905345074384
2025-12-19 12:35:00-05:00,680.77001953125,680.8200073242188,680.3099975585938,680.469970703125,668996,0.0004334913274115118,0.00044081905345074384,0.00045842726249372133
2025-12-19 12:40:00-05:00,680.4749755859375,680.8049926757812,680.405029296875,680.77001953125,518215,-0.00043349132741139985,0.00045842726249372133,0.0004229058445815122
2025-12-19 12:45:00-05:00,680.5900268554688,680.6799926757812,680.3499755859375,680.47998046875,423813,0.00016906065411844115,0.0004229058445815122,0.0003903070449866299
2025-12-19 12:50:00-05:00,680.9600219726562,680.989990234375,680.5850219726562,680.5900268554688,543916,0.0005434910403969228,0.0003903070449866299,0.00038825392424116274
2025-12-19 12:55:00-05:00,680.655029296875,681.0579833984375,680.6400146484375,680.9500122070312,579214,-0.000447986647323991,0.00038825392424116274,0.0003618968156398518
2025-12-19 13:00:00-05:00,680.739990234375,680.7999877929688,680.469970703125,680.655029296875,538433,0.00012481452685131434,0.0003618968156398518,0.00036208356684950133
2025-12-19 13:05:00-05:00,680.760009765625,680.909912109375,680.6799926757812,680.7349853515625,418026,2.9408051783302595e-05,0.00036208356684950133,0.00036453730215748784
2025-12-19 13:10:00-05:00,680.9199829101562,680.9949951171875,680.760009765625,680.760009765625,367390,0.00023496437654625023,0.00036453730215748784,0.0003379082259645099
2025-12-19 13:15:00-05:00,681.0399780273438,681.0900268554688,680.8900146484375,680.9249877929688,399533,0.00017620946421279584,0.0003379082259645099,0.0003629427509115583
2025-12-19 13:20:00-05:00,680.6500244140625,681.0449829101562,680.6400146484375,681.0399780273438,444316,-0.0005727494851870983,0.0003629427509115583,0.0003621481860711661
2025-12-19 13:25:00-05:00,680.75,680.8699951171875,680.6400146484375,680.6500244140625,358265,0.0001468717266407023,0.0003621481860711661,0.0003594317423585938
2025-12-19 13:30:00-05:00,680.5700073242188,680.8599853515625,680.5399780273438,680.77001953125,469169,-0.0002644384507121012,0.0003594317423585938,0.00033402602585943576
2025-12-19 13:35:00-05:00,680.5650024414062,680.719970703125,680.4299926757812,680.5700073242188,290285,-7.353984397769249e-06,0.00033402602585943576,0.00032126860969117275
2025-12-19 13:40:00-05:00,680.3599853515625,680.5700073242188,680.1799926757812,680.5700073242188,899703,-0.0003012908032898017,0.00032126860969117275,0.0003163798842995707
2025-12-19 13:45:00-05:00,680.3049926757812,680.3900146484375,680.1699829101562,680.3790283203125,350382,-8.083205888180082e-05,0.0003163798842995707,0.0002756652576027817
2025-12-19 13:50:00-05:00,680.469970703125,680.60498046875,680.239990234375,680.3084716796875,364247,0.00024247657782070056,0.0002756652576027817,0.0002653964123476861
2025-12-19 13:55:00-05:00,680.2249755859375,680.5,680.1882934570312,680.4644165039062,348697,-0.0003601029319659775,0.0002653964123476861,0.00030038301304076995
2025-12-19 14:00:00-05:00,680.5349731445312,680.6799926757812,680.219970703125,680.219970703125,539376,0.0004556241741913337,0.00030038301304076995,0.00030256190143138133
2025-12-19 14:05:00-05:00,680.4199829101562,680.6400146484375,680.3200073242188,680.5300903320312,765250,-0.00016898462970731202,0.00030256190143138133,0.0003038138344800626
2025-12-19 14:10:00-05:00,680.5899047851562,680.760009765625,680.3900146484375,680.4149780273438,402080,0.00024969969346889085,0.0003038138344800626,0.00030203601205251073
2025-12-19 14:15:00-05:00,680.6900024414062,680.7349853515625,680.469970703125,680.5900268554688,399006,0.00014706403275178525,0.00030203601205251073,0.0002526879694796428
2025-12-19 14:20:00-05:00,680.7449951171875,680.7650146484375,680.5700073242188,680.6799926757812,349881,8.078634075036305e-05,0.0002526879694796428,0.0002529865576624303
2025-12-19 14:25:00-05:00,680.6400146484375,680.7999877929688,680.5999755859375,680.75,370053,-0.00015422598046116136,0.0002529865576624303,0.00024430834800383397
2025-12-19 14:30:00-05:00,680.75,680.8400268554688,680.52001953125,680.6400146484375,478772,0.0001615780204325833,0.00024430834800383397,0.00024493999650622666
2025-12-19 14:35:00-05:00,680.719970703125,680.9398803710938,680.6799926757812,680.7449951171875,642399,-4.4113050637943345e-05,0.00024493999650622666,0.00022377420116080748
2025-12-19 14:40:00-05:00,680.7901000976562,680.885009765625,680.6264038085938,680.7150268554688,407314,0.0001030170780184073,0.00022377420116080748,0.00022016131261867565
2025-12-19 14:45:00-05:00,680.8643798828125,681.0,680.77001953125,680.7999877929688,555235,0.00010910225218224522,0.00022016131261867565,0.0002166406885595872
2025-12-19 14:50:00-05:00,680.8099975585938,680.9500122070312,680.72998046875,680.864990234375,943855,-7.98756665302833e-05,0.0002166406885595872,0.0002105898672843092
2025-12-19 14:55:00-05:00,680.5900268554688,680.9400024414062,680.5449829101562,680.7899780273438,629077,-0.0003231536669524642,0.0002105898672843092,0.0001677733728971618
2025-12-19 15:00:00-05:00,680.5399780273438,680.8300170898438,680.4849853515625,680.5900268554688,891469,-7.35401144167599e-05,0.0001677733728971618,0.00015929102087879066
2025-12-19 15:05:00-05:00,680.530029296875,680.655029296875,680.4739990234375,680.5499877929688,682186,-1.4618984204156565e-05,0.00015929102087879066,0.0001453518254320022
2025-12-19 15:10:00-05:00,680.4400024414062,680.739990234375,680.3599853515625,680.530029296875,948918,-0.00013229807196421533,0.0001453518254320022,0.00013603788865425238
2025-12-19 15:15:00-05:00,680.4400024414062,680.5399780273438,680.3400268554688,680.4299926757812,711343,0.0,0.00013603788865425238,0.00017369788263068184
2025-12-19 15:20:00-05:00,680.6799926757812,680.72998046875,680.4199829101562,680.4450073242188,831034,0.0003526364137224137,0.00017369788263068184,0.00018747847211468134
2025-12-19 15:25:00-05:00,680.4849853515625,680.7449951171875,680.4133911132812,680.6799926757812,1180506,-0.0002865300366977093,0.00018747847211468134,0.00018152547082979343
2025-12-19 15:30:00-05:00,680.385009765625,680.6649780273438,680.280029296875,680.489990234375,1029050,-0.0001469289299875496,0.00018152547082979343,0.00018211671487752492
2025-12-19 15:35:00-05:00,680.3200073242188,680.5050048828125,680.260009765625,680.3900146484375,1326253,-9.5542297028762e-05,0.00018211671487752492,0.00022665122155740008
2025-12-19 15:40:00-05:00,679.9400024414062,680.385009765625,679.6099853515625,680.3099975585938,1410199,-0.0005587239056796632,0.00022665122155740008,0.00022181554388101034
2025-12-19 15:45:00-05:00,679.969970703125,680.1798706054688,679.8499755859375,679.9400024414062,2616900,4.407389064774502e-05,0.00022181554388101034,0.0003395702934808881
2025-12-19 15:50:00-05:00,680.4998779296875,680.719970703125,679.6799926757812,679.9600219726562,4090604,0.0007790062438987209,0.0003395702934808881,0.000330124743750025
2025-12-19 15:55:00-05:00,680.5900268554688,680.6900024414062,679.97998046875,680.47998046875,8587700,0.00013246579171014366,0.000330124743750025,0.0013425150407032928
2025-12-22 09:30:00-05:00,683.6699829101562,684.530029296875,683.3800048828125,683.9400024414062,3343280,0.004515211565628548,0.0013425150407032928,0.0013659604871794865
2025-12-22 09:35:00-05:00,683.2899780273438,683.9299926757812,683.1599731445312,683.6699829101562,1403291,-0.0005559854033191002,0.0013659604871794865,0.0013646298874865868
2025-12-22 09:40:00-05:00,683.22998046875,683.5250244140625,682.9400024414062,683.2999877929688,1314824,-8.78107315729266e-05,0.0013646298874865868,0.0013614093789463535
2025-12-22 09:45:00-05:00,683.3599853515625,683.7299194335938,683.0800170898438,683.219970703125,1012727,0.00019026172656929423,0.0013614093789463535,0.0013716272499411793
2025-12-22 09:50:00-05:00,684.0,684.0599975585938,683.2849731445312,683.3599853515625,930990,0.0009361319652956044,0.0013716272499411793,0.0013622555378063274
2025-12-22 09:55:00-05:00,683.969970703125,684.135009765625,683.7999877929688,684.0150146484375,895338,-4.390344455354869e-05,0.0013622555378063274,0.0013946456402607495
2025-12-22 10:00:00-05:00,683.469970703125,684.1199951171875,683.4349975585938,683.9749755859375,839445,-0.0007312935758900135,0.0013946456402607495,0.0013894376381614374
2025-12-22 10:05:00-05:00,683.5499877929688,683.7714233398438,683.2449951171875,683.469970703125,581915,0.00011706791760844613,0.0013894376381614374,0.0014099132871112946
2025-12-22 10:10:00-05:00,682.969970703125,683.6099853515625,682.8900146484375,683.5800170898438,738861,-0.0008488966751914541,0.0014099132871112946,0.0014095602455750575
2025-12-22 10:15:00-05:00,683.4749755859375,683.5999755859375,682.9400024414062,682.989990234375,775284,0.0007391514852847957,0.0014095602455750575,0.0014053030418714097
2025-12-22 10:20:00-05:00,683.7799072265625,683.8800048828125,683.3699951171875,683.47998046875,701073,0.00044604945210142385,0.0014053030418714097,0.0014084890010840343
2025-12-22 10:25:00-05:00,683.77001953125,683.9299926757812,683.6099853515625,683.77001953125,492817,-1.4460452403523718e-05,0.0014084890010840343,0.0005566088333240987
2025-12-22 10:30:00-05:00,683.489990234375,683.989990234375,683.4600830078125,683.77001953125,564546,-0.00040962113832097396,0.0005566088333240987,0.0005932788711935932
2025-12-22 10:35:00-05:00,682.8800048828125,683.489990234375,682.6799926757812,683.489990234375,1063103,-0.0008928553675289078,0.0005932788711935932,0.0006982042264743163
2025-12-22 10:40:00-05:00,683.719970703125,683.7899780273438,682.8543701171875,682.8900146484375,844902,0.001229278415180563,0.0006982042264743163,0.0006975722005754381
2025-12-22 10:45:00-05:00,683.8200073242188,683.9099731445312,683.6699829101562,683.719970703125,710531,0.0001463015676025189,0.0006975722005754381,0.0006401917400968411
2025-12-22 10:50:00-05:00,683.8200073242188,683.9400024414062,683.5800170898438,683.8200073242188,503782,0.0,0.0006401917400968411,0.0006435489675234222
2025-12-22 10:55:00-05:00,683.6500244140625,683.97998046875,683.6199951171875,683.8300170898438,519330,-0.0002486093400023598,0.0006435489675234222,0.0006104343976949284
2025-12-22 11:00:00-05:00,683.8499755859375,683.9749755859375,683.6400146484375,683.6400146484375,374242,0.0002924331602191971,0.0006104343976949284,0.0006241426391684941
2025-12-22 11:05:00-05:00,684.1900024414062,684.25,683.8300170898438,683.85498046875,571661,0.0004971007688839389,0.0006241426391684941,0.0005704388815398637
2025-12-22 11:10:00-05:00,684.64501953125,684.6699829101562,684.1699829101562,684.219970703125,743755,0.0006648238820591487,0.0005704388815398637,0.0005462651975299162
2025-12-22 11:15:00-05:00,684.8400268554688,684.9149780273438,684.5700073242188,684.6400146484375,783228,0.00028478927324003615,0.0005462651975299162,0.0005448133624119136
2025-12-22 11:20:00-05:00,684.75,684.9749755859375,684.719970703125,684.8499755859375,922787,-0.0001314654076521242,0.0005448133624119136,0.0005478725598541306
2025-12-22 11:25:00-05:00,684.6699829101562,684.9199829101562,684.530029296875,684.760009765625,660210,-0.00011686274617488752,0.0005478725598541306,0.0005377262462623256
2025-12-22 11:30:00-05:00,684.47998046875,684.780029296875,684.4400024414062,684.6699829101562,563158,-0.0002775480374071674,0.0005377262462623256,0.00043598931362892704
2025-12-22 11:35:00-05:00,684.5001220703125,684.7399291992188,684.4500122070312,684.489990234375,526042,2.9425703889386573e-05,0.00043598931362892704,0.00030281528357408615
2025-12-22 11:40:00-05:00,684.3699951171875,684.719970703125,684.3599853515625,684.489990234375,326217,-0.00019012315614619924,0.00030281528357408615,0.00030352005394770974
2025-12-22 11:45:00-05:00,684.4901123046875,684.6500244140625,684.3599853515625,684.3699951171875,450514,0.0001754995812311534,0.00030352005394770974,0.00030977332832443166
2025-12-22 11:50:00-05:00,684.7100830078125,684.7449951171875,684.5,684.5,323934,0.00032131269885966716,0.00030977332832443166,0.0002949182579565612
2025-12-22 11:55:00-05:00,684.9500122070312,684.9500122070312,684.6799926757812,684.7100219726562,515604,0.0003503485317432389,0.0002949182579565612,0.0003021245482834123
2025-12-22 12:00:00-05:00,684.864990234375,685.0800170898438,684.780029296875,684.9600219726562,574312,-0.00012413643099816655,0.0003021245482834123,0.0002891666879951052
2025-12-22 12:05:00-05:00,684.739990234375,684.9199829101562,684.6749877929688,684.8699951171875,467495,-0.00018253438346036447,0.0002891666879951052,0.0002207564530464472
2025-12-22 12:10:00-05:00,684.8049926757812,684.9400024414062,684.6799926757812,684.7349853515625,471749,9.492560268730359e-05,0.0002207564530464472,0.00020496748560957452
2025-12-22 12:15:00-05:00,684.8400268554688,684.9650268554688,684.7999877929688,684.8099975585938,441796,5.1158043428137036e-05,0.00020496748560957452,0.00021153236200091805
2025-12-22 12:20:00-05:00,684.6900024414062,684.8699951171875,684.6900024414062,684.8350219726562,349669,-0.00021908890123364185,0.00021153236200091805,0.00020944230395092173
2025-12-22 12:25:00-05:00,684.6500244140625,684.7449951171875,684.52001953125,684.6799926757812,576636,-5.8390212176765674e-05,0.00020944230395092173,0.00019211251014449612
2025-12-22 12:30:00-05:00,684.6099853515625,684.8300170898438,684.5599975585938,684.6500244140625,329043,-5.8482774967300476e-05,0.00019211251014449612,0.00019372476236954932
2025-12-22 12:35:00-05:00,684.6799926757812,684.760009765625,684.5999755859375,684.6099853515625,348618,0.00010225346771415488,0.00019372476236954932,0.0001850956078746844
2025-12-22 12:40:00-05:00,684.7899780273438,684.9299926757812,684.594970703125,684.6900024414062,420541,0.0001606247002881637,0.0001850956078746844,0.00018158293970447923
2025-12-22 12:45:00-05:00,684.780029296875,684.885009765625,684.6849975585938,684.7899780273438,282408,-1.4528254000490949e-05,0.00018158293970447923,0.0002112514263434993
2025-12-22 12:50:00-05:00,685.1199951171875,685.2000122070312,684.760009765625,684.780029296875,726728,0.0004963366979093126,0.0002112514263434993,0.00019146903501751403
2025-12-22 12:55:00-05:00,685.2100219726562,685.3599853515625,685.0999755859375,685.1199951171875,539962,0.00013139441517808883,0.00019146903501751403,0.0002063142925634797
2025-12-22 13:00:00-05:00,685.0250244140625,685.219970703125,685.02001953125,685.2100219726562,427115,-0.0002700231032706654,0.0002063142925634797,0.00020388124384665182
2025-12-22 13:05:00-05:00,684.919921875,685.030029296875,684.8936157226562,685.0250244140625,540261,-0.00015344052993289105,0.00020388124384665182,0.00020883712609493822
2025-12-22 13:10:00-05:00,684.8099975585938,684.9600219726562,684.780029296875,684.919921875,403989,-0.0001605050967823958,0.00020883712609493822,0.00021015213882304246
2025-12-22 13:15:00-05:00,684.739990234375,684.8400268554688,684.5999755859375,684.8099975585938,546345,-0.00010223405484093481,0.00021015213882304246,0.0002159783673975973
2025-12-22 13:20:00-05:00,684.5499877929688,684.7498779296875,684.5399780273438,684.72998046875,407870,-0.00027751965715755266,0.0002159783673975973,0.00022774571437150147
2025-12-22 13:25:00-05:00,684.7150268554688,684.760009765625,684.3499755859375,684.5435791015625,651825,0.00024106226557106715,0.00022774571437150147,0.00022679533342238778
2025-12-22 13:30:00-05:00,684.72998046875,684.9099731445312,684.7100219726562,684.7100219726562,404529,2.1838939427179083e-05,0.00022679533342238778,0.00022679470394867062
2025-12-22 13:35:00-05:00,684.7999877929688,684.8400268554688,684.6300048828125,684.719970703125,238528,0.00010223554927904003,0.00022679470394867062,0.0002231179593917809
2025-12-22 13:40:00-05:00,684.75,684.9000244140625,684.6849975585938,684.7999877929688,250780,-7.299885865652594e-05,0.0002231179593917809,0.00022646136724873507
2025-12-22 13:45:00-05:00,684.655029296875,684.780029296875,684.6035766601562,684.739990234375,256658,-0.00013870359936679416,0.00022646136724873507,0.0001837557369155195
2025-12-22 13:50:00-05:00,684.39501953125,684.6799926757812,684.3699951171875,684.655029296875,399166,-0.00037983968368968276,0.0001837557369155195,0.0001871031048474881
2025-12-22 13:55:00-05:00,684.5050048828125,684.6599731445312,684.3800048828125,684.3900146484375,382072,0.0001606915769415307,0.0001871031048474881,0.00018087726132183128
2025-12-22 14:00:00-05:00,684.3800048828125,684.5700073242188,684.3300170898438,684.5,293878,-0.0001826303881709573,0.00018087726132183128,0.00017990536834353764
2025-12-22 14:05:00-05:00,684.364990234375,684.469970703125,684.25,684.38037109375,500591,-2.1939292551484368e-05,0.00017990536834353764,0.0001778096846997534
2025-12-22 14:10:00-05:00,684.2999877929688,684.364990234375,684.2150268554688,684.3499755859375,400141,-9.498663661112589e-05,0.0001778096846997534,0.00019130679829518793
2025-12-22 14:15:00-05:00,684.4299926757812,684.4400024414062,684.2050170898438,684.2999877929688,453749,0.00018996425161798232,0.00019130679829518793,0.0001869421784669307
2025-12-22 14:20:00-05:00,684.5700073242188,684.614990234375,684.3400268554688,684.4299926757812,656803,0.0002045502540915978,0.0001869421784669307,0.00018447832696070397
2025-12-22 14:25:00-05:00,684.719970703125,684.75,684.530029296875,684.5650024414062,437574,0.0002190381612546604,0.00018447832696070397,0.00018830077076605655
2025-12-22 14:30:00-05:00,684.8099975585938,685.010009765625,684.719970703125,684.72998046875,663922,0.00013147117286197634,0.00018830077076605655,0.00018643855345393422
2025-12-22 14:35:00-05:00,684.8400268554688,684.9998779296875,684.8049926757812,684.8099975585938,419541,4.384959127447681e-05,0.00018643855345393422,0.00019036599399238567
2025-12-22 14:40:00-05:00,684.739990234375,684.8865966796875,684.719970703125,684.8499755859375,547583,-0.00014608364611537814,0.00019036599399238567,0.00018540553820156397
2025-12-22 14:45:00-05:00,684.739990234375,684.8599853515625,684.6950073242188,684.739990234375,925171,0.0,0.00018540553820156397,0.00014408589731601854
2025-12-22 14:50:00-05:00,684.6799926757812,684.8400268554688,684.6799926757812,684.75,366142,-8.762477454819458e-05,0.00014408589731601854,0.0001440805819536499
2025-12-22 14:55:00-05:00,684.7899780273438,684.8099975585938,684.6649780273438,684.6799926757812,422098,0.0001606247002881637,0.0001440805819536499,0.0001269957673389295
2025-12-22 15:00:00-05:00,684.8444213867188,684.9600219726562,684.760009765625,684.7899780273438,510148,7.95005724550058e-05,0.0001269957673389295,0.00015234147049243224
2025-12-22 15:05:00-05:00,684.6799926757812,684.8798828125,684.6649780273438,684.844970703125,503021,-0.0002401252727431895,0.00015234147049243224,0.00014768926064892142
2025-12-22 15:10:00-05:00,684.760009765625,684.9099731445312,684.6799926757812,684.6900024414062,1128207,0.00011686103778509224,0.00014768926064892142,0.0001658206908890209
2025-12-22 15:15:00-05:00,684.9949951171875,685.0399780273438,684.7100219726562,684.760009765625,880831,0.00034310566930584704,0.0001658206908890209,0.00016783615741267478
2025-12-22 15:20:00-05:00,684.9149780273438,685.0399780273438,684.8499755859375,684.9949951171875,726788,-0.00011682094663650052,0.00016783615741267478,0.00015833704765734052
2025-12-22 15:25:00-05:00,684.9249877929688,684.97998046875,684.8300170898438,684.9149780273438,775153,1.4614503700966996e-05,0.00015833704765734052,0.00015928140880965293
2025-12-22 15:30:00-05:00,685.0250244140625,685.0499877929688,684.9199829101562,684.9249877929688,825244,0.00014604419194880476,0.00015928140880965293,0.00016015771732584926
2025-12-22 15:35:00-05:00,685.0,685.14990234375,684.9000244140625,685.030029296875,1749955,-3.653132405512452e-05,0.00016015771732584926,0.0001582080725270028
2025-12-22 15:40:00-05:00,684.9149780273438,685.02001953125,684.875,685.0050048828125,799107,-0.00012412737159477063,0.0001582080725270028,0.00016607625592361168
2025-12-22 15:45:00-05:00,684.8099975585938,684.9600219726562,684.6900024414062,684.915771484375,1583033,-0.00015328693106529082,0.00016607625592361168,0.00017973485015760233
2025-12-22 15:50:00-05:00,685.0,685.0,684.6099853515625,684.7999877929688,2612096,0.00027741430266008707,0.00017973485015760233,0.0002004039317931399
2025-12-22 15:55:00-05:00,684.7899780273438,685.0449829101562,684.6900024414062,685.0,3218171,-0.0003066484317609638,0.0002004039317931399,0.00022213684697838584
2025-12-23 09:30:00-05:00,685.02001953125,685.6099853515625,683.8699951171875,683.9199829101562,2540153,0.0003358735977673213,0.00022213684697838584,0.0002473913706421382
2025-12-23 09:35:00-05:00,685.375,685.4600219726562,684.7899780273438,685.02001953125,969469,0.0005180702959809214,0.0002473913706421382,0.00028651184443016683
2025-12-23 09:40:00-05:00,685.7750244140625,685.7999877929688,685.22998046875,685.3800048828125,832207,0.0005834874642294624,0.00028651184443016683,0.000280547599603193
2025-12-23 09:45:00-05:00,685.9349975585938,686.25,685.72998046875,685.780029296875,1013931,0.0002332463023438783,0.000280547599603193,0.0003120576165232711
2025-12-23 09:50:00-05:00,685.6599731445312,686.10498046875,685.5599975585938,685.9199829101562,728600,-0.00040102861795621164,0.0003120576165232711,0.00033853846987879786
2025-12-23 09:55:00-05:00,685.4099731445312,685.7000122070312,685.0999755859375,685.6500244140625,883928,-0.00036467869994133526,0.00033853846987879786,0.0005060783482117081
2025-12-23 10:00:00-05:00,684.5499877929688,685.489990234375,684.4600219726562,685.4100952148438,1259109,-0.0012554899253215941,0.0005060783482117081,0.0005272167062164263
2025-12-23 10:05:00-05:00,684.8599853515625,684.89501953125,684.3599853515625,684.5499877929688,1018833,0.00045274617531394166,0.0005272167062164263,0.0005276580203922615
2025-12-23 10:10:00-05:00,684.760009765625,685.0900268554688,684.3800048828125,684.8699951171875,1102904,-0.00014599025491956728,0.0005276580203922615,0.000567309368052837
2025-12-23 10:15:00-05:00,685.260009765625,685.3699951171875,684.739990234375,684.75,689540,0.00072991637358721,0.000567309368052837,0.0005696274562061795
2025-12-23 10:20:00-05:00,685.489990234375,685.5650024414062,685.2399291992188,685.260009765625,598277,0.00033555421617055526,0.0005696274562061795,0.0005732600722148926
2025-12-23 10:25:00-05:00,685.239990234375,685.5499877929688,685.1300048828125,685.489990234375,550838,-0.00036476914685492625,0.0005732600722148926,0.0005881156307626409
2025-12-23 10:30:00-05:00,685.6361083984375,685.6500244140625,685.2302856445312,685.239990234375,458146,0.0005779051447203083,0.0005881156307626409,0.0005842269433679347
2025-12-23 10:35:00-05:00,685.9500122070312,686.02001953125,685.6099853515625,685.6400146484375,775696,0.0004577238123927683,0.0005842269433679347,0.0005642182886646971
2025-12-23 10:40:00-05:00,686.0999755859375,686.1849975585938,685.905029296875,685.9450073242188,717601,0.0002185975450421864,0.0005642182886646971,0.0005610999096765803
2025-12-23 10:45:00-05:00,686.1497802734375,686.1987915039062,685.8599853515625,686.0999755859375,840680,7.258837148145143e-05,0.0005610999096765803,0.0005452182648195995
2025-12-23 10:50:00-05:00,686.1400146484375,686.2449951171875,686.030029296875,686.1436767578125,603064,-1.4232598735756961e-05,0.0005452182648195995,0.0005308490867823041
2025-12-23 10:55:00-05:00,686.3200073242188,686.4849853515625,685.9699096679688,686.135009765625,649444,0.00026229205067028396,0.0005308490867823041,0.0003117590653797361
2025-12-23 11:00:00-05:00,686.4299926757812,686.6300048828125,686.2550048828125,686.3300170898438,1179875,0.00016024090591572926,0.0003117590653797361,0.0003143062975117493
2025-12-23 11:05:00-05:00,686.3800048828125,686.5900268554688,686.3231811523438,686.4349975585938,508737,-7.282550838028483e-05,0.0003143062975117493,0.00029832997664578845
2025-12-23 11:10:00-05:00,686.4500122070312,686.5,686.27001953125,686.3900146484375,611812,0.00010198979248414232,0.00029832997664578845,0.0002517380013601656
2025-12-23 11:15:00-05:00,686.655029296875,686.6900024414062,686.4500122070312,686.4500122070312,606013,0.000298618219539518,0.0002517380013601656,0.000255950398663451
2025-12-23 11:20:00-05:00,686.594970703125,686.6799926757812,686.47998046875,686.6599731445312,451524,-8.746927913819268e-05,0.000255950398663451,0.00022331177052593948
2025-12-23 11:25:00-05:00,686.4920043945312,686.739990234375,686.4600219726562,686.5900268554688,542343,-0.00014997783921074832,0.00022331177052593948,0.000183448022061971
2025-12-23 11:30:00-05:00,686.469970703125,686.5499877929688,686.4199829101562,686.4949951171875,499763,-3.2096579232027874e-05,0.000183448022061971,0.00014527957098474484
2025-12-23 11:35:00-05:00,686.5,686.5499877929688,686.3599853515625,686.4749755859375,400470,4.374355961244423e-05,0.00014527957098474484,0.00015163234876456043
2025-12-23 11:40:00-05:00,686.6900024414062,686.7849731445312,686.469970703125,686.5,329747,0.0002767314680138007,0.00015163234876456043,0.00015170082039651478
2025-12-23 11:45:00-05:00,686.75,686.8200073242188,686.655029296875,686.6950073242188,362491,8.736829934355909e-05,0.00015170082039651478,0.00015387332926081198
2025-12-23 11:50:00-05:00,686.89501953125,686.9650268554688,686.72998046875,686.760009765625,728986,0.00021114557214838467,0.00015387332926081198,0.00014618135842365813
2025-12-23 11:55:00-05:00,686.8900146484375,687.0087890625,686.7949829101562,686.9000244140625,452256,-7.286267775481899e-06,0.00014618135842365813,0.000145318530369962
2025-12-23 12:00:00-05:00,686.875,686.969970703125,686.6599731445312,686.9000244140625,621575,-2.1859121870220094e-05,0.000145318530369962,0.00014049361081102012
2025-12-23 12:05:00-05:00,686.9550170898438,686.989990234375,686.844970703125,686.875,334508,0.00011648761337124953,0.00014049361081102012,0.00014244789850105296
2025-12-23 12:10:00-05:00,686.9400024414062,687.0200805664062,686.8900756835938,686.9600219726562,443655,-2.1857053449760017e-05,0.00014244789850105296,0.00012117482917925323
2025-12-23 12:15:00-05:00,686.9849853515625,687.030029296875,686.8699951171875,686.9450073242188,508122,6.548088224905713e-05,0.00012117482917925323,0.00012173844871898163
2025-12-23 12:20:00-05:00,687.1199951171875,687.219970703125,686.9849853515625,686.989990234375,554119,0.0001965057517125362,0.00012173844871898163,0.00011098197066971708
2025-12-23 12:25:00-05:00,687.0700073242188,687.1500244140625,687.0166015625,687.1300048828125,886440,-7.275237471088879e-05,0.00011098197066971708,0.00011840793733367984
2025-12-23 12:30:00-05:00,687.0,687.19970703125,686.8900146484375,687.0599975585938,577578,-0.00010189775470848945,0.00011840793733367984,0.00011939255915600333
2025-12-23 12:35:00-05:00,687.0850219726562,687.1500244140625,686.9450073242188,687.0,448003,0.0001237506724915029,0.00011939255915600333,0.000105237602585969
2025-12-23 12:40:00-05:00,687.0449829101562,687.094970703125,686.969970703125,687.0800170898438,335304,-5.827550867681614e-05,0.000105237602585969,0.00012227114186263288
2025-12-23 12:45:00-05:00,686.9199829101562,687.1199951171875,686.9000244140625,687.0399780273438,859140,-0.0001819551494462066,0.00012227114186263288,0.00010881755574265786
2025-12-23 12:50:00-05:00,686.9749755859375,687.04052734375,686.7899780273438,686.9199829101562,2110991,8.005368310076444e-05,0.00010881755574265786,0.00010869024435278602
2025-12-23 12:55:00-05:00,686.9849853515625,687.10498046875,686.9299926757812,686.969970703125,401066,1.4570680237900487e-05,0.00010869024435278602,0.00010981896918500124
2025-12-23 13:00:00-05:00,686.9500122070312,687.1199951171875,686.9199829101562,686.989990234375,268591,-5.090946020141641e-05,0.00010981896918500124,0.00018050929319040577
2025-12-23 13:05:00-05:00,687.2999267578125,687.35498046875,686.9498291015625,686.9500122070312,689690,0.0005092444226074809,0.00018050929319040577,0.00017941832749558586
2025-12-23 13:10:00-05:00,687.3400268554688,687.3599853515625,687.1799926757812,687.2999877929688,447083,5.83426919351147e-05,0.00017941832749558586,0.00017952160203408245
2025-12-23 13:15:00-05:00,687.3916015625,687.4099731445312,687.2650146484375,687.3400268554688,346623,7.503240049093647e-05,0.00017952160203408245,0.00018980849532365652
2025-12-23 13:20:00-05:00,687.5999755859375,687.7299194335938,687.3900146484375,687.4000244140625,813937,0.0003030913476063688,0.00018980849532365652,0.00019027274074577392
2025-12-23 13:25:00-05:00,687.5449829101562,687.6500244140625,687.4600219726562,687.5999755859375,442002,-7.998091469671967e-05,0.00019027274074577392,0.0001839689582857231
2025-12-23 13:30:00-05:00,687.625,687.7000122070312,687.5250244140625,687.5499877929688,425216,0.00011637410782451107,0.0001839689582857231,0.00018408087311118067
2025-12-23 13:35:00-05:00,687.635009765625,687.6500244140625,687.5399780273438,687.625,443722,1.4556906409028588e-05,0.00018408087311118067,0.00018022893773739159
2025-12-23 13:40:00-05:00,687.6599731445312,687.6699829101562,687.5700073242188,687.6336059570312,384070,3.6302581219560144e-05,0.00018022893773739159,0.00016846806671441718
2025-12-23 13:45:00-05:00,687.6099853515625,687.7000122070312,687.5800170898438,687.6599731445312,684019,-7.269524456915542e-05,0.00016846806671441718,0.0001720063360158264
2025-12-23 13:50:00-05:00,687.5850219726562,687.6799926757812,687.530029296875,687.6099853515625,283854,-3.630522038848227e-05,0.0001720063360158264,0.0001770659459270406
2025-12-23 13:55:00-05:00,687.530029296875,687.6199951171875,687.510009765625,687.5900268554688,386637,-7.998265419294491e-05,0.0001770659459270406,0.00018251457345024304
2025-12-23 14:00:00-05:00,687.719970703125,687.72998046875,687.4949951171875,687.530029296875,553399,0.0002762281875408503,0.00018251457345024304,0.00012731232178236766
2025-12-23 14:05:00-05:00,687.7412109375,687.8250122070312,687.6500244140625,687.719970703125,497055,3.0884527546411826e-05,0.00012731232178236766,0.0001304559339844114
2025-12-23 14:10:00-05:00,687.7097778320312,687.8200073242188,687.7000122070312,687.739990234375,324652,-4.570588953133443e-05,0.0001304559339844114,0.0001368813373958747
2025-12-23 14:15:00-05:00,687.8400268554688,687.8499755859375,687.7000122070312,687.7050170898438,462937,0.00018937740150586982,0.0001368813373958747,0.000113624024485171
2025-12-23 14:20:00-05:00,687.8198852539062,687.9099731445312,687.7899780273438,687.8400268554688,437980,-2.92828211197121e-05,0.000113624024485171,0.00010928227055034839
2025-12-23 14:25:00-05:00,687.875,687.9199829101562,687.7700805664062,687.8099975585938,675147,8.012640988066778e-05,0.00010928227055034839,0.00011088437870318759
2025-12-23 14:30:00-05:00,687.8250122070312,687.9149780273438,687.77001953125,687.8699951171875,454886,-7.267251951320081e-05,0.00011088437870318759,0.000114381036702507
2025-12-23 14:35:00-05:00,687.7750244140625,687.8599853515625,687.760009765625,687.8200073242188,394592,-7.26778011922127e-05,0.000114381036702507,0.00011513420411937807
2025-12-23 14:40:00-05:00,687.8200073242188,687.8200073242188,687.7100219726562,687.780029296875,394106,6.54013850507293e-05,0.00011513420411937807,0.00011148740667462866
2025-12-23 14:45:00-05:00,687.8300170898438,687.885009765625,687.780029296875,687.8200073242188,387817,1.4552779337128396e-05,0.00011148740667462866,0.00011116533992731528
2025-12-23 14:50:00-05:00,687.89501953125,687.9000244140625,687.760009765625,687.8400268554688,527282,9.449917639687689e-05,0.00011116533992731528,0.00011187867396080977
2025-12-23 14:55:00-05:00,687.8350219726562,687.9299926757812,687.8200073242188,687.9000244140625,536276,-8.722286614636504e-05,0.00011187867396080977,9.461527123137097e-05
2025-12-23 15:00:00-05:00,687.9550170898438,688.030029296875,687.8200073242188,687.8350219726562,805535,0.00017443812512783253,9.461527123137097e-05,9.9626443632987e-05
2025-12-23 15:05:00-05:00,687.9000854492188,687.989990234375,687.8800048828125,687.9600219726562,475050,-7.98509095221611e-05,9.9626443632987e-05,9.84460941370219e-05
2025-12-23 15:10:00-05:00,687.885009765625,687.989990234375,687.8400268554688,687.905029296875,730843,-2.1915753625784864e-05,9.84460941370219e-05,8.569695831605469e-05
2025-12-23 15:15:00-05:00,687.9400024414062,687.9600219726562,687.8300170898438,687.8900146484375,879346,7.994138109516556e-05,8.569695831605469e-05,9.872103573513621e-05
2025-12-23 15:20:00-05:00,687.830078125,688.0,687.7750244140625,687.9400024414062,832157,-0.00015980041751589765,9.872103573513621e-05,9.607233841309611e-05
2025-12-23 15:25:00-05:00,687.8499755859375,687.9299926757812,687.7899780273438,687.8350219726562,489742,2.8927454294641344e-05,9.607233841309611e-05,9.839106672761166e-05
2025-12-23 15:30:00-05:00,687.9249877929688,687.9400024414062,687.7949829101562,687.8400268554688,457680,0.00010904720481521005,9.839106672761166e-05,9.476778010424636e-05
2025-12-23 15:35:00-05:00,687.9299926757812,688.0,687.8499755859375,687.9249877929688,1088600,7.275305731364888e-06,9.476778010424636e-05,0.00012434862195613886
2025-12-23 15:40:00-05:00,687.7449951171875,687.969970703125,687.72998046875,687.9301147460938,668931,-0.00026895532934811565,0.00012434862195613886,0.0001481536453234453
2025-12-23 15:45:00-05:00,687.9299926757812,687.9550170898438,687.7000122070312,687.739990234375,984560,0.0002689553293482423,0.0001481536453234453,0.00014667914796887618
2025-12-23 15:50:00-05:00,687.969970703125,688.0,687.6400146484375,687.9299926757812,2529938,5.8111822689199594e-05,0.00014667914796887618,0.00014667858079746044
2025-12-23 15:55:00-05:00,687.9099731445312,688.2000122070312,687.8200073242188,687.969970703125,3994159,-8.721336320081208e-05,0.00014667858079746044,0.00020842647762930143
2025-12-24 09:30:00-05:00,688.280029296875,688.3350219726562,687.7999877929688,687.9500122070312,1597428,0.0005377980665554346,0.00020842647762930143,0.00022740498225977626
2025-12-24 09:35:00-05:00,688.0800170898438,688.4400024414062,688.0399780273438,688.280029296875,697400,-0.0002906393700750838,0.00022740498225977626,0.0002395202512330261
2025-12-24 09:40:00-05:00,688.280029296875,688.6900024414062,688.030029296875,688.0700073242188,759165,0.00029063937007516206,0.0002395202512330261,0.00024058458555153338
2025-12-24 09:45:00-05:00,688.3699951171875,688.5,688.219970703125,688.2750244140625,563838,0.00013070252982984567,0.00024058458555153338,0.00025662495838180724
2025-12-24 09:50:00-05:00,688.6849975585938,688.7100219726562,688.3599853515625,688.375,769631,0.00045750162277614323,0.00025662495838180724,0.00026430695909443686
2025-12-24 09:55:00-05:00,688.5999755859375,688.72998046875,688.4600219726562,688.6799926757812,451196,-0.00012346315311943419,0.00026430695909443686,0.00026426923367124346
2025-12-24 10:00:00-05:00,688.6699829101562,688.7150268554688,688.510009765625,688.5900268554688,423895,0.00010166100530580887,0.00026426923367124346,0.00026795576367264796
2025-12-24 10:05:00-05:00,688.8599853515625,688.9099731445312,688.64501953125,688.6799926757812,594632,0.00027585961393048955,0.00026795576367264796,0.00024148069808110437
2025-12-24 10:10:00-05:00,689.0349731445312,689.0800170898438,688.8350219726562,688.864990234375,1017871,0.0002539929373142804,0.00024148069808110437,0.00023978850442240538
2025-12-24 10:15:00-05:00,689.0850219726562,689.2150268554688,689.0,689.0349731445312,782226,7.263348376675241e-05,0.00023978850442240538,0.0002598060097630901
2025-12-24 10:20:00-05:00,688.9400024414062,689.1599731445312,688.8200073242188,689.0800170898438,524541,-0.00021047445324439868,0.0002598060097630901,0.0002576237645299277
2025-12-24 10:25:00-05:00,689.1649780273438,689.1900024414062,688.875,688.9400024414062,495449,0.00032649992725454344,0.0002576237645299277,0.00023519274030531941
2025-12-24 10:30:00-05:00,689.0999755859375,689.22998046875,689.0125122070312,689.1599731445312,516209,-9.43250298631168e-05,0.00023519274030531941,0.00020107536969884713
2025-12-24 10:35:00-05:00,689.1599731445312,689.2000122070312,689.030029296875,689.0999755859375,515134,8.706276154506188e-05,0.00020107536969884713,0.00019470889601778583
2025-12-24 10:40:00-05:00,689.25,689.280029296875,689.0999755859375,689.1500244140625,992715,0.00013062420811048176,0.00019470889601778583,0.0001957877095206429
2025-12-24 10:45:00-05:00,689.280029296875,689.2999877929688,689.1900024414062,689.2249755859375,400508,4.3567127652818307e-05,0.0001957877095206429,0.00016243144763257753
2025-12-24 10:50:00-05:00,689.344970703125,689.4099731445312,689.25,689.280029296875,412704,9.421185064542088e-05,0.00016243144763257753,0.00015119512017506173
2025-12-24 10:55:00-05:00,689.469970703125,689.489990234375,689.2999877929688,689.3499755859375,640482,0.00018131512299243162,0.00015119512017506173,0.00015609617905304154
2025-12-24 11:00:00-05:00,689.4500122070312,689.530029296875,689.3800048828125,689.4650268554688,2005833,-2.8948011983977634e-05,0.00015609617905304154,0.00014750357903653262
2025-12-24 11:05:00-05:00,689.5650024414062,689.6599731445312,689.3699951171875,689.4450073242188,478189,0.00016677154841692422,0.00014750357903653262,0.00017987317372786027
2025-12-24 11:10:00-05:00,689.8900146484375,689.9039916992188,689.5650024414062,689.5650024414062,969163,0.00047121828405954376,0.00017987317372786027,0.00018576055851648567
2025-12-24 11:15:00-05:00,689.8499755859375,689.9099731445312,689.6500244140625,689.89501953125,571618,-5.8038562040102246e-05,0.00018576055851648567,0.0001597968106578812
2025-12-24 11:20:00-05:00,689.9598999023438,689.97998046875,689.8400268554688,689.8499755859375,517616,0.00015933255529131785,0.0001597968106578812,0.00014909440097603897
2025-12-24 11:25:00-05:00,689.9650268554688,689.97998046875,689.85009765625,689.9600219726562,440140,7.430771088557982e-06,0.00014909440097603897,0.00014224393077038005
2025-12-24 11:30:00-05:00,690.1400146484375,690.1500244140625,689.8892211914062,689.9650268554688,798099,0.00025358619618672836,0.00014224393077038005,0.00014786422629695315
2025-12-24 11:35:00-05:00,690.3300170898438,690.47998046875,690.1099853515625,690.1400146484375,955842,0.00027527210042624877,0.00014786422629695315,0.0001493973035138223
2025-12-24 11:40:00-05:00,690.47998046875,690.47998046875,690.3200073242188,690.3350219726562,561853,0.00021721073827837917,0.0001493973035138223,0.0001720846921514296
2025-12-24 11:45:00-05:00,690.3701171875,690.4849853515625,690.3400268554688,690.469970703125,502962,-0.00015912412457848876,0.0001720846921514296,0.0001734048217868402
2025-12-24 11:50:00-05:00,690.405029296875,690.4349975585938,690.25,690.3800048828125,406997,5.056885543061514e-05,0.0001734048217868402,0.00017974841373089546
2025-12-24 11:55:00-05:00,690.3699951171875,690.4400024414062,690.3200073242188,690.4000854492188,301481,-5.074567409688523e-05,0.00017974841373089546,0.0001745362443174114
2025-12-24 12:00:00-05:00,690.4400024414062,690.5250244140625,690.3699951171875,690.3699951171875,678711,0.00010140037282824926,0.0001745362443174114,0.00017422557109073557
2025-12-24 12:05:00-05:00,690.5449829101562,690.6099853515625,690.4299926757812,690.4299926757812,1499321,0.00015203708956389644,0.00017422557109073557,0.00013432214838127486
2025-12-24 12:10:00-05:00,690.5900268554688,690.6400146484375,690.510009765625,690.5499877929688,439482,6.52274325247451e-05,0.00013432214838127486,0.00017452217130638749
2025-12-24 12:15:00-05:00,690.3699951171875,690.6400146484375,690.27001953125,690.5800170898438,611794,-0.00031866489491692314,0.00017452217130638749,0.00017761447288793143
2025-12-24 12:20:00-05:00,690.2999877929688,690.5200805664062,690.2750244140625,690.3800048828125,1661362,-0.00010141065590657575,0.00017761447288793143,0.00019684346004127863
2025-12-24 12:25:00-05:00,690.5349731445312,690.5999755859375,690.27001953125,690.2999877929688,803176,0.00034035255548776704,0.00019684346004127863,0.00020089024532786903
2025-12-24 12:30:00-05:00,690.739990234375,690.8300170898438,690.5250244140625,690.5349731445312,839325,0.000296851961824903,0.00020089024532786903,0.00020513723519650353
2025-12-24 12:35:00-05:00,690.594970703125,690.8062133789062,690.5599975585938,690.7349853515625,608162,-0.0002099701171457266,0.00020513723519650353,0.0002237955260258089
2025-12-24 12:40:00-05:00,690.3499755859375,690.6950073242188,690.3300170898438,690.5900268554688,903591,-0.00035482242853524833,0.0002237955260258089,0.0002236984820228692
2025-12-24 12:45:00-05:00,690.4550170898438,690.4749755859375,690.344970703125,690.3599853515625,209762,0.00015214531330068231,0.0002236984820228692,0.0003017347282559822
2025-12-26 09:30:00-05:00,690.9450073242188,691.0900268554688,690.27001953125,690.6400146484375,2058013,0.0007094110992685459,0.0003017347282559822,0.0003284480088982237
2025-12-26 09:35:00-05:00,691.3200073242188,691.3800048828125,690.8400268554688,690.9500122070312,899289,0.0005425877168646886,0.0003284480088982237,0.0003343326808839577
2025-12-26 09:40:00-05:00,691.5499877929688,691.5700073242188,691.2294921875,691.3300170898438,788027,0.0003326132921855657,0.0003343326808839577,0.0003758368776994398
2025-12-26 09:45:00-05:00,691.22998046875,691.6599731445312,691.1599731445312,691.5499877929688,773327,-0.0004628463490599499,0.0003758368776994398,0.0004246113815501942
2025-12-26 09:50:00-05:00,690.8150024414062,691.260009765625,690.4550170898438,691.25,1046311,-0.0006005275442499399,0.0004246113815501942,0.0004117832303986036
2025-12-26 09:55:00-05:00,690.7750244140625,691.0,690.5499877929688,690.8200073242188,536831,-5.787248978037752e-05,0.0004117832303986036,0.00047514136792435916
2025-12-26 10:00:00-05:00,690.239990234375,690.8200073242188,689.8800048828125,690.77001953125,892282,-0.0007748419832963602,0.00047514136792435916,0.0004675938222148433
2025-12-26 10:05:00-05:00,690.3800048828125,690.5,690.2150268554688,690.25,540861,0.000202828655839747,0.0004675938222148433,0.0004921690960120663
2025-12-26 10:10:00-05:00,689.9099731445312,690.39501953125,689.75,690.3800048828125,698292,-0.0006810623331795132,0.0004921690960120663,0.0005261442772398852
2025-12-26 10:15:00-05:00,690.2999877929688,690.3400268554688,689.6500244140625,689.9099731445312,758743,0.0005651526504755215,0.0005261442772398852,0.0005329318714060112
2025-12-26 10:20:00-05:00,690.6099853515625,690.7100219726562,690.1699829101562,690.3049926757812,711379,0.00044897577659639543,0.0005329318714060112,0.0005335905530987944
2025-12-26 10:25:00-05:00,690.7349853515625,690.760009765625,690.280029296875,690.614990234375,542657,0.0001809830317441957,0.0005335905530987944,0.000495347565057194
2025-12-26 10:30:00-05:00,690.9000244140625,691.0001220703125,690.52001953125,690.72998046875,605791,0.00023890399724729594,0.000495347565057194,0.000469212069486261
2025-12-26 10:35:00-05:00,690.7000122070312,690.9949951171875,690.6400146484375,690.9099731445312,356047,-0.00028953706300946026,0.000469212069486261,0.0004537883618676737
2025-12-26 10:40:00-05:00,690.510009765625,690.760009765625,690.489990234375,690.7100219726562,347357,-0.000275124622008447,0.0004537883618676737,0.00045593502762765947
2025-12-26 10:45:00-05:00,690.7199096679688,690.7899780273438,690.4400024414062,690.52001953125,250113,0.0003039318812984611,0.00045593502762765947,0.0004245197873766812
2025-12-26 10:50:00-05:00,690.6300048828125,690.75,690.4000244140625,690.7100830078125,409079,-0.00013016945863778432,0.0004245197873766812,0.00043320006995600275
2025-12-26 10:55:00-05:00,690.8250122070312,690.8699951171875,690.5050048828125,690.6300048828125,346779,0.0002823216436315678,0.00043320006995600275,0.00035667125845056133
2025-12-26 11:00:00-05:00,690.8900146484375,690.9600219726562,690.7550048828125,690.8250122070312,342853,9.408950498583453e-05,0.00035667125845056133,0.00039309388937465824
2025-12-26 11:05:00-05:00,690.530029296875,690.9400024414062,690.5,690.8900146484375,442922,-0.0005211816077070303,0.00039309388937465824,0.0004259215970040163
2025-12-26 11:10:00-05:00,689.9299926757812,690.5999755859375,689.9099731445312,690.52001953125,532369,-0.0008693285561797675,0.0004259215970040163,0.00038927931735783475
2025-12-26 11:15:00-05:00,689.989990234375,690.1300048828125,689.77001953125,689.9199829101562,672733,8.695802564590672e-05,0.00038927931735783475,0.000386093125402582
2025-12-26 11:20:00-05:00,690.280029296875,690.3800048828125,689.9298706054688,689.989990234375,363150,0.0004202642420175541,0.000386093125402582,0.00037992840034453706
2025-12-26 11:25:00-05:00,690.2640991210938,690.344970703125,690.0850219726562,690.280029296875,302809,-2.307811167215675e-05,0.00037992840034453706,0.0003697172809637496
2025-12-26 11:30:00-05:00,690.1300048828125,690.3250122070312,690.1099853515625,690.27001953125,240637,-0.00019428399225134284,0.0003697172809637496,0.00036928756529316177
2025-12-26 11:35:00-05:00,690.219970703125,690.3200073242188,690.1199951171875,690.1199951171875,868717,0.0001303521889825895,0.00036928756529316177,0.00036313545548193396
2025-12-26 11:40:00-05:00,690.2249755859375,690.3300170898438,690.1500244140625,690.2100219726562,278156,7.251115411680311e-06,0.00036313545548193396,0.0003677389540375865
2025-12-26 11:45:00-05:00,689.8900146484375,690.2899780273438,689.8699951171875,690.239990234375,320491,-0.0004854101961752662,0.0003677389540375865,0.00038189333421473196
2025-12-26 11:50:00-05:00,690.0700073242188,690.094970703125,689.77001953125,689.8900146484375,318366,0.0002608665090814164,0.00038189333421473196,0.00036568039301758474
2025-12-26 11:55:00-05:00,689.989990234375,690.1500244140625,689.9400024414062,690.0700073242188,406874,-0.0001159617553946373,0.00036568039301758474,0.00036307297938199633
2025-12-26 12:00:00-05:00,689.8049926757812,690.010009765625,689.6699829101562,689.97998046875,306230,-0.00026815224289644077,0.00036307297938199633,0.0003441545666417151
2025-12-26 12:05:00-05:00,689.6400146484375,689.8200073242188,689.5999755859375,689.7999877929688,268978,-0.00023919478812766472,0.0003441545666417151,0.0002521123260279593
2025-12-26 12:10:00-05:00,689.489990234375,689.6500244140625,689.4149780273438,689.6300048828125,361892,-0.000217563846951467,0.0002521123260279593,0.00025211513023471436
2025-12-26 12:15:00-05:00,689.5499877929688,689.6099853515625,689.4199829101562,689.47998046875,366823,8.701351605100851e-05,0.00025211513023471436,0.00020905903138916331
2025-12-26 12:20:00-05:00,689.5999755859375,689.6010131835938,689.3900146484375,689.5499877929688,253713,7.24907288083829e-05,0.00020905903138916331,0.00032631477584083116
2025-12-26 12:25:00-05:00,690.1400146484375,690.1500244140625,689.6099853515625,689.6099853515625,572329,0.0007828128399554955,0.00032631477584083116,0.0003568859498675731
2025-12-26 12:30:00-05:00,689.7700805664062,690.2000122070312,689.7700805664062,690.1300048828125,279333,-0.0005361712943132705,0.0003568859498675731,0.00035421628832358227
2025-12-26 12:35:00-05:00,689.6500244140625,689.8200073242188,689.510009765625,689.7894897460938,486385,-0.00017406756971776979,0.00035421628832358227,0.0003536621783096579
2025-12-26 12:40:00-05:00,689.6300048828125,689.75,689.5449829101562,689.6500244140625,263419,-2.9028958335065835e-05,0.0003536621783096579,0.00034186026455306997
2025-12-26 12:45:00-05:00,689.8298950195312,689.9100952148438,689.610107421875,689.6300048828125,339035,0.00028980927699601426,0.00034186026455306997,0.00033187814938638485
2025-12-26 12:50:00-05:00,689.760009765625,689.8499755859375,689.5499877929688,689.8200073242188,244459,-0.00010131308401664039,0.00033187814938638485,0.00033163983581603525
2025-12-26 12:55:00-05:00,689.7899780273438,689.8800048828125,689.75,689.752197265625,223558,4.344643106619435e-05,0.00033163983581603525,0.0003304983315291264
2025-12-26 13:00:00-05:00,689.9600830078125,689.9998779296875,689.780029296875,689.7899780273438,234459,0.0002465736166780742,0.0003304983315291264,0.00032548661094604304
2025-12-26 13:05:00-05:00,689.8516845703125,690.0499877929688,689.8400268554688,689.969970703125,248555,-0.0001571206164058695,0.00032548661094604304,0.00031641840347441887
2025-12-26 13:10:00-05:00,689.9000244140625,689.9550170898438,689.7990112304688,689.844970703125,160084,7.007035172335274e-05,0.00031641840347441887,0.0003283952182247707
2025-12-26 13:15:00-05:00,689.719970703125,689.9000244140625,689.6599731445312,689.9000244140625,212685,-0.0002610192844363799,0.0003283952182247707,0.00033859175750219846
2025-12-26 13:20:00-05:00,689.530029296875,689.780029296875,689.27001953125,689.719970703125,494743,-0.0002754270907387605,0.00033859175750219846,0.0002474383383489311
2025-12-26 13:25:00-05:00,689.6970825195312,689.7100219726562,689.4099731445312,689.5280151367188,250441,0.00024224179185853726,0.0002474383383489311,0.00020567781532949137
2025-12-26 13:30:00-05:00,689.844970703125,689.9249877929688,689.6500244140625,689.6900024414062,308977,0.00021440184996856607,0.00020567781532949137,0.0002044866588182918
2025-12-26 13:35:00-05:00,689.989990234375,690.0449829101562,689.8400268554688,689.8499755859375,306967,0.00021019837283352147,0.0002044866588182918,0.00020822994905824442
2025-12-26 13:40:00-05:00,689.9149780273438,690.0999755859375,689.89501953125,689.989990234375,227576,-0.00010872083053611363,0.00020822994905824442,0.00022172423850697748
2025-12-26 13:45:00-05:00,690.1875,690.2000122070312,689.8049926757812,689.9099731445312,281554,0.0003949300585095735,0.00022172423850697748,0.00021745962786830656
2025-12-26 13:50:00-05:00,690.260009765625,690.2849731445312,690.1300048828125,690.1900024414062,241292,0.00010505255024722895,0.00021745962786830656,0.0002208264588079861
2025-12-26 13:55:00-05:00,690.2100219726562,690.2899780273438,690.1849975585938,690.2650146484375,234611,-7.242140986963539e-05,0.0002208264588079861,0.00022327947701805334
2025-12-26 14:00:00-05:00,690.4000244140625,690.4000244140625,690.0700073242188,690.2050170898438,323436,0.00027524418368972956,0.00022327947701805334,0.00021446821612060386
2025-12-26 14:05:00-05:00,690.39501953125,690.4299926757812,690.260009765625,690.4000244140625,318066,-7.249276906725198e-06,0.00021446821612060386,0.00023020062254772893
2025-12-26 14:10:00-05:00,690.239990234375,690.4600219726562,690.2100219726562,690.3900146484375,247446,-0.0002245768018774477,0.00023020062254772893,0.0002197043970526618
2025-12-26 14:15:00-05:00,690.1300048828125,690.2999877929688,690.1199951171875,690.2349853515625,203315,-0.00015935633516270473,0.0002197043970526618,0.00019855228733268247
2025-12-26 14:20:00-05:00,690.0881958007812,690.216796875,690.0599975585938,690.1300048828125,191021,-6.058329331309515e-05,0.00019855228733268247,0.0001938237827536397
2025-12-26 14:25:00-05:00,690.0418090820312,690.1199951171875,689.9749755859375,690.0900268554688,367364,-6.722079601682081e-05,0.0001938237827536397,0.00019506941729436627
2025-12-26 14:30:00-05:00,690.2000122070312,690.2449951171875,690.0374755859375,690.0399780273438,222819,0.00022923972198599695,0.00019506941729436627,0.00018791045228080296
2025-12-26 14:35:00-05:00,690.2050170898438,690.3200073242188,690.1649780273438,690.2000122070312,252008,7.251325091321194e-06,0.00018791045228080296,0.00018431873334547294
2025-12-26 14:40:00-05:00,690.1799926757812,690.27001953125,690.1400146484375,690.2100219726562,291902,-3.6257151284861695e-05,0.00018431873334547294,0.00014637895124121518
2025-12-26 14:45:00-05:00,690.125,690.219970703125,690.0800170898438,690.1900024414062,366948,-7.968191972371812e-05,0.00014637895124121518,0.00014220284076403374
2025-12-26 14:50:00-05:00,690.1300048828125,690.2100219726562,690.114990234375,690.1400146484375,196447,7.252113261352477e-06,0.00014220284076403374,0.00014172174920301636
2025-12-26 14:55:00-05:00,690.155029296875,690.219970703125,690.1212158203125,690.1300048828125,329007,3.6259777430844615e-05,0.00014172174920301636,0.0001107113430413993
2025-12-26 15:00:00-05:00,690.1500244140625,690.3400268554688,690.0850219726562,690.1500244140625,389792,-7.251850305226272e-06,0.0001107113430413993,0.00011086751666466095
2025-12-26 15:05:00-05:00,690.1500244140625,690.2199096679688,690.0399780273438,690.1400146484375,261094,0.0,0.00011086751666466095,9.368434085854547e-05
2025-12-26 15:10:00-05:00,690.1801147460938,690.219970703125,690.0999755859375,690.14501953125,317675,4.359874667992132e-05,9.368434085854547e-05,8.116848059246703e-05
2025-12-26 15:15:00-05:00,690.1599731445312,690.219970703125,690.0900268554688,690.1799926757812,335960,-2.9183534899291423e-05,8.116848059246703e-05,7.985001757803755e-05
2025-12-26 15:20:00-05:00,690.2000122070312,690.2100219726562,690.068603515625,690.1599731445312,354980,5.801249374971514e-05,7.985001757803755e-05,7.593413203193212e-05
2025-12-26 15:25:00-05:00,690.2000122070312,690.2750244140625,690.1649780273438,690.2000122070312,344445,0.0,7.593413203193212e-05,4.270643148821297e-05
2025-12-26 15:30:00-05:00,690.25,690.280029296875,690.1699829101562,690.2000122070312,444611,7.242246013765127e-05,4.270643148821297e-05,6.618333224711158e-05
2025-12-26 15:35:00-05:00,690.375,690.4199829101562,690.2349853515625,690.2550048828125,554844,0.00018107741108780773,6.618333224711158e-05,6.807451038703068e-05
2025-12-26 15:40:00-05:00,690.4500122070312,690.5,690.3150024414062,690.375,757596,0.00010864838982761983,6.807451038703068e-05,9.171149781286057e-05
2025-12-26 15:45:00-05:00,690.3099975585938,690.4600219726562,690.2999877929688,690.4500122070312,726325,-0.0002028080881936859,9.171149781286057e-05,0.0001410130993700894
2025-12-26 15:50:00-05:00,690.0700073242188,690.3200073242188,690.010009765625,690.2899780273438,1215585,-0.0003477161882150275,0.0001410130993700894,0.00015980592658122508
2025-12-26 15:55:00-05:00,690.2449951171875,690.4199829101562,690.0050048828125,690.0750122070312,4096809,0.0002535476229654022,0.00015980592658122508,0.0009326482733460578
2025-12-29 09:30:00-05:00,688.0599975585938,688.0900268554688,687.1900024414062,687.5399780273438,2958189,-0.003170560072822956,0.0009326482733460578,0.0010061104285511446
2025-12-29 09:35:00-05:00,688.7899780273438,689.2000122070312,687.9199829101562,688.0499877929688,1459499,0.0010603632205268996,0.0010061104285511446,0.0010087478443046736
2025-12-29 09:40:00-05:00,688.4299926757812,688.7999877929688,688.22998046875,688.7999877929688,969638,-0.0005227710422715258,0.0010087478443046736,0.0010219046311479194
2025-12-29 09:45:00-05:00,687.8599853515625,688.4400024414062,687.5700073242188,688.4400024414062,1301729,-0.0008283245041527496,0.0010219046311479194,0.0010182884000219077
2025-12-29 09:50:00-05:00,687.7951049804688,688.25,687.4600219726562,687.8499755859375,913235,-9.432650901787623e-05,0.0010182884000219077,0.001014184862316056
2025-12-29 09:55:00-05:00,687.5599975585938,687.9600219726562,687.3300170898438,687.7999877929688,667435,-0.0003418861408679428,0.001014184862316056,0.0010069077103756745
2025-12-29 10:00:00-05:00,687.3699951171875,687.8699951171875,687.2999267578125,687.5599975585938,523754,-0.0002763812610502281,0.0010069077103756745,0.0009930090652135826
2025-12-29 10:05:00-05:00,687.0900268554688,687.5800170898438,687.0599975585938,687.3599853515625,857293,-0.0004073865534320383,0.0009930090652135826,0.0009889927123768424
2025-12-29 10:10:00-05:00,687.0996704101562,687.219970703125,686.8200073242188,687.0900268554688,839757,1.4035259770665941e-05,0.0009889927123768424,0.0010305899057991461
2025-12-29 10:15:00-05:00,687.5150146484375,687.7698974609375,687.0900268554688,687.0999755859375,731537,0.0006043064364663447,0.0010305899057991461,0.0010572294682422974
2025-12-29 10:20:00-05:00,687.844970703125,687.8699951171875,687.3900146484375,687.52001953125,356499,0.00047981047075943827,0.0010572294682422974,0.0010530896530579412
2025-12-29 10:25:00-05:00,687.9500122070312,688.0599975585938,687.7550048828125,687.8400268554688,536076,0.00015269935624880035,0.0010530896530579412,0.0005335333831190214
2025-12-29 10:30:00-05:00,688.1199951171875,688.14501953125,687.6900024414062,687.9400024414062,412735,0.00024705561507205653,0.0005335333831190214,0.00041894433412268875
2025-12-29 10:35:00-05:00,687.989990234375,688.4000244140625,687.780029296875,688.1199951171875,551441,-0.00018894548340342508,0.00041894433412268875,0.0004094645631453609
2025-12-29 10:40:00-05:00,688.1900024414062,688.2899780273438,687.8699951171875,687.989990234375,342519,0.000290677396131314,0.0004094645631453609,0.00044228024515163296
2025-12-29 10:45:00-05:00,687.5,688.2296752929688,687.489990234375,688.1900024414062,517495,-0.0010031366049665059,0.00044228024515163296,0.0004469557026909252
2025-12-29 10:50:00-05:00,687.3150024414062,687.510009765625,686.8900146484375,687.5,882891,-0.00026912356845361005,0.0004469557026909252,0.0004385949444026848
2025-12-29 10:55:00-05:00,687.3499755859375,687.7294921875,687.1953125,687.2999877929688,470143,5.088242604244943e-05,0.0004385949444026848,0.00043750658073754117
2025-12-29 11:00:00-05:00,687.1749877929688,687.530029296875,687.14501953125,687.3499755859375,461764,-0.00025461566515893995,0.00043750658073754117,0.0004210679747566121
2025-12-29 11:05:00-05:00,687.1300048828125,687.47998046875,687.02001953125,687.1798706054688,784033,-6.546277632996162e-05,0.0004210679747566121,0.00044559807725237736
2025-12-29 11:10:00-05:00,687.47998046875,687.6375732421875,687.0900268554688,687.1400146484375,525497,0.0005091998417426559,0.00044559807725237736,0.0004280142616826209
2025-12-29 11:15:00-05:00,687.1799926757812,687.489990234375,686.989990234375,687.47998046875,392584,-0.0004364538192592753,0.0004280142616826209,0.0003976359844893254
2025-12-29 11:20:00-05:00,687.219970703125,687.3150024414062,686.9949951171875,687.1749877929688,387517,5.817524508187813e-05,0.0003976359844893254,0.0003911332136930151
2025-12-29 11:25:00-05:00,687.169921875,687.27001953125,686.9450073242188,687.219970703125,363569,-7.283061148426823e-05,0.0003911332136930151,0.0003785611357537141
2025-12-29 11:30:00-05:00,686.97998046875,687.489990234375,686.9600219726562,687.1599731445312,462373,-0.00027644932643187487,0.0003785611357537141,0.0003782240667807707
2025-12-29 11:35:00-05:00,686.8900146484375,687.22998046875,686.8400268554688,686.97998046875,479745,-0.0001309670067195223,0.0003782240667807707,0.0003564777488727893
2025-12-29 11:40:00-05:00,686.8743896484375,686.9149780273438,686.6900024414062,686.8800048828125,508667,-2.2747714166686127e-05,0.0003564777488727893,0.00026113608589177067
2025-12-29 11:45:00-05:00,687.0750122070312,687.1199951171875,686.8400268554688,686.8800048828125,411677,0.00029203777045739215,0.00026113608589177067,0.0002604556639216988
2025-12-29 11:50:00-05:00,687.2100219726562,687.2899780273438,686.9400024414062,687.0700073242188,439476,0.00019648000626010836,0.0002604556639216988,0.00026431721533576763
2025-12-29 11:55:00-05:00,687.0800170898438,687.3900146484375,687.0700073242188,687.219970703125,313942,-0.0001891957003326316,0.00026431721533576763,0.0002558260783923913
2025-12-29 12:00:00-05:00,687.02001953125,687.22998046875,686.8900146484375,687.0800170898438,218839,-8.732633292025271e-05,0.0002558260783923913,0.0002675194213178862
2025-12-29 12:05:00-05:00,686.8206176757812,687.0700073242188,686.77001953125,687.0250244140625,339292,-0.0002902838240020866,0.0002675194213178862,0.0002074460006460604
2025-12-29 12:10:00-05:00,686.8400268554688,686.9000244140625,686.5999755859375,686.8200073242188,299501,2.8259060585375897e-05,0.0002074460006460604,0.00017572986352753787
2025-12-29 12:15:00-05:00,686.75,686.9299926757812,686.6300048828125,686.8300170898438,310158,-0.00013108257025384905,0.00017572986352753787,0.0001860692933548541
2025-12-29 12:20:00-05:00,686.5399780273438,686.780029296875,686.4749755859375,686.75,282640,-0.00030586690015070605,0.0001860692933548541,0.00020643775113204032
2025-12-29 12:25:00-05:00,686.27001953125,686.5399780273438,686.0700073242188,686.530029296875,515147,-0.00039329331816293856,0.00020643775113204032,0.00021324485186031535
2025-12-29 12:30:00-05:00,686.3839111328125,686.510009765625,686.1799926757812,686.27001953125,413029,0.00016594365015045286,0.00021324485186031535,0.00021321028474977216
2025-12-29 12:35:00-05:00,686.2949829101562,686.5050048828125,686.260009765625,686.3900146484375,282600,-0.00012956886445418894,0.00021321028474977216,0.0002396256471465759
2025-12-29 12:40:00-05:00,686.5050048828125,686.5650024414062,686.239990234375,686.2999877929688,435467,0.0003059760724976337,0.0002396256471465759,0.0002273602160947572
2025-12-29 12:45:00-05:00,686.6300048828125,686.6900024414062,686.469970703125,686.5,292180,0.00018206512754574626,0.0002273602160947572,0.0002658545700494059
2025-12-29 12:50:00-05:00,686.9550170898438,686.9849853515625,686.6099853515625,686.6300048828125,450862,0.000473232028447719,0.0002658545700494059,0.0002618656579993425
2025-12-29 12:55:00-05:00,686.989990234375,687.0955810546875,686.9199829101562,686.9600219726562,352491,5.090908930476933e-05,0.0002618656579993425,0.0002612271888626109
2025-12-29 13:00:00-05:00,686.9500122070312,687.0098876953125,686.7899780273438,686.989990234375,396602,-5.819472070684604e-05,0.0002612271888626109,0.0002473603438485682
2025-12-29 13:05:00-05:00,687.030029296875,687.1300048828125,686.8900146484375,686.9500732421875,319191,0.00011647489412819337,0.0002473603438485682,0.0002544811833294995
2025-12-29 13:10:00-05:00,686.905029296875,687.0399780273438,686.8099975585938,687.030029296875,293109,-0.0001819591101675943,0.0002544811833294995,0.00027962040270636176
2025-12-29 13:15:00-05:00,687.2139282226562,687.22998046875,686.9000244140625,686.9099731445312,327963,0.0004495956180419515,0.00027962040270636176,0.00027112059211246634
2025-12-29 13:20:00-05:00,687.4924926757812,687.5449829101562,687.1599731445312,687.2100219726562,464799,0.00040527119493007535,0.00027112059211246634,0.00024706270850809934
2025-12-29 13:25:00-05:00,687.3300170898438,687.5050048828125,687.1900024414062,687.4949951171875,405426,-0.00023635863617272682,0.00024706270850809934,0.00025620211138155087
2025-12-29 13:30:00-05:00,687.5800170898438,687.5900268554688,687.3167724609375,687.3300170898438,481220,0.00036366016181459945,0.00025620211138155087,0.00024116111669699917
2025-12-29 13:35:00-05:00,687.6950073242188,687.8900146484375,687.5900268554688,687.5900268554688,645330,0.00016722507513288566,0.00024116111669699917,0.00027656133759351015
2025-12-29 13:40:00-05:00,687.4650268554688,687.719970703125,687.4199829101562,687.7100219726562,486611,-0.0003344781191685696,0.00027656133759351015,0.00029031857591687617
2025-12-29 13:45:00-05:00,687.3250122070312,687.5050048828125,687.280029296875,687.4650268554688,356285,-0.00020368877420305672,0.00029031857591687617,0.00026385567701922265
2025-12-29 13:50:00-05:00,687.3150024414062,687.4199829101562,687.2150268554688,687.3200073242188,411817,-1.456347191775446e-05,0.00026385567701922265,0.0002685839330243816
2025-12-29 13:55:00-05:00,687.2249755859375,687.3151245117188,687.1699829101562,687.3099975585938,423712,-0.00013099197846060744,0.0002685839330243816,0.0002788579475435536
2025-12-29 14:00:00-05:00,687.0599975585938,687.2899780273438,686.9299926757812,687.219970703125,1215460,-0.00024009289391961042,0.0002788579475435536,0.0002799857501930886
2025-12-29 14:05:00-05:00,686.9650268554688,687.1284790039062,686.8699951171875,687.0650024414062,696291,-0.00013823722507049903,0.0002799857501930886,0.0002748467467389531
2025-12-29 14:10:00-05:00,687.0,687.0692138671875,686.8800048828125,686.969970703125,442384,5.0908347527257366e-05,0.0002748467467389531,0.00023881212676804292
2025-12-29 14:15:00-05:00,687.0349731445312,687.1099853515625,686.9299926757812,687.0,400643,5.0905755999412094e-05,0.00023881212676804292,0.00024526673305278244
2025-12-29 14:20:00-05:00,687.3400268554688,687.3900146484375,687.0399780273438,687.0399780273438,547717,0.00044391627604844656,0.00024526673305278244,0.00024072603350419792
2025-12-29 14:25:00-05:00,687.4600219726562,687.469970703125,687.25,687.3400268554688,512382,0.0001745637376059759,0.00024072603350419792,0.0002531721345746081
2025-12-29 14:30:00-05:00,687.77001953125,687.8300170898438,687.4299926757812,687.4500122070312,732321,0.0004508301222175737,0.0002531721345746081,0.00024958065065223837
2025-12-29 14:35:00-05:00,687.8150024414062,687.8800048828125,687.7000122070312,687.7750244140625,487542,6.540186095911313e-05,0.00024958065065223837,0.00022646350493186294
2025-12-29 14:40:00-05:00,687.9249877929688,688.0800170898438,687.7999877929688,687.8150024414062,989351,0.00015989264334482643,0.00022646350493186294,0.00021818730629776878
2025-12-29 14:45:00-05:00,688.1099853515625,688.280029296875,687.8599853515625,687.9299926757812,631486,0.0002688849677789972,0.00021818730629776878,0.00021636220455918822
2025-12-29 14:50:00-05:00,688.22998046875,688.2999877929688,688.0850219726562,688.10498046875,690363,0.00017436842709128502,0.00021636220455918822,0.0002027125095181367
2025-12-29 14:55:00-05:00,688.2999877929688,688.4600219726562,688.22998046875,688.22998046875,1180188,0.00010171565587848912,0.0002027125095181367,0.00017628591346094755
2025-12-29 15:00:00-05:00,688.27001953125,688.3499755859375,688.1099853515625,688.2999877929688,890426,-4.3540483323086e-05,0.00017628591346094755,0.0001557666872429618
2025-12-29 15:05:00-05:00,688.3049926757812,688.3699951171875,688.2000122070312,688.260009765625,619368,5.081182533264383e-05,0.0001557666872429618,0.00015357947090343237
2025-12-29 15:10:00-05:00,688.47998046875,688.4949951171875,688.2849731445312,688.3099975585938,602574,0.0002541977103531411,0.00015357947090343237,0.00016289518155258796
2025-12-29 15:15:00-05:00,688.4500122070312,688.6199951171875,688.4031372070312,688.4868774414062,770502,-4.3529100074678046e-05,0.00016289518155258796,0.0001454243361265074
2025-12-29 15:20:00-05:00,688.4450073242188,688.5499877929688,688.3101196289062,688.4550170898438,592315,-7.269810321764276e-06,0.0001454243361265074,0.00020760917553727266
2025-12-29 15:25:00-05:00,688.1799926757812,688.4849853515625,688.1599731445312,688.4450073242188,532211,-0.0003850208324145075,0.00020760917553727266,0.00017325883566670405
2025-12-29 15:30:00-05:00,688.22998046875,688.405029296875,688.1400146484375,688.1799926757812,1345326,7.263503456972505e-05,0.00017325883566670405,0.00018328443703871422
2025-12-29 15:35:00-05:00,688.125,688.3699951171875,688.1199951171875,688.219970703125,581131,-0.00015254853645074785,0.00018328443703871422,0.00019182613574917482
2025-12-29 15:40:00-05:00,687.97998046875,688.2050170898438,687.8400268554688,688.1199951171875,1039491,-0.00021076812284695205,0.00019182613574917482,0.00017365605910855226
2025-12-29 15:45:00-05:00,688.0,688.1099853515625,687.89501953125,687.97998046875,2089889,2.9098579246177965e-05,0.00017365605910855226,0.000215226174588787
2025-12-29 15:50:00-05:00,687.64501953125,688.1900024414062,687.6300048828125,688.010009765625,1970360,-0.0005160931368037505,0.000215226174588787,0.00023405746060695028
2025-12-29 15:55:00-05:00,687.8400268554688,687.989990234375,687.4000244140625,687.64501953125,3907608,0.0002835469946219783,0.00023405746060695028,0.0003036730202813357
2025-12-30 09:30:00-05:00,687.3400268554688,687.8699951171875,687.248779296875,687.4450073242188,1798107,-0.0007271775367647645,0.0003036730202813357,0.00030207150874093057
2025-12-30 09:35:00-05:00,687.3499755859375,687.5399780273438,687.1699829101562,687.3400268554688,672384,1.447414391781234e-05,0.00030207150874093057,0.0002837944371680487
2025-12-30 09:40:00-05:00,687.1199951171875,687.3800048828125,687.0999755859375,687.3599853515625,459635,-0.0003346460465463536,0.0002837944371680487,0.0005091322169305393
2025-12-30 09:45:00-05:00,688.010009765625,688.0900268554688,686.8800048828125,687.1300048828125,883966,0.0012944445536814601,0.0005091322169305393,0.0005091108968065907
2025-12-30 09:50:00-05:00,688.003173828125,688.2100219726562,687.8200073242188,688.010009765625,754610,-9.935860472247975e-06,0.0005091108968065907,0.0005001588739528227
2025-12-30 09:55:00-05:00,688.0900268554688,688.530029296875,688.0449829101562,688.0599975585938,664647,0.0001262313154602073,0.0005001588739528227,0.0005128436945733767
2025-12-30 10:00:00-05:00,687.7999877929688,688.1699829101562,687.760009765625,688.0800170898438,460721,-0.0004216021102098193,0.0005128436945733767,0.0005217222311785099
2025-12-30 10:05:00-05:00,687.530029296875,687.8400268554688,687.4500122070312,687.8099975585938,465369,-0.00039257268612805964,0.0005217222311785099,0.0005722101285945978
2025-12-30 10:10:00-05:00,686.9201049804688,687.5599975585938,686.8099975585938,687.52001953125,797507,-0.0008875176206559894,0.0005722101285945978,0.0005717297165790644
2025-12-30 10:15:00-05:00,686.9260864257812,687.260009765625,686.75,686.9299926757812,604191,8.70759092235761e-06,0.0005717297165790644,0.000564118233633401
2025-12-30 10:20:00-05:00,687.0469970703125,687.419921875,686.8400268554688,686.9199829101562,782171,0.00017600147527745998,0.000564118233633401,0.0005530574931491779
2025-12-30 10:25:00-05:00,686.9400024414062,687.1099853515625,686.8350219726562,687.0399780273438,262345,-0.00015574329183686058,0.0005530574931491779,0.0005191733392036274
2025-12-30 10:30:00-05:00,686.8098754882812,687.0,686.75,686.9400024414062,379136,-0.00018944781084942542,0.0005191733392036274,0.0005240213365765045
2025-12-30 10:35:00-05:00,686.9400024414062,686.989990234375,686.6799926757812,686.8099975585938,378043,0.00018944781084943144,0.0005240213365765045,0.0005197983127391073
2025-12-30 10:40:00-05:00,686.780029296875,687.030029296875,686.5800170898438,686.9299926757812,415107,-0.00023290501930285233,0.0005197983127391073,0.0003469246043291104
2025-12-30 10:45:00-05:00,687.0599975585938,687.0599975585938,686.6900024414062,686.8099975585938,511548,0.0004075704013882061,0.0003469246043291104,0.00038986634207627686
2025-12-30 10:50:00-05:00,687.405029296875,687.5449829101562,687.0,687.0599975585938,554085,0.0005020596941897007,0.00038986634207627686,0.00040089132149262355
2025-12-30 10:55:00-05:00,687.6104736328125,687.72998046875,687.4099731445312,687.4099731445312,438691,0.00029882475801689215,0.00040089132149262355,0.0004065501126132264
2025-12-30 11:00:00-05:00,687.9099731445312,687.969970703125,687.510009765625,687.5999755859375,538275,0.000435470831645469,0.0004065501126132264,0.0003944725434949585
2025-12-30 11:05:00-05:00,687.75,688.02001953125,687.7000732421875,687.9099731445312,472071,-0.00023257657906071528,0.0003944725434949585,0.00027009223560185903
2025-12-30 11:10:00-05:00,687.7899780273438,687.9000244140625,687.6849975585938,687.75,330053,5.8127030829547724e-05,0.00027009223560185903,0.00027109828079334485
2025-12-30 11:15:00-05:00,687.9600219726562,688.010009765625,687.77001953125,687.7899780273438,385001,0.0002472018116350638,0.00027109828079334485,0.00029287489193414426
2025-12-30 11:20:00-05:00,688.3099975585938,688.5549926757812,687.969970703125,687.969970703125,682669,0.0005085856532722565,0.00029287489193414426,0.00028723049982016206
2025-12-30 11:25:00-05:00,688.2471923828125,688.3250122070312,688.114990234375,688.3200073242188,424056,-9.124964263568038e-05,0.00028723049982016206,0.0003045233115401725
2025-12-30 11:30:00-05:00,688.0225219726562,688.27001953125,687.9600219726562,688.239990234375,398837,-0.0003264918348613526,0.0003045233115401725,0.0003698184618499573
2025-12-30 11:35:00-05:00,687.6199951171875,688.0988159179688,687.5422973632812,688.0250244140625,437549,-0.0005852201599707723,0.0003698184618499573,0.0003573274245629455
2025-12-30 11:40:00-05:00,687.6298828125,687.6599731445312,687.3900146484375,687.6199951171875,513767,1.437948909694537e-05,0.0003573274245629455,0.00035005995340861085
2025-12-30 11:45:00-05:00,687.530029296875,687.6710815429688,687.5001220703125,687.6300048828125,329363,-0.00014522458794966812,0.00035005995340861085,0.00032701324891144063
2025-12-30 11:50:00-05:00,687.3900146484375,687.5549926757812,687.3099975585938,687.5449829101562,310842,-0.0002036695145119015,0.00032701324891144063,0.00031848247041029896
2025-12-30 11:55:00-05:00,687.22998046875,687.4378051757812,687.2000122070312,687.3956298828125,311643,-0.00023284133939414017,0.00031848247041029896,0.0002813086513029752
2025-12-30 12:00:00-05:00,687.10498046875,687.3099975585938,687.0499877929688,687.219970703125,465411,-0.00018190616392294959,0.0002813086513029752,0.0002903270057579064
2025-12-30 12:05:00-05:00,687.2449951171875,687.2899780273438,687.1099853515625,687.1199951171875,278901,0.00020375399484727033,0.0002903270057579064,0.0002934565095410725
2025-12-30 12:10:00-05:00,687.0599975585938,687.3200073242188,687.030029296875,687.25,296022,-0.0002692234412260944,0.0002934565095410725,0.0002982526646501083
2025-12-30 12:15:00-05:00,687.260009765625,687.2899780273438,686.8699951171875,687.0599975585938,760309,0.00029107079483302355,0.0002982526646501083,0.00024143331927196793
2025-12-30 12:20:00-05:00,687.3200073242188,687.4199829101562,687.2000122070312,687.260009765625,499630,8.729584001793635e-05,0.00024143331927196793,0.0002487525229467232
2025-12-30 12:25:00-05:00,687.3800048828125,687.4299926757812,687.27001953125,687.3300170898438,205449,8.72882201193862e-05,0.0002487525229467232,0.0002696528212537033
2025-12-30 12:30:00-05:00,687.6199951171875,687.6799926757812,687.35498046875,687.3800048828125,295384,0.0003490767080901408,0.0002696528212537033,0.00021018287083192228
2025-12-30 12:35:00-05:00,687.614990234375,687.6900024414062,687.5599975585938,687.6300048828125,289678,-7.2785856465598175e-06,0.00021018287083192228,0.0002268642039272394
2025-12-30 12:40:00-05:00,687.4099731445312,687.7100219726562,687.3499755859375,687.6300048828125,351477,-0.0002982012644471346,0.0002268642039272394,0.00022414693677556127
2025-12-30 12:45:00-05:00,687.4299926757812,687.4600219726562,687.1950073242188,687.4000244140625,297531,2.9122707731975042e-05,0.00022414693677556127,0.00022755164736967343
2025-12-30 12:50:00-05:00,687.60498046875,687.6599731445312,687.385009765625,687.4199829101562,215964,0.00025452122648666564,0.00022755164736967343,0.00021245059924400838
2025-12-30 12:55:00-05:00,687.635009765625,687.6998901367188,687.5399780273438,687.5999755859375,210430,4.367135495333469e-05,0.00021245059924400838,0.00021316847881404184
2025-12-30 13:00:00-05:00,687.5050048828125,687.635009765625,687.219970703125,687.635009765625,310925,-0.00018907875825724212,0.00021316847881404184,0.0002243613794975694
2025-12-30 13:05:00-05:00,687.7319946289062,687.760009765625,687.510009765625,687.510009765625,300175,0.0003301100075633575,0.0002243613794975694,0.00020292665993339022
2025-12-30 13:10:00-05:00,687.7000122070312,687.7899780273438,687.6099853515625,687.72998046875,247032,-4.650527502900713e-05,0.00020292665993339022,0.00019202991336689625
2025-12-30 13:15:00-05:00,687.7050170898438,687.760009765625,687.6199951171875,687.7000122070312,168022,7.277685781078752e-06,0.00019202991336689625,0.00019723843707382594
2025-12-30 13:20:00-05:00,687.6298828125,687.7150268554688,687.5349731445312,687.7000122070312,138849,-0.00010925961003948105,0.00019723843707382594,0.00020261847533221828
2025-12-30 13:25:00-05:00,687.7692260742188,687.7899780273438,687.5900268554688,687.62890625,215441,0.00020262229529623032,0.00020261847533221828,0.00018263181935602928
2025-12-30 13:30:00-05:00,687.8699951171875,687.9299926757812,687.72998046875,687.760009765625,381866,0.0001465050452134725,0.00018263181935602928,0.00021760090308425124
2025-12-30 13:35:00-05:00,687.6099243164062,687.8599853515625,687.5599975585938,687.8599853515625,195350,-0.00037815281809057194,0.00021760090308425124,0.0001968413207999013
2025-12-30 13:40:00-05:00,687.6599731445312,687.6900024414062,687.469970703125,687.6099853515625,265632,7.278400878178904e-05,0.0001968413207999013,0.00021067951339159353
2025-12-30 13:45:00-05:00,687.8598022460938,687.8800048828125,687.6179809570312,687.6599731445312,255251,0.00029055067988615,0.00021067951339159353,0.00020732832846730487
2025-12-30 13:50:00-05:00,687.760009765625,687.8800048828125,687.723876953125,687.8599853515625,173440,-0.00014508729777290672,0.00020732832846730487,0.00020719736356085016
2025-12-30 13:55:00-05:00,687.7650146484375,687.8300170898438,687.7000122070312,687.77001953125,194617,7.2770509059946245e-06,0.00020719736356085016,0.00022484947166361276
2025-12-30 14:00:00-05:00,687.530029296875,687.8499755859375,687.530029296875,687.760009765625,539847,-0.0003417235521697717,0.00022484947166361276,0.00020595160803413965
2025-12-30 14:05:00-05:00,687.6300048828125,687.7550048828125,687.4199829101562,687.530029296875,488438,0.0001454021112143647,0.00020595160803413965,0.00022834594701608157
2025-12-30 14:10:00-05:00,687.8599853515625,687.8699951171875,687.5009765625,687.6199951171875,313733,0.0003343978837007954,0.00022834594701608157,0.00022943387736920338
2025-12-30 14:15:00-05:00,687.8201293945312,687.8599853515625,687.6599731445312,687.85498046875,345771,-5.794364055303116e-05,0.00022943387736920338,0.00022719838547260885
2025-12-30 14:20:00-05:00,687.7849731445312,687.8699951171875,687.719970703125,687.8300170898438,295866,-5.1113869733062876e-05,0.00022719838547260885,0.00021992219443170072
2025-12-30 14:25:00-05:00,687.8099975585938,687.8499755859375,687.7100219726562,687.780029296875,378965,3.6383404415047675e-05,0.00021992219443170072,0.00021535630918138084
2025-12-30 14:30:00-05:00,687.8038940429688,687.9400024414062,687.7100219726562,687.8099975585938,513490,-8.873879018399091e-06,0.00021535630918138084,0.00018191831090381218
2025-12-30 14:35:00-05:00,687.780029296875,687.8200073242188,687.6599731445312,687.7999877929688,400832,-3.469762286574455e-05,0.00018191831090381218,0.00018117533991162418
2025-12-30 14:40:00-05:00,687.7899780273438,687.8876953125,687.739990234375,687.7899780273438,270776,1.4464884253090574e-05,0.00018117533991162418,0.0001702050575593616
2025-12-30 14:45:00-05:00,687.6400146484375,687.85498046875,687.6099853515625,687.7899780273438,381203,-0.0002180603597406781,0.0001702050575593616,0.0001689567021268178
2025-12-30 14:50:00-05:00,687.5549926757812,687.6900024414062,687.4099731445312,687.6500244140625,409849,-0.0001236507874327153,0.0001689567021268178,0.00016895673963129875
2025-12-30 14:55:00-05:00,687.5599975585938,687.6099853515625,687.4000244140625,687.5599975585938,367021,7.2792207895731555e-06,0.00016895673963129875,0.00013748787020143163
2025-12-30 15:00:00-05:00,687.60498046875,687.6500244140625,687.5250244140625,687.5599975585938,258734,6.542183794824508e-05,0.00013748787020143163,0.00015705043698195225
2025-12-30 15:05:00-05:00,687.39501953125,687.635009765625,687.3049926757812,687.60498046875,557688,-0.00030539772964637246,0.00015705043698195225,0.00011197640479559719
2025-12-30 15:10:00-05:00,687.280029296875,687.447509765625,687.0399780273438,687.3900146484375,661223,-0.00016729806035433483,0.00011197640479559719,0.00015607369703349633
2025-12-30 15:15:00-05:00,687.489990234375,687.5349731445312,687.22998046875,687.27001953125,359695,0.00030544881856525106,0.00015607369703349633,0.0001775532356648391
2025-12-30 15:20:00-05:00,687.6649780273438,687.6796875,687.469970703125,687.47998046875,414623,0.0002544990171318353,0.0001775532356648391,0.00018657847573011873
2025-12-30 15:25:00-05:00,687.510009765625,687.72998046875,687.489990234375,687.6699829101562,678092,-0.00022537969894792414,0.00018657847573011873,0.00020385312585242593
2025-12-30 15:30:00-05:00,687.6799926757812,687.6900024414062,687.47998046875,687.510009765625,423885,0.0002472137096984769,0.00020385312585242593,0.00020479741589866086
2025-12-30 15:35:00-05:00,687.719970703125,687.7255249023438,687.6099853515625,687.6799926757812,524556,5.813294811617367e-05,0.00020479741589866086,0.0002055004513936531
2025-12-30 15:40:00-05:00,687.6699829101562,687.8150024414062,687.6099853515625,687.719970703125,1159884,-7.268890231371754e-05,0.0002055004513936531,0.0002117570699021434
2025-12-30 15:45:00-05:00,687.4774780273438,687.6900024414062,687.4099731445312,687.6799926757812,1114698,-0.0002799770781509665,0.0002117570699021434,0.00022630026706813117
2025-12-30 15:50:00-05:00,687.2650146484375,687.5900268554688,687.2449951171875,687.47998046875,1781551,-0.00030909553131549703,0.00022630026706813117,0.0002583217477038762
2025-12-30 15:55:00-05:00,686.9400024414062,687.3499755859375,686.7000122070312,687.260009765625,4620316,-0.0004730185220536647,0.0002583217477038762,0.0002559420159501213
2025-12-31 09:30:00-05:00,686.8150024414062,687.3599853515625,686.60498046875,687.1400146484375,2269560,-0.00018198295897106078,0.0002559420159501213,0.00037560774245282673
2025-12-31 09:35:00-05:00,686.0900268554688,686.989990234375,685.8699951171875,686.8099975585938,1459809,-0.0010561191602518204,0.00037560774245282673,0.0003793791646438326
2025-12-31 09:40:00-05:00,685.85498046875,686.1500244140625,685.7100219726562,686.0900268554688,1016372,-0.00034264695416161956,0.0003793791646438326,0.00034899213305512585
2025-12-31 09:45:00-05:00,685.6500244140625,685.9400024414062,685.280029296875,685.8499755859375,1434152,-0.0002988775913809768,0.00034899213305512585,0.0004934909306188209
2025-12-31 09:50:00-05:00,686.3699951171875,686.4061279296875,685.5819702148438,685.6400146484375,1262923,0.0010495047578910873,0.0004934909306188209,0.0005096006324596273
2025-12-31 09:55:00-05:00,685.9600219726562,686.469970703125,685.8300170898438,686.3699951171875,767266,-0.0005974847910080973,0.0005096006324596273,0.0004913400713735588
2025-12-31 10:00:00-05:00,685.75,686.0599975585938,685.614990234375,685.9600219726562,848723,-0.0003062192022121197,0.0004913400713735588,0.0004861646618197077
2025-12-31 10:05:00-05:00,685.7100219726562,685.8200073242188,685.530029296875,685.739990234375,769231,-5.8299952918122535e-05,0.0004861646618197077,0.00048455599404781966
2025-12-31 10:10:00-05:00,685.4450073242188,685.780029296875,685.25,685.719970703125,973064,-0.00038655680222155717,0.00048455599404781966,0.0004867775832100367
2025-12-31 10:15:00-05:00,685.1500244140625,685.5399780273438,684.9149780273438,685.4500122070312,837786,-0.0004304450371992163,0.0004867775832100367,0.0005052575283320896
2025-12-31 10:20:00-05:00,685.280029296875,685.489990234375,685.0700073242188,685.1400146484375,672135,0.00018972859337175585,0.0005052575283320896,0.0005304192325483633
2025-12-31 10:25:00-05:00,685.5499877929688,685.6500244140625,685.27001953125,685.2899780273438,492582,0.00039386137773183595,0.0005304192325483633,0.000530608679531874
2025-12-31 10:30:00-05:00,685.4000244140625,685.655029296875,685.2100219726562,685.5399780273438,626237,-0.00021877293580235347,0.000530608679531874,0.0004600317079229414
2025-12-31 10:35:00-05:00,685.1300048828125,685.5499877929688,685.1099853515625,685.3900146484375,513291,-0.0003940366558509135,0.0004600317079229414,0.00045510392423969524
2025-12-31 10:40:00-05:00,685.1199951171875,685.1900024414062,684.9400024414062,685.0999755859375,942650,-1.4610130450929754e-05,0.00045510392423969524,0.00045787205247039783
2025-12-31 10:45:00-05:00,684.875,685.1400146484375,684.7899780273438,685.114990234375,705138,-0.00035765841579320765,0.00045787205247039783,0.00029056020869843346
2025-12-31 10:50:00-05:00,684.5798950195312,684.8800048828125,684.52001953125,684.8699951171875,659420,-0.0004309816790751706,0.00029056020869843346,0.0002699534895580958
2025-12-31 10:55:00-05:00,684.3300170898438,684.6099853515625,684.1799926757812,684.5750122070312,978883,-0.0003650757880448166,0.0002699534895580958,0.0003035698520165182
2025-12-31 11:00:00-05:00,684.5399780273438,684.6500244140625,684.2999877929688,684.3200073242188,661755,0.00030676534644713,0.0003035698520165182,0.0003026635519413307
2025-12-31 11:05:00-05:00,684.469970703125,684.6099853515625,684.3900146484375,684.5399780273438,784028,-0.0001022743835348526,0.0003026635519413307,0.0003019111864089865
2025-12-31 11:10:00-05:00,684.5499877929688,684.667724609375,684.3300170898438,684.469970703125,721074,0.00011689689319472638,0.0003019111864089865,0.00032130526332990066
2025-12-31 11:15:00-05:00,684.8499755859375,684.8599853515625,684.5140991210938,684.5449829101562,1174564,0.0004381302844895355,0.00032130526332990066,0.00031429599741379026
2025-12-31 11:20:00-05:00,684.8699951171875,684.9600219726562,684.7000122070312,684.8499755859375,427320,2.9231568027933658e-05,0.00031429599741379026,0.0003106771555878994
2025-12-31 11:25:00-05:00,685.1199951171875,685.1300048828125,684.864990234375,684.8699951171875,458546,0.00036496617428898715,0.0003106771555878994,0.0003259010581791776
2025-12-31 11:30:00-05:00,684.8298950195312,685.1400146484375,684.75,685.125,491137,-0.0004235192894004472,0.0003259010581791776,0.0003338591289540465
2025-12-31 11:35:00-05:00,685.0999755859375,685.1500244140625,684.739990234375,684.8099975585938,341795,0.00039429838811543547,0.0003338591289540465,0.00034218094264877385
2025-12-31 11:40:00-05:00,684.9199829101562,685.1199951171875,684.7750244140625,685.0900268554688,344524,-0.0002627592039088597,0.00034218094264877385,0.00032569184163085027
2025-12-31 11:45:00-05:00,684.9299926757812,684.97998046875,684.785400390625,684.9299926757812,250812,1.4614396909952915e-05,0.00032569184163085027,0.00030907743769015327
2025-12-31 11:50:00-05:00,685.1799926757812,685.260009765625,684.9099731445312,684.9299926757812,372617,0.00036493421031512857,0.00030907743769015327,0.00027931774058824645
2025-12-31 11:55:00-05:00,685.3499755859375,685.4299926757812,685.1699829101562,685.1799926757812,340626,0.0002480542782198454,0.00027931774058824645,0.00027907027604742485
2025-12-31 12:00:00-05:00,685.2899780273438,685.4299926757812,685.25,685.35498046875,361474,-8.754678203254875e-05,0.00027907027604742485,0.00040600713772225423
2025-12-31 12:05:00-05:00,684.6500244140625,685.3400268554688,684.6300048828125,685.2949829101562,494860,-0.0009342798351620315,0.00040600713772225423,0.0004243067665337076
2025-12-31 12:10:00-05:00,684.9600219726562,684.9849853515625,684.6099853515625,684.6599731445312,385200,0.00045268003794989774,0.0004243067665337076,0.0004125901226907458
2025-12-31 12:15:00-05:00,685.1401977539062,685.2150268554688,684.9099731445312,684.9609985351562,379567,0.0002630110990342759,0.0004125901226907458,0.0004252847903097196
2025-12-31 12:20:00-05:00,684.9199829101562,685.1749877929688,684.8599853515625,685.1400146484375,294945,-0.00032146740523429174,0.0004252847903097196,0.0004120759493863944
2025-12-31 12:25:00-05:00,685.0,685.0946044921875,684.8408813476562,684.9199829101562,214038,0.00011682009304627242,0.0004120759493863944,0.0004037179631766782
2025-12-31 12:30:00-05:00,685.25,685.27001953125,684.9122924804688,684.989990234375,345169,0.0003648969206698101,0.0004037179631766782,0.00040023455138636746
2025-12-31 12:35:00-05:00,685.0399780273438,685.3099975585938,685.030029296875,685.22998046875,257231,-0.0003065365399565545,0.00040023455138636746,0.00039238293301084793
2025-12-31 12:40:00-05:00,685.0883178710938,685.0900268554688,684.8900146484375,685.0399780273438,251777,7.056250705100549e-05,0.00039238293301084793,0.0004024868470085022
2025-12-31 12:45:00-05:00,684.8900146484375,685.1500244140625,684.8800048828125,685.0900268554688,254575,-0.00028949833633718967,0.0004024868470085022,0.0003855427803843877
2025-12-31 12:50:00-05:00,684.8980102539062,684.969970703125,684.75,684.8900146484375,322382,1.1674223052632314e-05,0.0003855427803843877,0.0003757872121973356
2025-12-31 12:55:00-05:00,684.8049926757812,684.9000244140625,684.6500244140625,684.8900146484375,233455,-0.00013582152929359411,0.0003757872121973356,0.00038166309380254274
2025-12-31 13:00:00-05:00,684.9199829101562,684.9400024414062,684.75,684.7999877929688,306278,0.00016790266176741755,0.00038166309380254274,0.0002655169614304358
2025-12-31 13:05:00-05:00,685.0800170898438,685.114990234375,684.719970703125,684.9199829101562,323951,0.0002336265407524399,0.0002655169614304358,0.0002512394622790772
2025-12-31 13:10:00-05:00,685.3099975585938,685.3099975585938,685.0,685.0750122070312,319046,0.0003356423623212718,0.0002512394622790772,0.0002830288759529544
2025-12-31 13:15:00-05:00,684.9749755859375,685.3200073242188,684.9550170898438,685.3200073242188,377585,-0.0004889814686689666,0.0002830288759529544,0.00026876619972486873
2025-12-31 13:20:00-05:00,685.0599975585938,685.1099243164062,684.9500122070312,684.9749755859375,233884,0.00012411649984409487,0.00026876619972486873,0.000296123417995768
2025-12-31 13:25:00-05:00,685.3698120117188,685.3900146484375,685.030029296875,685.0599975585938,284827,0.0004521420305358025,0.000296123417995768,0.0002804545015887201
2025-12-31 13:30:00-05:00,685.4600219726562,685.469970703125,685.25,685.3687744140625,426668,0.00013161365303167205,0.0002804545015887201,0.0002634935036112016
2025-12-31 13:35:00-05:00,685.4000244140625,685.530029296875,685.3499755859375,685.4650268554688,347357,-8.753272632047947e-05,0.0002634935036112016,0.0002923807214593511
2025-12-31 13:40:00-05:00,685.72998046875,685.730712890625,685.3980712890625,685.3980712890625,465765,0.00048129070165738697,0.0002923807214593511,0.0002685122076685036
2025-12-31 13:45:00-05:00,685.7999877929688,685.969970703125,685.655029296875,685.739990234375,527655,0.00010208646679184143,0.0002685122076685036,0.0002678102578393144
2025-12-31 13:50:00-05:00,685.9400024414062,685.9600219726562,685.739990234375,685.8099975585938,360419,0.00020414167396222636,0.0002678102578393144,0.00026870975565519034
2025-12-31 13:55:00-05:00,685.8400268554688,686.0499877929688,685.7612915039062,685.9400024414062,500605,-0.0001457603755402651,0.00026870975565519034,0.0002735920932896071
2025-12-31 14:00:00-05:00,686.0499877929688,686.239990234375,685.8200073242188,685.8300170898438,643207,0.0003060900464284487,0.0002735920932896071,0.00027762633823786973
2025-12-31 14:05:00-05:00,686.0050048828125,686.0800170898438,685.9099731445312,686.0499877929688,416532,-6.55701271632699e-05,0.00027762633823786973,0.0002772215804203733
2025-12-31 14:10:00-05:00,685.905029296875,686.0250244140625,685.8499755859375,686.0062255859375,328576,-0.00014574656300146336,0.0002772215804203733,0.0003057213689385553
2025-12-31 14:15:00-05:00,685.469970703125,685.9199829101562,685.4299926757812,685.905029296875,476523,-0.0006344852550836322,0.0003057213689385553,0.0003083823976575209
2025-12-31 14:20:00-05:00,685.4000244140625,685.5,685.1849975585938,685.47998046875,557419,-0.00010204656805143145,0.0003083823976575209,0.000319958696133307
2025-12-31 14:25:00-05:00,685.0349731445312,685.4000244140625,685.010009765625,685.4000244140625,453736,-0.0005327524162996386,0.000319958696133307,0.00047940110242399573
2025-12-31 14:30:00-05:00,684.1400146484375,685.1400146484375,684.0900268554688,685.0399780273438,885151,-0.001307296191548313,0.00047940110242399573,0.000520635614296683
2025-12-31 14:35:00-05:00,684.510009765625,684.8400268554688,684.1500244140625,684.1500244140625,936956,0.0005406716393537431,0.000520635614296683,0.0004911155317994381
2025-12-31 14:40:00-05:00,684.5601196289062,684.8200073242188,684.489990234375,684.510009765625,816503,7.320277059260512e-05,0.0004911155317994381,0.00048588344203326535
2025-12-31 14:45:00-05:00,684.3800048828125,684.639892578125,684.2999877929688,684.5599975585938,617365,-0.0002631448138717254,0.00048588344203326535,0.0004745150700815898
2025-12-31 14:50:00-05:00,684.10498046875,684.4400024414062,684.0399780273438,684.3699951171875,568383,-0.00040193998576393427,0.0004745150700815898,0.0004808036374831432
2025-12-31 14:55:00-05:00,684.1400146484375,684.2750244140625,684.0549926757812,684.0999755859375,812830,5.121038968928185e-05,0.0004808036374831432,0.00047463614613090334
2025-12-31 15:00:00-05:00,683.6300048828125,684.2000122070312,683.4199829101562,684.1400146484375,1100831,-0.0007457537187962908,0.00047463614613090334,0.0004699778101018885
2025-12-31 15:05:00-05:00,683.3477172851562,683.8800048828125,683.219970703125,683.6300048828125,943819,-0.00041300980563345013,0.0004699778101018885,0.0004695808264097012
2025-12-31 15:10:00-05:00,683.239990234375,683.3300170898438,682.9400024414062,683.3300170898438,1174181,-0.00015765845164800757,0.0004695808264097012,0.0004855124128444713
2025-12-31 15:15:00-05:00,683.4099731445312,683.530029296875,683.1799926757812,683.239990234375,1096718,0.00024875851986636276,0.0004855124128444713,0.0004995318177188205
2025-12-31 15:20:00-05:00,682.9299926757812,683.4099731445312,682.8137817382812,683.4099731445312,1325136,-0.0007025784219166118,0.0004995318177188205,0.0004942300758342459
2025-12-31 15:25:00-05:00,682.719970703125,683.030029296875,682.5449829101562,682.9199829101562,1068776,-0.00030757804700162316,0.0004942300758342459,0.00048339857014369637
2025-12-31 15:30:00-05:00,683.3150024414062,683.4600219726562,682.530029296875,682.719970703125,1607823,0.0008711808813285505,0.00048339857014369637,0.00043922716719247177
2025-12-31 15:35:00-05:00,683.1950073242188,683.719970703125,683.1799926757812,683.3049926757812,1417241,-0.00017562274207784476,0.00043922716719247177,0.00045743998584529274
2025-12-31 15:40:00-05:00,683.4199829101562,683.4500122070312,683.030029296875,683.2000122070312,919328,0.00032924501718107415,0.00045743998584529274,0.0005140876260630282
2025-12-31 15:45:00-05:00,682.77001953125,683.47998046875,682.760009765625,683.4199829101562,1897695,-0.0009514978542979364,0.0005140876260630282,0.0005134614770140992
2025-12-31 15:50:00-05:00,682.5078735351562,682.97998046875,682.489990234375,682.77001953125,2771946,-0.0003840185220117242,0.0005134614770140992,0.0005531823673556096
2025-12-31 15:55:00-05:00,681.8400268554688,683.030029296875,681.7100219726562,682.5,6540678,-0.0009789977070173662,0.0005531823673556096,0.0014120930242005286
2026-01-02 09:30:00-05:00,684.77197265625,686.1500244140625,684.489990234375,685.7100219726562,4208584,0.0042908306091573615,0.0014120930242005286,0.0014115401377165651
2026-01-02 09:35:00-05:00,684.5,685.22998046875,684.2700805664062,684.780029296875,1720972,-0.00039725148145552773,0.0014115401377165651,0.0014146824816134585
2026-01-02 09:40:00-05:00,684.93017578125,685.0399780273438,684.1199951171875,684.489990234375,1318907,0.0006282551721250596,0.0014146824816134585,0.0014714151387890642
2026-01-02 09:45:00-05:00,686.030029296875,686.3800048828125,684.760009765625,684.9600219726562,1897194,0.0016045013524221908,0.0014714151387890642,0.0014366034718549798
2026-01-02 09:50:00-05:00,686.2000122070312,686.8400268554688,685.9199829101562,686.030029296875,1399226,0.00024774696061798416,0.0014366034718549798,0.0014259708158591694
2026-01-02 09:55:00-05:00,686.1900024414062,686.469970703125,685.9600219726562,686.2100219726562,889822,-1.4587348375183977e-05,0.0014259708158591694,0.0014189825485980522
2026-01-02 10:00:00-05:00,686.4299926757812,686.8699951171875,686.1900024414062,686.2100219726562,1328003,0.0003496819770571478,0.0014189825485980522,0.0014620701315212776
2026-01-02 10:05:00-05:00,685.7899780273438,686.47998046875,685.7000122070312,686.4299926757812,1006041,-0.0009328164704066153,0.0014620701315212776,0.0016199789450765183
2026-01-02 10:10:00-05:00,684.3499755859375,685.9650268554688,684.1199951171875,685.760009765625,1832272,-0.0021019793894888803,0.0016199789450765183,0.001608003896736103
2026-01-02 10:15:00-05:00,683.8499755859375,684.418701171875,683.4500122070312,684.3400268554688,2279176,-0.0007308873557989831,0.001608003896736103,0.0017800847495516945
2026-01-02 10:20:00-05:00,682.125,683.8800048828125,682.0,683.8599853515625,1821374,-0.002525634120260433,0.0017800847495516945,0.001760263472294921
2026-01-02 10:25:00-05:00,682.4500122070312,682.6099853515625,681.5800170898438,682.1199951171875,2323241,0.00047635668287869667,0.001760263472294921,0.0012761655712003846
2026-01-02 10:30:00-05:00,683.52001953125,683.6199951171875,682.0999755859375,682.4500122070312,1334214,0.0015666632769567842,0.0012761655712003846,0.001277744713131991
2026-01-02 10:35:00-05:00,683.66748046875,683.9500122070312,682.969970703125,683.510009765625,1353304,0.00021571428655086029,0.001277744713131991,0.001279911704659399
2026-01-02 10:40:00-05:00,684.125,684.5900268554688,683.530029296875,683.6699829101562,1322587,0.0006689897112998436,0.001279911704659399,0.0011924543702681086
2026-01-02 10:45:00-05:00,683.3200073242188,684.4299926757812,683.2899780273438,684.1500244140625,1034965,-0.0011773676666474247,0.0011924543702681086,0.0011790976437795367
2026-01-02 10:50:00-05:00,682.969970703125,683.5,681.97998046875,683.3300170898438,1243205,-0.0005123899529109677,0.0011790976437795367,0.001282174951530784
2026-01-02 10:55:00-05:00,681.4550170898438,683.3400268554688,681.0999755859375,682.97998046875,1996246,-0.0022206486239844834,0.001282174951530784,0.0012486382189918696
2026-01-02 11:00:00-05:00,681.0449829101562,681.5700073242188,680.8099975585938,681.4600219726562,1856148,-0.0006018850525738324,0.0012486382189918696,0.0012937286562740772
2026-01-02 11:05:00-05:00,681.4400024414062,681.5349731445312,680.6799926757812,681.030029296875,1290634,0.0005798515896542459,0.0012937286562740772,0.001227942670367466
2026-01-02 11:10:00-05:00,681.8400268554688,681.8699951171875,680.4199829101562,681.4299926757812,1225594,0.0005868558431822446,0.001227942670367466,0.0012210797411577865
2026-01-02 11:15:00-05:00,681.5800170898438,682.3400268554688,681.27001953125,681.8300170898438,999637,-0.0003814081653437415,0.0012210797411577865,0.0010332336622091744
2026-01-02 11:20:00-05:00,682.1900024414062,682.3151245117188,681.1849975585938,681.5900268554688,695545,0.0008945575624981666,0.0010332336622091744,0.001033714959221609
2026-01-02 11:25:00-05:00,681.8099975585938,682.4000244140625,681.780029296875,682.1799926757812,729214,-0.0005571919246978677,0.001033714959221609,0.0009471537080577857
2026-01-02 11:30:00-05:00,682.3900146484375,682.5900268554688,681.5399780273438,681.8099975585938,752516,0.0008503403014271632,0.0009471537080577857,0.0009538089269744039
2026-01-02 11:35:00-05:00,681.9000244140625,682.6500244140625,681.7803955078125,682.3900146484375,729596,-0.0007183080450839057,0.0009538089269744039,0.0009182427616369658
2026-01-02 11:40:00-05:00,681.4500122070312,682.02001953125,681.4199829101562,681.8800048828125,938259,-0.0006601565427609699,0.0009182427616369658,0.0008785279540072289
2026-01-02 11:45:00-05:00,681.3300170898438,681.6599731445312,681.1599731445312,681.4400024414062,1181209,-0.00017610342816589886,0.0008785279540072289,0.000912002806216653
2026-01-02 11:50:00-05:00,680.5700073242188,681.469970703125,680.280029296875,681.3300170898438,867107,-0.001116102255518072,0.000912002806216653,0.0007373556108296345
2026-01-02 11:55:00-05:00,681.1580200195312,681.1849975585938,680.4450073242188,680.5599975585938,718077,0.0008636272736591139,0.0007373556108296345,0.0007253195475464295
2026-01-02 12:00:00-05:00,680.8880004882812,681.3099975585938,680.6400146484375,681.1500244140625,506303,-0.000396491059364848,0.0007253195475464295,0.0007135431792092733
2026-01-02 12:05:00-05:00,681.1599731445312,681.4650268554688,680.8699951171875,680.8699951171875,788926,0.00039935841487171597,0.0007135431792092733,0.0008543335947605615
2026-01-02 12:10:00-05:00,682.2999877929688,682.375,681.1400146484375,681.1599731445312,802484,0.0016722381980518463,0.0008543335947605615,0.0008476172282185372
2026-01-02 12:15:00-05:00,682.1599731445312,682.5,682.1199951171875,682.3049926757812,514596,-0.00020523086486575436,0.0008476172282185372,0.0008069524279556632
2026-01-02 12:20:00-05:00,682.1599731445312,682.4539794921875,682.0700073242188,682.155029296875,313864,0.0,0.0008069524279556632,0.0007954376316789167
2026-01-02 12:25:00-05:00,682.4500122070312,682.4500122070312,681.8499755859375,682.1500244140625,1383278,0.0004250871237657059,0.0007954376316789167,0.0007626050456118166
2026-01-02 12:30:00-05:00,682.244384765625,682.8009033203125,682.0999755859375,682.4500122070312,571662,-0.0003013530991532326,0.0007626050456118166,0.0007386074234523487
2026-01-02 12:35:00-05:00,682.010009765625,682.4000244140625,681.7943725585938,682.239990234375,433159,-0.00034359427867023366,0.0007386074234523487,0.0007076537182036781
2026-01-02 12:40:00-05:00,682.0250244140625,682.2100219726562,681.7100219726562,682.0100708007812,356474,2.201504809172109e-05,0.0007076537182036781,0.000802809633933345
2026-01-02 12:45:00-05:00,681.1744995117188,682.280029296875,681.0,682.030029296875,535071,-0.001247836428605501,0.000802809633933345,0.0007278505892172124
2026-01-02 12:50:00-05:00,681.3900146484375,681.469970703125,680.97998046875,681.1400146484375,688597,0.00031633751837247367,0.0007278505892172124,0.0006939582080175036
2026-01-02 12:55:00-05:00,681.1799926757812,681.6699829101562,681.010009765625,681.3599853515625,487219,-0.00030827329706442007,0.0006939582080175036,0.000684543574492433
2026-01-02 13:00:00-05:00,681.3319702148438,681.5800170898438,681.0800170898438,681.1799926757812,487282,0.00022308433809333368,0.000684543574492433,0.0006917328200395221
2026-01-02 13:05:00-05:00,681.0,681.4249877929688,680.7849731445312,681.3400268554688,533005,-0.00048735584082642967,0.0006917328200395221,0.0004417259208256244
2026-01-02 13:10:00-05:00,680.8300170898438,681.3090209960938,680.760009765625,681.010009765625,303239,-0.00024963895479745307,0.0004417259208256244,0.0005346133607225517
2026-01-02 13:15:00-05:00,681.4199829101562,681.52001953125,680.6400146484375,680.8300170898438,581227,0.0008661638571438706,0.0005346133607225517,0.0005400675800009411
2026-01-02 13:20:00-05:00,681.1599731445312,681.78857421875,681.0800170898438,681.4000244140625,386336,-0.00038164331953587804,0.0005400675800009411,0.000512515567478653
2026-01-02 13:25:00-05:00,680.97998046875,681.27001953125,680.8200073242188,681.1599731445312,405231,-0.00026427927079213884,0.000512515567478653,0.0005116100622369425
2026-01-02 13:30:00-05:00,680.9199829101562,681.0900268554688,680.7999877929688,680.97998046875,353745,-8.810861332824307e-05,0.0005116100622369425,0.000520126165755185
2026-01-02 13:35:00-05:00,681.0800170898438,681.3599853515625,680.75439453125,680.9299926757812,476297,0.00023499879651098316,0.000520126165755185,0.0005213245706103153
2026-01-02 13:40:00-05:00,681.125,681.1599731445312,680.75830078125,681.0599975585938,429080,6.604425854873963e-05,0.0005213245706103153,0.0005499632484436943
2026-01-02 13:45:00-05:00,680.1801147460938,681.3499755859375,680.1500244140625,681.130126953125,590337,-0.001388205179592331,0.0005499632484436943,0.0005658378937564445
2026-01-02 13:50:00-05:00,680.52197265625,680.5800170898438,679.8200073242188,680.1849975585938,1034117,0.000502472834449139,0.0005658378937564445,0.0005628806962976347
2026-01-02 13:55:00-05:00,680.5250244140625,680.5399780273438,680.0700073242188,680.530029296875,523383,4.484426796580364e-06,0.0005628806962976347,0.0006056580784834121
2026-01-02 14:00:00-05:00,681.0250244140625,681.0700073242188,680.3499755859375,680.5250244140625,930887,0.0007344570593001586,0.0006056580784834121,0.0006368933071895549
2026-01-02 14:05:00-05:00,681.5999755859375,681.6699829101562,681.010009765625,681.0250244140625,958561,0.0008438876521358623,0.0006368933071895549,0.0006968443458732594
2026-01-02 14:10:00-05:00,682.3800048828125,682.5399780273438,681.3900146484375,681.594970703125,1209636,0.0011437548836185196,0.0006968443458732594,0.0006752859758607784
2026-01-02 14:15:00-05:00,682.1699829101562,682.5900268554688,682.0679931640625,682.3699951171875,896562,-0.000307825988338305,0.0006752859758607784,0.0007070645114879104
2026-01-02 14:20:00-05:00,682.8699951171875,682.8900146484375,681.9000244140625,682.1599731445312,841756,0.0010256289627583654,0.0007070645114879104,0.0006922755842972836
2026-01-02 14:25:00-05:00,682.9500122070312,683.1199951171875,682.5999755859375,682.875,664533,0.0001171707684852038,0.0006922755842972836,0.000708740018245893
2026-01-02 14:30:00-05:00,683.5700073242188,683.6599731445312,682.9000244140625,682.9400024414062,1308659,0.0009074073571809338,0.000708740018245893,0.0007121139844221451
2026-01-02 14:35:00-05:00,683.6199951171875,683.8499755859375,683.260009765625,683.5800170898438,912296,7.312486618800732e-05,0.0007121139844221451,0.0007179120017885553
2026-01-02 14:40:00-05:00,683.5650024414062,683.9500122070312,683.510009765625,683.6199951171875,800031,-8.044657586082045e-05,0.0007179120017885553,0.0004922672486890955
2026-01-02 14:45:00-05:00,683.6500244140625,683.760009765625,683.3499755859375,683.5599975585938,744461,0.0001243724960534519,0.0004922672486890955,0.0005286400876907522
2026-01-02 14:50:00-05:00,683.4749755859375,683.7100219726562,683.1699829101562,683.6699829101562,914399,-0.0002560831366285526,0.0005286400876907522,0.000577996210569131
2026-01-02 14:55:00-05:00,683.1300048828125,683.5599975585938,682.8900146484375,683.4749755859375,715808,-0.0005048579734194969,0.000577996210569131,0.0005631808085578094
2026-01-02 15:00:00-05:00,683.3599853515625,683.5900268554688,682.8499755859375,683.1300048828125,666884,0.00033660030086556965,0.0005631808085578094,0.0005400920530998236
2026-01-02 15:05:00-05:00,683.344970703125,683.52001953125,683.1300048828125,683.3599853515625,687361,-2.1972040668498722e-05,0.0005400920530998236,0.00046330651190528024
2026-01-02 15:10:00-05:00,683.2100219726562,683.6799926757812,683.2000122070312,683.3499755859375,902470,-0.00019750208609340861,0.00046330651190528024,0.0004616164986272961
2026-01-02 15:15:00-05:00,683.594970703125,683.6610107421875,683.0999755859375,683.2100219726562,709862,0.0005632826082869206,0.0004616164986272961,0.00040083467560718487
2026-01-02 15:20:00-05:00,683.330078125,683.7000122070312,683.260009765625,683.5900268554688,1024090,-0.00038757440529452403,0.00040083467560718487,0.00040382180429349867
2026-01-02 15:25:00-05:00,683.239990234375,683.469970703125,683.0,683.3350219726562,705403,-0.00013184525673628805,0.00040382180429349867,0.00030516699444010025
2026-01-02 15:30:00-05:00,683.0349731445312,683.4199829101562,682.9400024414062,683.239990234375,941385,-0.0003001110272495806,0.00030516699444010025,0.0003030383719795113
2026-01-02 15:35:00-05:00,683.0399780273438,683.4199829101562,683.0,683.0399780273438,699813,7.327391236007515e-06,0.0003030383719795113,0.00033955180051302653
2026-01-02 15:40:00-05:00,682.6298828125,683.0900268554688,682.5701293945312,683.0399780273438,930461,-0.0006005774000431858,0.00033955180051302653,0.0003485589330251128
2026-01-02 15:45:00-05:00,682.280029296875,682.72998046875,682.0700073242188,682.6099853515625,1711780,-0.0005126397283556036,0.0003485589330251128,0.0003718857967250774
2026-01-02 15:50:00-05:00,682.4849853515625,683.0599975585938,682.1400146484375,682.27001953125,2013803,0.000300353619895551,0.0003718857967250774,0.00047170679875960085
2026-01-02 15:55:00-05:00,683.1699829101562,683.3499755859375,682.25,682.4849853515625,4625192,0.0010031781554783311,0.00047170679875960085,0.001709424139178136
2026-01-05 09:30:00-05:00,687.0599975585938,687.6400146484375,686.9299926757812,687.2974853515625,4436260,0.005677915612181692,0.001709424139178136,0.0017120116679151926
2026-01-05 09:35:00-05:00,686.97998046875,687.2550048828125,686.5599975585938,687.0599975585938,1808955,-0.00011646981341700414,0.0017120116679151926,0.0017004229116220576
2026-01-05 09:40:00-05:00,687.4000244140625,687.5449829101562,686.6799926757812,687.0,1987338,0.0006112486457871175,0.0017004229116220576,0.0017187177653459975
2026-01-05 09:45:00-05:00,687.1500244140625,687.8800048828125,686.8499755859375,687.4000244140625,1728142,-0.0003637554019510189,0.0017187177653459975,0.0017144747832622508
2026-01-05 09:50:00-05:00,686.9550170898438,687.3099975585938,686.510009765625,687.1400146484375,1162079,-0.0002838317590545259,0.0017144747832622508,0.0017077861616686843
2026-01-05 09:55:00-05:00,687.0599975585938,687.3400268554688,686.6699829101562,686.97998046875,903669,0.00015280832863559814,0.0017077861616686843,0.0016935456414904262
2026-01-05 10:00:00-05:00,687.6599731445312,687.7999267578125,686.6300048828125,687.0800170898438,1219778,0.0008728695833583739,0.0016935456414904262,0.001692908132747603
2026-01-05 10:05:00-05:00,687.6799926757812,687.9500122070312,687.1950073242188,687.6599731445312,944541,2.9112120274261645e-05,0.001692908132747603,0.0016676456319781412
2026-01-05 10:10:00-05:00,687.6099853515625,687.8250122070312,687.239990234375,687.6898803710938,713056,-0.00010180736484334015,0.0016676456319781412,0.0016321147506466612
2026-01-05 10:15:00-05:00,687.9000244140625,687.9100952148438,687.280029296875,687.6099853515625,767563,0.0004217185840005925,0.0016321147506466612,0.0016326458933885446
2026-01-05 10:20:00-05:00,688.0900268554688,688.114990234375,687.6799926757812,687.9000244140625,800262,0.00027616833775585906,0.0016326458933885446,0.0016295117500463865
2026-01-05 10:25:00-05:00,688.5255737304688,688.6099853515625,687.6900024414062,688.0900268554688,1219104,0.0006327792440354513,0.0016295117500463865,0.00038600289492506806
2026-01-05 10:30:00-05:00,688.6400146484375,688.8200073242188,688.405029296875,688.52001953125,1054380,0.00016619776038244666,0.00038600289492506806,0.0004782186298632091
2026-01-05 10:35:00-05:00,688.0792846679688,688.6890258789062,687.9600219726562,688.6300048828125,1082911,-0.0008145887280775895,0.0004782186298632091,0.0004555140636602543
2026-01-05 10:40:00-05:00,688.0499877929688,688.385009765625,687.969970703125,688.0780029296875,537531,-4.257866697654546e-05,0.0004555140636602543,0.00044598827275460235
2026-01-05 10:45:00-05:00,688.3800048828125,688.5,688.0399780273438,688.0499877929688,1220829,0.00047952616249821804,0.00044598827275460235,0.00044790690211920776
2026-01-05 10:50:00-05:00,688.1699829101562,688.4600219726562,688.0850219726562,688.3699951171875,634016,-0.0003051425319071002,0.00044790690211920776,0.00044837523639335627
2026-01-05 10:55:00-05:00,688.3200073242188,688.5900268554688,688.0499877929688,688.1699829101562,585655,0.00021798111968972722,0.00044837523639335627,0.0003949119728226742
2026-01-05 11:00:00-05:00,688.1900024414062,688.3900146484375,687.9600219726562,688.3200073242188,757797,-0.0001888905743899137,0.0003949119728226742,0.00041608610218444583
2026-01-05 11:05:00-05:00,688.5499877929688,688.5499877929688,688.0900268554688,688.2000122070312,584429,0.0005229532988364729,0.00041608610218444583,0.0004268404618196735
2026-01-05 11:10:00-05:00,688.3602294921875,688.719970703125,688.3599853515625,688.530029296875,708029,-0.0002756291580968179,0.0004268404618196735,0.00041790168273191726
2026-01-05 11:15:00-05:00,688.2650146484375,688.5599975585938,688.2249755859375,688.364990234375,446038,-0.00013833081197242337,0.00041790168273191726,0.000459734055310197
2026-01-05 11:20:00-05:00,688.77001953125,688.8200073242188,688.260009765625,688.260009765625,475177,0.0007334670402968364,0.000459734055310197,0.0004305529515001897
2026-01-05 11:25:00-05:00,688.6400146484375,688.8699951171875,688.530029296875,688.760009765625,794871,-0.00018876714990096,0.0004305529515001897,0.0004331039208763808
2026-01-05 11:30:00-05:00,688.4799194335938,688.8599853515625,688.4434204101562,688.6300048828125,885406,-0.00023250729526572419,0.0004331039208763808,0.0003800286692630113
2026-01-05 11:35:00-05:00,688.8499755859375,688.9500122070312,688.4249877929688,688.47998046875,612146,0.0005373529792482359,0.0003800286692630113,0.0003785271705395924
2026-01-05 11:40:00-05:00,688.8599853515625,688.9155883789062,688.6500244140625,688.8599853515625,725074,1.4531020184212649e-05,0.0003785271705395924,0.0003826397305813935
2026-01-05 11:45:00-05:00,689.219970703125,689.25,688.7999877929688,688.8699951171875,903130,0.0005224448090534602,0.0003826397305813935,0.00037551761222648144
2026-01-05 11:50:00-05:00,689.0650024414062,689.4299926757812,688.9949951171875,689.219970703125,1046198,-0.00022487114840734956,0.00037551761222648144,0.0003854006797206394
2026-01-05 11:55:00-05:00,688.9099731445312,689.1099853515625,688.781982421875,689.0599975585938,1200544,-0.00022501032351934436,0.0003854006797206394,0.00037912216765224974
2026-01-05 12:00:00-05:00,689.0800170898438,689.1300048828125,688.9000244140625,688.9099731445312,1566965,0.0002467999729762208,0.00037912216765224974,0.0003719383747975311
2026-01-05 12:05:00-05:00,688.8699951171875,689.114990234375,688.8200073242188,689.0700073242188,496989,-0.00030483250106613455,0.0003719383747975311,0.00035951210169508387
2026-01-05 12:10:00-05:00,688.97998046875,689.0499877929688,688.7899780273438,688.8699951171875,316241,0.00015964779002789278,0.00035951210169508387,0.00038323418980029856
2026-01-05 12:15:00-05:00,688.6900024414062,689.0399780273438,688.5999755859375,688.9849853515625,413896,-0.0004209687882051144,0.00038323418980029856,0.00032508498254216526
2026-01-05 12:20:00-05:00,688.5150146484375,688.7000122070312,688.4199829101562,688.6699829101562,452042,-0.00025412018071234167,0.00032508498254216526,0.0003276582366603211
2026-01-05 12:25:00-05:00,688.3499755859375,688.5499877929688,688.2100219726562,688.5,580300,-0.00023973165773117549,0.0003276582366603211,0.00032279497507441357
2026-01-05 12:30:00-05:00,688.2750244140625,688.5499877929688,688.2030029296875,688.3599243164062,480407,-0.00010889119687507307,0.00032279497507441357,0.00029909407952746704
2026-01-05 12:35:00-05:00,688.530029296875,688.6099853515625,688.25,688.2899780273438,405888,0.00037042990950843116,0.00029909407952746704,0.00030434383223311754
2026-01-05 12:40:00-05:00,688.3599853515625,688.5999755859375,688.3049926757812,688.52001953125,372797,-0.0002469971375606759,0.00030434383223311754,0.00029224409850732967
2026-01-05 12:45:00-05:00,688.6699829101562,688.7899780273438,688.3350219726562,688.3599853515625,344990,0.0004502408385808871,0.00029224409850732967,0.00029706134399479597
2026-01-05 12:50:00-05:00,688.4600219726562,688.6799926757812,688.280029296875,688.6599731445312,347087,-0.00030492537143541194,0.00029706134399479597,0.00030084893963535313
2026-01-05 12:55:00-05:00,688.5800170898438,688.6400146484375,688.3150024414062,688.4600219726562,407804,0.00017427977994448354,0.00030084893963535313,0.0002910314789756154
2026-01-05 13:00:00-05:00,688.6500244140625,688.75,688.489990234375,688.5700073242188,294820,0.00010166395180083177,0.0002910314789756154,0.0002989146599119836
2026-01-05 13:05:00-05:00,688.3800048828125,688.6699829101562,688.0999755859375,688.6599731445312,388842,-0.00039217668310211604,0.0002989146599119836,0.00029354096672548293
2026-01-05 13:10:00-05:00,688.4199829101562,688.52001953125,688.3300170898438,688.3900146484375,340518,5.807383455767105e-05,0.00029354096672548293,0.00031612056886312135
2026-01-05 13:15:00-05:00,688.010009765625,688.4199829101562,687.6500244140625,688.4199829101562,879558,-0.0005957050614074478,0.00031612056886312135,0.0003280976285042217
2026-01-05 13:20:00-05:00,688.2100219726562,688.22998046875,687.7849731445312,688.0098876953125,578797,0.0002906689393074574,0.0003280976285042217,0.0003308183171749016
2026-01-05 13:25:00-05:00,688.3800048828125,688.4199829101562,688.0900268554688,688.2150268554688,516490,0.00024696228754237726,0.0003308183171749016,0.000332159526177102
2026-01-05 13:30:00-05:00,688.5,688.5700073242188,688.3099975585938,688.3599853515625,405906,0.00017430003640958158,0.000332159526177102,0.00031409920037482093
2026-01-05 13:35:00-05:00,688.489990234375,688.5599975585938,688.2999877929688,688.510009765625,376041,-1.4538617849345118e-05,0.00031409920037482093,0.0003069380372083436
2026-01-05 13:40:00-05:00,688.5900268554688,688.6699829101562,688.4735717773438,688.489990234375,376566,0.00014528802978503778,0.0003069380372083436,0.0002767103684124477
2026-01-05 13:45:00-05:00,688.5999755859375,688.7750244140625,688.594970703125,688.594970703125,440518,1.4447869141279798e-05,0.0002767103684124477,0.0002609551599657496
2026-01-05 13:50:00-05:00,688.6500244140625,688.6649780273438,688.47998046875,688.5999755859375,283186,7.267936561556266e-05,0.0002609551599657496,0.0002611693841095648
2026-01-05 13:55:00-05:00,688.5399780273438,688.6400146484375,688.4500122070312,688.6400146484375,253715,-0.0001598129332305637,0.0002611693841095648,0.0002606638732780242
2026-01-05 14:00:00-05:00,688.5999755859375,688.7150268554688,688.5050048828125,688.5399780273438,344450,8.713356761489966e-05,0.0002606638732780242,0.0002446292146638728
2026-01-05 14:05:00-05:00,688.4249877929688,688.594970703125,688.344970703125,688.5900268554688,412289,-0.00025415340834680886,0.0002446292146638728,0.0002526207818032535
2026-01-05 14:10:00-05:00,688.27001953125,688.4349975585938,688.1599731445312,688.4199829101562,451674,-0.0002251308554891516,0.0002526207818032535,0.0001754521950523336
2026-01-05 14:15:00-05:00,688.3099975585938,688.3900146484375,688.1900024414062,688.27880859375,352350,5.808311447021061e-05,0.0001754521950523336,0.0001626597360071553
2026-01-05 14:20:00-05:00,688.2100830078125,688.3699951171875,688.1900024414062,688.3099975585938,411369,-0.0001451697688501522,0.0001626597360071553,0.00014292050796601584
2026-01-05 14:25:00-05:00,688.1849975585938,688.364990234375,688.1300048828125,688.219970703125,497093,-3.6450942866259404e-05,0.00014292050796601584,0.00012899612128961963
2026-01-05 14:30:00-05:00,688.1799926757812,688.2999267578125,688.1400146484375,688.1900024414062,626127,-7.272609878944953e-06,0.00012899612128961963,0.0001820940451303074
2026-01-05 14:35:00-05:00,687.844970703125,688.2100219726562,687.7000122070312,688.1799926757812,559211,-0.0004869417171813537,0.0001820940451303074,0.00017502412160539548
2026-01-05 14:40:00-05:00,687.6599731445312,687.8400268554688,687.2899780273438,687.8400268554688,890578,-0.0002689885783931991,0.00017502412160539548,0.00019592540737644305
2026-01-05 14:45:00-05:00,687.8049926757812,688.0,687.6500244140625,687.6500244140625,801341,0.00021086619491021761,0.00019592540737644305,0.00019498667127468118
2026-01-05 14:50:00-05:00,687.6099853515625,687.809814453125,687.5599975585938,687.809814453125,406955,-0.0002835614394792655,0.00019498667127468118,0.00019868033079294446
2026-01-05 14:55:00-05:00,687.6198120117188,687.8599853515625,687.52001953125,687.6199951171875,512164,1.4290935486293761e-05,0.00019868033079294446,0.00019080719531810731
2026-01-05 15:00:00-05:00,687.5999755859375,687.7449951171875,687.5100708007812,687.614990234375,586412,-2.8848371673399864e-05,0.00019080719531810731,0.00026074909250195966
2026-01-05 15:05:00-05:00,687.9600219726562,688.02001953125,687.5800170898438,687.5999755859375,604463,0.0005234906446539882,0.00026074909250195966,0.0002684691412928559
2026-01-05 15:10:00-05:00,688.1300048828125,688.239990234375,687.9400024414062,687.9600219726562,582134,0.0002470520208756738,0.0002684691412928559,0.00027508476816960864
2026-01-05 15:15:00-05:00,687.9600219726562,688.2249755859375,687.8900146484375,688.1300048828125,509564,-0.00024705202087582103,0.00027508476816960864,0.00027334006234085574
2026-01-05 15:20:00-05:00,687.9600219726562,688.0,687.780029296875,687.9500122070312,803135,0.0,0.00027334006234085574,0.00027355806936743706
2026-01-05 15:25:00-05:00,687.9660034179688,688.02001953125,687.8599853515625,687.9600219726562,528343,8.694428627942801e-06,0.00027355806936743706,0.0002736405645786528
2026-01-05 15:30:00-05:00,687.9249877929688,688.1199951171875,687.8200073242188,687.9650268554688,766750,-5.962045725152407e-05,0.0002736405645786528,0.0002351946535045534
2026-01-05 15:35:00-05:00,688.010009765625,688.094970703125,687.9110107421875,687.9299926757812,819664,0.0001235842869252835,0.0002351946535045534,0.00023769638278024773
2026-01-05 15:40:00-05:00,687.8099975585938,688.0161743164062,687.7899780273438,688.010009765625,745699,-0.0002907534523055232,0.00023769638278024773,0.0002304181954422274
2026-01-05 15:45:00-05:00,687.8499755859375,688.0399780273438,687.77001953125,687.8074951171875,1323431,5.81219605649571e-05,0.0002304181954422274,0.0003184908362118669
2026-01-05 15:50:00-05:00,687.3049926757812,687.97998046875,687.27001953125,687.8499755859375,2098763,-0.0007926131254525137,0.0003184908362118669,0.00037074461473594113
2026-01-05 15:55:00-05:00,687.72998046875,687.77001953125,687.1599731445312,687.3099975585938,5872845,0.000618148359571522,0.00037074461473594113,0.0005050554398917059
2026-01-06 09:30:00-05:00,688.5599975585938,688.6199951171875,688.0900268554688,688.4600219726562,2029870,0.0012061661477209315,0.0005050554398917059,0.0005228699503517425
2026-01-06 09:35:00-05:00,688.1699829101562,688.4600219726562,688.02001953125,688.030029296875,1811384,-0.0005665811951564387,0.0005228699503517425,0.0005359642105549541
2026-01-06 09:40:00-05:00,688.5,688.5250244140625,687.780029296875,688.1799926757812,1153061,0.00047944256831664744,0.0005359642105549541,0.0006011785858617207
2026-01-06 09:45:00-05:00,689.2349853515625,689.3900146484375,688.47998046875,688.5,1393479,0.001066947459563984,0.0006011785858617207,0.0006193271957855881
2026-01-06 09:50:00-05:00,689.7249755859375,689.8800048828125,689.2100219726562,689.239990234375,1560048,0.0007106663991377566,0.0006193271957855881,0.0006210624096739112
2026-01-06 09:55:00-05:00,690.0750122070312,690.1599731445312,689.6500244140625,689.719970703125,1351656,0.0005073729985498425,0.0006210624096739112,0.0006161297661129872
2026-01-06 10:00:00-05:00,690.125,690.3800048828125,689.989990234375,690.0750122070312,1351312,7.243557824732351e-05,0.0006161297661129872,0.0006168059607229343
2026-01-06 10:05:00-05:00,690.1900024414062,690.5999755859375,690.0900268554688,690.1300048828125,1266746,9.418493798792819e-05,0.0006168059607229343,0.0005973574365787857
2026-01-06 10:10:00-05:00,690.60498046875,690.6400146484375,690.1099853515625,690.1900024414062,1020559,0.0006010711872127038,0.0005973574365787857,0.0006082597445260718
2026-01-06 10:15:00-05:00,690.510009765625,690.6900024414062,690.2750244140625,690.6099853515625,1085119,-0.00013752758307045005,0.0006082597445260718,0.0005032783768744393
2026-01-06 10:20:00-05:00,690.610107421875,690.6513061523438,690.1199951171875,690.510009765625,615468,0.00014495141324715995,0.0005032783768744393,0.0005181348980982867
2026-01-06 10:25:00-05:00,690.5349731445312,690.7999267578125,690.530029296875,690.7849731445312,789384,-0.00010879997832966278,0.0005181348980982867,0.0005078101354320245
2026-01-06 10:30:00-05:00,690.1099853515625,690.5549926757812,690.0499877929688,690.5549926757812,940421,-0.0006156366323960658,0.0005078101354320245,0.00046154660113829145
2026-01-06 10:35:00-05:00,690.0299072265625,690.1400146484375,689.8419799804688,690.0999755859375,1122049,-0.00011604349025845148,0.00046154660113829145,0.0004814229775888875
2026-01-06 10:40:00-05:00,689.7899780273438,689.9400024414062,689.6799926757812,689.9099731445312,1034154,-0.00034776887070702854,0.0004814229775888875,0.0003869664903551817
2026-01-06 10:45:00-05:00,689.8800048828125,689.98876953125,689.7349853515625,689.780029296875,971934,0.0001305049130758118,0.0003869664903551817,0.00043014509858048833
2026-01-06 10:50:00-05:00,689.239990234375,689.8099975585938,689.1300048828125,689.8099975585938,1132042,-0.0009281493947577193,0.00043014509858048833,0.000391481938032968
2026-01-06 10:55:00-05:00,689.1599731445312,689.239990234375,688.8200073242188,689.239990234375,1183781,-0.00011610141041715387,0.000391481938032968,0.00040138851281248727
2026-01-06 11:00:00-05:00,688.8200073242188,689.0700073242188,688.8099975585938,688.864990234375,903485,-0.0004934263661717946,0.00040138851281248727,0.0003952999584955811
2026-01-06 11:05:00-05:00,688.60498046875,688.7000122070312,688.4299926757812,688.6900024414062,1236137,-0.0003122157055681554,0.0003952999584955811,0.00035806140473146927
2026-01-06 11:10:00-05:00,688.864990234375,688.97998046875,688.8300170898438,688.9478149414062,854938,0.00037751787587830544,0.00035806140473146927,0.00036744773062400224
2026-01-06 11:15:00-05:00,688.9199829101562,688.97998046875,688.8400268554688,688.864990234375,484489,7.982766089380144e-05,0.00036744773062400224,0.00043814570804533425
2026-01-06 11:20:00-05:00,689.3900146484375,689.4450073242188,688.8250122070312,688.864990234375,501770,0.0006820406981515239,0.00043814570804533425,0.00044946442458259646
2026-01-06 11:25:00-05:00,689.0449829101562,689.3900146484375,688.9099731445312,689.3800048828125,669864,-0.0005006137338331891,0.00044946442458259646,0.00044289443631008517
2026-01-06 11:30:00-05:00,689.219970703125,689.260009765625,688.97998046875,689.0499877929688,204465,0.0002539247529297771,0.00044289443631008517,0.0004431099900331919
2026-01-06 11:35:00-05:00,689.1799926757812,689.2550048828125,688.969970703125,689.2550048828125,1314949,-5.8006425445522894e-05,0.0004431099900331919,0.00046370621219924156
2026-01-06 11:40:00-05:00,688.75,689.2159423828125,688.7366943359375,689.1900024414062,521054,-0.0006241139855062393,0.00046370621219924156,0.0005177921155293061
2026-01-06 11:45:00-05:00,689.22998046875,689.2612915039062,688.7902221679688,688.8499755859375,1627854,0.0006966436304807401,0.0005177921155293061,0.00044596007289751747
2026-01-06 11:50:00-05:00,689.344970703125,689.5260009765625,689.2750244140625,689.280029296875,489755,0.00016682478459928928,0.00044596007289751747,0.00044502911384953825
2026-01-06 11:55:00-05:00,689.4299926757812,689.4600219726562,689.1300048828125,689.3300170898438,479159,0.00012332973113416996,0.00044502911384953825,0.00042028223295210553
2026-01-06 12:00:00-05:00,689.2999877929688,689.4550170898438,689.2050170898438,689.4299926757812,254787,-0.00018858643104812393,0.00042028223295210553,0.0004467752529701129
2026-01-06 12:05:00-05:00,689.8200073242188,689.8699951171875,689.52001953125,689.52001953125,541602,0.0007541324289931144,0.0004467752529701129,0.00044139352848468065
2026-01-06 12:10:00-05:00,689.9600219726562,689.9600219726562,689.75,689.8300170898438,246083,0.00020295213141980424,0.00044139352848468065,0.0004410874492637666
2026-01-06 12:15:00-05:00,690.0501098632812,690.13671875,689.9849853515625,689.9949951171875,448549,0.00013056120194301937,0.0004410874492637666,0.00042396833527288307
2026-01-06 12:20:00-05:00,690.4000244140625,690.5349731445312,690.364990234375,690.3699951171875,880012,0.000506957186770939,0.00042396833527288307,0.0003765667864442451
2026-01-06 12:25:00-05:00,690.469970703125,690.5700073242188,690.4000244140625,690.4000244140625,550669,0.00010130756605565183,0.0003765667864442451,0.00037830288948620063
2026-01-06 12:30:00-05:00,690.6900024414062,690.7100219726562,690.5399780273438,690.6300048828125,640248,0.00031861876165102876,0.00037830288948620063,0.0003718787773740085
2026-01-06 12:35:00-05:00,690.8900146484375,690.9000244140625,690.719970703125,690.8200073242188,723445,0.0002895412584932025,0.0003718787773740085,0.00029211221173349984
2026-01-06 12:40:00-05:00,690.7872924804688,690.8499755859375,690.5999755859375,690.7899780273438,966851,-0.0001486919813013132,0.00029211221173349984,0.0002628272278744465
2026-01-06 12:45:00-05:00,690.780029296875,690.8049926757812,690.6699829101562,690.7899780273438,439787,-1.0514411392549856e-05,0.0002628272278744465,0.0002627522015576716
2026-01-06 12:50:00-05:00,690.907470703125,690.9099731445312,690.7249755859375,690.780029296875,346664,0.00018447211342849542,0.0002627522015576716,0.0002650571170323484
2026-01-06 12:55:00-05:00,690.9450073242188,690.9749755859375,690.8400268554688,690.9000244140625,374625,5.432797161748775e-05,0.0002650571170323484,0.00026408873193998746
2026-01-06 13:00:00-05:00,690.8200073242188,690.97998046875,690.6599731445312,690.9500122070312,408635,-0.00018092801455504075,0.00026408873193998746,0.0002058339843194703
2026-01-06 13:05:00-05:00,690.7432861328125,690.75,690.5499877929688,690.6500244140625,414025,-0.0001110643165585707,0.0002058339843194703,0.00020512078152673017
2026-01-06 13:10:00-05:00,690.8699951171875,690.89501953125,690.760009765625,690.8099975585938,341351,0.00018342178155025547,0.00020512078152673017,0.00021771954518966664
2026-01-06 13:15:00-05:00,691.1199951171875,691.2000122070312,691.0250244140625,691.0250244140625,724313,0.0003617971251507722,0.00021771954518966664,0.00019153745137829567
2026-01-06 13:20:00-05:00,691.0449829101562,691.1599731445312,690.9249877929688,691.1199951171875,376239,-0.00010854305860349694,0.00019153745137829567,0.00021362017454447867
2026-01-06 13:25:00-05:00,690.8701782226562,691.0800170898438,690.8300170898438,691.0399780273438,283929,-0.00025298903051190075,0.00021362017454447867,0.00020293483883149018
2026-01-06 13:30:00-05:00,690.760009765625,690.989990234375,690.6771850585938,690.8800048828125,383672,-0.0001594760424642451,0.00020293483883149018,0.00021728758306582068
2026-01-06 13:35:00-05:00,691.030029296875,691.0399780273438,690.760009765625,690.760009765625,216981,0.00039082570731262587,0.00021728758306582068,0.00024924151763489315
2026-01-06 13:40:00-05:00,691.3699951171875,691.385009765625,691.0499877929688,691.0609741210938,634071,0.0004918486995979065,0.00024924151763489315,0.00025721106820176555
2026-01-06 13:45:00-05:00,691.5875854492188,691.6849975585938,691.3599853515625,691.3699951171875,770893,0.00031467390885204317,0.00025721106820176555,0.00025603931814830854
2026-01-06 13:50:00-05:00,691.6199951171875,691.625,691.510009765625,691.5900268554688,379878,4.6861611272202266e-05,0.00025603931814830854,0.0002575761924114216
2026-01-06 13:55:00-05:00,691.6099853515625,691.6400146484375,691.5050048828125,691.530029296875,347128,-1.4473031623869227e-05,0.0002575761924114216,0.0002446183544603685
2026-01-06 14:00:00-05:00,691.719970703125,691.8699951171875,691.7100219726562,691.8400268554688,870778,0.00015901535467070167,0.0002446183544603685,0.0002349508901044747
2026-01-06 14:05:00-05:00,691.780029296875,691.8400268554688,691.7050170898438,691.719970703125,441436,8.682124147129271e-05,0.0002349508901044747,0.0002456130103753079
2026-01-06 14:10:00-05:00,692.0399780273438,692.0399780273438,691.7899780273438,691.7899780273438,433320,0.0003756973192331222,0.0002456130103753079,0.00024207563988312288
2026-01-06 14:15:00-05:00,691.989990234375,692.0556030273438,691.9500122070312,692.02001953125,559616,-7.223513093905425e-05,0.00024207563988312288,0.0002326973318959125
2026-01-06 14:20:00-05:00,692.094970703125,692.1199951171875,691.9600219726562,692.0449829101562,547371,0.00015169656764451553,0.0002326973318959125,0.00022850323457224272
2026-01-06 14:25:00-05:00,691.9400024414062,692.1199951171875,691.9349975585938,692.0958862304688,470795,-0.00022393691687473265,0.00022850323457224272,0.00021025423338023473
2026-01-06 14:30:00-05:00,692.010009765625,692.0800170898438,691.927978515625,691.947998046875,435547,0.00010117030768602593,0.00021025423338023473,0.00020645146110814057
2026-01-06 14:35:00-05:00,691.9450073242188,691.9749755859375,691.9000244140625,691.9400024414062,452431,-9.393721710803093e-05,0.00020645146110814057,0.00017138402782184494
2026-01-06 14:40:00-05:00,692.0800170898438,692.1599731445312,692.0,692.0,754090,0.00019509729039811498,0.00017138402782184494,0.00016265973695552832
2026-01-06 14:45:00-05:00,692.010009765625,692.125,691.989990234375,692.0800170898438,341689,-0.0001011600732902181,0.00016265973695552832,0.00018290398340177873
2026-01-06 14:50:00-05:00,691.844970703125,692.030029296875,691.8200073242188,692.0198974609375,514794,-0.00023852074908385635,0.00018290398340177873,0.00018297539566737887
2026-01-06 14:55:00-05:00,691.9000244140625,691.9199829101562,691.8200073242188,691.840087890625,195651,7.957204710515623e-05,0.00018297539566737887,0.0001961501487763504
2026-01-06 15:00:00-05:00,692.1099853515625,692.1699829101562,691.905029296875,691.905029296875,843206,0.0003034095673141773,0.0001961501487763504,0.0001993154426834182
2026-01-06 15:05:00-05:00,692.0499877929688,692.176025390625,692.0,692.1099853515625,424180,-8.669165384839809e-05,0.0001993154426834182,0.0001675137944465662
2026-01-06 15:10:00-05:00,692.0599975585938,692.1099853515625,691.9299926757812,691.93798828125,550654,1.4463829798275875e-05,0.0001675137944465662,0.00016697894979642738
2026-01-06 15:15:00-05:00,692.02001953125,692.239990234375,691.989990234375,692.0599975585938,859091,-5.776837590497261e-05,0.00016697894979642738,0.00016036064434329832
2026-01-06 15:20:00-05:00,692.0200805664062,692.030029296875,691.969970703125,692.030029296875,115920,8.819853746972789e-08,0.00016036064434329832,0.00014540999334429158
2026-01-06 15:25:00-05:00,692.02001953125,692.0399780273438,691.969970703125,691.989990234375,787833,-8.819853736612641e-08,0.00014540999334429158,0.00014441950576275965
2026-01-06 15:30:00-05:00,691.9650268554688,691.9849853515625,691.9450073242188,691.9500122070312,495723,-7.947004334152591e-05,0.00014441950576275965,0.0001672850091599122
2026-01-06 15:35:00-05:00,692.1799926757812,692.219970703125,691.9600219726562,691.9600219726562,1991187,0.00031061170470939736,0.0001672850091599122,0.00015906363287668298
2026-01-06 15:40:00-05:00,692.2100219726562,692.22998046875,692.14501953125,692.1749877929688,186122,4.338271233094519e-05,0.00015906363287668298,0.00016513407081211322
2026-01-06 15:45:00-05:00,692.0900268554688,692.1900024414062,692.0349731445312,692.0900268554688,1630862,-0.00017336576357077928,0.00016513407081211322,0.00015287231173975678
2026-01-06 15:50:00-05:00,692.2249755859375,692.260009765625,692.0,692.0800170898438,2006932,0.0001949682415609508,0.00015287231173975678,0.0001747387462240241
2026-01-06 15:55:00-05:00,692.0499877929688,692.3150024414062,692.030029296875,692.22998046875,640046,-0.00025282230558252097,0.0001747387462240241,0.00016765203479281372
2026-01-07 09:30:00-05:00,691.8643798828125,692.4299926757812,691.7100219726562,692.1900024414062,2538461,-0.0002682361215467638,0.00016765203479281372,0.00028778147213481695
2026-01-07 09:35:00-05:00,692.4099731445312,692.4199829101562,691.8699951171875,691.8699951171875,1038888,0.0007882733488157536,0.00028778147213481695,0.00031355391368399787
2026-01-07 09:40:00-05:00,692.7412719726562,692.7949829101562,692.2512817382812,692.4199829101562,1161137,0.0004783576315009818,0.00031355391368399787,0.0003142464452685838
2026-01-07 09:45:00-05:00,692.6900024414062,693.0900268554688,692.6300048828125,692.7421264648438,1268921,-7.401237754663651e-05,0.0003142464452685838,0.0003231714699783246
2026-01-07 09:50:00-05:00,692.5599975585938,692.8499755859375,692.3800048828125,692.6900024414062,799412,-0.00018769880266262737,0.0003231714699783246,0.0003230088610093269
2026-01-07 09:55:00-05:00,692.5665283203125,692.8350219726562,692.489990234375,692.5700073242188,630639,9.429841385307445e-06,0.0003230088610093269,0.0004389664662224821
2026-01-07 10:00:00-05:00,691.9000244140625,692.77001953125,691.594970703125,692.5999755859375,1560072,-0.000962831433411673,0.0004389664662224821,0.00042920723699951775
2026-01-07 10:05:00-05:00,691.969970703125,692.2999877929688,691.75,691.905029296875,1015061,0.00010108794810046706,0.00042920723699951775,0.0004500031897245483
2026-01-07 10:10:00-05:00,691.6199951171875,692.010009765625,691.530029296875,691.969970703125,765345,-0.0005058949573895178,0.0004500031897245483,0.00046918718876524327
2026-01-07 10:15:00-05:00,691.25,691.6400146484375,691.1199951171875,691.6199951171875,1197460,-0.0005351119444673918,0.00046918718876524327,0.0004904492472585824
2026-01-07 10:20:00-05:00,691.5700073242188,691.6799926757812,691.0999755859375,691.239990234375,961396,0.0004628329475078184,0.0004904492472585824,0.0004911556948400101
2026-01-07 10:25:00-05:00,691.6719970703125,691.9395141601562,691.260009765625,691.5800170898438,716397,0.00014746479062174443,0.0004911556948400101,0.000523633751638985
2026-01-07 10:30:00-05:00,692.1209716796875,692.1599731445312,691.4299926757812,691.6699829101562,963963,0.000648904330732397,0.000523633751638985,0.0004821022221978899
2026-01-07 10:35:00-05:00,691.7999877929688,692.52001953125,690.9600219726562,692.1199951171875,2083872,-0.00046387604765642774,0.0004821022221978899,0.0004497414273080136
2026-01-07 10:40:00-05:00,691.72998046875,692.25,691.530029296875,691.8099975585938,1021749,-0.00010120102330193774,0.0004497414273080136,0.0005469976037274177
2026-01-07 10:45:00-05:00,692.3900146484375,692.4249877929688,691.6699829101562,691.72998046875,696995,0.0009537240008755804,0.0005469976037274177,0.000545239083875329
2026-01-07 10:50:00-05:00,692.4199829101562,692.510009765625,692.260009765625,692.4000244140625,605802,4.328140579032763e-05,0.000545239083875329,0.0005467156327199554
2026-01-07 10:55:00-05:00,692.5050048828125,692.5999755859375,692.3300170898438,692.4197998046875,496535,0.00012278206186245184,0.0005467156327199554,0.0004613150562356683
2026-01-07 11:00:00-05:00,692.719970703125,692.8250122070312,692.4400024414062,692.510009765625,629883,0.0003103695440478725,0.0004613150562356683,0.00046660926031564484
2026-01-07 11:05:00-05:00,692.6199951171875,692.7550048828125,692.5460205078125,692.719970703125,439854,-0.00014433364889148695,0.00046660926031564484,0.0004320183358080148
2026-01-07 11:10:00-05:00,692.5850219726562,692.6599731445312,692.4199829101562,692.6400146484375,444848,-5.049526114500483e-05,0.0004320183358080148,0.0003819300139239007
2026-01-07 11:15:00-05:00,692.6199951171875,692.7050170898438,692.5349731445312,692.5850219726562,414803,5.049526114500021e-05,0.0003819300139239007,0.0003936001387981051
2026-01-07 11:20:00-05:00,692.39501953125,692.6099853515625,692.3099975585938,692.6099853515625,535299,-0.0003248709732916754,0.0003936001387981051,0.0004030081518721287
2026-01-07 11:25:00-05:00,692.25,692.4099731445312,691.9199829101562,692.3900146484375,656014,-0.0002094681737696798,0.0004030081518721287,0.00036102542601116266
2026-01-07 11:30:00-05:00,692.344970703125,692.530029296875,692.1682739257812,692.25,750163,0.00013718192725444285,0.00036102542601116266,0.00032659519460168497
2026-01-07 11:35:00-05:00,692.4299926757812,692.4849853515625,692.27001953125,692.3699951171875,389044,0.00012279536388452395,0.00032659519460168497,0.00043609963126892473
2026-01-07 11:40:00-05:00,693.2000732421875,693.25,692.4249877929688,692.4299926757812,785401,0.0011115241573245232,0.00043609963126892473,0.00036312967133838355
2026-01-07 11:45:00-05:00,693.1799926757812,693.4299926757812,693.1099853515625,693.2100219726562,856358,-2.896834266631719e-05,0.00036312967133838355,0.0003643241768260612
2026-01-07 11:50:00-05:00,693.3300170898438,693.3300170898438,693.0399780273438,693.1749877929688,530227,0.0002164058154522272,0.0003643241768260612,0.0003666677886996931
2026-01-07 11:55:00-05:00,693.5050048828125,693.5599975585938,693.3300170898438,693.3400268554688,607796,0.00025235560268506814,0.0003666677886996931,0.00036430586588610884
2026-01-07 12:00:00-05:00,693.6799926757812,693.72998046875,693.469970703125,693.52001953125,580273,0.00025229193540149316,0.00036430586588610884,0.0003557033566945494
2026-01-07 12:05:00-05:00,693.8300170898438,693.9600219726562,693.6699829101562,693.6699829101562,600732,0.00021624984842092207,0.0003557033566945494,0.00036348742152204525
2026-01-07 12:10:00-05:00,693.710205078125,693.8599853515625,693.6199951171875,693.8300170898438,593861,-0.00017269699299857398,0.00036348742152204525,0.0003628757107436117
2026-01-07 12:15:00-05:00,693.77001953125,693.7849731445312,693.5599975585938,693.7150268554688,414759,8.622026044219229e-05,0.0003628757107436117,0.00033228283516458586
2026-01-07 12:20:00-05:00,693.9000244140625,693.9498901367188,693.77001953125,693.7750244140625,450502,0.00018737146306524978,0.00033228283516458586,0.0003488648866775465
2026-01-07 12:25:00-05:00,693.6596069335938,693.905029296875,693.5999755859375,693.8944091796875,473349,-0.00034653282993120523,0.0003488648866775465,0.00036502226925907457
2026-01-07 12:30:00-05:00,693.52001953125,693.7150268554688,693.405029296875,693.6599731445312,543167,-0.0002012535365310304,0.00036502226925907457,0.00036555229883142147
2026-01-07 12:35:00-05:00,693.5698852539062,693.5700073242188,693.3400268554688,693.510009765625,374305,7.189977016732526e-05,0.00036555229883142147,0.00020778295203801342
2026-01-07 12:40:00-05:00,693.75,693.780029296875,693.4249877929688,693.5650024414062,492791,0.00025965856760247193,0.00020778295203801342,0.0002663582965668272
2026-01-07 12:45:00-05:00,693.39501953125,693.7899780273438,693.3499755859375,693.75,702694,-0.0005118145132641081,0.0002663582965668272,0.00029382770296809495
2026-01-07 12:50:00-05:00,693.0700073242188,693.4000244140625,692.780029296875,693.3900146484375,1038554,-0.0004688357898529056,0.00029382770296809495,0.00028043177101796566
2026-01-07 12:55:00-05:00,692.989990234375,693.2150268554688,692.905029296875,693.0700073242188,554737,-0.00011545977818212821,0.00028043177101796566,0.00026347921589491664
2026-01-07 13:00:00-05:00,692.8699951171875,693.010009765625,692.7650146484375,692.989990234375,607399,-0.0001731706214995813,0.00026347921589491664,0.00024738773524407126
2026-01-07 13:05:00-05:00,692.8767700195312,692.989990234375,692.8101196289062,692.8599853515625,415797,9.777980384749568e-06,0.00024738773524407126,0.0002468668470420553
2026-01-07 13:10:00-05:00,692.7799072265625,692.875,692.5900268554688,692.875,594059,-0.0001398077817068693,0.0002468668470420553,0.0002658466907579501
2026-01-07 13:15:00-05:00,692.4099731445312,692.780029296875,692.2249755859375,692.780029296875,896775,-0.0005341276254878097,0.0002658466907579501,0.00024503710667882434
2026-01-07 13:20:00-05:00,692.3699951171875,692.469970703125,692.1500244140625,692.405029296875,561009,-5.7739176289558734e-05,0.00024503710667882434,0.0002450460750405651
2026-01-07 13:25:00-05:00,692.1300048828125,692.4099731445312,692.0399780273438,692.3599853515625,633785,-0.0003466814543570881,0.0002450460750405651,0.000343152696042604
2026-01-07 13:30:00-05:00,692.5800170898438,692.5900268554688,692.1300048828125,692.1300048828125,632612,0.000649973230110652,0.000343152696042604,0.00033827669660755336
2026-01-07 13:35:00-05:00,692.510009765625,692.5999755859375,692.392578125,692.5750122070312,589532,-0.00010108703827331134,0.00033827669660755336,0.00034465679219004744
2026-01-07 13:40:00-05:00,692.72998046875,692.8400268554688,692.510009765625,692.510009765625,554566,0.00031759219561189523,0.00034465679219004744,0.0003419634851368607
2026-01-07 13:45:00-05:00,692.9450073242188,692.9500122070312,692.5823974609375,692.72998046875,571008,0.0003103568428224484,0.0003419634851368607,0.00031724556982037113
2026-01-07 13:50:00-05:00,693.0,693.14501953125,692.9000244140625,692.9450073242188,624549,7.935765924252094e-05,0.00031724556982037113,0.00032384953692792125
2026-01-07 13:55:00-05:00,692.8250122070312,693.0499877929688,692.614990234375,693.0,644397,-0.0002525395231827417,0.00032384953692792125,0.00032152082222401907
2026-01-07 14:00:00-05:00,692.8900146484375,692.8900146484375,692.5999755859375,692.8300170898438,611745,9.381790655959802e-05,0.00032152082222401907,0.00039037470174668195
2026-01-07 14:05:00-05:00,692.3599853515625,692.8900146484375,692.280029296875,692.885009765625,848516,-0.0007652471723379521,0.00039037470174668195,0.0004170603411403668
2026-01-07 14:10:00-05:00,691.9650268554688,692.375,691.719970703125,692.3599853515625,1323713,-0.000570615286623605,0.0004170603411403668,0.0003940825516157536
2026-01-07 14:15:00-05:00,691.9600219726562,692.02001953125,691.4500122070312,691.9650268554688,1069947,-7.2328813135812816e-06,0.0003940825516157536,0.0004063783584614688
2026-01-07 14:20:00-05:00,691.6849975585938,691.989990234375,691.6099853515625,691.9500122070312,555749,-0.00039753609314853325,0.0004063783584614688,0.00039804511210947695
2026-01-07 14:25:00-05:00,691.6799926757812,691.739990234375,691.489990234375,691.7000122070312,530508,-7.2358095626475635e-06,0.00039804511210947695,0.00037646759909896094
2026-01-07 14:30:00-05:00,692.030029296875,692.0700073242188,691.5800170898438,691.6799926757812,612412,0.0005059392835233661,0.00037646759909896094,0.00037724067445391653
2026-01-07 14:35:00-05:00,692.0499877929688,692.1599731445312,691.9249877929688,692.02001953125,607160,2.884008994946109e-05,0.00037724067445391653,0.000358682640764769
2026-01-07 14:40:00-05:00,691.9600219726562,692.0599975585938,691.7050170898438,692.0499877929688,498103,-0.0001300074707616549,0.000358682640764769,0.00033587882318636685
2026-01-07 14:45:00-05:00,691.9099731445312,692.02001953125,691.8200073242188,691.9550170898438,366404,-7.233169058277058e-05,0.00033587882318636685,0.0003343924483163087
2026-01-07 14:50:00-05:00,691.9450073242188,691.9749755859375,691.7249755859375,691.9099731445312,602287,5.0632732749361403e-05,0.0003343924483163087,0.0003361221699722525
2026-01-07 14:55:00-05:00,691.739990234375,691.9550170898438,691.719970703125,691.9400024414062,1597548,-0.00029633491973357303,0.0003361221699722525,0.0003309631531459673
2026-01-07 15:00:00-05:00,691.72998046875,691.8150024414062,691.5650024414062,691.75,753245,-1.4470520990139517e-05,0.0003309631531459673,0.00028348351984189204
2026-01-07 15:05:00-05:00,691.4375,691.760009765625,691.3499755859375,691.719970703125,732196,-0.00042291403931825713,0.00028348351984189204,0.0003524894792054213
2026-01-07 15:10:00-05:00,690.780029296875,691.4400024414062,690.7000122070312,691.4299926757812,1366361,-0.000951327470206555,0.0003524894792054213,0.00038906123412265107
2026-01-07 15:15:00-05:00,691.0800170898438,691.0999755859375,690.489990234375,690.780029296875,1204047,0.0004341797108408545,0.00038906123412265107,0.00041938810520345367
2026-01-07 15:20:00-05:00,690.5906982421875,691.1199951171875,690.5700073242188,691.0700073242188,1236443,-0.0007083002667475043,0.00041938810520345367,0.00042116444163381813
2026-01-07 15:25:00-05:00,690.3599853515625,690.6699829101562,690.1174926757812,690.5999755859375,1521638,-0.0003341363243633499,0.00042116444163381813,0.00040882611696118145
2026-01-07 15:30:00-05:00,689.77001953125,690.3699951171875,689.7249755859375,690.3599853515625,1809505,-0.0008549424389881679,0.00040882611696118145,0.0004004625882308542
2026-01-07 15:35:00-05:00,689.4500122070312,689.77001953125,689.3800048828125,689.7650146484375,1922433,-0.00046404101245219883,0.0004004625882308542,0.00043485894771985994
2026-01-07 15:40:00-05:00,689.6500244140625,689.8380126953125,689.3200073242188,689.4600219726562,1478068,0.0002900619289715494,0.00043485894771985994,0.00043805983755423894
2026-01-07 15:45:00-05:00,689.64501953125,689.780029296875,689.469970703125,689.6599731445312,2125949,-7.257160582886872e-06,0.00043805983755423894,0.00045678657718041
2026-01-07 15:50:00-05:00,689.8300170898438,689.9600219726562,689.6199951171875,689.64501953125,2046306,0.000268214436349652,0.00045678657718041,0.00045745276987678305
2026-01-07 15:55:00-05:00,689.5900268554688,689.8300170898438,689.3499755859375,689.8300170898438,4273252,-0.0003479581695942069,0.00045745276987678305,0.000615781991378588
2026-01-08 09:30:00-05:00,688.39501953125,689.2999877929688,688.3150024414062,688.8200073242188,3169431,-0.001734427564253405,0.000615781991378588,0.0006289732466691823
2026-01-08 09:35:00-05:00,688.4249877929688,689.260009765625,688.3599853515625,688.4000244140625,1469376,4.35325773363303e-05,0.0006289732466691823,0.000622614861304638
2026-01-08 09:40:00-05:00,687.8250122070312,688.7999877929688,687.5800170898438,688.4299926757812,1780701,-0.0008718991810301284,0.000622614861304638,0.0007365125341972258
2026-01-08 09:45:00-05:00,688.6400146484375,689.010009765625,687.489990234375,687.8300170898438,1683079,0.0011841965044465301,0.0007365125341972258,0.0007385464848707322
2026-01-08 09:50:00-05:00,688.7999877929688,689.1599731445312,688.219970703125,688.635009765625,1220183,0.00023227602649393404,0.0007385464848707322,0.0007544786976665024
2026-01-08 09:55:00-05:00,688.280029296875,688.9500122070312,688.219970703125,688.7999877929688,988394,-0.000755160941050053,0.0007544786976665024,0.0007487281365363692
2026-01-08 10:00:00-05:00,688.5399780273438,688.6500244140625,687.8499755859375,688.280029296875,1638965,0.0003776074318716025,0.0007487281365363692,0.0009286478271273707
2026-01-08 10:05:00-05:00,689.7899780273438,689.8499755859375,688.3900146484375,688.5399780273438,1779001,0.001813789705723202,0.0009286478271273707,0.0009267558789175344
2026-01-08 10:10:00-05:00,689.6799926757812,689.8150024414062,689.3099975585938,689.7999877929688,1237650,-0.00015946030596008883,0.0009267558789175344,0.000927826999018031
2026-01-08 10:15:00-05:00,689.7899780273438,690.02001953125,689.52001953125,689.6799926757812,860584,0.00015946030596000345,0.000927826999018031,0.0009246653866382531
2026-01-08 10:20:00-05:00,689.739990234375,689.969970703125,689.5,689.7899780273438,651617,-7.24707605354044e-05,0.0009246653866382531,0.0009200080372745976
2026-01-08 10:25:00-05:00,689.6300048828125,689.9299926757812,689.3980102539062,689.72998046875,738825,-0.00015947186351003705,0.0009200080372745976,0.0007506761697704691
2026-01-08 10:30:00-05:00,689.4299926757812,689.8499755859375,689.2000122070312,689.6500244140625,587401,-0.00029007035051086287,0.0007506761697704691,0.0007510097505144511
2026-01-08 10:35:00-05:00,689.4400024414062,689.5599975585938,688.719970703125,689.4249877929688,1168648,1.451879533323374e-05,0.0007510097505144511,0.0006845047720836509
2026-01-08 10:40:00-05:00,689.7100219726562,689.969970703125,689.260009765625,689.4349975585938,882840,0.00039157383884305663,0.0006845047720836509,0.0006668546166219675
2026-01-08 10:45:00-05:00,689.1900024414062,689.9299926757812,689.0499877929688,689.6950073242188,858560,-0.0007542527328971931,0.0006668546166219675,0.000717720963597739
2026-01-08 10:50:00-05:00,688.5800170898438,689.3499755859375,688.530029296875,689.1799926757812,810326,-0.0008854676510164178,0.000717720963597739,0.0008538556277479835
2026-01-08 10:55:00-05:00,689.8400268554688,689.8900146484375,688.510009765625,688.5700073242188,1265720,0.001828194710463455,0.0008538556277479835,0.0008521292004566284
2026-01-08 11:00:00-05:00,689.9000244140625,689.9749755859375,689.6199951171875,689.8499755859375,876554,8.696936582568622e-05,0.0008521292004566284,0.0007521789772574872
2026-01-08 11:05:00-05:00,689.119873046875,689.9194946289062,689.02001953125,689.89501953125,681026,-0.0011314578590966903,0.0007521789772574872,0.0007547189937221386
2026-01-08 11:10:00-05:00,688.9099731445312,689.4600219726562,688.8499755859375,689.1199951171875,812471,-0.00030463767464425335,0.0007547189937221386,0.0007593070129749455
2026-01-08 11:15:00-05:00,689.10498046875,689.239990234375,688.6500244140625,688.9099731445312,786486,0.0002830264287178686,0.0007593070129749455,0.0007605189553526627
2026-01-08 11:20:00-05:00,689.1500244140625,689.5650024414062,689.0,689.1199951171875,519121,6.536373192046784e-05,0.0007605189553526627,0.0007600923984823007
2026-01-08 11:25:00-05:00,689.0800170898438,689.469970703125,688.8499755859375,689.1400146484375,489095,-0.00010159018766212654,0.0007600923984823007,0.0007580250246035377
2026-01-08 11:30:00-05:00,689.1500244140625,689.489990234375,688.9199829101562,689.0800170898438,599092,0.00010159018766217891,0.0007580250246035377,0.0007590590398044429
2026-01-08 11:35:00-05:00,689.2249755859375,689.3699951171875,688.4400024414062,689.1400146484375,700030,0.00010875294741834894,0.0007590590398044429,0.0007679018580639452
2026-01-08 11:40:00-05:00,689.5999755859375,689.7050170898438,689.1799926757812,689.22998046875,659476,0.0005439414320537756,0.0007679018580639452,0.0007355785070561975
2026-01-08 11:45:00-05:00,689.8200073242188,690.0850219726562,689.5599975585938,689.6099853515625,641305,0.00031902066502350696,0.0007355785070561975,0.000721571671105266
2026-01-08 11:50:00-05:00,689.2949829101562,689.8800048828125,689.1500244140625,689.8400268554688,613133,-0.0007613932748815691,0.000721571671105266,0.0005430509142537456
2026-01-08 11:55:00-05:00,689.9000244140625,689.969970703125,689.22998046875,689.2999877929688,596202,0.0008773836034886422,0.0005430509142537456,0.0005577695395795506
2026-01-08 12:00:00-05:00,689.5900268554688,689.9400024414062,689.4400024414062,689.8900146484375,453123,-0.0004494379115334683,0.0005577695395795506,0.0004421553549109837
2026-01-08 12:05:00-05:00,689.5,689.7999267578125,689.4199829101562,689.5850219726562,378218,-0.00013055979500034505,0.0004421553549109837,0.00042853871223371033
2026-01-08 12:10:00-05:00,689.510009765625,689.594970703125,689.260009765625,689.47998046875,442073,1.4517321200503342e-05,0.00042853871223371033,0.0004512665000663477
2026-01-08 12:15:00-05:00,689.9199829101562,689.9600219726562,689.3900146484375,689.5,298341,0.0005944095152042535,0.0004512665000663477,0.0004896953486622085
2026-01-08 12:20:00-05:00,689.5349731445312,690.0,689.530029296875,689.9500122070312,456568,-0.000558205650619282,0.0004896953486622085,0.0004965973954151106
2026-01-08 12:25:00-05:00,689.3499755859375,689.530029296875,689.1199951171875,689.530029296875,393061,-0.000268329217566776,0.0004965973954151106,0.0005404113037470393
2026-01-08 12:30:00-05:00,689.8800048828125,689.9849853515625,689.3242797851562,689.3499755859375,425971,0.0007685872993954815,0.0005404113037470393,0.0005404348641349624
2026-01-08 12:35:00-05:00,689.9199829101562,690.0399780273438,689.780029296875,689.8599853515625,336628,5.79475687906666e-05,0.0005404348641349624,0.0005227011158675782
2026-01-08 12:40:00-05:00,690.059326171875,690.219970703125,689.8574829101562,689.9199829101562,477777,0.000201949784718209,0.0005227011158675782,0.0005180777938843833
2026-01-08 12:45:00-05:00,690.1900024414062,690.25,689.9299926757812,690.0599975585938,379579,0.0001893516877170746,0.0005180777938843833,0.0004591925564578664
2026-01-08 12:50:00-05:00,690.469970703125,690.614990234375,690.1900024414062,690.1900024414062,667303,0.00040555715527617475,0.0004591925564578664,0.0004356822973181179
2026-01-08 12:55:00-05:00,690.0900268554688,690.52001953125,690.0399780273438,690.47998046875,392468,-0.0005504199135430903,0.0004356822973181179,0.00042541181312618926
2026-01-08 13:00:00-05:00,689.8599853515625,690.1900024414062,689.77001953125,690.0900268554688,678147,-0.0003334055639729702,0.00042541181312618926,0.0004363884474831374
2026-01-08 13:05:00-05:00,689.6298828125,689.8499755859375,689.489990234375,689.8499755859375,617149,-0.00033360526453565955,0.0004363884474831374,0.0005270715896004504
2026-01-08 13:10:00-05:00,688.9349975585938,689.6699829101562,688.8300170898438,689.6300048828125,726453,-0.001008128558405658,0.0005270715896004504,0.0005848451479654545
2026-01-08 13:15:00-05:00,689.6300048828125,689.6400146484375,688.7899780273438,688.9249877929688,587732,0.0010083055668339096,0.0005848451479654545,0.0005692664850157917
2026-01-08 13:20:00-05:00,689.4099731445312,689.7265014648438,689.2308959960938,689.6500244140625,534535,-0.0003191085735790177,0.0005692664850157917,0.0005647646621850589
2026-01-08 13:25:00-05:00,689.5,689.6300048828125,689.25,689.4099731445312,337278,0.00013057684308627297,0.0005647646621850589,0.0005175982881654563
2026-01-08 13:30:00-05:00,689.2999877929688,689.5599975585938,689.260009765625,689.5,399664,-0.00029012505106617697,0.0005175982881654563,0.0005162501711542013
2026-01-08 13:35:00-05:00,689.280029296875,689.5599975585938,689.25,689.2999877929688,265166,-2.8955150731522204e-05,0.0005162501711542013,0.0005163030217022806
2026-01-08 13:40:00-05:00,689.4199829101562,689.4949951171875,689.2449951171875,689.280029296875,297028,0.0002030225756478546,0.0005163030217022806,0.000523217746631734
2026-01-08 13:45:00-05:00,689.635009765625,689.8049926757812,689.2401123046875,689.4099731445312,299867,0.00031184667522816164,0.000523217746631734,0.0005483720437163164
2026-01-08 13:50:00-05:00,689.030029296875,689.7000122070312,689.02001953125,689.6400146484375,445751,-0.0008776323333665046,0.0005483720437163164,0.0005357175575033163
2026-01-08 13:55:00-05:00,688.8900146484375,689.1500244140625,688.760009765625,689.0,416334,-0.00020322608635335677,0.0005357175575033163,0.0005543087258144801
2026-01-08 14:00:00-05:00,689.1699829101562,689.3300170898438,688.7000122070312,688.8900146484375,579329,0.0004063223169768483,0.0005543087258144801,0.0005494227052912138
2026-01-08 14:05:00-05:00,689.0599975585938,689.3400268554688,689.0599975585938,689.1699829101562,366686,-0.0001596037720185914,0.0005494227052912138,0.000492614664027455
2026-01-08 14:10:00-05:00,688.6699829101562,689.10498046875,688.6099853515625,689.0599975585938,491165,-0.0005661699525810473,0.000492614664027455,0.00040207172410810106
2026-01-08 14:15:00-05:00,688.969970703125,688.9949951171875,688.280029296875,688.6699829101562,747620,0.0004355097236014829,0.00040207172410810106,0.000395034605268192
2026-01-08 14:20:00-05:00,688.9500122070312,689.2899780273438,688.8499755859375,688.97998046875,543100,-2.896902046955899e-05,0.000395034605268192,0.00039074806139310534
2026-01-08 14:25:00-05:00,688.9199829101562,688.97998046875,688.72998046875,688.9500122070312,280516,-4.3587997396176034e-05,0.00039074806139310534,0.00038728707966083245
2026-01-08 14:30:00-05:00,688.9949951171875,689.3300170898438,688.885009765625,688.9299926757812,565299,0.0001088778455877004,0.00038728707966083245,0.0003975345105989377
2026-01-08 14:35:00-05:00,688.7550048828125,689.0499877929688,688.719970703125,688.989990234375,429584,-0.0003483799481796262,0.0003975345105989377,0.00038857778789773217
2026-01-08 14:40:00-05:00,688.6900024414062,688.927978515625,688.5899047851562,688.760009765625,295561,-9.438117835396787e-05,0.00038857778789773217,0.0003853336169581391
2026-01-08 14:45:00-05:00,688.8800048828125,688.9099731445312,688.6500244140625,688.7000122070312,332843,0.0002758515960726242,0.0003853336169581391,0.00029539227577145185
2026-01-08 14:50:00-05:00,688.8900146484375,689.1400146484375,688.760009765625,688.8599853515625,302655,1.4530386760111006e-05,0.00029539227577145185,0.0002897813200397936
2026-01-08 14:55:00-05:00,688.8599853515625,688.8900146484375,688.5700073242188,688.8900146484375,708405,-4.359179369228464e-05,0.0002897813200397936,0.00026537139985648286
2026-01-08 15:00:00-05:00,688.9650268554688,689.0800170898438,688.7100219726562,688.8499755859375,426982,0.00015247437545289237,0.00026537139985648286,0.00026342565980595593
2026-01-08 15:05:00-05:00,688.8900146484375,689.010009765625,688.72998046875,688.9600219726562,456448,-0.00010888258176056789,0.00026342565980595593,0.00024897047905409733
2026-01-08 15:10:00-05:00,689.2650146484375,689.3150024414062,688.8699951171875,688.8800048828125,646737,0.0005442058422792754,0.00024897047905409733,0.00025679888597367645
2026-01-08 15:15:00-05:00,688.97998046875,689.3200073242188,688.9359741210938,689.27001953125,477869,-0.0004136190369070795,0.00025679888597367645,0.0002621045328508981
2026-01-08 15:20:00-05:00,689.1099853515625,689.2999877929688,688.8499755859375,688.97998046875,466439,0.00018867401464713233,0.0002621045328508981,0.0003216565666214167
2026-01-08 15:25:00-05:00,689.5750122070312,689.6500244140625,689.1199951171875,689.1199951171875,773314,0.0006745948116176556,0.0003216565666214167,0.0003377605687029374
2026-01-08 15:30:00-05:00,689.875,689.8800048828125,689.5549926757812,689.5700073242188,1079401,0.00043493826531316413,0.0003377605687029374,0.00035746729069569287
2026-01-08 15:35:00-05:00,689.5349731445312,690.0549926757812,689.489990234375,689.8800048828125,1240518,-0.0004930033405234508,0.00035746729069569287,0.00035975985128232786
2026-01-08 15:40:00-05:00,689.4400024414062,689.7050170898438,689.2550048828125,689.5399780273438,896324,-0.00013774101047016356,0.00035975985128232786,0.00035586334650655597
2026-01-08 15:45:00-05:00,689.5499877929688,689.655029296875,689.344970703125,689.4299926757812,895099,0.0001595158087798526,0.00035586334650655597,0.0003600464744768758
2026-01-08 15:50:00-05:00,689.75,689.8699951171875,689.280029296875,689.5399780273438,1283003,0.00029001987994386476,0.0003600464744768758,0.00039275552466149627
2026-01-08 15:55:00-05:00,689.4400024414062,689.8599853515625,689.3900146484375,689.75,3221785,-0.00044953568872375233,0.00039275552466149627,0.0007174285305369644
2026-01-09 09:30:00-05:00,690.9199829101562,691.239990234375,690.4600219726562,690.5,3814712,0.0021443406815019554,0.0007174285305369644,0.000793920367937769
2026-01-09 09:35:00-05:00,691.9598999023438,692.2949829101562,690.9000244140625,690.9249877929688,1849295,0.0015039877304383904,0.000793920367937769,0.0008636842047147232
2026-01-09 09:40:00-05:00,691.3800048828125,692.2000122070312,691.2000122070312,691.9600219726562,1348483,-0.0008383985042190261,0.0008636842047147232,0.0008729165472065233
2026-01-09 09:45:00-05:00,691.010009765625,691.8699951171875,690.510009765625,691.3699951171875,1454722,-0.0005352977410164447,0.0008729165472065233,0.0008783278716431407
2026-01-09 09:50:00-05:00,691.4199829101562,691.739990234375,690.6699829101562,690.989990234375,1283994,0.0005931195919099702,0.0008783278716431407,0.0008700509667423621
2026-01-09 09:55:00-05:00,691.510009765625,691.6400146484375,690.6699829101562,691.4099731445312,911496,0.00013019727111673,0.0008700509667423621,0.0009701742223213351
2026-01-09 10:00:00-05:00,690.6199951171875,691.97998046875,690.5599975585938,691.5599975585938,1515357,-0.0012878886476848095,0.0009701742223213351,0.0010650789738026213
2026-01-09 10:05:00-05:00,689.5800170898438,690.7000122070312,689.1799926757812,690.5999755859375,2023485,-0.0015069963990217603,0.0010650789738026213,0.00127672888983241
2026-01-09 10:10:00-05:00,691.280029296875,691.3200073242188,689.469970703125,689.614990234375,1560416,0.002462252522066223,0.00127672888983241,0.0012771607480222252
2026-01-09 10:15:00-05:00,691.530029296875,691.6199951171875,690.8900146484375,691.280029296875,1064469,0.0003615825632306446,0.0012771607480222252,0.0013171284682228284
2026-01-09 10:20:00-05:00,692.4650268554688,692.5499877929688,691.22998046875,691.5499877929688,1175543,0.0013511575734086367,0.0013171284682228284,0.001304070725311333
2026-01-09 10:25:00-05:00,693.125,693.3400268554688,692.39501953125,692.47998046875,1425700,0.000952624054229287,0.001304070725311333,0.0011902491373389135
2026-01-09 10:30:00-05:00,693.2000122070312,693.4500122070312,692.6199951171875,693.1300048828125,1684256,0.00010821734650088704,0.0011902491373389135,0.0011486102194786102
2026-01-09 10:35:00-05:00,692.7626953125,693.2899780273438,692.760009765625,693.2000122070312,1004232,-0.0006310659106075782,0.0011486102194786102,0.0012209801684407542
2026-01-09 10:40:00-05:00,691.6699829101562,692.8699951171875,691.6400146484375,692.7650146484375,1131910,-0.0015785709864291392,0.0012209801684407542,0.001212202665520885
2026-01-09 10:45:00-05:00,691.47998046875,692.1199951171875,691.280029296875,691.6799926757812,1246369,-0.00027473874508474934,0.001212202665520885,0.0012004162774355211
2026-01-09 10:50:00-05:00,691.510009765625,692.1199951171875,691.4299926757812,691.47998046875,661479,4.342662939249409e-05,0.0012004162774355211,0.0012125620141655257
2026-01-09 10:55:00-05:00,691.9299926757812,692.0,691.2999877929688,691.510009765625,682018,0.000607157408079891,0.0012125620141655257,0.0011599020666463462
2026-01-09 11:00:00-05:00,692.5999755859375,692.72998046875,691.9299926757812,691.9299926757812,831694,0.0009678128719640796,0.0011599020666463462,0.0010262407328480681
2026-01-09 11:05:00-05:00,693.114990234375,693.1900024414062,692.5250244140625,692.5999755859375,846519,0.0007433197805520831,0.0010262407328480681,0.0008044811499881212
2026-01-09 11:10:00-05:00,693.4550170898438,693.6500244140625,692.8400268554688,693.10498046875,1289669,0.0004904575470242157,0.0008044811499881212,0.0008100644727762527
2026-01-09 11:15:00-05:00,693.3900146484375,693.5549926757812,693.239990234375,693.4550170898438,962538,-9.374146348905007e-05,0.0008100644727762527,0.0007335663099681042
2026-01-09 11:20:00-05:00,693.260009765625,693.5499877929688,693.155029296875,693.385009765625,585104,-0.0001875092934835981,0.0007335663099681042,0.0007034062074261577
2026-01-09 11:25:00-05:00,692.8599243164062,693.260009765625,692.8200073242188,693.2550048828125,541179,-0.0005772739436061382,0.0007034062074261577,0.0007048210660991214
2026-01-09 11:30:00-05:00,692.6784057617188,693.1199951171875,692.5750122070312,692.8499755859375,477963,-0.00026201881504895556,0.0007048210660991214,0.0006937872273063375
2026-01-09 11:35:00-05:00,692.97998046875,693.094970703125,692.5449829101562,692.6699829101562,623884,0.0004352800297528563,0.0006937872273063375,0.00047614271672750307
2026-01-09 11:40:00-05:00,693.1649780273438,693.25,692.6900024414062,692.97998046875,410442,0.0002669238286490868,0.00047614271672750307,0.0004758484629966463
2026-01-09 11:45:00-05:00,693.6599731445312,693.7100219726562,693.1400146484375,693.1500244140625,653496,0.0007138538108784839,0.0004758484629966463,0.00047245961179445076
2026-01-09 11:50:00-05:00,693.9500122070312,694.030029296875,693.6599731445312,693.6646118164062,959912,0.00041804119282187724,0.00047245961179445076,0.00047303004330983954
2026-01-09 11:55:00-05:00,693.8900146484375,694.02001953125,693.780029296875,693.9500122070312,595902,-8.64617786922607e-05,0.00047303004330983954,0.0004219722165243512
2026-01-09 12:00:00-05:00,694.2150268554688,694.2150268554688,693.719970703125,693.8800048828125,571879,0.0004682818709719292,0.0004219722165243512,0.0003937899145548376
2026-01-09 12:05:00-05:00,694.114990234375,694.2750244140625,694.0599975585938,694.219970703125,533045,-0.0001441107230060348,0.0003937899145548376,0.0003761314394606113
2026-01-09 12:10:00-05:00,694.1799926757812,694.1900024414062,693.8699951171875,694.1300048828125,447401,9.364355883136676e-05,0.0003761314394606113,0.0004129116216072694
2026-01-09 12:15:00-05:00,693.8200073242188,694.1799926757812,693.760009765625,694.1699829101562,375537,-0.0005187108928444219,0.0004129116216072694,0.0004325784782949344
2026-01-09 12:20:00-05:00,694.22998046875,694.260009765625,693.7999877929688,693.8150024414062,460900,0.0005907181442431556,0.0004325784782949344,0.0003775238499659056
2026-01-09 12:25:00-05:00,694.219970703125,694.3800048828125,694.1649780273438,694.2301025390625,422339,-1.4418619290798064e-05,0.0003775238499659056,0.000354138368758969
2026-01-09 12:30:00-05:00,694.4299926757812,694.5,694.1599731445312,694.22998046875,507773,0.00030248367809923327,0.000354138368758969,0.00036013569942820994
2026-01-09 12:35:00-05:00,694.3300170898438,694.4500122070312,694.239990234375,694.4299926757812,427564,-0.00014397820416374728,0.00036013569942820994,0.00038640338373892
2026-01-09 12:40:00-05:00,694.0900268554688,694.3200073242188,694.010009765625,694.3200073242188,308135,-0.0003457026392145468,0.00038640338373892,0.00033668450981569207
2026-01-09 12:45:00-05:00,694.1500244140625,694.3099975585938,694.0050048828125,694.0850219726562,461274,8.64368645410745e-05,0.00033668450981569207,0.0003205908591477778
2026-01-09 12:50:00-05:00,694.0549926757812,694.3900146484375,694.010009765625,694.1599731445312,464643,-0.00013691311767318273,0.0003205908591477778,0.0003215076218920514
2026-01-09 12:55:00-05:00,693.9749755859375,694.219970703125,693.9500122070312,694.0590209960938,416745,-0.00011529591112876423,0.0003215076218920514,0.000304631352436486
2026-01-09 13:00:00-05:00,693.7098999023438,693.9600219726562,693.64501953125,693.9600219726562,539570,-0.0003820401756913294,0.000304631352436486,0.00031192821742071224
2026-01-09 13:05:00-05:00,693.5,694.0100708007812,693.469970703125,693.7100219726562,463509,-0.0003026216925937635,0.00031192821742071224,0.0003228445685682978
2026-01-09 13:10:00-05:00,693.6749877929688,693.72998046875,693.4949951171875,693.5,428741,0.0002522937559239402,0.0003228445685682978,0.00028912766793584045
2026-01-09 13:15:00-05:00,693.6300048828125,693.8599853515625,693.5999755859375,693.6699829101562,277238,-6.484934518287973e-05,0.00028912766793584045,0.00021517235464214033
2026-01-09 13:20:00-05:00,693.5900268554688,693.739990234375,693.5399780273438,693.6300048828125,322846,-5.763761543254513e-05,0.00021517235464214033,0.00025613193757104786
2026-01-09 13:25:00-05:00,693.8699951171875,693.8900146484375,693.3599853515625,693.5900268554688,478477,0.00040356948825176747,0.00025613193757104786,0.00029345949487179554
2026-01-09 13:30:00-05:00,694.2510986328125,694.280029296875,693.85498046875,693.8699951171875,336422,0.0005490926215533124,0.00029345949487179554,0.0003483751498199888
2026-01-09 13:35:00-05:00,694.7050170898438,694.7349853515625,694.22998046875,694.239990234375,682647,0.0006536109644542089,0.0003483751498199888,0.0003409575487449678
2026-01-09 13:40:00-05:00,694.52001953125,694.889892578125,694.49951171875,694.7100219726562,693098,-0.00026633202657687664,0.0003409575487449678,0.00034158403809056805
2026-01-09 13:45:00-05:00,694.6099853515625,694.6649780273438,694.4400024414062,694.52001953125,468387,0.00012952829486370448,0.00034158403809056805,0.00034086322080604674
2026-01-09 13:50:00-05:00,694.5250244140625,694.639892578125,694.4199829101562,694.6099853515625,410354,-0.00012232207382095094,0.00034086322080604674,0.0003370663631082068
2026-01-09 13:55:00-05:00,694.530029296875,694.6699829101562,694.4400024414062,694.530029296875,375859,7.206169113492126e-06,0.0003370663631082068,0.0003090976548493286
2026-01-09 14:00:00-05:00,694.5,694.5750732421875,694.3599853515625,694.52001953125,427402,-4.323779363488434e-05,0.0003090976548493286,0.00028451857597855103
2026-01-09 14:05:00-05:00,694.6699829101562,694.677978515625,694.4149780273438,694.4949951171875,311464,0.0002447258623433448,0.00028451857597855103,0.00029321956252463695
2026-01-09 14:10:00-05:00,694.5700073242188,694.77001953125,694.5050048828125,694.6649780273438,398493,-0.00014392845989586592,0.00029321956252463695,0.00029028499843158077
2026-01-09 14:15:00-05:00,694.739990234375,694.8200073242188,694.5700073242188,694.5700073242188,352993,0.0002447011988731306,0.00029028499843158077,0.00028525789064311576
2026-01-09 14:20:00-05:00,694.780029296875,694.844970703125,694.6900024414062,694.739990234375,369206,5.763006210526628e-05,0.00028525789064311576,0.0002740666902040583
2026-01-09 14:25:00-05:00,694.8099975585938,694.8400268554688,694.6500244140625,694.780029296875,330353,4.3132522750277926e-05,0.0002740666902040583,0.00024157098240876104
2026-01-09 14:30:00-05:00,694.75,694.8900146484375,694.7150268554688,694.8049926757812,549946,-8.635475796139884e-05,0.00024157098240876104,0.00015309499392517992
2026-01-09 14:35:00-05:00,694.77001953125,694.8499755859375,694.7150268554688,694.75,483066,2.881503104659476e-05,0.00015309499392517992,0.00012663669827422125
2026-01-09 14:40:00-05:00,694.8099975585938,694.8499755859375,694.7100219726562,694.77001953125,389897,5.753972691485836e-05,0.00012663669827422125,0.00014661898199265876
2026-01-09 14:45:00-05:00,695.02001953125,695.0800170898438,694.7550048828125,694.8099975585938,491244,0.0003022268502944262,0.00014661898199265876,0.00013632531170821444
2026-01-09 14:50:00-05:00,695.0599975585938,695.22998046875,695.010009765625,695.010009765625,607120,5.751903036269943e-05,0.00013632531170821444,0.00016046170711549854
2026-01-09 14:55:00-05:00,694.89990234375,695.0700073242188,694.8699951171875,695.0700073242188,626420,-0.00023035947377040997,0.00016046170711549854,0.00016027363600558796
2026-01-09 15:00:00-05:00,695.0,695.1500244140625,694.8101196289062,694.8900146484375,435233,0.00014403577733077422,0.00016027363600558796,0.00015547492104414886
2026-01-09 15:05:00-05:00,694.9259033203125,695.0700073242188,694.8900146484375,695.0,485655,-0.0001066196112766683,0.00015547492104414886,0.0001568929663825528
2026-01-09 15:10:00-05:00,694.8165283203125,694.9600219726562,694.760009765625,694.9299926757812,470952,-0.0001574032680238262,0.0001568929663825528,0.00015038372569819598
2026-01-09 15:15:00-05:00,694.9459838867188,694.989990234375,694.760009765625,694.8200073242188,531218,0.00018629883256117823,0.00015038372569819598,0.00018457710818243367
2026-01-09 15:20:00-05:00,695.219970703125,695.2750244140625,694.9500122070312,694.9600219726562,937770,0.00039417857853471755,0.00018457710818243367,0.0002082306090161093
2026-01-09 15:25:00-05:00,695.0250244140625,695.3099975585938,695.0,695.2150268554688,793215,-0.0002804488288394523,0.0002082306090161093,0.00020671610402065067
2026-01-09 15:30:00-05:00,695.1099243164062,695.1199951171875,694.9199829101562,695.02001953125,787828,0.00012214627439845711,0.00020671610402065067,0.00024150004978993093
2026-01-09 15:35:00-05:00,694.8400268554688,695.1099853515625,694.8200073242188,695.0999755859375,1051279,-0.00038835565856472495,0.00024150004978993093,0.00024118892183458727
2026-01-09 15:40:00-05:00,694.8200073242188,694.9000244140625,694.6799926757812,694.8499755859375,1536845,-2.8812127799645816e-05,0.00024118892183458727,0.00022469101791400755
2026-01-09 15:45:00-05:00,694.7150268554688,694.9197998046875,694.6749877929688,694.8099975585938,1169125,-0.00015110157911448933,0.00022469101791400755,0.0002295533363023536
2026-01-09 15:50:00-05:00,694.5499877929688,694.8250122070312,694.3599853515625,694.7100219726562,2926213,-0.00023759190872325655,0.0002295533363023536,0.00031319632052337923
2026-01-09 15:55:00-05:00,693.989990234375,694.5399780273438,693.9000244140625,694.5399780273438,4151366,-0.0008065991585645767,0.00031319632052337923,0.0008937345454195094
2026-01-12 09:30:00-05:00,691.8800048828125,692.260009765625,691.2100219726562,691.3300170898438,4038158,-0.003044999876346221,0.0008937345454195094,0.0009965452726657944
2026-01-12 09:35:00-05:00,692.6799926757812,692.75,691.6599731445312,691.8800048828125,1776852,0.0011555842771754955,0.0009965452726657944,0.0010019672289700928
2026-01-12 09:40:00-05:00,692.7498779296875,693.22998046875,692.4000854492188,692.6799926757812,1809282,0.00010088602165774097,0.0010019672289700928,0.00101166017011371
2026-01-12 09:45:00-05:00,693.0198974609375,693.1699829101562,692.5399780273438,692.760009765625,1247481,0.00038970331069781565,0.00101166017011371,0.001024799568741077
2026-01-12 09:50:00-05:00,693.4349975585938,693.75,692.8699951171875,693.02001953125,1353833,0.0005987935295267969,0.001024799568741077,0.0010342814559837193
2026-01-12 09:55:00-05:00,693.6300048828125,693.9000244140625,693.3800048828125,693.4099731445312,1097421,0.0002811797935357753,0.0010342814559837193,0.0010325575854885066
2026-01-12 10:00:00-05:00,693.3300170898438,693.7899780273438,693.1699829101562,693.6400146484375,1250485,-0.00043258319330665476,0.0010325575854885066,0.0010311525055491427
2026-01-12 10:05:00-05:00,693.219970703125,693.5499877929688,693.1699829101562,693.3300170898438,759458,-0.00015873410683877855,0.0010311525055491427,0.0010348806552749473
2026-01-12 10:10:00-05:00,693.3198852539062,693.4400024414062,693.0,693.2100219726562,1121045,0.00014412070525763985,0.0010348806552749473,0.0010398801242015158
2026-01-12 10:15:00-05:00,693.4387817382812,693.530029296875,693.0700073242188,693.3200073242188,932011,0.00017147393774617398,0.0010398801242015158,0.001042940625076244
2026-01-12 10:20:00-05:00,693.5399780273438,693.8099975585938,693.1801147460938,693.4500122070312,890884,0.0001459233438574203,0.001042940625076244,0.001020792516448218
2026-01-12 10:25:00-05:00,693.5700073242188,693.6599731445312,693.3499755859375,693.5499877929688,656136,4.3297643585265676e-05,0.001020792516448218,0.00046018074049022
2026-01-12 10:30:00-05:00,693.1400146484375,693.6099853515625,692.989990234375,693.5650024414062,868765,-0.0006201623738910583,0.00046018074049022,0.00034649429864139984
2026-01-12 10:35:00-05:00,693.4000244140625,693.4349975585938,692.9600219726562,693.1300048828125,774299,0.0003750483380899277,0.00034649429864139984,0.00034749238948290787
2026-01-12 10:40:00-05:00,693.39501953125,693.4949951171875,693.010009765625,693.4099731445312,819167,-7.217912746955127e-06,0.00034749238948290787,0.0003334131574018403
2026-01-12 10:45:00-05:00,693.4500122070312,693.510009765625,693.0599975585938,693.3900146484375,567610,7.930615829677832e-05,0.0003334131574018403,0.00031387905579621507
2026-01-12 10:50:00-05:00,693.7650146484375,693.8099975585938,693.2449951171875,693.4500122070312,591824,0.00045415085725326366,0.00031387905579621507,0.0003094867128082843
2026-01-12 10:55:00-05:00,693.9099731445312,694.0599975585938,693.6649780273438,693.77001953125,699091,0.0002089228355288517,0.0003094867128082843,0.00027369058374852385
2026-01-12 11:00:00-05:00,693.9000244140625,693.9600219726562,693.6599731445312,693.9149780273438,663378,-1.4337309122198482e-05,0.00027369058374852385,0.00026832964794755497
2026-01-12 11:05:00-05:00,694.0750122070312,694.1300048828125,693.8699951171875,693.89501953125,632935,0.00025214833016280324,0.00026832964794755497,0.0003022899475395771
2026-01-12 11:10:00-05:00,694.47998046875,694.47998046875,694.0599975585938,694.0700073242188,750465,0.0005832945404924537,0.0003022899475395771,0.00030218220693523795
2026-01-12 11:15:00-05:00,694.5599975585938,694.6799926757812,694.3800048828125,694.469970703125,959555,0.00011521207625131573,0.00030218220693523795,0.00031727820063767455
2026-01-12 11:20:00-05:00,694.4199829101562,694.6699829101562,694.2000122070312,694.5499877929688,914240,-0.00020160787179161941,0.00031727820063767455,0.00033560573239418235
2026-01-12 11:25:00-05:00,694.22998046875,694.4500122070312,694.0,694.4199829101562,587928,-0.00027365059244969955,0.00033560573239418235,0.0002537810110480662
2026-01-12 11:30:00-05:00,694.3699951171875,694.4099731445312,694.0700073242188,694.239990234375,393294,0.0002016630438911746,0.0002537810110480662,0.00024386856728465453
2026-01-12 11:35:00-05:00,694.4249877929688,694.52001953125,694.3200073242188,694.3699951171875,430916,7.919480770980182e-05,0.00024386856728465453,0.00025222583121508143
2026-01-12 11:40:00-05:00,694.3350219726562,694.5999755859375,694.27001953125,694.4400024414062,325886,-0.00012956280394839115,0.00025222583121508143,0.00027019466248103945
2026-01-12 11:45:00-05:00,694.6500244140625,694.6900024414062,694.2000122070312,694.3400268554688,977584,0.0004535721210621378,0.00027019466248103945,0.00025225244405172167
2026-01-12 11:50:00-05:00,694.7000122070312,694.75,694.5499877929688,694.6599731445312,385969,7.195852977688597e-05,0.00025225244405172167,0.000265437010688533
2026-01-12 11:55:00-05:00,694.5599975585938,694.8599853515625,694.530029296875,694.7100219726562,467839,-0.00020156723425042707,0.000265437010688533,0.00026543621069739673
2026-01-12 12:00:00-05:00,694.6900024414062,694.8399047851562,694.4400024414062,694.5599975585938,431887,0.00018715837062018172,0.00026543621069739673,0.00029677690470374893
2026-01-12 12:05:00-05:00,694.405029296875,694.7349853515625,694.3599853515625,694.7000122070312,358030,-0.0004103004359211663,0.00029677690470374893,0.00025518343097809314
2026-01-12 12:10:00-05:00,694.5900268554688,694.67822265625,694.4000244140625,694.4000244140625,356052,0.0002663761240449272,0.00025518343097809314,0.0002740858948995953
2026-01-12 12:15:00-05:00,694.3400268554688,694.5900268554688,694.25,694.5800170898438,387739,-0.00035998933428196226,0.0002740858948995953,0.0002715005849327799
2026-01-12 12:20:00-05:00,694.4299926757812,694.6400146484375,694.2899780273438,694.3499755859375,641718,0.00012956187010524509,0.0002715005849327799,0.0002598503987048296
2026-01-12 12:25:00-05:00,694.5349731445312,694.5599975585938,694.2999877929688,694.4199829101562,423780,0.00015116359524281104,0.0002598503987048296,0.00026421960798444594
2026-01-12 12:30:00-05:00,694.3800048828125,694.5499877929688,694.3099975585938,694.530029296875,361669,-0.0002231501061092849,0.00026421960798444594,0.0002765184869618781
2026-01-12 12:35:00-05:00,694.1710815429688,694.4500122070312,694.1699829101562,694.385009765625,363874,-0.00030092280141901586,0.0002765184869618781,0.00029902270368652926
2026-01-12 12:40:00-05:00,694.4400024414062,694.47998046875,694.0999755859375,694.172119140625,344636,0.00038732357087020345,0.00029902270368652926,0.00027150815312645515
2026-01-12 12:45:00-05:00,694.5650024414062,694.6400146484375,694.4099731445312,694.4500122070312,319506,0.00017998495311114706,0.00027150815312645515,0.0002790910337937211
2026-01-12 12:50:00-05:00,694.72021484375,694.75,694.4299926757812,694.5750122070312,332947,0.0002234420996616647,0.0002790910337937211,0.00027336453943275655
2026-01-12 12:55:00-05:00,694.6600952148438,694.760009765625,694.6300048828125,694.719970703125,345568,-8.654164523357204e-05,0.00027336453943275655,0.00029153148464370785
2026-01-12 13:00:00-05:00,694.9349975585938,694.9450073242188,694.5850219726562,694.6699829101562,432278,0.00039565820110589275,0.00029153148464370785,0.0002565972872845792
2026-01-12 13:05:00-05:00,694.9949951171875,695.0549926757812,694.8800048828125,694.9299926757812,483345,8.63317705887688e-05,0.0002565972872845792,0.00025169014812661156
2026-01-12 13:10:00-05:00,694.9450073242188,695.0250244140625,694.8900146484375,694.9949951171875,400548,-7.19279866792359e-05,0.00025169014812661156,0.0002188551486901636
2026-01-12 13:15:00-05:00,694.9400024414062,695.0,694.8099975585938,694.9500122070312,359340,-7.201866021108672e-06,0.0002188551486901636,0.00022314672198316842
2026-01-12 13:20:00-05:00,695.0999755859375,695.2000122070312,694.9299926757812,694.9450073242188,413447,0.0002301705674171301,0.00022314672198316842,0.0002222996864306316
2026-01-12 13:25:00-05:00,695.125,695.1699829101562,694.989990234375,695.0999755859375,483666,3.6000524382329396e-05,0.0002222996864306316,0.00021589491364294193
2026-01-12 13:30:00-05:00,695.010009765625,695.1500244140625,694.9400024414062,695.125,375588,-0.000165437506183941,0.00021589491364294193,0.0001806913734497302
2026-01-12 13:35:00-05:00,695.1099853515625,695.1400146484375,694.9299926757812,695.0150146484375,393191,0.0001438373470794828,0.0001806913734497302,0.00016174473088347024
2026-01-12 13:40:00-05:00,695.094970703125,695.1599731445312,694.9949951171875,695.0999755859375,501085,-2.1600625681355433e-05,0.00016174473088347024,0.00016707950847683683
2026-01-12 13:45:00-05:00,695.27001953125,695.35498046875,695.0850219726562,695.0900268554688,484609,0.0002518026996931767,0.00016707950847683683,0.00017602487743946556
2026-01-12 13:50:00-05:00,695.1500244140625,695.3900146484375,695.1500244140625,695.27001953125,384803,-0.0001726026865161118,0.00017602487743946556,0.0001707803327825081
2026-01-12 13:55:00-05:00,695.2150268554688,695.239990234375,695.1400146484375,695.1599731445312,349936,9.350413604586783e-05,0.0001707803327825081,0.00016257388283658688
2026-01-12 14:00:00-05:00,695.0250244140625,695.2100219726562,694.989990234375,695.2100219726562,546245,-0.000273337604416958,0.00016257388283658688,0.00018061669702951644
2026-01-12 14:05:00-05:00,695.2257080078125,695.239990234375,694.9450073242188,695.02001953125,378190,0.0002887012974908915,0.00018061669702951644,0.00017796510738733517
2026-01-12 14:10:00-05:00,695.2650146484375,695.280029296875,695.1799926757812,695.219970703125,564400,5.6536357984973745e-05,0.00017796510738733517,0.0001794526651642173
2026-01-12 14:15:00-05:00,695.3599853515625,695.4400024414062,695.2224731445312,695.2550048828125,417893,0.00013658707886413538,0.0001794526651642173,0.00017030371480015633
2026-01-12 14:20:00-05:00,695.3900146484375,695.4600219726562,695.3001098632812,695.3699951171875,675896,4.3184320517229414e-05,0.00017030371480015633,0.00017472666000921115
2026-01-12 14:25:00-05:00,695.3200073242188,695.41650390625,695.2999877929688,695.3900146484375,454296,-0.00010067853567146686,0.00017472666000921115,0.00021173578434853407
2026-01-12 14:30:00-05:00,695.6699829101562,695.864990234375,695.2949829101562,695.3200073242188,973136,0.000503203611498963,0.00021173578434853407,0.00021985886853017437
2026-01-12 14:35:00-05:00,695.5700073242188,695.6799926757812,695.5250244140625,695.6699829101562,436299,-0.00014372155316320513,0.00021985886853017437,0.00021858167849313578
2026-01-12 14:40:00-05:00,695.625,695.6799926757812,695.5250244140625,695.5599975585938,407732,7.905818453972401e-05,0.00021858167849313578,0.00021972127324741648
2026-01-12 14:45:00-05:00,695.8099975585938,695.8099975585938,695.6199951171875,695.6300048828125,450644,0.00026590902199296484,0.00021972127324741648,0.0002066646853171235
2026-01-12 14:50:00-05:00,695.8599853515625,695.9199829101562,695.739990234375,695.8099975585938,462068,7.183857323076761e-05,0.0002066646853171235,0.00020693666805064783
2026-01-12 14:55:00-05:00,695.9450073242188,696.030029296875,695.8250122070312,695.8690185546875,608990,0.0001221751225343055,0.00020693666805064783,0.00019434806106476328
2026-01-12 15:00:00-05:00,695.8150024414062,696.0900268554688,695.780029296875,695.9450073242188,731511,-0.00018682083445188522,0.00019434806106476328,0.0001848722639211105
2026-01-12 15:05:00-05:00,695.8400268554688,695.9299926757812,695.780029296875,695.8200073242188,535850,3.596353052788559e-05,0.0001848722639211105,0.00021769167261606826
2026-01-12 15:10:00-05:00,695.614990234375,695.864990234375,695.530029296875,695.8300170898438,775124,-0.00032345511754511405,0.00021769167261606826,0.00022423999214157806
2026-01-12 15:15:00-05:00,695.489990234375,695.6229248046875,695.4199829101562,695.6099853515625,748120,-0.00017971325254594747,0.00022423999214157806,0.00024182006732273822
2026-01-12 15:20:00-05:00,695.280029296875,695.5,695.1799926757812,695.489990234375,1019301,-0.0003019348075476058,0.00024182006732273822,0.00024092646256430257
2026-01-12 15:25:00-05:00,695.3200073242188,695.4299926757812,695.22998046875,695.280029296875,860720,5.749752092912734e-05,0.00024092646256430257,0.00018462558395659939
2026-01-12 15:30:00-05:00,695.3699951171875,695.4500122070312,695.2449951171875,695.3200073242188,857859,7.188919587053392e-05,0.00018462558395659939,0.00018195867953575812
2026-01-12 15:35:00-05:00,695.3200073242188,695.3800048828125,695.22998046875,695.3800048828125,681766,-7.188919587048078e-05,0.00018195867953575812,0.00017920644483787628
2026-01-12 15:40:00-05:00,695.3250122070312,695.3699951171875,695.1799926757812,695.3099975585938,863737,7.197930086084037e-06,0.00017920644483787628,0.00018260691583555383
2026-01-12 15:45:00-05:00,695.5250244140625,695.5499877929688,695.2750244140625,695.3200073242188,2279319,0.00028761146513805937,0.00018260691583555383,0.00018940581945247885
2026-01-12 15:50:00-05:00,695.6400146484375,695.739990234375,695.1599731445312,695.52001953125,1609172,0.0001653150149810968,0.00018940581945247885,0.0002625741876714802
2026-01-12 15:55:00-05:00,695.1599731445312,695.635009765625,695.1400146484375,695.6300048828125,2943505,-0.0006903099326752032,0.0002625741876714802,0.00040922475850593544
2026-01-13 09:30:00-05:00,695.8599243164062,695.9099731445312,695.2999877929688,695.489990234375,4040603,0.0010063856487305344,0.00040922475850593544,0.0004099125716372256
2026-01-13 09:35:00-05:00,695.7999877929688,696.0499877929688,695.3800048828125,695.85498046875,1448743,-8.613673923213306e-05,0.0004099125716372256,0.00048430924930615866
2026-01-13 09:40:00-05:00,695.1500244140625,696.0900268554688,694.9000244140625,695.8099975585938,2040216,-0.0009345604378429831,0.00048430924930615866,0.0004995187069909097
2026-01-13 09:45:00-05:00,694.8099975585938,695.2050170898438,694.4500122070312,695.1400146484375,2153395,-0.0004892613555446459,0.0004995187069909097,0.0005158869542781198
2026-01-13 09:50:00-05:00,694.4149780273438,695.0999755859375,694.2750244140625,694.8200073242188,1399735,-0.000568690527219267,0.0005158869542781198,0.0005146771243101317
2026-01-13 09:55:00-05:00,694.2449951171875,694.9299926757812,694.22998046875,694.4099731445312,785764,-0.0002448157422156217,0.0005146771243101317,0.0005331976710119004
2026-01-13 10:00:00-05:00,693.7750244140625,694.510009765625,693.1699829101562,694.22998046875,1518857,-0.0006771814735689536,0.0005331976710119004,0.00053348708850902
2026-01-13 10:05:00-05:00,693.5349731445312,694.2199096679688,693.47998046875,693.780029296875,898388,-0.0003460672414232154,0.00053348708850902,0.0005301618952268745
2026-01-13 10:10:00-05:00,693.4598999023438,693.6699829101562,693.260009765625,693.530029296875,794500,-0.00010825309266771379,0.0005301618952268745,0.0005074663939203074
2026-01-13 10:15:00-05:00,693.155029296875,693.4600219726562,692.739990234375,693.4600219726562,957821,-0.0004397336332696905,0.0005074663939203074,0.0005282864604842456
2026-01-13 10:20:00-05:00,692.4400024414062,693.2000122070312,692.27001953125,693.1599731445312,1154321,-0.0010320864358793768,0.0005282864604842456,0.0005655607127358367
2026-01-13 10:25:00-05:00,692.72998046875,692.7650146484375,692.0900268554688,692.4400024414062,1490750,0.00041868945350748664,0.0005655607127358367,0.0004886129947926956
2026-01-13 10:30:00-05:00,693.1500244140625,693.4299926757812,692.565185546875,692.719970703125,1225072,0.0006061765184499556,0.0004886129947926956,0.0004982123474807868
2026-01-13 10:35:00-05:00,693.2050170898438,693.760009765625,693.010009765625,693.1500244140625,979128,7.933418808851576e-05,0.0004982123474807868,0.0004585355601098677
2026-01-13 10:40:00-05:00,693.0850219726562,693.4099731445312,692.9600219726562,693.2000122070312,613637,-0.00017311690065718798,0.0004585355601098677,0.0004612581298197291
2026-01-13 10:45:00-05:00,692.7100219726562,693.3900146484375,692.6400146484375,693.0850219726562,567429,-0.0005412055856191493,0.0004612581298197291,0.0006349917914761352
2026-01-13 10:50:00-05:00,693.6300048828125,693.6500244140625,692.6500244140625,692.6799926757812,715456,0.001327211257526713,0.0006349917914761352,0.0006379268651021553
2026-01-13 10:55:00-05:00,693.760009765625,694.0399780273438,693.494384765625,693.6199951171875,685064,0.00018740928191829877,0.0006379268651021553,0.0006083001400154309
2026-01-13 11:00:00-05:00,693.6799926757812,693.9299926757812,693.5399780273438,693.760009765625,621532,-0.00011534493713846818,0.0006083001400154309,0.0006007476834911958
2026-01-13 11:05:00-05:00,693.7999877929688,693.9600219726562,693.5399780273438,693.6900024414062,407746,0.00017296843078939682,0.0006007476834911958,0.0005991541304933621
2026-01-13 11:10:00-05:00,693.844970703125,693.989990234375,693.6900024414062,693.8049926757812,370726,6.483345742967886e-05,0.0005991541304933621,0.000580286848447311
2026-01-13 11:15:00-05:00,693.989990234375,694.2800903320312,693.8300170898438,693.8400268554688,695701,0.00020898671075396662,0.000580286848447311,0.0004830985645704932
2026-01-13 11:20:00-05:00,693.760009765625,694.0750122070312,693.6699829101562,693.97998046875,493829,-0.0003314436618344462,0.0004830985645704932,0.0004983471386561298
2026-01-13 11:25:00-05:00,693.5,693.77001953125,692.4099731445312,693.760009765625,1092705,-0.0003748536926593198,0.0004983471386561298,0.0005245647673512925
2026-01-13 11:30:00-05:00,694.0850219726562,694.1300048828125,693.25,693.4801025390625,724970,0.0008432232952303091,0.0005245647673512925,0.0005244657859717754
2026-01-13 11:35:00-05:00,694.1699829101562,694.22998046875,693.780029296875,694.0900268554688,616297,0.0001223996129057326,0.0005244657859717754,0.00053401753235136
2026-01-13 11:40:00-05:00,694.594970703125,694.8400268554688,694.0399780273438,694.1749877929688,932077,0.0006120370551248574,0.00053401753235136,0.00048323843920538374
2026-01-13 11:45:00-05:00,694.739990234375,694.77001953125,694.3599853515625,694.5900268554688,445931,0.0002087610775717798,0.00048323843920538374,0.0003546561489780907
2026-01-13 11:50:00-05:00,695.0650024414062,695.125,694.7349853515625,694.739990234375,918960,0.00046770908820855365,0.0003546561489780907,0.0003711606525520958
2026-01-13 11:55:00-05:00,694.9199829101562,695.2000122070312,694.8599853515625,695.0599975585938,830075,-0.00020866345076306776,0.0003711606525520958,0.0003624698841097897
2026-01-13 12:00:00-05:00,695.0499877929688,695.1099853515625,694.7999877929688,694.9199829101562,525807,0.00018706142712691088,0.0003624698841097897,0.00041243628058547724
2026-01-13 12:05:00-05:00,694.6900024414062,695.1199951171875,694.6599731445312,695.0499877929688,424899,-0.0005180614534278889,0.00041243628058547724,0.00041489506727202164
2026-01-13 12:10:00-05:00,694.8800048828125,694.9149780273438,694.5900268554688,694.6799926757812,310416,0.00027346940649106193,0.00041489506727202164,0.0005086569893278097
2026-01-13 12:15:00-05:00,694.25,694.9400024414062,693.9299926757812,694.8800048828125,677890,-0.000907049626445561,0.0005086569893278097,0.0005291180478229967
2026-01-13 12:20:00-05:00,694.739990234375,694.8198852539062,694.1400146484375,694.22998046875,473210,0.0007055346088101536,0.0005291180478229967,0.0005203061547244528
2026-01-13 12:25:00-05:00,694.5599975585938,694.72998046875,694.239990234375,694.72998046875,436505,-0.0002591127594756828,0.0005203061547244528,0.0004705145953687408
2026-01-13 12:30:00-05:00,694.510009765625,694.7150268554688,693.4500122070312,694.5499877929688,1363767,-7.19730362425753e-05,0.0004705145953687408,0.0004986596844681857
2026-01-13 12:35:00-05:00,694.1400146484375,694.5499877929688,694.1400146484375,694.5,529260,-0.0005328846281468234,0.0004986596844681857,0.0004898765436993082
2026-01-13 12:40:00-05:00,693.6900024414062,694.2000122070312,693.6099853515625,694.1500244140625,488532,-0.0006485120184194032,0.0004898765436993082,0.000501850924087546
2026-01-13 12:45:00-05:00,693.9500122070312,693.989990234375,693.5150146484375,693.7000122070312,644942,0.0003747510390636891,0.000501850924087546,0.0005100718502049609
2026-01-13 12:50:00-05:00,693.3699951171875,694.0800170898438,693.1799926757812,693.9400024414062,632636,-0.0008361691903472018,0.0005100718502049609,0.0005241044138183564
2026-01-13 12:55:00-05:00,692.9400024414062,693.3800048828125,692.5250244140625,693.3800048828125,754940,-0.0006203413238420748,0.0005241044138183564,0.0005105072555199487
2026-01-13 13:00:00-05:00,692.5999755859375,692.989990234375,692.4199829101562,692.9199829101562,971390,-0.0004908221598615818,0.0005105072555199487,0.0005213303698930431
2026-01-13 13:05:00-05:00,692.7150268554688,693.1699829101562,692.5900268554688,692.5999755859375,775135,0.00016610123992447456,0.0005213303698930431,0.0006049185039698248
2026-01-13 13:10:00-05:00,693.35009765625,693.3699951171875,692.52001953125,692.719970703125,644608,0.0009163650884662549,0.0006049185039698248,0.0005621998021151072
2026-01-13 13:15:00-05:00,693.1599731445312,693.489990234375,693.1199951171875,693.3599853515625,363418,-0.0002742490183293131,0.0005621998021151072,0.0004986454386140104
2026-01-13 13:20:00-05:00,692.9099731445312,693.2100219726562,692.6799926757812,693.1599731445312,446073,-0.00036073215984561434,0.0004986454386140104,0.0005029195210968445
2026-01-13 13:25:00-05:00,692.9199829101562,693.125,692.7249755859375,692.9199829101562,290471,1.4445878560360584e-05,0.0005029195210968445,0.0005468866195245381
2026-01-13 13:30:00-05:00,693.2999877929688,693.4299926757812,692.760009765625,692.9099731445312,468326,0.0005482605940796085,0.0005468866195245381,0.0005533503534931427
2026-01-13 13:35:00-05:00,693.5800170898438,693.6500244140625,693.280029296875,693.2999877929688,326307,0.0004038262859001517,0.0005533503534931427,0.00055621622840095
2026-01-13 13:40:00-05:00,693.1099853515625,693.614990234375,693.0599975585938,693.5700073242188,560124,-0.0006779190092305285,0.00055621622840095,0.0005383236668748388
2026-01-13 13:45:00-05:00,693.0399780273438,693.3900146484375,692.9299926757812,693.125,446731,-0.00010100974083300572,0.0005383236668748388,0.00048752506929829675
2026-01-13 13:50:00-05:00,692.969970703125,693.0399780273438,692.5399780273438,693.0399780273438,530543,-0.0001010199448314019,0.00048752506929829675,0.0004586739196486854
2026-01-13 13:55:00-05:00,692.7999877929688,693.0700073242188,692.5900268554688,692.969970703125,460593,-0.000245326303931821,0.0004586739196486854,0.0004593582041658672
2026-01-13 14:00:00-05:00,692.4550170898438,693.0549926757812,692.3599853515625,692.7999877929688,671340,-0.0004980609476815186,0.0004593582041658672,0.00045667830931405014
2026-01-13 14:05:00-05:00,692.3599853515625,692.739990234375,692.27001953125,692.469970703125,721728,-0.00013724827975268055,0.00045667830931405014,0.0003450612985310858
2026-01-13 14:10:00-05:00,692.3699951171875,692.5599975585938,692.22998046875,692.3499755859375,613888,1.4457353803813045e-05,0.0003450612985310858,0.00039000910625913254
2026-01-13 14:15:00-05:00,692.75,693.0499877929688,692.3400268554688,692.3800048828125,974058,0.0005486959883418182,0.00039000910625913254,0.00037752501169254914
2026-01-13 14:20:00-05:00,692.75,693.0800170898438,692.5900268554688,692.739990234375,717190,0.0,0.00037752501169254914,0.000394441351355902
2026-01-13 14:25:00-05:00,693.010009765625,693.0650024414062,692.52001953125,692.760009765625,443693,0.0003752594487412385,0.000394441351355902,0.00035999103967267106
2026-01-13 14:30:00-05:00,692.8599853515625,693.1599731445312,692.8400268554688,693.0050048828125,500089,-0.00021650575476357182,0.00035999103967267106,0.00033192313062682096
2026-01-13 14:35:00-05:00,692.8800048828125,693.010009765625,692.7100219726562,692.8699951171875,428207,2.889363284958941e-05,0.00033192313062682096,0.0002742410409568137
2026-01-13 14:40:00-05:00,692.8599853515625,693.1400146484375,692.8200073242188,692.8900146484375,497340,-2.889363284952436e-05,0.0002742410409568137,0.0002767195720714535
2026-01-13 14:45:00-05:00,692.739990234375,692.8900146484375,692.5700073242188,692.8599853515625,769190,-0.000173203117208105,0.0002767195720714535,0.0002997565280695114
2026-01-13 14:50:00-05:00,693.0,693.0549926757812,692.719970703125,692.739990234375,471530,0.0003752648700457795,0.0002997565280695114,0.00029220157527973375
2026-01-13 14:55:00-05:00,692.9199829101562,693.2050170898438,692.780029296875,692.9998779296875,677505,-0.00011547144267978833,0.00029220157527973375,0.00026870655242075515
2026-01-13 15:00:00-05:00,692.6900024414062,692.9199829101562,692.52001953125,692.9199829101562,879264,-0.00033195556223354503,0.00026870655242075515,0.00026498956491546725
2026-01-13 15:05:00-05:00,692.655029296875,692.85498046875,692.5501098632812,692.6799926757812,616633,-5.049015766825342e-05,0.00026498956491546725,0.0002940066571969899
2026-01-13 15:10:00-05:00,692.375,692.6500244140625,692.3200073242188,692.6500244140625,811575,-0.00040436567405381885,0.0002940066571969899,0.0002482277433987255
2026-01-13 15:15:00-05:00,692.510009765625,692.5800170898438,692.3400268554688,692.3800048828125,874012,0.00019497613895830984,0.0002482277433987255,0.00025212852377223463
2026-01-13 15:20:00-05:00,692.3800048828125,692.52001953125,692.1699829101562,692.5,832577,-0.000187747592688577,0.00025212852377223463,0.0002534032102706296
2026-01-13 15:25:00-05:00,692.0,692.3900146484375,691.9400024414062,692.3699951171875,751547,-0.0005489892818681424,0.0002534032102706296,0.0002862319291068702
2026-01-13 15:30:00-05:00,691.594970703125,692.0700073242188,691.3499755859375,692.0,1482505,-0.0005854738084785332,0.0002862319291068702,0.00035126980939597757
2026-01-13 15:35:00-05:00,691.9849853515625,692.0150146484375,691.4000244140625,691.5999755859375,1289395,0.0005637761042446673,0.00035126980939597757,0.0003771487787381598
2026-01-13 15:40:00-05:00,692.239990234375,692.3099975585938,691.989990234375,691.989990234375,1421167,0.00036844427776539873,0.0003771487787381598,0.0003800894647753189
2026-01-13 15:45:00-05:00,692.3300170898438,692.469970703125,692.02001953125,692.260009765625,1600551,0.000130043053250243,0.0003800894647753189,0.0006004357318416354
2026-01-13 15:50:00-05:00,693.4299926757812,693.4349975585938,692.1099853515625,692.3400268554688,2785280,0.00158754157892734,0.0006004357318416354,0.0006088681667500191
2026-01-13 15:55:00-05:00,693.75,693.9600219726562,693.219970703125,693.4299926757812,4428293,0.00046137823726559896,0.0006088681667500191,0.001117251542953404
2026-01-14 09:30:00-05:00,691.5750122070312,691.7000122070312,689.8699951171875,691.0,4011495,-0.0031400423162706247,0.001117251542953404,0.001172899744719573
2026-01-14 09:35:00-05:00,690.6199951171875,691.719970703125,690.3599853515625,691.5800170898438,1599956,-0.001381884953655141,0.001172899744719573,0.0012296444486820858
2026-01-14 09:40:00-05:00,689.5700073242188,691.0499877929688,689.4500122070312,690.6300048828125,1891027,-0.0015215122463885708,0.0012296444486820858,0.0012686194493331962
2026-01-14 09:45:00-05:00,690.1500244140625,690.489990234375,689.10498046875,689.5599975585938,1845725,0.0008407751002656825,0.0012686194493331962,0.0012721463775089
2026-01-14 09:50:00-05:00,689.7100219726562,690.1799926757812,689.280029296875,690.1400146484375,1369342,-0.0006377493970808478,0.0012721463775089,0.0013117266367543893
2026-01-14 09:55:00-05:00,688.719970703125,689.75,688.6599731445312,689.7105102539062,1427850,-0.0014364914359670407,0.0013117266367543893,0.0013122880318966466
2026-01-14 10:00:00-05:00,688.2899780273438,688.739990234375,687.6799926757812,688.719970703125,2397827,-0.0006245309849123966,0.0013122880318966466,0.0013343816530089767
2026-01-14 10:05:00-05:00,688.8800048828125,688.9299926757812,688.0499877929688,688.260009765625,1146788,0.000856868649319376,0.0013343816530089767,0.0015611196577332898
2026-01-14 10:10:00-05:00,690.5900268554688,690.6342163085938,688.4500122070312,688.8900146484375,1881053,0.002479246100637312,0.0015611196577332898,0.0015618300666548942
2026-01-14 10:15:00-05:00,690.1599731445312,690.8499755859375,689.989990234375,690.5900268554688,1049773,-0.0006229277202158281,0.0015618300666548942,0.0014492083190578192
2026-01-14 10:20:00-05:00,689.8599853515625,690.4000244140625,689.5900268554688,690.1699829101562,946290,-0.00043475863641978166,0.0014492083190578192,0.0014558187479468045
2026-01-14 10:25:00-05:00,688.760009765625,689.989990234375,688.72998046875,689.8699951171875,815006,-0.0015957636234116082,0.0014558187479468045,0.0012273443903367894
2026-01-14 10:30:00-05:00,688.1199951171875,688.75,687.989990234375,688.75,1162243,-0.0009296593635801132,0.0012273443903367894,0.001238705174106739
2026-01-14 10:35:00-05:00,688.7200927734375,688.7399291992188,687.9199829101562,688.1400146484375,1055473,0.0008717028208683905,0.001238705174106739,0.0012204262866257647
2026-01-14 10:40:00-05:00,687.8150024414062,689.010009765625,687.6599731445312,688.7100219726562,930256,-0.0013150270786532249,0.0012204262866257647,0.0012388639761198395
2026-01-14 10:45:00-05:00,686.6649780273438,688.02001953125,686.594970703125,687.8099975585938,1743354,-0.00167339604616675,0.0012388639761198395,0.0012687648748834772
2026-01-14 10:50:00-05:00,687.0599975585938,687.0700073242188,686.510009765625,686.6699829101562,1403916,0.0005751071708792404,0.0012687648748834772,0.0012236876689677588
2026-01-14 10:55:00-05:00,687.1599731445312,687.5050048828125,686.989990234375,687.0650024414062,1042235,0.00014550157652387058,0.0012236876689677588,0.0012348932402286767
2026-01-14 11:00:00-05:00,687.5700073242188,687.594970703125,687.0650024414062,687.1599731445312,631935,0.000596530515333546,0.0012348932402286767,0.00120396360869642
2026-01-14 11:05:00-05:00,687.1799926757812,687.6599731445312,687.010009765625,687.5800170898438,602558,-0.0005673972124400279,0.00120396360869642,0.0008833144724776003
2026-01-14 11:10:00-05:00,687.3800048828125,687.5800170898438,686.989990234375,687.1799926757812,608216,0.000291019975553164,0.0008833144724776003,0.000909186020655234
2026-01-14 11:15:00-05:00,687.6699829101562,687.7100219726562,687.2615966796875,687.3900146484375,585386,0.00042177089446458586,0.000909186020655234,0.0010700402045091312
2026-01-14 11:20:00-05:00,688.8200073242188,688.8800048828125,687.6699829101562,687.6699829101562,1159506,0.0016709524802964205,0.0010700402045091312,0.0009742494486105679
2026-01-14 11:25:00-05:00,689.1500244140625,689.3300170898438,688.635009765625,688.8200073242188,990267,0.0004789902371637815,0.0009742494486105679,0.0009454749136576421
2026-01-14 11:30:00-05:00,688.77001953125,689.469970703125,688.6199951171875,689.1599731445312,1311431,-0.0005515630520306237,0.0009454749136576421,0.0009267766973397557
2026-01-14 11:35:00-05:00,688.3800048828125,688.7750244140625,687.989990234375,688.7750244140625,639822,-0.0005664083824570086,0.0009267766973397557,0.000917847236685598
2026-01-14 11:40:00-05:00,687.5255737304688,688.3800048828125,687.52001953125,688.3599853515625,630998,-0.0012419911299987468,0.000917847236685598,0.0008161869958662174
2026-01-14 11:45:00-05:00,686.8900146484375,687.530029296875,686.77001953125,687.530029296875,998208,-0.0009248427225452865,0.0008161869958662174,0.0008183991031165506
2026-01-14 11:50:00-05:00,686.4400024414062,686.885009765625,686.2000122070312,686.885009765625,1174105,-0.0006553591890336858,0.0008183991031165506,0.0008209310737774752
2026-01-14 11:55:00-05:00,686.5999755859375,686.6599731445312,686.1300048828125,686.4299926757812,916803,0.0002330203749565637,0.0008209310737774752,0.0007946781571148448
2026-01-14 12:00:00-05:00,686.5999755859375,687.1300048828125,686.3300170898438,686.5900268554688,747388,0.0,0.0007946781571148448,0.0008435035170081834
2026-01-14 12:05:00-05:00,687.2999267578125,687.3400268554688,686.5599975585938,686.5900268554688,508017,0.0010189260967832106,0.0008435035170081834,0.0008395530402705573
2026-01-14 12:10:00-05:00,687.219970703125,687.3499755859375,686.9600219726562,687.2899780273438,442422,-0.000116340338070572,0.0008395530402705573,0.0008678953009958479
2026-01-14 12:15:00-05:00,686.5599975585938,687.219970703125,686.0399780273438,687.219970703125,657497,-0.0009608135371754518,0.0008678953009958479,0.0006854418092310817
2026-01-14 12:20:00-05:00,686.8300170898438,686.8499755859375,686.239990234375,686.5700073242188,500222,0.0003932161029994955,0.0006854418092310817,0.0006776244243021568
2026-01-14 12:25:00-05:00,687.0999145507812,687.3150024414062,686.719970703125,686.8499755859375,675721,0.0003928838846780786,0.0006776244243021568,0.0007209877962720786
2026-01-14 12:30:00-05:00,686.3200073242188,687.0900268554688,686.25,687.0900268554688,674962,-0.0011357157384583388,0.0007209877962720786,0.0007371408418990437
2026-01-14 12:35:00-05:00,686.5499877929688,686.7747802734375,686.2899780273438,686.3300170898438,464564,0.00033503605107431175,0.0007371408418990437,0.0006908939173743726
2026-01-14 12:40:00-05:00,686.9199829101562,686.9500122070312,686.510009765625,686.5499877929688,503830,0.0005387742492079777,0.0006908939173743726,0.0006458560426335729
2026-01-14 12:45:00-05:00,687.1799926757812,687.4500122070312,686.8800048828125,686.9149780273438,636711,0.0003784437425920578,0.0006458560426335729,0.0006815835986960469
2026-01-14 12:50:00-05:00,686.5150146484375,687.1799926757812,686.1900024414062,687.1699829101562,637662,-0.0009681597090189215,0.0006815835986960469,0.0006801397890684981
2026-01-14 12:55:00-05:00,686.6376953125,686.72998046875,686.27001953125,686.52001953125,434253,0.00017868466267306323,0.0006801397890684981,0.000710494147585457
2026-01-14 13:00:00-05:00,687.1300048828125,687.219970703125,686.510009765625,686.6300048828125,536452,0.0007167290238626971,0.000710494147585457,0.0006438473172360624
2026-01-14 13:05:00-05:00,687.1400146484375,687.2598876953125,686.8400268554688,687.1199951171875,399553,1.456739284547501e-05,0.0006438473172360624,0.0006479156567461996
2026-01-14 13:10:00-05:00,687.3200073242188,687.4349975585938,686.8499755859375,687.1199951171875,440292,0.00026191038507154005,0.0006479156567461996,0.0005854705703498425
2026-01-14 13:15:00-05:00,687.0800170898438,687.3900146484375,686.8599853515625,687.3200073242188,447183,-0.000349229092769307,0.0005854705703498425,0.0005772017000129305
2026-01-14 13:20:00-05:00,687.1849975585938,687.4199829101562,687.0499877929688,687.0800170898438,414098,0.00015278053044386972,0.0005772017000129305,0.0005918396519750105
2026-01-14 13:25:00-05:00,687.5999755859375,687.6500244140625,686.9400024414062,687.1799926757812,438323,0.0006036988300764018,0.0005918396519750105,0.0006025366822176931
2026-01-14 13:30:00-05:00,686.780029296875,687.8300170898438,686.6099853515625,687.5900268554688,704466,-0.0011931873039901016,0.0006025366822176931,0.0006130773353519695
2026-01-14 13:35:00-05:00,686.4600219726562,686.9199829101562,686.260009765625,686.7899780273438,631791,-0.00046606174894969207,0.0006130773353519695,0.0006213507535304918
2026-01-14 13:40:00-05:00,686.89501953125,686.905029296875,686.4500122070312,686.4500122070312,438839,0.0006334815979768562,0.0006213507535304918,0.0006169698751764012
2026-01-14 13:45:00-05:00,687.094970703125,687.3599853515625,686.780029296875,686.8900146484375,596262,0.00029105186312520945,0.0006169698751764012,0.0006001343947391541
2026-01-14 13:50:00-05:00,687.780029296875,688.02001953125,687.0599975585938,687.0999755859375,765371,0.0009965395406038454,0.0006001343947391541,0.0006075287219244606
2026-01-14 13:55:00-05:00,688.1099853515625,688.239990234375,687.5999755859375,687.7899780273438,581642,0.0004796256350432851,0.0006075287219244606,0.0005940335646217005
2026-01-14 14:00:00-05:00,687.9324951171875,688.2100219726562,687.8099975585938,688.1099853515625,920034,-0.00025797202903052286,0.0005940335646217005,0.0005974663320222494
2026-01-14 14:05:00-05:00,687.8400268554688,688.010009765625,687.6300048828125,687.9199829101562,623082,-0.00013442376611129072,0.0005974663320222494,0.0005964168261817399
2026-01-14 14:10:00-05:00,687.989990234375,688.0457763671875,687.6099853515625,687.8400268554688,474691,0.00021799695839937855,0.0005964168261817399,0.0005812228223422062
2026-01-14 14:15:00-05:00,688.125,688.1699829101562,687.75,687.989990234375,552145,0.00019621872738292815,0.0005812228223422062,0.000582692670747536
2026-01-14 14:20:00-05:00,688.1099853515625,688.3150024414062,687.9000244140625,688.1400146484375,569263,-2.1819890640599614e-05,0.000582692670747536,0.0005619041540096655
2026-01-14 14:25:00-05:00,688.125,688.2100219726562,687.8800048828125,688.1099853515625,538909,2.181989064056982e-05,0.0005619041540096655,0.00041214143152438495
2026-01-14 14:30:00-05:00,688.0,688.3699951171875,687.9199829101562,688.1300048828125,595882,-0.0001816695436007509,0.00041214143152438495,0.00036470054124163487
2026-01-14 14:35:00-05:00,688.1950073242188,688.239990234375,687.6199951171875,688.0,458136,0.00028340071644793907,0.00036470054124163487,0.0003485537539975371
2026-01-14 14:40:00-05:00,688.125,688.364990234375,688.0,688.2000122070312,996167,-0.00010173117284726083,0.0003485537539975371,0.0003463437812428991
2026-01-14 14:45:00-05:00,688.27001953125,688.3800048828125,687.989990234375,688.1300048828125,396461,0.00021072370900609007,0.0003463437812428991,0.00022253872791491632
2026-01-14 14:50:00-05:00,688.2100219726562,688.5900268554688,688.1699829101562,688.280029296875,490918,-8.717534119301375e-05,0.00022253872791491632,0.000187904005383694
2026-01-14 14:55:00-05:00,688.0700073242188,688.3062744140625,687.9299926757812,688.219970703125,787727,-0.00020346825637236423,0.000187904005383694,0.00020042974840443943
2026-01-14 15:00:00-05:00,688.3350219726562,688.6900024414062,687.3200073242188,688.0599975585938,2039295,0.00038508236466951477,0.00020042974840443943,0.00038451110758097064
2026-01-14 15:05:00-05:00,689.1749877929688,689.6900024414062,688.2999877929688,688.3499755859375,1917056,0.0012195423894755752,0.00038451110758097064,0.0004442586761781485
2026-01-14 15:10:00-05:00,688.75,689.47998046875,688.6950073242188,689.1699829101562,2139937,-0.0006168518754063047,0.0004442586761781485,0.00045145053359710633
2026-01-14 15:15:00-05:00,688.5999755859375,688.8699951171875,688.1799926757812,688.75,720856,-0.00021784501733766563,0.00045145053359710633,0.0004674586270716259
2026-01-14 15:20:00-05:00,688.9400024414062,688.989990234375,688.3499755859375,688.6500244140625,925802,0.0004936725870728721,0.0004674586270716259,0.00047026029030241786
2026-01-14 15:25:00-05:00,689.1500244140625,689.1710205078125,688.6799926757812,688.9400024414062,1172075,0.00030480152992832035,0.00047026029030241786,0.0005412812339868282
2026-01-14 15:30:00-05:00,689.9349975585938,690.1699829101562,689.1199951171875,689.1500244140625,1951534,0.0011383971499916259,0.0005412812339868282,0.0005425648906583867
2026-01-14 15:35:00-05:00,690.1900024414062,690.4400024414062,689.8350219726562,689.9400024414062,1815977,0.0003695388254172021,0.0005425648906583867,0.0007424102660313343
2026-01-14 15:40:00-05:00,689.1400146484375,690.3599853515625,689.0999755859375,690.1799926757812,1796386,-0.001522460879952132,0.0007424102660313343,0.0007755285145398348
2026-01-14 15:45:00-05:00,688.6799926757812,689.239990234375,688.6199951171875,689.155029296875,1982750,-0.0006677533891282111,0.0007755285145398348,0.0008653478075103213
2026-01-14 15:50:00-05:00,689.64501953125,689.739990234375,688.6500244140625,688.6799926757812,3108863,0.0014002894884853191,0.0008653478075103213,0.0008994577406594166
2026-01-14 15:55:00-05:00,690.4400024414062,690.6400146484375,689.6400146484375,689.64501953125,7190585,0.0011520782929020908,0.0008994577406594166,0.0017702947832973503
2026-01-15 09:30:00-05:00,694.2899780273438,694.6900024414062,693.9749755859375,694.5700073242188,4766919,0.005560629957512859,0.0017702947832973503,0.0017889327318950658
2026-01-15 09:35:00-05:00,694.030029296875,694.4099731445312,693.7249755859375,694.280029296875,1535280,-0.0003744795611029029,0.0017889327318950658,0.001758509186280497
2026-01-15 09:40:00-05:00,694.0599975585938,694.469970703125,693.5399780273438,694.0499877929688,1458859,4.317913268393676e-05,0.001758509186280497,0.0017426719024236054
2026-01-15 09:45:00-05:00,694.239990234375,694.5535278320312,693.7999877929688,694.0700073242188,1281209,0.0002592993998016741,0.0017426719024236054,0.001766787364840499
2026-01-15 09:50:00-05:00,694.010009765625,694.25,693.1799926757812,694.22998046875,1353592,-0.00033132428720167577,0.001766787364840499,0.0017987054590319679
2026-01-15 09:55:00-05:00,693.6099853515625,694.260009765625,693.6099853515625,694.02001953125,825499,-0.0005765619212054722,0.0017987054590319679,0.0017927914704953922
2026-01-15 10:00:00-05:00,693.655029296875,694.0399780273438,693.52001953125,693.6099853515625,820251,6.49392075093699e-05,0.0017927914704953922,0.0017929364069052738
2026-01-15 10:05:00-05:00,693.8900146484375,693.9099731445312,693.27001953125,693.6599731445312,953865,0.00033870663130455066,0.0017929364069052738,0.0016877826930153873
2026-01-15 10:10:00-05:00,694.0,694.2000122070312,693.530029296875,693.8900756835938,1000399,0.00015849289299865792,0.0016877826930153873,0.0016518798769940839
2026-01-15 10:15:00-05:00,694.030029296875,694.3200073242188,693.6699829101562,694.0,835047,4.326894410903192e-05,0.0016518798769940839,0.001634724840369994
2026-01-15 10:20:00-05:00,694.4650268554688,694.719970703125,693.8250122070312,694.0399780273438,848490,0.0006265741759724021,0.001634724840369994,0.001666570638709984
2026-01-15 10:25:00-05:00,693.9400024414062,694.510009765625,693.614990234375,694.469970703125,925559,-0.0007562986707906797,0.001666570638709984,0.000488328035000232
2026-01-15 10:30:00-05:00,694.5900268554688,694.6199951171875,693.8699951171875,693.9400024414062,794425,0.0009362771388917128,0.000488328035000232,0.00047092929164088904
2026-01-15 10:35:00-05:00,694.6300048828125,694.9000244140625,694.3699951171875,694.5800170898438,1323580,5.7554637050126353e-05,0.00047092929164088904,0.0005698143650474255
2026-01-15 10:40:00-05:00,693.9099731445312,694.8150024414062,693.864990234375,694.6300048828125,792222,-0.0010371063335783718,0.0005698143650474255,0.0006159662648436689
2026-01-15 10:45:00-05:00,693.280029296875,694.0399780273438,693.25,693.9099731445312,1462908,-0.0009082301485016191,0.0006159662648436689,0.0006170941168599831
2026-01-15 10:50:00-05:00,693.4000244140625,693.6290893554688,692.989990234375,693.280029296875,1152044,0.00017306821016985644,0.0006170941168599831,0.0007439635977000191
2026-01-15 10:55:00-05:00,694.4500122070312,694.5900268554688,693.0499877929688,693.39501953125,1537630,0.0015131144800850952,0.0007439635977000191,0.0007527732014453045
2026-01-15 11:00:00-05:00,694.7999877929688,694.8800048828125,694.3400268554688,694.4500122070312,1015599,0.0005038338576079461,0.0007527732014453045,0.0007550519074637523
2026-01-15 11:05:00-05:00,694.6749877929688,694.8400268554688,694.4349975585938,694.8200073242188,946461,-0.0001799240756884074,0.0007550519074637523,0.0007616949234748176
2026-01-15 11:10:00-05:00,694.489990234375,694.6799926757812,694.3499755859375,694.6699829101562,531647,-0.0002663435410674705,0.0007616949234748176,0.0007745336826115866
2026-01-15 11:15:00-05:00,694.8699951171875,694.9299926757812,694.3599853515625,694.47998046875,713421,0.0005470215009714244,0.0007745336826115866,0.0007592987548200513
2026-01-15 11:20:00-05:00,695.0599975585938,695.1599731445312,694.6300048828125,694.8699951171875,864752,0.0002733985791959871,0.0007592987548200513,0.0007275717525107028
2026-01-15 11:25:00-05:00,694.8150024414062,695.0499877929688,694.5499877929688,695.0499877929688,543517,-0.0003525426671102619,0.0007275717525107028,0.0006864634751319922
2026-01-15 11:30:00-05:00,694.5900268554688,695.02001953125,694.5698852539062,694.8099975585938,539572,-0.0003238444991343187,0.0006864634751319922,0.0006969849197822707
2026-01-15 11:35:00-05:00,694.8800048828125,694.9299926757812,694.47998046875,694.5850219726562,412887,0.00041739371836742865,0.0006969849197822707,0.0006106476533508804
2026-01-15 11:40:00-05:00,694.9550170898438,695.030029296875,694.739990234375,694.8900146484375,339887,0.0001079440450385973,0.0006106476533508804,0.00051666488621441
2026-01-15 11:45:00-05:00,695.0999755859375,695.1950073242188,694.7249755859375,694.9600219726562,453640,0.0002085651249527068,0.00051666488621441,0.0005212524708937556
2026-01-15 11:50:00-05:00,695.0850219726562,695.344970703125,694.9199829101562,695.10498046875,686754,-2.1513127113391192e-05,0.0005212524708937556,0.00032168712658900347
2026-01-15 11:55:00-05:00,695.030029296875,695.1400146484375,694.875,695.0750122070312,435708,-7.911960345977404e-05,0.00032168712658900347,0.00031989239701610267
2026-01-15 12:00:00-05:00,695.3699951171875,695.4299926757812,694.89501953125,695.0399169921875,552089,0.0004890187300317011,0.00031989239701610267,0.00031234683499483745
2026-01-15 12:05:00-05:00,695.344970703125,695.4500122070312,695.2000122070312,695.3699951171875,519596,-3.598784032709291e-05,0.00031234683499483745,0.0003391358635854841
2026-01-15 12:10:00-05:00,695.010009765625,695.3599853515625,694.9650268554688,695.3499755859375,395399,-0.0004818351409329818,0.0003391358635854841,0.0003033626758587091
2026-01-15 12:15:00-05:00,695.0651245117188,695.0800170898438,694.7000122070312,695.010009765625,454097,7.929750667935434e-05,0.0003033626758587091,0.00030516307734305026
2026-01-15 12:20:00-05:00,694.8599853515625,695.094970703125,694.7999877929688,695.0499877929688,285234,-0.00029518016501754306,0.00030516307734305026,0.0003347038695661964
2026-01-15 12:25:00-05:00,694.4500122070312,694.9099731445312,694.3900146484375,694.8599853515625,650035,-0.0005901824029938382,0.0003347038695661964,0.00032347245927408783
2026-01-15 12:30:00-05:00,694.3900146484375,694.6599731445312,694.2100219726562,694.4500122070312,682430,-8.639952402139245e-05,0.00032347245927408783,0.00029778438410248966
2026-01-15 12:35:00-05:00,694.4849853515625,694.5999755859375,694.2000122070312,694.3900146484375,480058,0.00013675918030494502,0.00029778438410248966,0.00031629111448705326
2026-01-15 12:40:00-05:00,694.7244873046875,694.739990234375,694.3800048828125,694.4849853515625,370485,0.0003448032283279892,0.00031629111448705326,0.0003088067795737057
2026-01-15 12:45:00-05:00,694.6199951171875,695.0198974609375,694.5499877929688,694.719970703125,541704,-0.00015041940860464846,0.0003088067795737057,0.00031548746389811657
2026-01-15 12:50:00-05:00,694.4199829101562,694.7999877929688,694.3800048828125,694.6099853515625,349599,-0.0002879862517674765,0.00031548746389811657,0.0003537067618143873
2026-01-15 12:55:00-05:00,693.97998046875,694.47998046875,693.905029296875,694.4199829101562,619436,-0.000633826660533498,0.0003537067618143873,0.00040683982941536217
2026-01-15 13:00:00-05:00,694.5250244140625,694.5399780273438,693.8800048828125,693.97998046875,741428,0.0007850803150016097,0.00040683982941536217,0.0004203882353606582
2026-01-15 13:05:00-05:00,694.7100219726562,694.780029296875,694.3699951171875,694.530029296875,428508,0.0002663301075918984,0.0004203882353606582,0.00040323465404803815
2026-01-15 13:10:00-05:00,694.5700073242188,694.7999877929688,694.3800048828125,694.7050170898438,430518,-0.00020156432966564686,0.00040323465404803815,0.00040151964148130577
2026-01-15 13:15:00-05:00,694.5700073242188,694.6300048828125,694.3699951171875,694.5700073242188,472754,0.0,0.00040151964148130577,0.00040133910930005676
2026-01-15 13:20:00-05:00,694.719970703125,694.8200073242188,694.5399780273438,694.5800170898438,390801,0.0002158849223135954,0.00040133910930005676,0.0003631451521751564
2026-01-15 13:25:00-05:00,694.885009765625,694.905029296875,694.5700073242188,694.72998046875,372705,0.00023753378203982591,0.0003631451521751564,0.00036621619333415136
2026-01-15 13:30:00-05:00,695.0850219726562,695.14501953125,694.8400268554688,694.8800048828125,500741,0.0002877935550331641,0.00036621619333415136,0.0003770301065064618
2026-01-15 13:35:00-05:00,694.9199829101562,695.25,694.7899780273438,695.0900268554688,420601,-0.00023746542306798713,0.0003770301065064618,0.00036601537285651316
2026-01-15 13:40:00-05:00,694.97998046875,695.0499877929688,694.8200073242188,694.9199829101562,300309,8.633363581824028e-05,0.00036601537285651316,0.00036781263483006056
2026-01-15 13:45:00-05:00,694.8499755859375,695.0599975585938,694.8150024414062,694.97998046875,326406,-0.00018708027212295262,0.00036781263483006056,0.00035786400922649105
2026-01-15 13:50:00-05:00,694.7650146484375,694.9199829101562,694.614990234375,694.8599853515625,377055,-0.0001222798231206724,0.00035786400922649105,0.00029216792739161296
2026-01-15 13:55:00-05:00,694.7158203125,694.8350219726562,694.6500244140625,694.77001953125,261268,-7.080966461751051e-05,0.00029216792739161296,0.00029382140332901693
2026-01-15 14:00:00-05:00,694.2000122070312,694.7100219726562,694.0700073242188,694.7100219726562,759390,-0.0007427492971209375,0.00029382140332901693,0.0003090173545123571
2026-01-15 14:05:00-05:00,694.47998046875,694.489990234375,693.7899780273438,694.2000122070312,622060,0.0004032149479915647,0.0003090173545123571,0.00030797498600135
2026-01-15 14:10:00-05:00,694.35498046875,694.6500244140625,694.2050170898438,694.47998046875,433690,-0.00018000698981991296,0.00030797498600135,0.0003089813419274933
2026-01-15 14:15:00-05:00,694.2723999023438,694.489990234375,694.1329956054688,694.3599853515625,525079,-0.00011893841021850832,0.0003089813419274933,0.00029975121404269737
2026-01-15 14:20:00-05:00,694.1699829101562,694.3800048828125,693.9920043945312,694.27001953125,367625,-0.00014752789693125664,0.00029975121404269737,0.0003509004874567771
2026-01-15 14:25:00-05:00,693.6099853515625,694.1799926757812,693.52001953125,694.1699829101562,862628,-0.0008070408880303307,0.0003509004874567771,0.00034077198769933114
2026-01-15 14:30:00-05:00,693.2100219726562,693.614990234375,692.6300048828125,693.6099853515625,1573824,-0.0005768064894984441,0.00034077198769933114,0.0003748631950542969
2026-01-15 14:35:00-05:00,693.4299926757812,693.469970703125,692.969970703125,693.219970703125,671351,0.0003172715378849849,0.0003748631950542969,0.0003678413241353116
2026-01-15 14:40:00-05:00,693.3900146484375,693.7376098632812,693.260009765625,693.4199829101562,892415,-5.7654240844052215e-05,0.0003678413241353116,0.00037401286665322093
2026-01-15 14:45:00-05:00,693.4199829101562,693.5,693.1500244140625,693.3800048828125,698538,4.321898713769573e-05,0.00037401286665322093,0.00037746284758127053
2026-01-15 14:50:00-05:00,693.1699829101562,693.6199951171875,693.1300048828125,693.4299926757812,655755,-0.00036059687271873254,0.00037746284758127053,0.0003896736899491155
2026-01-15 14:55:00-05:00,692.780029296875,693.1849975585938,692.5800170898438,693.1799926757812,787932,-0.000562723936847382,0.0003896736899491155,0.00036363076014070926
2026-01-15 15:00:00-05:00,692.8400268554688,693.0,692.3699951171875,692.77001953125,953775,8.660030340176419e-05,0.00036363076014070926,0.00031683726921749724
2026-01-15 15:05:00-05:00,692.6900024414062,693.030029296875,692.6099853515625,692.8499755859375,696818,-0.00021655887851804314,0.00031683726921749724,0.0003179436011462751
2026-01-15 15:10:00-05:00,692.469970703125,692.8900146484375,692.4099731445312,692.6799926757812,764209,-0.00031769866932036296,0.0003179436011462751,0.00040748984020272155
2026-01-15 15:15:00-05:00,691.6900024414062,692.489990234375,691.6599731445312,692.4600219726562,1538707,-0.0011269916186069171,0.00040748984020272155,0.00041235548704571576
2026-01-15 15:20:00-05:00,691.6599731445312,692.02001953125,691.2907104492188,691.6799926757812,1555919,-4.341532860035651e-05,0.00041235548704571576,0.0004070725999134105
2026-01-15 15:25:00-05:00,691.8300170898438,691.9099731445312,691.4000244140625,691.6599731445312,1143851,0.00024581883117197036,0.0004070725999134105,0.0003960584290663235
2026-01-15 15:30:00-05:00,691.8599853515625,691.9600219726562,691.489990234375,691.8350219726562,1044459,4.331643889971006e-05,0.0003960584290663235,0.0003661150235641614
2026-01-15 15:35:00-05:00,691.719970703125,692.25,691.4099731445312,691.8599853515625,1442092,-0.0002023947344752187,0.0003661150235641614,0.00036560153005376527
2026-01-15 15:40:00-05:00,691.6699829101562,692.0349731445312,691.5449829101562,691.719970703125,1276673,-7.226854996303255e-05,0.00036560153005376527,0.0003574234296771068
2026-01-15 15:45:00-05:00,691.469970703125,691.864990234375,691.3798828125,691.6699829101562,1804487,-0.00028921470730836117,0.0003574234296771068,0.00043810270117925924
2026-01-15 15:50:00-05:00,691.9299926757812,691.9299926757812,691.25,691.47998046875,2368775,0.0006650599996960061,0.00043810270117925924,0.00043873235449038724
2026-01-15 15:55:00-05:00,692.1699829101562,692.22998046875,691.5399780273438,691.9299926757812,3960041,0.0003467816501889282,0.00043873235449038724,0.0008849088877135103
2026-01-16 09:30:00-05:00,693.9580078125,694.25,693.2899780273438,693.6599731445312,3342322,0.00257988570469738,0.0008849088877135103,0.0008882292250102503
2026-01-16 09:35:00-05:00,693.75,694.2100219726562,693.6400146484375,693.9500122070312,1054207,-0.0002997861407253182,0.0008882292250102503,0.0009284452491112453
2026-01-16 09:40:00-05:00,693.135009765625,693.8201293945312,693.1099853515625,693.77001953125,1234556,-0.0008868655589376926,0.0009284452491112453,0.000848632350765017
2026-01-16 09:45:00-05:00,693.3900146484375,693.8599853515625,693.1400146484375,693.1400146484375,993292,0.0003678330808281222,0.000848632350765017,0.0008895753430515125
2026-01-16 09:50:00-05:00,692.8800048828125,693.489990234375,692.6799926757812,693.4099731445312,932892,-0.0007358015126195806,0.0008895753430515125,0.0009846805351504877
2026-01-16 09:55:00-05:00,691.9600219726562,692.885009765625,691.9299926757812,692.8699951171875,1519777,-0.0013286488369099842,0.0009846805351504877,0.0009862716759988684
2026-01-16 10:00:00-05:00,692.10498046875,692.3900146484375,691.5900268554688,691.9600219726562,1829835,0.00020946775818769185,0.0009862716759988684,0.001010895602772369
2026-01-16 10:05:00-05:00,692.7000122070312,692.8099975585938,692.1099853515625,692.1099853515625,1348840,0.0008593726597588699,0.001010895602772369,0.0010315867351656197
2026-01-16 10:10:00-05:00,692.280029296875,692.8049926757812,692.1400146484375,692.7000122070312,876286,-0.0006064822747531005,0.0010315867351656197,0.0010711628942734594
2026-01-16 10:15:00-05:00,691.6099853515625,692.47998046875,691.5,692.27001953125,1044271,-0.0009683486268104932,0.0010711628942734594,0.0011274224604802933
2026-01-16 10:20:00-05:00,692.5557861328125,692.5750122070312,691.5900268554688,691.6099853515625,1073141,0.001366600660025922,0.0011274224604802933,0.001190698852516234
2026-01-16 10:25:00-05:00,691.6500244140625,692.5549926757812,691.594970703125,692.5499877929688,1020589,-0.0013087097903000079,0.001190698852516234,0.000863412712372776
2026-01-16 10:30:00-05:00,691.0999755859375,691.739990234375,690.969970703125,691.6500244140625,1228984,-0.0007955868481478176,0.000863412712372776,0.000864745820991392
2026-01-16 10:35:00-05:00,690.739990234375,691.1300048828125,690.5999755859375,691.0900268554688,1388801,-0.0005210232278850522,0.000864745820991392,0.0008517001943230619
2026-01-16 10:40:00-05:00,690.6900024414062,690.739990234375,690.0999755859375,690.719970703125,1634763,-7.237108395734164e-05,0.0008517001943230619,0.0008781459463127816
2026-01-16 10:45:00-05:00,691.1599731445312,691.2000122070312,690.4299926757812,690.7000122070312,5338069,0.0006802051301498949,0.0008781459463127816,0.0008777131913514907
2026-01-16 10:50:00-05:00,691.3499755859375,691.4000244140625,690.7916870117188,691.1500244140625,968436,0.00027486593174539607,0.0008777131913514907,0.0008343853564124128
2026-01-16 10:55:00-05:00,691.8599853515625,691.8800048828125,691.2100219726562,691.3599853515625,843468,0.0007374293175150238,0.0008343853564124128,0.0008340651885527345
2026-01-16 11:00:00-05:00,691.6799926757812,692.1199951171875,691.5549926757812,691.8499755859375,1042569,-0.00026019150824008343,0.0008340651885527345,0.0008584887766754255
2026-01-16 11:05:00-05:00,692.4299926757812,692.4400024414062,691.6199951171875,691.7000122070312,937054,0.0010837290119163985,0.0008584887766754255,0.0008416843740126747
2026-01-16 11:10:00-05:00,692.2899780273438,692.6599731445312,692.0599975585938,692.4299926757812,1149498,-0.00020222810658756418,0.0008416843740126747,0.0007847261714430892
2026-01-16 11:15:00-05:00,692.4099731445312,692.469970703125,692.1300048828125,692.2899780273438,1731317,0.00017331569541303475,0.0007847261714430892,0.0006760003071437008
2026-01-16 11:20:00-05:00,692.47998046875,692.8200073242188,692.4099731445312,692.4099731445312,640855,0.00010110164218564359,0.0006760003071437008,0.0005421263910801979
2026-01-16 11:25:00-05:00,692.7150268554688,692.7999877929688,692.260009765625,692.47998046875,795605,0.00033936938515063324,0.0005421263910801979,0.0004611716440875679
2026-01-16 11:30:00-05:00,692.7218017578125,693.0900268554688,692.6649780273438,692.719970703125,626700,9.78016781979658e-06,0.0004611716440875679,0.00040224074183127387
2026-01-16 11:35:00-05:00,692.9100952148438,693.0700073242188,692.6900024414062,692.7100219726562,376922,0.00027177991297928965,0.00040224074183127387,0.0003885828382259494
2026-01-16 11:40:00-05:00,693.1500244140625,693.2100219726562,692.8300170898438,692.9149780273438,362203,0.0003462031671172356,0.0003885828382259494,0.00038271015738368435
2026-01-16 11:45:00-05:00,693.0900268554688,693.469970703125,692.9600830078125,693.1599731445312,1126158,-8.656157146274635e-05,0.00038271015738368435,0.0004169333843968541
2026-01-16 11:50:00-05:00,692.8499755859375,693.4199829101562,692.6500244140625,693.0850219726562,776191,-0.0003464093272564248,0.0004169333843968541,0.00039524839353729537
2026-01-16 11:55:00-05:00,692.6649780273438,692.8699951171875,692.1300048828125,692.8499755859375,574022,-0.0002670452010794996,0.00039524839353729537,0.00038141047620502403
2026-01-16 12:00:00-05:00,692.6500244140625,692.72998046875,692.4600219726562,692.6500244140625,433750,-2.1588755272936922e-05,0.00038141047620502403,0.0002315199743411026
2026-01-16 12:05:00-05:00,692.5999755859375,692.9600219726562,692.52001953125,692.6699829101562,371673,-7.225963276916417e-05,0.0002315199743411026,0.00022551184073190092
2026-01-16 12:10:00-05:00,692.739990234375,692.8200073242188,692.530029296875,692.5800170898438,264319,0.00020213760141014954,0.00022551184073190092,0.00022334267234572328
2026-01-16 12:15:00-05:00,692.719970703125,692.9199829101562,692.5780029296875,692.75,295025,-2.8899472833353284e-05,0.00022334267234572328,0.00022348165905374263
2026-01-16 12:20:00-05:00,692.6900024414062,692.9699096679688,692.6699829101562,692.7000122070312,565600,-4.3262662034069716e-05,0.00022348165905374263,0.00021223995544479348
2026-01-16 12:25:00-05:00,692.52001953125,692.7550048828125,692.4301147460938,692.6900024414062,401924,-0.00024542547095841887,0.00021223995544479348,0.00022081546752488062
2026-01-16 12:30:00-05:00,692.6500244140625,692.6900024414062,692.25,692.52001953125,500123,0.00018770963718502364,0.00022081546752488062,0.00020268785800836618
2026-01-16 12:35:00-05:00,692.5999755859375,692.9099731445312,692.5499877929688,692.6500244140625,381816,-7.225963276916417e-05,0.00020268785800836618,0.0001709097570285626
2026-01-16 12:40:00-05:00,692.6749877929688,692.739990234375,692.4349975585938,692.5999755859375,286853,0.00010829937606272621,0.0001709097570285626,0.00022379738466205942
2026-01-16 12:45:00-05:00,692.2899780273438,692.6699829101562,692.1799926757812,692.6699829101562,305451,-0.0005559848588874133,0.00022379738466205942,0.0002121731393720034
2026-01-16 12:50:00-05:00,692.3200073242188,692.4249877929688,692.0800170898438,692.27001953125,390161,4.3375820191085754e-05,0.0002121731393720034,0.0002515916956905777
2026-01-16 12:55:00-05:00,691.9299926757812,692.5,691.8900146484375,692.3099975585938,366514,-0.0005635032093304497,0.0002515916956905777,0.00031836911831242847
2026-01-16 13:00:00-05:00,692.3350219726562,692.421875,691.8200073242188,691.9400024414062,455786,0.0005851904138981377,0.00031836911831242847,0.0003543387418679938
2026-01-16 13:05:00-05:00,692.6849975585938,692.6950073242188,692.2899780273438,692.3300170898438,431247,0.0005053726133209311,0.0003543387418679938,0.00035242113396762904
2026-01-16 13:10:00-05:00,692.5650024414062,692.719970703125,692.4500122070312,692.68408203125,232317,-0.0001732468759973308,0.00035242113396762904,0.00039330281152532914
2026-01-16 13:15:00-05:00,692.969970703125,693.02001953125,692.5599975585938,692.5650024414062,276880,0.0005845659346032557,0.00039330281152532914,0.0003945965391153987
2026-01-16 13:20:00-05:00,693.0900268554688,693.1199951171875,692.8699951171875,692.969970703125,277274,0.00017323370251711955,0.0003945965391153987,0.0003881404441866086
2026-01-16 13:25:00-05:00,693.0,693.2000122070312,692.9299926757812,693.0999755859375,382549,-0.0001299004449221448,0.0003881404441866086,0.0003919142761456876
2026-01-16 13:30:00-05:00,693.1950073242188,693.25,692.9500122070312,693.0,613798,0.000281356265856929,0.0003919142761456876,0.0004076914729369234
2026-01-16 13:35:00-05:00,692.9600219726562,693.1950073242188,692.9401245117188,693.1900024414062,305610,-0.0003390462810392852,0.0004076914729369234,0.00041028333700188186
2026-01-16 13:40:00-05:00,692.864990234375,693.0499877929688,692.7650146484375,692.9600219726562,317389,-0.0001371482511761425,0.00041028333700188186,0.00037027278772751245
2026-01-16 13:45:00-05:00,692.8099975585938,693.0050048828125,692.7100219726562,692.8699951171875,220141,-7.937312327149275e-05,0.00037027278772751245,0.00037277810706538085
2026-01-16 13:50:00-05:00,692.75,692.8900146484375,692.6199951171875,692.7999877929688,335229,-8.660405718544732e-05,0.00037277810706538085,0.00032762803414308295
2026-01-16 13:55:00-05:00,692.6400146484375,692.7999877929688,692.584228515625,692.739990234375,221904,-0.00015877890071482964,0.00032762803414308295,0.0004220853905129685
2026-01-16 14:00:00-05:00,693.4099731445312,693.4600219726562,692.60498046875,692.6300048828125,921736,0.0011110112652131653,0.0004220853905129685,0.0004099705531885786
2026-01-16 14:05:00-05:00,693.3250122070312,693.7100219726562,693.2598876953125,693.4199829101562,850457,-0.00012253377682658136,0.0004099705531885786,0.0005371038585839888
2026-01-16 14:10:00-05:00,692.5399780273438,693.3300170898438,692.4650268554688,693.3300170898438,631962,-0.0011329159321942527,0.0005371038585839888,0.0005216880962317565
2026-01-16 14:15:00-05:00,692.1798706054688,692.6799926757812,692.0700073242188,692.5349731445312,691642,-0.0005201159358675587,0.0005216880962317565,0.0005223943472520683
2026-01-16 14:20:00-05:00,692.3099975585938,692.4600219726562,692.0700073242188,692.1699829101562,495405,0.00018797819543564347,0.0005223943472520683,0.0005293807769860636
2026-01-16 14:25:00-05:00,692.0399780273438,692.3200073242188,691.9600219726562,692.3099975585938,653768,-0.0003901029933706611,0.0005293807769860636,0.0005558480319420717
2026-01-16 14:30:00-05:00,692.4400024414062,692.5750122070312,692.010009765625,692.0499877929688,596944,0.0005778695695676401,0.0005558480319420717,0.0005636454730138734
2026-01-16 14:35:00-05:00,692.6849975585938,692.9149780273438,692.3300170898438,692.4400024414062,686346,0.0003537516393718338,0.0005636454730138734,0.0005628437840397813
2026-01-16 14:40:00-05:00,692.7000122070312,693.0,692.6199951171875,692.6849975585938,531832,2.1675777249377847e-05,0.0005628437840397813,0.0005639215781781244
2026-01-16 14:45:00-05:00,692.7849731445312,692.8978271484375,692.7100219726562,692.7100219726562,390401,0.0001226443281663033,0.0005639215781781244,0.0005654077305699071
2026-01-16 14:50:00-05:00,692.905029296875,692.9650268554688,692.6799926757812,692.7899780273438,472026,0.00017327995790191963,0.0005654077305699071,0.0005721363977840151
2026-01-16 14:55:00-05:00,692.6799926757812,692.9299926757812,692.5900268554688,692.905029296875,636688,-0.00032482542681074353,0.0005721363977840151,0.0004541065623622854
2026-01-16 15:00:00-05:00,692.6500244140625,692.7899780273438,692.5,692.6699829101562,501553,-4.326515899282175e-05,0.0004541065623622854,0.0004559597249752203
2026-01-16 15:05:00-05:00,692.6900024414062,692.75,692.5,692.6500244140625,321803,5.771583377334072e-05,0.0004559597249752203,0.00031263776636019275
2026-01-16 15:10:00-05:00,692.760009765625,692.8699951171875,692.5999755859375,692.6925048828125,484837,0.00010106077254530439,0.00031263776636019275,0.00027814567866884973
2026-01-16 15:15:00-05:00,692.5819702148438,692.7899780273438,692.4713745117188,692.760009765625,451576,-0.0002570333597541431,0.00027814567866884973,0.0002779022223222393
2026-01-16 15:20:00-05:00,692.5050048828125,692.6898803710938,692.469970703125,692.5800170898438,744184,-0.00011113429480486746,0.0002779022223222393,0.0002949864591868544
2026-01-16 15:25:00-05:00,692.155029296875,692.5399780273438,692.155029296875,692.5,616249,-0.0005055040006226858,0.0002949864591868544,0.00023911726850918538
2026-01-16 15:30:00-05:00,692.030029296875,692.2100219726562,691.7949829101562,692.1500244140625,1118872,-0.0001806116885364411,0.00023911726850918538,0.0002425184585275959
2026-01-16 15:35:00-05:00,692.2899780273438,692.4099731445312,691.9099731445312,692.02001953125,1023701,0.00037556162180546937,0.0002425184585275959,0.0002610915837390646
2026-01-16 15:40:00-05:00,692.0150146484375,692.2949829101562,692.0,692.2949829101562,822654,-0.0003972583844992477,0.0002610915837390646,0.0002530549972488055
2026-01-16 15:45:00-05:00,691.9299926757812,692.030029296875,691.5999755859375,692.010009765625,1399026,-0.00012286900464005272,0.0002530549972488055,0.00031579118559628736
2026-01-16 15:50:00-05:00,692.3400268554688,692.488525390625,691.77001953125,691.9299926757812,2373985,0.0005924193775698691,0.00031579118559628736,0.0004309382531445906
